"PID","ID_0","ISO","NAME_0","ID_1","NAME_1","NL_NAME_1","VARNAME_1","TYPE_1","ENGTYPE_1"
2615,196,"SMR","San Marino",1,"Acquaviva","","","Castello","Municipality"
2616,196,"SMR","San Marino",2,"Borgo Maggiore","","","Castello","Municipality"
2617,196,"SMR","San Marino",3,"Chiesanuova","","","Castello","Municipality"
2618,196,"SMR","San Marino",4,"Domagnano","","","Castello","Municipality"
2619,196,"SMR","San Marino",5,"Faetano","","","Castello","Municipality"
2620,196,"SMR","San Marino",6,"Fiorentino","","","Castello","Municipality"
2621,196,"SMR","San Marino",7,"Montegiardino","","","Castello","Municipality"
2622,196,"SMR","San Marino",8,"San Marino","","","Castello","Municipality"
2623,196,"SMR","San Marino",9,"Serravalle","","","Castello","Municipality"
