"PID","ID_0","ISO","NAME_0","ID_1","NAME_1","ID_2","NAME_2","NL_NAME_2","VARNAME_2","TYPE_2","ENGTYPE_2"
10683,57,"HRV","Croatia",8,"Krapinsko-Zagorska",180,"Krapinske Toplice","",""," "," "
10684,57,"HRV","Croatia",8,"Krapinsko-Zagorska",181,"Kumrovec","",""," "," "
10685,57,"HRV","Croatia",8,"Krapinsko-Zagorska",182,"Lobor","",""," "," "
10686,57,"HRV","Croatia",8,"Krapinsko-Zagorska",183,"Mace","",""," "," "
10687,57,"HRV","Croatia",8,"Krapinsko-Zagorska",184,"Marija Bistrica","",""," "," "
10688,57,"HRV","Croatia",8,"Krapinsko-Zagorska",185,"Mihovljan","",""," "," "
10689,57,"HRV","Croatia",8,"Krapinsko-Zagorska",186,"Novi Golubovec","",""," "," "
10690,57,"HRV","Croatia",8,"Krapinsko-Zagorska",187,"Oroslavje","","","Town"," "
10691,57,"HRV","Croatia",8,"Krapinsko-Zagorska",188,"Petrovsko","",""," "," "
10692,57,"HRV","Croatia",8,"Krapinsko-Zagorska",189,"Pregrada","","","Town"," "
10693,57,"HRV","Croatia",8,"Krapinsko-Zagorska",190,"Radoboj","","",""," "
10694,57,"HRV","Croatia",8,"Krapinsko-Zagorska",191,"Stubicke Toplice","",""," "," "
10695,57,"HRV","Croatia",8,"Krapinsko-Zagorska",192,"Sveti Križ Zacretje","",""," "," "
10696,57,"HRV","Croatia",8,"Krapinsko-Zagorska",193,"Tuhelj","",""," "," "
10697,57,"HRV","Croatia",8,"Krapinsko-Zagorska",194,"Veliko Trgovišce","",""," "," "
10698,57,"HRV","Croatia",8,"Krapinsko-Zagorska",195,"Zabok","",""," "," "
10699,57,"HRV","Croatia",8,"Krapinsko-Zagorska",196,"Zagorska Sela","",""," "," "
10700,57,"HRV","Croatia",8,"Krapinsko-Zagorska",197,"Zlatar Bistrica","",""," "," "
10701,57,"HRV","Croatia",8,"Krapinsko-Zagorska",198,"Zlatar","","","Town"," "
10702,57,"HRV","Croatia",9,"Licko-Senjska",199,"Brinje","",""," "," "
10703,57,"HRV","Croatia",9,"Licko-Senjska",200,"Donji Lapac","",""," "," "
10704,57,"HRV","Croatia",9,"Licko-Senjska",201,"Gospic","","","Town"," "
10705,57,"HRV","Croatia",9,"Licko-Senjska",202,"Karlobag","",""," "," "
10706,57,"HRV","Croatia",9,"Licko-Senjska",203,"Lovinac","",""," "," "
10707,57,"HRV","Croatia",9,"Licko-Senjska",204,"Novalja","","","Town"," "
10708,57,"HRV","Croatia",9,"Licko-Senjska",205,"Otocac","","","Town"," "
10709,57,"HRV","Croatia",9,"Licko-Senjska",206,"Perušic","",""," "," "
13190,57,"HRV","Croatia",1,"Bjelovarska-Bilogorska",1,"Cazma","","","Town"," "
13191,57,"HRV","Croatia",1,"Bjelovarska-Bilogorska",2,"Ðulovac","",""," "," "
13192,57,"HRV","Croatia",1,"Bjelovarska-Bilogorska",3,"Berek","",""," "," "
13193,57,"HRV","Croatia",1,"Bjelovarska-Bilogorska",4,"Bjelovar","","","Town"," "
13194,57,"HRV","Croatia",1,"Bjelovarska-Bilogorska",5,"Daruvar","","","Town"," "
13195,57,"HRV","Croatia",1,"Bjelovarska-Bilogorska",6,"Dežanovac","",""," "," "
13196,57,"HRV","Croatia",1,"Bjelovarska-Bilogorska",7,"Garešnica","","","Town"," "
13197,57,"HRV","Croatia",1,"Bjelovarska-Bilogorska",8,"Grubišno Polje","","","Town"," "
13198,57,"HRV","Croatia",1,"Bjelovarska-Bilogorska",9,"Hercegovac","",""," "," "
13199,57,"HRV","Croatia",1,"Bjelovarska-Bilogorska",10,"Ivanska","",""," "," "
13200,57,"HRV","Croatia",1,"Bjelovarska-Bilogorska",11,"Kapela","",""," "," "
13201,57,"HRV","Croatia",1,"Bjelovarska-Bilogorska",12,"Koncanica","",""," "," "
13202,57,"HRV","Croatia",1,"Bjelovarska-Bilogorska",13,"Nova Raca","",""," "," "
13203,57,"HRV","Croatia",1,"Bjelovarska-Bilogorska",14,"Rovišce","",""," "," "
13204,57,"HRV","Croatia",1,"Bjelovarska-Bilogorska",15,"Šandrovac","",""," "," "
13205,57,"HRV","Croatia",1,"Bjelovarska-Bilogorska",16,"Severin","",""," "," "
13206,57,"HRV","Croatia",1,"Bjelovarska-Bilogorska",17,"Sirac","",""," "," "
13207,57,"HRV","Croatia",1,"Bjelovarska-Bilogorska",18,"Štefanje","",""," "," "
13208,57,"HRV","Croatia",1,"Bjelovarska-Bilogorska",19,"Velika Pisanica","",""," "," "
13209,57,"HRV","Croatia",1,"Bjelovarska-Bilogorska",20,"Velika Trnovitica","",""," "," "
13210,57,"HRV","Croatia",1,"Bjelovarska-Bilogorska",21,"Veliki Grdevac","",""," "," "
13211,57,"HRV","Croatia",1,"Bjelovarska-Bilogorska",22,"Veliko Trojstvo","",""," "," "
13212,57,"HRV","Croatia",1,"Bjelovarska-Bilogorska",23,"Zrinski Topolovac","",""," "," "
13213,57,"HRV","Croatia",2,"Brodsko-Posavska",24,"Bebrina","",""," "," "
13214,57,"HRV","Croatia",2,"Brodsko-Posavska",25,"Brodski Stupnik","",""," "," "
13215,57,"HRV","Croatia",2,"Brodsko-Posavska",26,"Bukovlje","",""," "," "
13216,57,"HRV","Croatia",2,"Brodsko-Posavska",27,"Cernik","",""," "," "
13217,57,"HRV","Croatia",2,"Brodsko-Posavska",28,"Davor","",""," "," "
13218,57,"HRV","Croatia",2,"Brodsko-Posavska",29,"Donji Andrijevci","",""," "," "
13219,57,"HRV","Croatia",2,"Brodsko-Posavska",30,"Dragalic","",""," "," "
13220,57,"HRV","Croatia",2,"Brodsko-Posavska",31,"Garcin","",""," "," "
13221,57,"HRV","Croatia",2,"Brodsko-Posavska",32,"Gornja Vrba","",""," "," "
13222,57,"HRV","Croatia",2,"Brodsko-Posavska",33,"Gornji Bogicevci","","",""," "
13223,57,"HRV","Croatia",2,"Brodsko-Posavska",34,"Gundinci","",""," "," "
13224,57,"HRV","Croatia",2,"Brodsko-Posavska",35,"Nova Gradiška","","","Town"," "
13225,57,"HRV","Croatia",2,"Brodsko-Posavska",36,"Nova Kapela","",""," "," "
13226,57,"HRV","Croatia",2,"Brodsko-Posavska",37,"Okucani","",""," "," "
13227,57,"HRV","Croatia",2,"Brodsko-Posavska",38,"Oprisavci","",""," "," "
13228,57,"HRV","Croatia",2,"Brodsko-Posavska",39,"Oriovac","",""," "," "
13229,57,"HRV","Croatia",2,"Brodsko-Posavska",40,"Podcrkavlje","",""," "," "
13230,57,"HRV","Croatia",2,"Brodsko-Posavska",41,"Rešetari","",""," "," "
13231,57,"HRV","Croatia",2,"Brodsko-Posavska",42,"Sibinj","",""," "," "
13232,57,"HRV","Croatia",2,"Brodsko-Posavska",43,"Sikirevci","",""," "," "
13233,57,"HRV","Croatia",2,"Brodsko-Posavska",44,"Slavonski Brod","","","City"," "
13234,57,"HRV","Croatia",2,"Brodsko-Posavska",45,"Slavonski Šamac","",""," "," "
13235,57,"HRV","Croatia",2,"Brodsko-Posavska",46,"Stara Gradiška","",""," "," "
13236,57,"HRV","Croatia",2,"Brodsko-Posavska",47,"Staro Petrovo Selo","",""," "," "
13237,57,"HRV","Croatia",2,"Brodsko-Posavska",48,"Unknown_1","",""," "," "
13238,57,"HRV","Croatia",2,"Brodsko-Posavska",49,"Velika Kopanica","",""," "," "
13239,57,"HRV","Croatia",2,"Brodsko-Posavska",50,"Vrbje","",""," "," "
13240,57,"HRV","Croatia",2,"Brodsko-Posavska",51,"Vrpolje","",""," "," "
13241,57,"HRV","Croatia",3,"Dubrovacko-Neretvanska",52,"Blato","",""," "," "
13242,57,"HRV","Croatia",3,"Dubrovacko-Neretvanska",53,"Dubrovacko Primorje","",""," "," "
13243,57,"HRV","Croatia",3,"Dubrovacko-Neretvanska",54,"Dubrovnik","","","City"," "
13244,57,"HRV","Croatia",3,"Dubrovacko-Neretvanska",55,"Janjina","",""," "," "
13245,57,"HRV","Croatia",3,"Dubrovacko-Neretvanska",56,"Konavle","",""," "," "
13246,57,"HRV","Croatia",3,"Dubrovacko-Neretvanska",57,"Korcula","","","City"," "
13247,57,"HRV","Croatia",3,"Dubrovacko-Neretvanska",58,"Kula Norinska","",""," "," "
13248,57,"HRV","Croatia",3,"Dubrovacko-Neretvanska",59,"Lastovo","",""," "," "
13249,57,"HRV","Croatia",3,"Dubrovacko-Neretvanska",60,"Lumbarda","",""," "," "
13250,57,"HRV","Croatia",3,"Dubrovacko-Neretvanska",61,"Metkovic","",""," "," "
13251,57,"HRV","Croatia",3,"Dubrovacko-Neretvanska",62,"Mljet","","","",""
13252,57,"HRV","Croatia",3,"Dubrovacko-Neretvanska",63,"Opuzen","","","City"," "
13253,57,"HRV","Croatia",3,"Dubrovacko-Neretvanska",64,"Orebic","",""," "," "
13254,57,"HRV","Croatia",3,"Dubrovacko-Neretvanska",65,"Ploce","","","City"," "
13255,57,"HRV","Croatia",3,"Dubrovacko-Neretvanska",66,"Pojezerje","",""," "," "
13256,57,"HRV","Croatia",3,"Dubrovacko-Neretvanska",67,"Slivno","",""," "," "
13257,57,"HRV","Croatia",3,"Dubrovacko-Neretvanska",68,"Smokvica","",""," "," "
13258,57,"HRV","Croatia",3,"Dubrovacko-Neretvanska",69,"Ston","",""," "," "
13259,57,"HRV","Croatia",3,"Dubrovacko-Neretvanska",70,"Trpanj","",""," "," "
13260,57,"HRV","Croatia",3,"Dubrovacko-Neretvanska",71,"Vela Luka","",""," "," "
13261,57,"HRV","Croatia",3,"Dubrovacko-Neretvanska",72,"Zažablje","",""," "," "
13262,57,"HRV","Croatia",3,"Dubrovacko-Neretvanska",73,"Župa Dubrovacka","",""," "," "
13263,57,"HRV","Croatia",4,"Grad Zagreb",74,"Bistra","",""," "," "
13264,57,"HRV","Croatia",4,"Grad Zagreb",75,"Kravarsko","",""," "," "
13265,57,"HRV","Croatia",4,"Grad Zagreb",76,"Orle","",""," "," "
13266,57,"HRV","Croatia",4,"Grad Zagreb",77,"Pokupsko","",""," "," "
13267,57,"HRV","Croatia",4,"Grad Zagreb",78,"Stupnik","",""," "," "
13268,57,"HRV","Croatia",4,"Grad Zagreb",79,"Velika Gorica","","","Town"," "
13269,57,"HRV","Croatia",4,"Grad Zagreb",80,"Zagreb","",""," "," "
13270,57,"HRV","Croatia",5,"Istarska",81,"Bale","",""," "," "
13271,57,"HRV","Croatia",5,"Istarska",82,"Barban","",""," "," "
13272,57,"HRV","Croatia",5,"Istarska",83,"Brtonigla","",""," "," "
13273,57,"HRV","Croatia",5,"Istarska",84,"Buje","","","City"," "
13274,57,"HRV","Croatia",5,"Istarska",85,"Buzet","","","City"," "
13275,57,"HRV","Croatia",5,"Istarska",86,"Cerovlje","",""," "," "
13276,57,"HRV","Croatia",5,"Istarska",87,"Fažana","",""," "," "
13277,57,"HRV","Croatia",5,"Istarska",88,"Gracišce","",""," "," "
13278,57,"HRV","Croatia",5,"Istarska",89,"Grožnjan","",""," "," "
13279,57,"HRV","Croatia",5,"Istarska",90,"Kanfanar","",""," "," "
13280,57,"HRV","Croatia",5,"Istarska",91,"Karojba","",""," "," "
13281,57,"HRV","Croatia",5,"Istarska",92,"Kaštelir-Labinci","",""," "," "
13282,57,"HRV","Croatia",5,"Istarska",93,"Kršan","",""," "," "
13283,57,"HRV","Croatia",5,"Istarska",94,"Labin","","","City"," "
13284,57,"HRV","Croatia",5,"Istarska",95,"Lanišce","",""," "," "
13285,57,"HRV","Croatia",5,"Istarska",96,"Ližnjan","",""," "," "
13286,57,"HRV","Croatia",5,"Istarska",97,"Lupoglav","",""," "," "
13287,57,"HRV","Croatia",5,"Istarska",98,"Marcana","",""," "," "
13288,57,"HRV","Croatia",5,"Istarska",99,"Medulin","",""," "," "
13289,57,"HRV","Croatia",5,"Istarska",100,"Motovun","",""," "," "
13290,57,"HRV","Croatia",5,"Istarska",101,"Novigrad","","","City"," "
13291,57,"HRV","Croatia",5,"Istarska",102,"Oprtalj","",""," "," "
13292,57,"HRV","Croatia",5,"Istarska",103,"Pazin","","","City"," "
13293,57,"HRV","Croatia",5,"Istarska",104,"Pican","",""," "," "
13294,57,"HRV","Croatia",5,"Istarska",105,"Porec","","","City"," "
13295,57,"HRV","Croatia",5,"Istarska",106,"Premantura","","","",""
13296,57,"HRV","Croatia",5,"Istarska",107,"Pula","",""," "," "
13297,57,"HRV","Croatia",5,"Istarska",108,"Raša","",""," "," "
13298,57,"HRV","Croatia",5,"Istarska",109,"Rovinj","","","City",""
13299,57,"HRV","Croatia",5,"Istarska",110,"Sveta Nedelja","",""," "," "
13300,57,"HRV","Croatia",5,"Istarska",111,"Sveti Lovrec","",""," "," "
13301,57,"HRV","Croatia",5,"Istarska",112,"Sveti Petar u Šumi","",""," "," "
13302,57,"HRV","Croatia",5,"Istarska",113,"Svetvincenat","",""," "," "
13303,57,"HRV","Croatia",5,"Istarska",114,"Tinjan","",""," "," "
13304,57,"HRV","Croatia",5,"Istarska",115,"Umag","","","City"," "
13305,57,"HRV","Croatia",5,"Istarska",116,"Višnjan","",""," "," "
13306,57,"HRV","Croatia",5,"Istarska",117,"Vižinada","",""," "," "
13307,57,"HRV","Croatia",5,"Istarska",118,"Vodnjan","","","City"," "
13308,57,"HRV","Croatia",5,"Istarska",119,"Vrsar","",""," "," "
13309,57,"HRV","Croatia",5,"Istarska",120,"Žminj","",""," "," "
13310,57,"HRV","Croatia",6,"Karlovacka",121,"Barilovic","",""," "," "
13311,57,"HRV","Croatia",6,"Karlovacka",122,"Bosiljevo","",""," "," "
13312,57,"HRV","Croatia",6,"Karlovacka",123,"Cetingrad","",""," "," "
13313,57,"HRV","Croatia",6,"Karlovacka",124,"Draganic","",""," "," "
13314,57,"HRV","Croatia",6,"Karlovacka",125,"Duga Resa","","","Town"," "
13315,57,"HRV","Croatia",6,"Karlovacka",126,"Generalski Stol","",""," "," "
13316,57,"HRV","Croatia",6,"Karlovacka",127,"Josipdol","",""," "," "
13317,57,"HRV","Croatia",6,"Karlovacka",128,"Karlovac","","","City"," "
13318,57,"HRV","Croatia",6,"Karlovacka",129,"Krnjak","",""," "," "
13319,57,"HRV","Croatia",6,"Karlovacka",130,"Lasinja","",""," "," "
13320,57,"HRV","Croatia",6,"Karlovacka",131,"Netretic","",""," "," "
13321,57,"HRV","Croatia",6,"Karlovacka",132,"Ogulin","","","Town"," "
13322,57,"HRV","Croatia",6,"Karlovacka",133,"Ozalj","","","Town"," "
13323,57,"HRV","Croatia",6,"Karlovacka",134,"Plaški","",""," "," "
13324,57,"HRV","Croatia",6,"Karlovacka",135,"Rakovica","",""," "," "
13325,57,"HRV","Croatia",6,"Karlovacka",136,"Ribnik","",""," "," "
13326,57,"HRV","Croatia",6,"Karlovacka",137,"Saborsko","",""," "," "
13327,57,"HRV","Croatia",6,"Karlovacka",138,"Slunj","","","Town"," "
13328,57,"HRV","Croatia",6,"Karlovacka",139,"Tounj","",""," "," "
13329,57,"HRV","Croatia",6,"Karlovacka",140,"Vojnic","",""," "," "
13330,57,"HRV","Croatia",6,"Karlovacka",141,"Žakanje","",""," "," "
13331,57,"HRV","Croatia",7,"Koprivnicko-Križevacka",142,"Ðelekovec","",""," "," "
13332,57,"HRV","Croatia",7,"Koprivnicko-Križevacka",143,"Ðurdevac","","","Town"," "
13333,57,"HRV","Croatia",7,"Koprivnicko-Križevacka",144,"Drnje","",""," "," "
13334,57,"HRV","Croatia",7,"Koprivnicko-Križevacka",145,"Ferdinandovac","",""," "," "
13335,57,"HRV","Croatia",7,"Koprivnicko-Križevacka",146,"Gola","",""," "," "
13336,57,"HRV","Croatia",7,"Koprivnicko-Križevacka",147,"Gornja Rijeka","",""," "," "
13337,57,"HRV","Croatia",7,"Koprivnicko-Križevacka",148,"Hlebine","",""," "," "
13338,57,"HRV","Croatia",7,"Koprivnicko-Križevacka",149,"Kalinovac","",""," "," "
13339,57,"HRV","Croatia",7,"Koprivnicko-Križevacka",150,"Kalnik","",""," "," "
13340,57,"HRV","Croatia",7,"Koprivnicko-Križevacka",151,"Kloštar Podravski","",""," "," "
13341,57,"HRV","Croatia",7,"Koprivnicko-Križevacka",152,"Koprivnicki Bregi","",""," "," "
13342,57,"HRV","Croatia",7,"Koprivnicko-Križevacka",153,"Koprivnicki Ivanec","",""," "," "
13343,57,"HRV","Croatia",7,"Koprivnicko-Križevacka",154,"Koprivnica","","","City"," "
13344,57,"HRV","Croatia",7,"Koprivnicko-Križevacka",155,"Križevci","","","Town"," "
13345,57,"HRV","Croatia",7,"Koprivnicko-Križevacka",156,"Legrad","",""," "," "
13346,57,"HRV","Croatia",7,"Koprivnicko-Križevacka",157,"Molve","",""," "," "
13347,57,"HRV","Croatia",7,"Koprivnicko-Križevacka",158,"Novigrad Podravski","",""," "," "
13348,57,"HRV","Croatia",7,"Koprivnicko-Križevacka",159,"Novo Virje","",""," "," "
13349,57,"HRV","Croatia",7,"Koprivnicko-Križevacka",160,"Peteranec","",""," "," "
13350,57,"HRV","Croatia",7,"Koprivnicko-Križevacka",161,"Podravske Sesvete","",""," "," "
13351,57,"HRV","Croatia",7,"Koprivnicko-Križevacka",162,"Rasinja","",""," "," "
13352,57,"HRV","Croatia",7,"Koprivnicko-Križevacka",163,"Sokolovac","",""," "," "
13353,57,"HRV","Croatia",7,"Koprivnicko-Križevacka",164,"Sveti Ivan Žabno","",""," "," "
13354,57,"HRV","Croatia",7,"Koprivnicko-Križevacka",165,"Sveti Petar Orehovec","",""," "," "
13355,57,"HRV","Croatia",7,"Koprivnicko-Križevacka",166,"Virje","",""," "," "
13356,57,"HRV","Croatia",8,"Krapinsko-Zagorska",167,"Ðurmanec","",""," "," "
13357,57,"HRV","Croatia",8,"Krapinsko-Zagorska",168,"Bedekovcina","",""," "," "
13358,57,"HRV","Croatia",8,"Krapinsko-Zagorska",169,"Budinšcina","",""," "," "
13359,57,"HRV","Croatia",8,"Krapinsko-Zagorska",170,"Desinic","",""," "," "
13360,57,"HRV","Croatia",8,"Krapinsko-Zagorska",171,"Donja Stubica","","","Town"," "
13361,57,"HRV","Croatia",8,"Krapinsko-Zagorska",172,"Gornja Stubica","","","Town"," "
13362,57,"HRV","Croatia",8,"Krapinsko-Zagorska",173,"Hrašcina","",""," "," "
13363,57,"HRV","Croatia",8,"Krapinsko-Zagorska",174,"Hum na Sutli","",""," "," "
13364,57,"HRV","Croatia",8,"Krapinsko-Zagorska",175,"Jesenje","",""," "," "
13365,57,"HRV","Croatia",8,"Krapinsko-Zagorska",176,"Klanjec","","","Town"," "
13366,57,"HRV","Croatia",8,"Krapinsko-Zagorska",177,"Konjšcina","",""," "," "
13367,57,"HRV","Croatia",8,"Krapinsko-Zagorska",178,"Kraljevec na Sutli","",""," "," "
13368,57,"HRV","Croatia",8,"Krapinsko-Zagorska",179,"Krapina","","","City"," "
13369,57,"HRV","Croatia",9,"Licko-Senjska",207,"Plitvicka Jezera","",""," "," "
13370,57,"HRV","Croatia",9,"Licko-Senjska",208,"Senj","","","Town"," "
13371,57,"HRV","Croatia",9,"Licko-Senjska",209,"Udbina","",""," "," "
13372,57,"HRV","Croatia",9,"Licko-Senjska",210,"Vrhovine","",""," "," "
13373,57,"HRV","Croatia",10,"Medimurska",211,"Cakovec","","","City"," "
13374,57,"HRV","Croatia",10,"Medimurska",212,"Belica","",""," "," "
13375,57,"HRV","Croatia",10,"Medimurska",213,"Dekanovec","",""," "," "
13376,57,"HRV","Croatia",10,"Medimurska",214,"Domašinec","",""," "," "
13377,57,"HRV","Croatia",10,"Medimurska",215,"Donja Dubrava","",""," "," "
13378,57,"HRV","Croatia",10,"Medimurska",216,"Donji Kraljevec","",""," "," "
13379,57,"HRV","Croatia",10,"Medimurska",217,"Donji Vidovec","",""," "," "
13380,57,"HRV","Croatia",10,"Medimurska",218,"Gorican","",""," "," "
13381,57,"HRV","Croatia",10,"Medimurska",219,"Gornji Mihaljevec","",""," "," "
13382,57,"HRV","Croatia",10,"Medimurska",220,"Kotoriba","",""," "," "
13383,57,"HRV","Croatia",10,"Medimurska",221,"Mala Subotica","",""," "," "
13384,57,"HRV","Croatia",10,"Medimurska",222,"Mursko Središce","","","City"," "
13385,57,"HRV","Croatia",10,"Medimurska",223,"Nedelišce","",""," "," "
13386,57,"HRV","Croatia",10,"Medimurska",224,"Orehovica","",""," "," "
13387,57,"HRV","Croatia",10,"Medimurska",225,"Podturen","",""," "," "
13388,57,"HRV","Croatia",10,"Medimurska",226,"Prelog","","","City"," "
13389,57,"HRV","Croatia",10,"Medimurska",227,"Pribislavec","",""," "," "
13390,57,"HRV","Croatia",10,"Medimurska",228,"Selnica","",""," "," "
13391,57,"HRV","Croatia",10,"Medimurska",229,"Šenkovec","",""," "," "
13392,57,"HRV","Croatia",10,"Medimurska",230,"Strahoninec","",""," "," "
13393,57,"HRV","Croatia",10,"Medimurska",231,"Štrigova","",""," "," "
13394,57,"HRV","Croatia",10,"Medimurska",232,"Sveta Marija na Muri","",""," "," "
13395,57,"HRV","Croatia",10,"Medimurska",233,"Sveti Juraj na Bregu","",""," "," "
13396,57,"HRV","Croatia",10,"Medimurska",234,"Sveti Martin na Muri","",""," "," "
13397,57,"HRV","Croatia",10,"Medimurska",235,"Vratišinec","",""," "," "
13398,57,"HRV","Croatia",11,"Osjecko-Baranjska",236,"Ðakovo","","","Town "," "
13399,57,"HRV","Croatia",11,"Osjecko-Baranjska",237,"Ceminac","",""," "," "
13400,57,"HRV","Croatia",11,"Osjecko-Baranjska",238,"Cepin","",""," "," "
13401,57,"HRV","Croatia",11,"Osjecko-Baranjska",239,"Ðurdenovac","",""," "," "
13402,57,"HRV","Croatia",11,"Osjecko-Baranjska",240,"Antunovac","",""," "," "
13403,57,"HRV","Croatia",11,"Osjecko-Baranjska",241,"Beli Manastir","","","Town "," "
13404,57,"HRV","Croatia",11,"Osjecko-Baranjska",242,"Belišce","","","Town "," "
13405,57,"HRV","Croatia",11,"Osjecko-Baranjska",243,"Bilje","",""," "," "
13406,57,"HRV","Croatia",11,"Osjecko-Baranjska",244,"Bizovac","",""," "," "
13407,57,"HRV","Croatia",11,"Osjecko-Baranjska",245,"Darda","",""," "," "
13408,57,"HRV","Croatia",11,"Osjecko-Baranjska",246,"Donja Moticina","",""," "," "
13409,57,"HRV","Croatia",11,"Osjecko-Baranjska",247,"Donji Miholjac","","","Town "," "
13410,57,"HRV","Croatia",11,"Osjecko-Baranjska",248,"Draž","",""," "," "
13411,57,"HRV","Croatia",11,"Osjecko-Baranjska",249,"Drenje","",""," "," "
13412,57,"HRV","Croatia",11,"Osjecko-Baranjska",250,"Erdut","",""," "," "
13413,57,"HRV","Croatia",11,"Osjecko-Baranjska",251,"Ernestinovo","",""," "," "
13414,57,"HRV","Croatia",11,"Osjecko-Baranjska",252,"Fericanci","",""," "," "
13415,57,"HRV","Croatia",11,"Osjecko-Baranjska",253,"Gorjani","",""," "," "
13416,57,"HRV","Croatia",11,"Osjecko-Baranjska",254,"Jagodnjak","",""," "," "
13417,57,"HRV","Croatia",11,"Osjecko-Baranjska",255,"Kneževi Vinogradi","",""," "," "
13418,57,"HRV","Croatia",11,"Osjecko-Baranjska",256,"Koška","",""," "," "
13419,57,"HRV","Croatia",11,"Osjecko-Baranjska",257,"Levanjska Varoš","",""," "," "
13420,57,"HRV","Croatia",11,"Osjecko-Baranjska",258,"Magadenovac","",""," "," "
13421,57,"HRV","Croatia",11,"Osjecko-Baranjska",259,"Marijanci","",""," "," "
13422,57,"HRV","Croatia",11,"Osjecko-Baranjska",260,"Našice","","","Town "," "
13423,57,"HRV","Croatia",11,"Osjecko-Baranjska",261,"Osijek","","","City"," "
13424,57,"HRV","Croatia",11,"Osjecko-Baranjska",262,"Osjecko-Baranjska","",""," "," "
13425,57,"HRV","Croatia",11,"Osjecko-Baranjska",263,"Petlovac","",""," "," "
13426,57,"HRV","Croatia",11,"Osjecko-Baranjska",264,"Petrijevci","",""," "," "
13427,57,"HRV","Croatia",11,"Osjecko-Baranjska",265,"Podgorac","",""," "," "
13428,57,"HRV","Croatia",11,"Osjecko-Baranjska",266,"Podravska Moslavina","",""," "," "
13429,57,"HRV","Croatia",11,"Osjecko-Baranjska",267,"Popovac","",""," "," "
13430,57,"HRV","Croatia",11,"Osjecko-Baranjska",268,"Punitovci","",""," "," "
13431,57,"HRV","Croatia",11,"Osjecko-Baranjska",269,"Satnica Ðakovacka","",""," "," "
13432,57,"HRV","Croatia",11,"Osjecko-Baranjska",270,"Semeljci","",""," "," "
13433,57,"HRV","Croatia",11,"Osjecko-Baranjska",271,"Strizivojna","",""," "," "
13434,57,"HRV","Croatia",11,"Osjecko-Baranjska",272,"Trnava","",""," "," "
13435,57,"HRV","Croatia",11,"Osjecko-Baranjska",273,"Unknown_1","",""," "," "
13436,57,"HRV","Croatia",11,"Osjecko-Baranjska",274,"Unknown_2","",""," "," "
13437,57,"HRV","Croatia",11,"Osjecko-Baranjska",275,"Unknown_3","",""," "," "
13438,57,"HRV","Croatia",11,"Osjecko-Baranjska",276,"Valpovo","","","Town "," "
13439,57,"HRV","Croatia",11,"Osjecko-Baranjska",277,"Viljevo","",""," "," "
13440,57,"HRV","Croatia",11,"Osjecko-Baranjska",278,"Viškovci","",""," "," "
13441,57,"HRV","Croatia",11,"Osjecko-Baranjska",279,"Vladislavci","",""," "," "
13442,57,"HRV","Croatia",11,"Osjecko-Baranjska",280,"Vuka","",""," "," "
13443,57,"HRV","Croatia",12,"Požeško-Slavonska",281,"Caglin","",""," "," "
13444,57,"HRV","Croatia",12,"Požeško-Slavonska",282,"Brestovac","",""," "," "
13445,57,"HRV","Croatia",12,"Požeško-Slavonska",283,"Jakšic","",""," "," "
13446,57,"HRV","Croatia",12,"Požeško-Slavonska",284,"Kaptol","",""," "," "
13447,57,"HRV","Croatia",12,"Požeško-Slavonska",285,"Kutjevo","","","City"," "
13448,57,"HRV","Croatia",12,"Požeško-Slavonska",286,"Lipik","","","City"," "
13449,57,"HRV","Croatia",12,"Požeško-Slavonska",287,"Pakrac","","","City"," "
13450,57,"HRV","Croatia",12,"Požeško-Slavonska",288,"Pleternica","","","City"," "
13451,57,"HRV","Croatia",12,"Požeško-Slavonska",289,"Požega","","","City"," "
13452,57,"HRV","Croatia",12,"Požeško-Slavonska",290,"Velika","",""," "," "
13453,57,"HRV","Croatia",13,"Primorsko-Goranska",291,"Cabar","","","Town"," "
13454,57,"HRV","Croatia",13,"Primorsko-Goranska",292,"Cavle","",""," "," "
13455,57,"HRV","Croatia",13,"Primorsko-Goranska",293,"Bakar","","","Town"," "
13456,57,"HRV","Croatia",13,"Primorsko-Goranska",294,"Baška","",""," "," "
13457,57,"HRV","Croatia",13,"Primorsko-Goranska",295,"Brod Moravice","",""," "," "
13458,57,"HRV","Croatia",13,"Primorsko-Goranska",296,"Cres","","","Town"," "
13459,57,"HRV","Croatia",13,"Primorsko-Goranska",297,"Crikvenica","","","Town"," "
13460,57,"HRV","Croatia",13,"Primorsko-Goranska",298,"Delnice","","","Town"," "
13461,57,"HRV","Croatia",13,"Primorsko-Goranska",299,"Dobrinj","",""," "," "
13462,57,"HRV","Croatia",13,"Primorsko-Goranska",300,"Fužine","",""," "," "
13463,57,"HRV","Croatia",13,"Primorsko-Goranska",301,"Ilovik","",""," "," "
13464,57,"HRV","Croatia",13,"Primorsko-Goranska",302,"Jelenje","",""," "," "
13465,57,"HRV","Croatia",13,"Primorsko-Goranska",303,"Kastav","","","Town"," "
13466,57,"HRV","Croatia",13,"Primorsko-Goranska",304,"Klana","",""," "," "
13467,57,"HRV","Croatia",13,"Primorsko-Goranska",305,"Kostrena","",""," "," "
13468,57,"HRV","Croatia",13,"Primorsko-Goranska",306,"Kraljevica","","","Town"," "
13469,57,"HRV","Croatia",13,"Primorsko-Goranska",307,"Krk","","","Town"," "
13470,57,"HRV","Croatia",13,"Primorsko-Goranska",308,"Lokve","",""," "," "
13471,57,"HRV","Croatia",13,"Primorsko-Goranska",309,"Lopar/Supetarska Draga","","","Town"," "
13472,57,"HRV","Croatia",13,"Primorsko-Goranska",310,"Lopar","",""," "," "
13473,57,"HRV","Croatia",13,"Primorsko-Goranska",311,"Lovran","",""," "," "
13474,57,"HRV","Croatia",13,"Primorsko-Goranska",312,"Male Srakane","",""," "," "
13475,57,"HRV","Croatia",13,"Primorsko-Goranska",313,"Mali Lošinj","","","Town"," "
13476,57,"HRV","Croatia",13,"Primorsko-Goranska",314,"Malinska-Dubašnica","",""," "," "
13477,57,"HRV","Croatia",13,"Primorsko-Goranska",315,"Matulji","",""," "," "
13478,57,"HRV","Croatia",13,"Primorsko-Goranska",316,"Mošcenicka Draga","",""," "," "
13479,57,"HRV","Croatia",13,"Primorsko-Goranska",317,"Mrkopalj","",""," "," "
13480,57,"HRV","Croatia",13,"Primorsko-Goranska",318,"Njivice","",""," "," "
13481,57,"HRV","Croatia",13,"Primorsko-Goranska",319,"Novi Vinodolski","","","Town"," "
13482,57,"HRV","Croatia",13,"Primorsko-Goranska",320,"Omišalj","",""," "," "
13483,57,"HRV","Croatia",13,"Primorsko-Goranska",321,"Opatija/Veprinac","","","Town"," "
13484,57,"HRV","Croatia",13,"Primorsko-Goranska",322,"Punat","",""," "," "
13485,57,"HRV","Croatia",13,"Primorsko-Goranska",323,"Ravna Gora","",""," "," "
13486,57,"HRV","Croatia",13,"Primorsko-Goranska",324,"Rijeka","","","City"," "
13487,57,"HRV","Croatia",13,"Primorsko-Goranska",325,"Skrad","",""," "," "
13488,57,"HRV","Croatia",13,"Primorsko-Goranska",326,"Susak","",""," "," "
13489,57,"HRV","Croatia",13,"Primorsko-Goranska",327,"Unije","",""," "," "
13490,57,"HRV","Croatia",13,"Primorsko-Goranska",328,"Vele Srakane","",""," "," "
13491,57,"HRV","Croatia",13,"Primorsko-Goranska",329,"Vinodolska","",""," "," "
13492,57,"HRV","Croatia",13,"Primorsko-Goranska",330,"Viškovo","",""," "," "
13493,57,"HRV","Croatia",13,"Primorsko-Goranska",331,"Vrbnik","",""," "," "
13494,57,"HRV","Croatia",13,"Primorsko-Goranska",332,"Vrbovsko","","","Town"," "
13495,57,"HRV","Croatia",14,"Šibensko-Kninska",333,"Bilice","",""," "," "
13496,57,"HRV","Croatia",14,"Šibensko-Kninska",334,"Biskupija","",""," "," "
13497,57,"HRV","Croatia",14,"Šibensko-Kninska",335,"Civljane","",""," "," "
13498,57,"HRV","Croatia",14,"Šibensko-Kninska",336,"Drniš","","","Town"," "
13499,57,"HRV","Croatia",14,"Šibensko-Kninska",337,"Ervenik","",""," "," "
13500,57,"HRV","Croatia",14,"Šibensko-Kninska",338,"Kijevo","",""," "," "
13501,57,"HRV","Croatia",14,"Šibensko-Kninska",339,"Kistanje","",""," "," "
13502,57,"HRV","Croatia",14,"Šibensko-Kninska",340,"Knin","","","Town"," "
13503,57,"HRV","Croatia",14,"Šibensko-Kninska",341,"Murter","",""," "," "
13504,57,"HRV","Croatia",14,"Šibensko-Kninska",342,"Pirovac","",""," "," "
13505,57,"HRV","Croatia",14,"Šibensko-Kninska",343,"Primošten","",""," "," "
13506,57,"HRV","Croatia",14,"Šibensko-Kninska",344,"Promina","",""," "," "
13507,57,"HRV","Croatia",14,"Šibensko-Kninska",345,"Rogoznica","",""," "," "
13508,57,"HRV","Croatia",14,"Šibensko-Kninska",346,"Ružic","",""," "," "
13509,57,"HRV","Croatia",14,"Šibensko-Kninska",347,"Šibenik","","","City"," "
13510,57,"HRV","Croatia",14,"Šibensko-Kninska",348,"Skradin","","","Town"," "
13511,57,"HRV","Croatia",14,"Šibensko-Kninska",349,"Tisno","",""," "," "
13512,57,"HRV","Croatia",14,"Šibensko-Kninska",350,"Unešic","",""," "," "
13513,57,"HRV","Croatia",14,"Šibensko-Kninska",351,"Vodice","","","Town"," "
13514,57,"HRV","Croatia",15,"Sisacko-Moslavacka",352,"Donji Kukuruzari","",""," "," "
13515,57,"HRV","Croatia",15,"Sisacko-Moslavacka",353,"Dvor","",""," "," "
13516,57,"HRV","Croatia",15,"Sisacko-Moslavacka",354,"Glina","","","Town"," "
13517,57,"HRV","Croatia",15,"Sisacko-Moslavacka",355,"Gvozd","",""," "," "
13518,57,"HRV","Croatia",15,"Sisacko-Moslavacka",356,"Hrvatska Dubica","",""," "," "
13519,57,"HRV","Croatia",15,"Sisacko-Moslavacka",357,"Hrvatska Kostajnica","","","Town"," "
13520,57,"HRV","Croatia",15,"Sisacko-Moslavacka",358,"Jasenovac","",""," "," "
13521,57,"HRV","Croatia",15,"Sisacko-Moslavacka",359,"Kutina","","","Town"," "
13522,57,"HRV","Croatia",15,"Sisacko-Moslavacka",360,"Lekenik","",""," "," "
13523,57,"HRV","Croatia",15,"Sisacko-Moslavacka",361,"Lipovljani","",""," "," "
13524,57,"HRV","Croatia",15,"Sisacko-Moslavacka",362,"Majur","",""," "," "
13525,57,"HRV","Croatia",15,"Sisacko-Moslavacka",363,"Martinska Ves","",""," "," "
13526,57,"HRV","Croatia",15,"Sisacko-Moslavacka",364,"Novska","","","Town"," "
13527,57,"HRV","Croatia",15,"Sisacko-Moslavacka",365,"Petrinja","","","Town"," "
13528,57,"HRV","Croatia",15,"Sisacko-Moslavacka",366,"Popovaca","",""," "," "
13529,57,"HRV","Croatia",15,"Sisacko-Moslavacka",367,"Sisak","","","City"," "
13530,57,"HRV","Croatia",15,"Sisacko-Moslavacka",368,"Sunja","",""," "," "
13531,57,"HRV","Croatia",15,"Sisacko-Moslavacka",369,"Topusko","",""," "," "
13532,57,"HRV","Croatia",15,"Sisacko-Moslavacka",370,"Velika Ludina","",""," "," "
13533,57,"HRV","Croatia",16,"Splitsko-Dalmatinska",371,"Baška Voda","",""," "," "
13534,57,"HRV","Croatia",16,"Splitsko-Dalmatinska",372,"Blaca","",""," "," "
13535,57,"HRV","Croatia",16,"Splitsko-Dalmatinska",373,"Bol","",""," "," "
13536,57,"HRV","Croatia",16,"Splitsko-Dalmatinska",374,"Brela","",""," "," "
13537,57,"HRV","Croatia",16,"Splitsko-Dalmatinska",375,"Cista Provo","",""," "," "
13538,57,"HRV","Croatia",16,"Splitsko-Dalmatinska",376,"Dicmo","",""," "," "
13539,57,"HRV","Croatia",16,"Splitsko-Dalmatinska",377,"Dugi Rat","",""," "," "
13540,57,"HRV","Croatia",16,"Splitsko-Dalmatinska",378,"Dugopolje","",""," "," "
13541,57,"HRV","Croatia",16,"Splitsko-Dalmatinska",379,"Gradac","",""," "," "
13542,57,"HRV","Croatia",16,"Splitsko-Dalmatinska",380,"Hrvace","",""," "," "
13543,57,"HRV","Croatia",16,"Splitsko-Dalmatinska",381,"Hvar","","","Town"," "
13544,57,"HRV","Croatia",16,"Splitsko-Dalmatinska",382,"Imotski","","","Town"," "
13545,57,"HRV","Croatia",16,"Splitsko-Dalmatinska",383,"Jelsa","",""," "," "
13546,57,"HRV","Croatia",16,"Splitsko-Dalmatinska",384,"Kaštela","","","Town"," "
13547,57,"HRV","Croatia",16,"Splitsko-Dalmatinska",385,"Klis","",""," "," "
13548,57,"HRV","Croatia",16,"Splitsko-Dalmatinska",386,"Komiža","","","Town"," "
13549,57,"HRV","Croatia",16,"Splitsko-Dalmatinska",387,"Lecevica","",""," "," "
13550,57,"HRV","Croatia",16,"Splitsko-Dalmatinska",388,"Lokvicici","",""," "," "
13551,57,"HRV","Croatia",16,"Splitsko-Dalmatinska",389,"Lovrec","",""," "," "
13552,57,"HRV","Croatia",16,"Splitsko-Dalmatinska",390,"Makarska","","","Town"," "
13553,57,"HRV","Croatia",16,"Splitsko-Dalmatinska",391,"Marina","",""," "," "
13554,57,"HRV","Croatia",16,"Splitsko-Dalmatinska",392,"Milna","",""," "," "
13555,57,"HRV","Croatia",16,"Splitsko-Dalmatinska",393,"Muc","",""," "," "
13556,57,"HRV","Croatia",16,"Splitsko-Dalmatinska",394,"Nerežišca","",""," "," "
13557,57,"HRV","Croatia",16,"Splitsko-Dalmatinska",395,"Okrug","",""," "," "
13558,57,"HRV","Croatia",16,"Splitsko-Dalmatinska",396,"Omiš","","","Town"," "
13559,57,"HRV","Croatia",16,"Splitsko-Dalmatinska",397,"Otok","",""," "," "
13560,57,"HRV","Croatia",16,"Splitsko-Dalmatinska",398,"Podbablje","",""," "," "
13561,57,"HRV","Croatia",16,"Splitsko-Dalmatinska",399,"Podgora","",""," "," "
13562,57,"HRV","Croatia",16,"Splitsko-Dalmatinska",400,"Podstrana","",""," "," "
13563,57,"HRV","Croatia",16,"Splitsko-Dalmatinska",401,"Postira","",""," "," "
13564,57,"HRV","Croatia",16,"Splitsko-Dalmatinska",402,"Prgomet","",""," "," "
13565,57,"HRV","Croatia",16,"Splitsko-Dalmatinska",403,"Primorski Dolac","",""," "," "
13566,57,"HRV","Croatia",16,"Splitsko-Dalmatinska",404,"Proložac","",""," "," "
13567,57,"HRV","Croatia",16,"Splitsko-Dalmatinska",405,"Pucišca","",""," "," "
13568,57,"HRV","Croatia",16,"Splitsko-Dalmatinska",406,"Runovici","",""," "," "
13569,57,"HRV","Croatia",16,"Splitsko-Dalmatinska",407,"Seget","",""," "," "
13570,57,"HRV","Croatia",16,"Splitsko-Dalmatinska",408,"Selca","",""," "," "
13571,57,"HRV","Croatia",16,"Splitsko-Dalmatinska",409,"Šestanovac","",""," "," "
13572,57,"HRV","Croatia",16,"Splitsko-Dalmatinska",410,"Sinj","","","Town"," "
13573,57,"HRV","Croatia",16,"Splitsko-Dalmatinska",411,"Solin","","","Town"," "
13574,57,"HRV","Croatia",16,"Splitsko-Dalmatinska",412,"Šolta","",""," "," "
13575,57,"HRV","Croatia",16,"Splitsko-Dalmatinska",413,"Split","","","City"," "
13576,57,"HRV","Croatia",16,"Splitsko-Dalmatinska",414,"Stari Grad","","","Town"," "
13577,57,"HRV","Croatia",16,"Splitsko-Dalmatinska",415,"Sucuraj","",""," "," "
13578,57,"HRV","Croatia",16,"Splitsko-Dalmatinska",416,"Supetar","","","Town"," "
13579,57,"HRV","Croatia",16,"Splitsko-Dalmatinska",417,"Sutivan","",""," "," "
13580,57,"HRV","Croatia",16,"Splitsko-Dalmatinska",418,"Trilj","",""," "," "
13581,57,"HRV","Croatia",16,"Splitsko-Dalmatinska",419,"Trogir","","","Town"," "
13582,57,"HRV","Croatia",16,"Splitsko-Dalmatinska",420,"Tucepi","",""," "," "
13583,57,"HRV","Croatia",16,"Splitsko-Dalmatinska",421,"Vis","","","Town"," "
13584,57,"HRV","Croatia",16,"Splitsko-Dalmatinska",422,"Vrgorac","","","Town"," "
13585,57,"HRV","Croatia",16,"Splitsko-Dalmatinska",423,"Vrlika","","","Town"," "
13586,57,"HRV","Croatia",16,"Splitsko-Dalmatinska",424,"Zadvarje","",""," "," "
13587,57,"HRV","Croatia",16,"Splitsko-Dalmatinska",425,"Zagvozd","",""," "," "
13588,57,"HRV","Croatia",16,"Splitsko-Dalmatinska",426,"Zmijavci","",""," "," "
13589,57,"HRV","Croatia",17,"Varaždinska",427,"Bednja","",""," "," "
13590,57,"HRV","Croatia",17,"Varaždinska",428,"Beretinec","",""," "," "
13591,57,"HRV","Croatia",17,"Varaždinska",429,"Breznicki Hum","",""," "," "
13592,57,"HRV","Croatia",17,"Varaždinska",430,"Breznica","",""," "," "
13593,57,"HRV","Croatia",17,"Varaždinska",431,"Cestica","",""," "," "
13594,57,"HRV","Croatia",17,"Varaždinska",432,"Donja Voca","",""," "," "
13595,57,"HRV","Croatia",17,"Varaždinska",433,"Donji Martijanec","",""," "," "
13596,57,"HRV","Croatia",17,"Varaždinska",434,"Gornji Kneginec","",""," "," "
13597,57,"HRV","Croatia",17,"Varaždinska",435,"Ivanec","","","Town"," "
13598,57,"HRV","Croatia",17,"Varaždinska",436,"Jalžabet","",""," "," "
13599,57,"HRV","Croatia",17,"Varaždinska",437,"Klenovnik","",""," "," "
13600,57,"HRV","Croatia",17,"Varaždinska",438,"Lepoglava","","","Town"," "
13601,57,"HRV","Croatia",17,"Varaždinska",439,"Ljubešcica","",""," "," "
13602,57,"HRV","Croatia",17,"Varaždinska",440,"Ludbreg","","","Town"," "
13603,57,"HRV","Croatia",17,"Varaždinska",441,"Mali Bukovec","",""," "," "
13604,57,"HRV","Croatia",17,"Varaždinska",442,"Maruševec","",""," "," "
13605,57,"HRV","Croatia",17,"Varaždinska",443,"Novi Marof","","","Town"," "
13606,57,"HRV","Croatia",17,"Varaždinska",444,"Petrijanec","",""," "," "
13607,57,"HRV","Croatia",17,"Varaždinska",445,"Sracinec","",""," "," "
13608,57,"HRV","Croatia",17,"Varaždinska",446,"Sveti Ðurd","",""," "," "
13609,57,"HRV","Croatia",17,"Varaždinska",447,"Sveti Ilija","",""," "," "
13610,57,"HRV","Croatia",17,"Varaždinska",448,"Trnovec Bartolovecki","",""," "," "
13611,57,"HRV","Croatia",17,"Varaždinska",449,"Varaždin","","","City"," "
13612,57,"HRV","Croatia",17,"Varaždinska",450,"Varaždinske Toplice","","","Town"," "
13613,57,"HRV","Croatia",17,"Varaždinska",451,"Veliki Bukovec","",""," "," "
13614,57,"HRV","Croatia",17,"Varaždinska",452,"Vidovec","",""," "," "
13615,57,"HRV","Croatia",17,"Varaždinska",453,"Vinica","",""," "," "
13616,57,"HRV","Croatia",17,"Varaždinska",454,"Visoko","",""," "," "
13617,57,"HRV","Croatia",18,"Viroviticko-Podravska",455,"Cadavica","",""," "," "
13618,57,"HRV","Croatia",18,"Viroviticko-Podravska",456,"Cacinci","",""," "," "
13619,57,"HRV","Croatia",18,"Viroviticko-Podravska",457,"Crnac","",""," "," "
13620,57,"HRV","Croatia",18,"Viroviticko-Podravska",458,"Gradina","",""," "," "
13621,57,"HRV","Croatia",18,"Viroviticko-Podravska",459,"Lukac","",""," "," "
13622,57,"HRV","Croatia",18,"Viroviticko-Podravska",460,"Mikleuš","",""," "," "
13623,57,"HRV","Croatia",18,"Viroviticko-Podravska",461,"Nova Bukovica","",""," "," "
13624,57,"HRV","Croatia",18,"Viroviticko-Podravska",462,"Orahovica","","","City"," "
13625,57,"HRV","Croatia",18,"Viroviticko-Podravska",463,"Pitomaca","",""," "," "
13626,57,"HRV","Croatia",18,"Viroviticko-Podravska",464,"Slatina","","","City"," "
13627,57,"HRV","Croatia",18,"Viroviticko-Podravska",465,"Sopje","",""," "," "
13628,57,"HRV","Croatia",18,"Viroviticko-Podravska",466,"Špišic Bukovica","",""," "," "
13629,57,"HRV","Croatia",18,"Viroviticko-Podravska",467,"Suhopolje","",""," "," "
13630,57,"HRV","Croatia",18,"Viroviticko-Podravska",468,"Virovitica","","","City"," "
13631,57,"HRV","Croatia",18,"Viroviticko-Podravska",469,"Vocin","",""," "," "
13632,57,"HRV","Croatia",18,"Viroviticko-Podravska",470,"Zdenci","",""," "," "
13633,57,"HRV","Croatia",19,"Vukovarsko-Srijemska",471,"Andrijaševci","",""," "," "
13634,57,"HRV","Croatia",19,"Vukovarsko-Srijemska",472,"Babina Greda","",""," "," "
13635,57,"HRV","Croatia",19,"Vukovarsko-Srijemska",473,"Bogdanovci","",""," "," "
13636,57,"HRV","Croatia",19,"Vukovarsko-Srijemska",474,"Borovo","",""," "," "
13637,57,"HRV","Croatia",19,"Vukovarsko-Srijemska",475,"Bošnjaci","",""," "," "
13638,57,"HRV","Croatia",19,"Vukovarsko-Srijemska",476,"Cerna","",""," "," "
13639,57,"HRV","Croatia",19,"Vukovarsko-Srijemska",477,"Drenovci","",""," "," "
13640,57,"HRV","Croatia",19,"Vukovarsko-Srijemska",478,"Gradište","",""," "," "
13641,57,"HRV","Croatia",19,"Vukovarsko-Srijemska",479,"Gunja","",""," "," "
13642,57,"HRV","Croatia",19,"Vukovarsko-Srijemska",480,"Ilok","","","Town"," "
13643,57,"HRV","Croatia",19,"Vukovarsko-Srijemska",481,"Ivankovo","",""," "," "
13644,57,"HRV","Croatia",19,"Vukovarsko-Srijemska",482,"Jarmina","",""," "," "
13645,57,"HRV","Croatia",19,"Vukovarsko-Srijemska",483,"Lovas","",""," "," "
13646,57,"HRV","Croatia",19,"Vukovarsko-Srijemska",484,"Markušica","",""," "," "
13647,57,"HRV","Croatia",19,"Vukovarsko-Srijemska",485,"Negoslavci","",""," "," "
13648,57,"HRV","Croatia",19,"Vukovarsko-Srijemska",486,"Nijemci","",""," "," "
13649,57,"HRV","Croatia",19,"Vukovarsko-Srijemska",487,"Nuštar","",""," "," "
13650,57,"HRV","Croatia",19,"Vukovarsko-Srijemska",488,"Otok","","","Town"," "
13651,57,"HRV","Croatia",19,"Vukovarsko-Srijemska",489,"Privlaka","",""," "," "
13652,57,"HRV","Croatia",19,"Vukovarsko-Srijemska",490,"Stari Jankovci","",""," "," "
13653,57,"HRV","Croatia",19,"Vukovarsko-Srijemska",491,"Stari Mikanovci","",""," "," "
13654,57,"HRV","Croatia",19,"Vukovarsko-Srijemska",492,"Tompojevci","",""," "," "
13655,57,"HRV","Croatia",19,"Vukovarsko-Srijemska",493,"Tordinci","",""," "," "
13656,57,"HRV","Croatia",19,"Vukovarsko-Srijemska",494,"Tovarnik","",""," "," "
13657,57,"HRV","Croatia",19,"Vukovarsko-Srijemska",495,"Trpinja","",""," "," "
13658,57,"HRV","Croatia",19,"Vukovarsko-Srijemska",496,"Vinkovci","","","Town"," "
13659,57,"HRV","Croatia",19,"Vukovarsko-Srijemska",497,"Vodinci","",""," "," "
13660,57,"HRV","Croatia",19,"Vukovarsko-Srijemska",498,"Vrbanja","",""," "," "
13661,57,"HRV","Croatia",19,"Vukovarsko-Srijemska",499,"Vukovar","","","Town"," "
13662,57,"HRV","Croatia",19,"Vukovarsko-Srijemska",500,"Županja","","","Town"," "
13663,57,"HRV","Croatia",20,"Zadarska",501,"Benkovac","","","Town"," "
13664,57,"HRV","Croatia",20,"Zadarska",502,"Bibinje","",""," "," "
13665,57,"HRV","Croatia",20,"Zadarska",503,"Biograd na Moru","","","Town"," "
13666,57,"HRV","Croatia",20,"Zadarska",504,"Galovac","",""," "," "
13667,57,"HRV","Croatia",20,"Zadarska",505,"Gracac","",""," "," "
13668,57,"HRV","Croatia",20,"Zadarska",506,"Jasenice","",""," "," "
13669,57,"HRV","Croatia",20,"Zadarska",507,"Kali","",""," "," "
13670,57,"HRV","Croatia",20,"Zadarska",508,"Kukljica","",""," "," "
13671,57,"HRV","Croatia",20,"Zadarska",509,"Lišane Ostrovicke","",""," "," "
13672,57,"HRV","Croatia",20,"Zadarska",510,"Nin","","","Town"," "
13673,57,"HRV","Croatia",20,"Zadarska",511,"Novigrad","",""," "," "
13674,57,"HRV","Croatia",20,"Zadarska",512,"Obrovac","","","Town"," "
13675,57,"HRV","Croatia",20,"Zadarska",513,"Pag","","","Town"," "
13676,57,"HRV","Croatia",20,"Zadarska",514,"Pakoštane","",""," "," "
13677,57,"HRV","Croatia",20,"Zadarska",515,"Pašman","",""," "," "
13678,57,"HRV","Croatia",20,"Zadarska",516,"Polaca","",""," "," "
13679,57,"HRV","Croatia",20,"Zadarska",517,"Policnik","",""," "," "
13680,57,"HRV","Croatia",20,"Zadarska",518,"Posedarje","",""," "," "
13681,57,"HRV","Croatia",20,"Zadarska",519,"Povljane","",""," "," "
13682,57,"HRV","Croatia",20,"Zadarska",520,"Preko","",""," "," "
13683,57,"HRV","Croatia",20,"Zadarska",521,"Privlaka","",""," "," "
13684,57,"HRV","Croatia",20,"Zadarska",522,"Ražanac","",""," "," "
13685,57,"HRV","Croatia",20,"Zadarska",523,"Sali","",""," "," "
13686,57,"HRV","Croatia",20,"Zadarska",524,"Škabrnja","",""," "," "
13687,57,"HRV","Croatia",20,"Zadarska",525,"Stankovci","",""," "," "
13688,57,"HRV","Croatia",20,"Zadarska",526,"Starigrad","","","",""
13689,57,"HRV","Croatia",20,"Zadarska",527,"Sukošan","",""," "," "
13690,57,"HRV","Croatia",20,"Zadarska",528,"Sveti Filip i Jakov","",""," "," "
13691,57,"HRV","Croatia",20,"Zadarska",529,"Tkon","",""," "," "
13692,57,"HRV","Croatia",20,"Zadarska",530,"Vir","",""," "," "
13693,57,"HRV","Croatia",20,"Zadarska",531,"Zadar","","","City"," "
13694,57,"HRV","Croatia",20,"Zadarska",532,"Zemunik Donji","",""," "," "
13695,57,"HRV","Croatia",21,"Zagrebacka",533,"Bedenica","",""," "," "
13696,57,"HRV","Croatia",21,"Zagrebacka",534,"Brckovljani","",""," "," "
13697,57,"HRV","Croatia",21,"Zagrebacka",535,"Brdovec","",""," "," "
13698,57,"HRV","Croatia",21,"Zagrebacka",536,"Dubrava","",""," "," "
13699,57,"HRV","Croatia",21,"Zagrebacka",537,"Dubravica","",""," "," "
13700,57,"HRV","Croatia",21,"Zagrebacka",538,"Dugo Selo","","","Town"," "
13701,57,"HRV","Croatia",21,"Zagrebacka",539,"Farkaševac","",""," "," "
13702,57,"HRV","Croatia",21,"Zagrebacka",540,"Gradec","",""," "," "
13703,57,"HRV","Croatia",21,"Zagrebacka",541,"Ivanic-Grad","","","Town"," "
13704,57,"HRV","Croatia",21,"Zagrebacka",542,"Jakovlje","",""," "," "
13705,57,"HRV","Croatia",21,"Zagrebacka",543,"Jastrebarsko","","","Town"," "
13706,57,"HRV","Croatia",21,"Zagrebacka",544,"Klinca Sela","",""," "," "
13707,57,"HRV","Croatia",21,"Zagrebacka",545,"Kloštar Ivanic","",""," "," "
13708,57,"HRV","Croatia",21,"Zagrebacka",546,"Krašic","",""," "," "
13709,57,"HRV","Croatia",21,"Zagrebacka",547,"Križ","",""," "," "
13710,57,"HRV","Croatia",21,"Zagrebacka",548,"Luka","",""," "," "
13711,57,"HRV","Croatia",21,"Zagrebacka",549,"Marija Gorica","",""," "," "
13712,57,"HRV","Croatia",21,"Zagrebacka",550,"Pisarovina","",""," "," "
13713,57,"HRV","Croatia",21,"Zagrebacka",551,"Preseka","",""," "," "
13714,57,"HRV","Croatia",21,"Zagrebacka",552,"Pušca","",""," "," "
13715,57,"HRV","Croatia",21,"Zagrebacka",553,"Rakovec","",""," "," "
13716,57,"HRV","Croatia",21,"Zagrebacka",554,"Rugvica","",""," "," "
13717,57,"HRV","Croatia",21,"Zagrebacka",555,"Samobor","","","Town"," "
13718,57,"HRV","Croatia",21,"Zagrebacka",556,"Sveta Nedelja","","","Town"," "
13719,57,"HRV","Croatia",21,"Zagrebacka",557,"Sveti Ivan Zelina","","","Town"," "
13720,57,"HRV","Croatia",21,"Zagrebacka",558,"Vrbovec","","","Town"," "
13721,57,"HRV","Croatia",21,"Zagrebacka",559,"Zaprešic","","","Town"," "
13722,57,"HRV","Croatia",21,"Zagrebacka",560,"Žumberak","",""," "," "
