"PID","ID_0","ISO","NAME_0","ID_1","NAME_1","NL_NAME_1","VARNAME_1","TYPE_1","ENGTYPE_1"
978,57,"HRV","Croatia",1,"Bjelovarska-Bilogorska","","Bjelovar-Bilagora","Županija","County"
979,57,"HRV","Croatia",2,"Brodsko-Posavska","","Slavonski Brod-Posavina","Županija","County"
980,57,"HRV","Croatia",3,"Dubrovacko-Neretvanska","","Dubrovnik-Neretva","Županija","County"
981,57,"HRV","Croatia",4,"Grad Zagreb","","","Grad","City"
982,57,"HRV","Croatia",5,"Istarska","","Istra","Županija","County"
983,57,"HRV","Croatia",6,"Karlovacka","","Karlovac","Županija","County"
984,57,"HRV","Croatia",7,"Koprivnicko-Križevacka","","Koprivnica-Križevci","Županija","County"
985,57,"HRV","Croatia",8,"Krapinsko-Zagorska","","Krapina-Zagorje","Županija","County"
986,57,"HRV","Croatia",9,"Licko-Senjska","","Lika-Senj","Županija","County"
987,57,"HRV","Croatia",10,"Medimurska","","Medimurje","Županija","County"
988,57,"HRV","Croatia",11,"Osjecko-Baranjska","","Osijek-Baranja","Županija","County"
989,57,"HRV","Croatia",12,"Požeško-Slavonska","","Požega-Slavonija","Županija","County"
990,57,"HRV","Croatia",13,"Primorsko-Goranska","","Primorje-Gorski Kotar","Županija","County"
991,57,"HRV","Croatia",14,"Šibensko-Kninska","","Šibenik","Županija","County"
992,57,"HRV","Croatia",15,"Sisacko-Moslavacka","","Sisak-Moslavina","Županija","County"
993,57,"HRV","Croatia",16,"Splitsko-Dalmatinska","","Split-Dalmacia","Županija","County"
994,57,"HRV","Croatia",17,"Varaždinska","","Varaždin|Varasd","Županija","County"
995,57,"HRV","Croatia",18,"Viroviticko-Podravska","","Virovitica-Podravina","Županija","County"
996,57,"HRV","Croatia",19,"Vukovarsko-Srijemska","","Vukovar-Srijem","Županija","County"
997,57,"HRV","Croatia",20,"Zadarska","","Zadar-Knin","Županija","County"
998,57,"HRV","Croatia",21,"Zagrebacka","","Zagreb","Županija","County"
