"PID","ID_0","ISO","NAME_0","ID_1","NAME_1","ID_2","NAME_2","NL_NAME_2","VARNAME_2","TYPE_2","ENGTYPE_2"
26725,174,"PNG","Papua New Guinea",1,"Central",1,"Abau","","","",""
26726,174,"PNG","Papua New Guinea",1,"Central",2,"Goilala","","","",""
26727,174,"PNG","Papua New Guinea",1,"Central",3,"Kairuku-Hiri","","","",""
26728,174,"PNG","Papua New Guinea",1,"Central",4,"National Capital District","","","",""
26729,174,"PNG","Papua New Guinea",1,"Central",5,"Rigo","","","",""
26730,174,"PNG","Papua New Guinea",2,"Chimbu",6,"Chuave","","","",""
26731,174,"PNG","Papua New Guinea",2,"Chimbu",7,"Gumine","","","",""
26732,174,"PNG","Papua New Guinea",2,"Chimbu",8,"Karimui-Nomane","","","",""
26733,174,"PNG","Papua New Guinea",2,"Chimbu",9,"Kerowagi","","","",""
26734,174,"PNG","Papua New Guinea",2,"Chimbu",10,"Kundiawa-Gembogl","","","",""
26735,174,"PNG","Papua New Guinea",2,"Chimbu",11,"Sina Sina-Yonggomugl","","","",""
26736,174,"PNG","Papua New Guinea",3,"East New Britain",12,"Gazelle","","","",""
26737,174,"PNG","Papua New Guinea",3,"East New Britain",13,"Kokopo","","","",""
26738,174,"PNG","Papua New Guinea",3,"East New Britain",14,"Pomio","","","",""
26739,174,"PNG","Papua New Guinea",3,"East New Britain",15,"Rabaul","","","",""
26740,174,"PNG","Papua New Guinea",4,"East Sepik",16,"Ambunti-Drekikir","","","",""
26741,174,"PNG","Papua New Guinea",4,"East Sepik",17,"Angoram","","","",""
26742,174,"PNG","Papua New Guinea",4,"East Sepik",18,"Boikin-Dagua Rural","","","",""
26743,174,"PNG","Papua New Guinea",4,"East Sepik",19,"Maprik","","","",""
26744,174,"PNG","Papua New Guinea",4,"East Sepik",20,"Wosera Gawi","","","",""
26745,174,"PNG","Papua New Guinea",4,"East Sepik",21,"Yangoro Saussia","","","",""
26746,174,"PNG","Papua New Guinea",5,"Eastern Highlands",22,"Asaro-Watabung","","","",""
26747,174,"PNG","Papua New Guinea",5,"Eastern Highlands",23,"Goroka","","","",""
26748,174,"PNG","Papua New Guinea",5,"Eastern Highlands",24,"Henganofi","","","",""
26749,174,"PNG","Papua New Guinea",5,"Eastern Highlands",25,"Kainantu Rural","","","",""
26750,174,"PNG","Papua New Guinea",5,"Eastern Highlands",26,"Lufa","","","",""
26751,174,"PNG","Papua New Guinea",5,"Eastern Highlands",27,"Obura-Wonenara","","","",""
26752,174,"PNG","Papua New Guinea",5,"Eastern Highlands",28,"Okapa","","","",""
26753,174,"PNG","Papua New Guinea",5,"Eastern Highlands",29,"Unggai-Benna","","","",""
26754,174,"PNG","Papua New Guinea",6,"Enga",30,"Kandep","","","",""
26755,174,"PNG","Papua New Guinea",6,"Enga",31,"Kompiam","","","",""
26756,174,"PNG","Papua New Guinea",6,"Enga",32,"Lagaip-Porgera","","","",""
26757,174,"PNG","Papua New Guinea",6,"Enga",33,"Wabag","","","",""
26758,174,"PNG","Papua New Guinea",6,"Enga",34,"Wapenamanda","","","",""
26759,174,"PNG","Papua New Guinea",7,"Gulf",35,"Ihu Rural","","","",""
26760,174,"PNG","Papua New Guinea",7,"Gulf",36,"Kerema","","","",""
26761,174,"PNG","Papua New Guinea",8,"Madang",37,"Bogia","","","",""
26762,174,"PNG","Papua New Guinea",8,"Madang",38,"Madang","","","",""
26763,174,"PNG","Papua New Guinea",8,"Madang",39,"Middle Ramu","","","",""
26764,174,"PNG","Papua New Guinea",8,"Madang",40,"Rai Coast","","","",""
26765,174,"PNG","Papua New Guinea",8,"Madang",41,"Sumgilbar Rural","","","",""
26766,174,"PNG","Papua New Guinea",8,"Madang",42,"Usino Bundi","","","",""
26767,174,"PNG","Papua New Guinea",9,"Manus",43,"Manus","","","",""
26768,174,"PNG","Papua New Guinea",10,"Milne Bay",44,"Alotau","","","",""
26769,174,"PNG","Papua New Guinea",10,"Milne Bay",45,"Esa'ala","","","",""
26770,174,"PNG","Papua New Guinea",10,"Milne Bay",46,"Kiriwina-Goodenough","","","",""
26771,174,"PNG","Papua New Guinea",10,"Milne Bay",47,"Samarai-Murua","","","",""
26772,174,"PNG","Papua New Guinea",11,"Morobe",48,"Bulolo","","","",""
26773,174,"PNG","Papua New Guinea",11,"Morobe",49,"Finschafen","","","",""
26774,174,"PNG","Papua New Guinea",11,"Morobe",50,"Huon","","","",""
26775,174,"PNG","Papua New Guinea",11,"Morobe",51,"Lae","","","",""
26776,174,"PNG","Papua New Guinea",11,"Morobe",52,"Markham","","","",""
26777,174,"PNG","Papua New Guinea",11,"Morobe",53,"Menyamya","","","",""
26778,174,"PNG","Papua New Guinea",11,"Morobe",54,"Nabak Rural","","","",""
26779,174,"PNG","Papua New Guinea",11,"Morobe",55,"Tewae-Siassi","","","",""
26780,174,"PNG","Papua New Guinea",12,"New Ireland",56,"Kavieng","","","",""
26781,174,"PNG","Papua New Guinea",12,"New Ireland",57,"Namanatai","","","",""
26782,174,"PNG","Papua New Guinea",13,"North Solomons",58,"Central Bougainville","","","",""
26783,174,"PNG","Papua New Guinea",13,"North Solomons",59,"North Bougainville","","","",""
26784,174,"PNG","Papua New Guinea",13,"North Solomons",60,"South Bougainville","","","",""
26785,174,"PNG","Papua New Guinea",14,"Northern",61,"Ijivitari","","","",""
26786,174,"PNG","Papua New Guinea",14,"Northern",62,"Sohe","","","",""
26787,174,"PNG","Papua New Guinea",15,"Sandaun",63,"Aitape-Lumi","","","",""
26788,174,"PNG","Papua New Guinea",15,"Sandaun",64,"Nuku","","","",""
26789,174,"PNG","Papua New Guinea",15,"Sandaun",65,"Telefomin","","","",""
26790,174,"PNG","Papua New Guinea",15,"Sandaun",66,"Vanimo-Green River","","","",""
26791,174,"PNG","Papua New Guinea",16,"Southern Highlands",67,"Imbonggu","","","",""
26792,174,"PNG","Papua New Guinea",16,"Southern Highlands",68,"Kagua-Erave","","","",""
26793,174,"PNG","Papua New Guinea",16,"Southern Highlands",69,"Kewabi Rural","","","",""
26794,174,"PNG","Papua New Guinea",16,"Southern Highlands",70,"Komo-Margarima","","","",""
26795,174,"PNG","Papua New Guinea",16,"Southern Highlands",71,"Koroba-Kopiago","","","",""
26796,174,"PNG","Papua New Guinea",16,"Southern Highlands",72,"Mendi-Munihu","","","",""
26797,174,"PNG","Papua New Guinea",16,"Southern Highlands",73,"Nipa-Kutubu","","","",""
26798,174,"PNG","Papua New Guinea",16,"Southern Highlands",74,"Tari-Pori","","","",""
26799,174,"PNG","Papua New Guinea",17,"West New Britain",75,"Kandrian-Gloucester","","","",""
26800,174,"PNG","Papua New Guinea",17,"West New Britain",76,"Talasea","","","",""
26801,174,"PNG","Papua New Guinea",18,"Western Highlands",77,"Anglimp-South Waghi","","","",""
26802,174,"PNG","Papua New Guinea",18,"Western Highlands",78,"Dei","","","",""
26803,174,"PNG","Papua New Guinea",18,"Western Highlands",79,"Jimi","","","",""
26804,174,"PNG","Papua New Guinea",18,"Western Highlands",80,"Mount Hagen","","","",""
26805,174,"PNG","Papua New Guinea",18,"Western Highlands",81,"Mul-Baiyer","","","",""
26806,174,"PNG","Papua New Guinea",18,"Western Highlands",82,"North Waghi","","","",""
26807,174,"PNG","Papua New Guinea",18,"Western Highlands",83,"Tambul-Nebilyer","","","",""
26808,174,"PNG","Papua New Guinea",19,"Western",84,"Bamu Rural","","Middle Fly","",""
26809,174,"PNG","Papua New Guinea",19,"Western",85,"Morehead Rural","","South Fly","",""
26810,174,"PNG","Papua New Guinea",19,"Western",86,"North Fly","","","",""
