"PID","ID_0","ISO","NAME_0","ID_1","NAME_1","NL_NAME_1","VARNAME_1","TYPE_1","ENGTYPE_1"
1604,111,"ISR","Israel",1,"Golan","","","Mehoz","District"
1605,111,"ISR","Israel",2,"HaDarom","","Southern District","Mehoz","District"
1606,111,"ISR","Israel",3,"Haifa","","Hefa","Mehoz","District"
1607,111,"ISR","Israel",4,"HaMerkaz","","Central District","Mehoz","District"
1608,111,"ISR","Israel",5,"HaZafon","","Northern","Mehoz","District"
1609,111,"ISR","Israel",6,"Jerusalem","","Al-Quds|Yerushalayim","Mehoz","District"
1610,111,"ISR","Israel",7,"Tel Aviv","","","Mehoz","District"
