"PID","ID_0","ISO","NAME_0","ID_1","NAME_1","ID_2","NAME_2","NL_NAME_2","VARNAME_2","TYPE_2","ENGTYPE_2"
20810,123,"LAO","Laos",1,"Attapu",1,"Phouvong","","","Muong","District"
20811,123,"LAO","Laos",1,"Attapu",2,"Samakkhixay","","Sa Makhisai","Muong","District"
20812,123,"LAO","Laos",1,"Attapu",3,"Sanamxay","","Sanamxai#Sa Numsai","Muong","District"
20813,123,"LAO","Laos",1,"Attapu",4,"Sanxay","","San Sai","Muong","District"
20814,123,"LAO","Laos",1,"Attapu",5,"Xaysetha","","Saysettha#Xai settha","Muong","District"
20815,123,"LAO","Laos",2,"Bokeo",6,"Houixai","","Houay Xay|Huaixai, Huoixai","Muong","District"
20816,123,"LAO","Laos",2,"Bokeo",7,"Meung","","Muen","Muong","District"
20817,123,"LAO","Laos",2,"Bokeo",8,"Nam You","","Nam Nhu Special#Nam ou special","Muong","District"
20818,123,"LAO","Laos",2,"Bokeo",9,"Paktha","","Pak Tha","Muong","District"
20819,123,"LAO","Laos",2,"Bokeo",10,"Pha Oudom","","","Muong","District"
20820,123,"LAO","Laos",2,"Bokeo",11,"Tonpheung","","Thon Phueng","Muong","District"
20821,123,"LAO","Laos",3,"Bolikhamxai",12,"Bolikhanh","","Bo lykhanh","Muong","District"
20822,123,"LAO","Laos",3,"Bolikhamxai",13,"Khamkheuth","","Khamkeut|Khamkeuth#Kham kirth","Muong","District"
20823,123,"LAO","Laos",3,"Bolikhamxai",14,"Pakkading","","Pak kading","Muong","District"
20824,123,"LAO","Laos",3,"Bolikhamxai",15,"Paksane","","Pakxanh#Pak Sanh","Muong","District"
20825,123,"LAO","Laos",3,"Bolikhamxai",16,"Thaphabath","","Thaphabat#Tha Phabak","Muong","District"
20826,123,"LAO","Laos",3,"Bolikhamxai",17,"Viengthong","","Vieng Thong","Muong","District"
20827,123,"LAO","Laos",4,"Champasak",18,"Bachiangchaleunsook","","Batiengchaleunsouk","Muong","District"
20828,123,"LAO","Laos",4,"Champasak",19,"Champassack","","Champasak","Muong","District"
20829,123,"LAO","Laos",4,"Champasak",20,"Khong","","","Muong","District"
20830,123,"LAO","Laos",4,"Champasak",21,"Moonlapamok","","Mounlapamok","Muong","District"
20831,123,"LAO","Laos",4,"Champasak",22,"Paksong","","Pakxong#Pak Song","Muong","District"
20832,123,"LAO","Laos",4,"Champasak",23,"Pakxe","","Pak Se|Paksé","Muong","District"
20833,123,"LAO","Laos",4,"Champasak",24,"Pathoomphone","","Pathouphone#Pha Thomphone","Muong","District"
20834,123,"LAO","Laos",4,"Champasak",25,"Phonthong","","Phone Thong","Muong","District"
20835,123,"LAO","Laos",4,"Champasak",26,"Sanasomboon","","Sanasomboune#Sa Nasomboun","Muong","District"
20836,123,"LAO","Laos",4,"Champasak",27,"Sukhuma","","Soukhoumma","Muong","District"
20837,123,"LAO","Laos",5,"Houaphan",28,"Huameuang","","Houameuang#Hua Muen","Muong","District"
20838,123,"LAO","Laos",5,"Houaphan",29,"Muang Et","","Add#Oat","Muong","District"
20839,123,"LAO","Laos",5,"Houaphan",30,"Sopbao","","Sop Bao","Muong","District"
20840,123,"LAO","Laos",5,"Houaphan",31,"Viengthong","","Xieng Thong","Muong","District"
20841,123,"LAO","Laos",5,"Houaphan",32,"Viengxay","","Vieng Xay","Muong","District"
20842,123,"LAO","Laos",5,"Houaphan",33,"Xamneua","","Samneua#Xam Nue","Muong","District"
20843,123,"LAO","Laos",5,"Houaphan",34,"Xamtay","","Samtay#Xam Thai","Muong","District"
20844,123,"LAO","Laos",5,"Houaphan",35,"Xiengkhor","","Xiengkho","Muong","District"
20845,123,"LAO","Laos",6,"Khammouan",36,"Bualapha","","Boualapha","Muong","District"
20846,123,"LAO","Laos",6,"Khammouan",37,"Hinboon","","Hineboune#Hin Boun","Muong","District"
20847,123,"LAO","Laos",6,"Khammouan",38,"Mahaxay","","Ma Haxai","Muong","District"
20848,123,"LAO","Laos",6,"Khammouan",39,"Nakai","","Na Kay","Muong","District"
20849,123,"LAO","Laos",6,"Khammouan",40,"Nhommalath","","Yommalath#Nyom Malat","Muong","District"
20850,123,"LAO","Laos",6,"Khammouan",41,"Nongbok","","Nong Bok#Nong Boak","Muong","District"
20851,123,"LAO","Laos",6,"Khammouan",42,"Thakhek","","Tha ked","Muong","District"
20852,123,"LAO","Laos",6,"Khammouan",43,"Xaybuathong","","Xai Bouathong","Muong","District"
20853,123,"LAO","Laos",6,"Khammouan",44,"Xebangfay","","Sebangphay#Sek Buangfai","Muong","District"
20854,123,"LAO","Laos",7,"Louang Namtha",45,"Long","","","Muong","District"
20855,123,"LAO","Laos",7,"Louang Namtha",46,"Nalae","","Na Le#Na La","Muong","District"
20856,123,"LAO","Laos",7,"Louang Namtha",47,"Namtha","","Nam Tha","Muong","District"
20857,123,"LAO","Laos",7,"Louang Namtha",48,"Sing","","","Muong","District"
20858,123,"LAO","Laos",7,"Louang Namtha",49,"Viengphoukha","","Vieng Phukha","Muong","District"
20859,123,"LAO","Laos",8,"Louangphrabang",50,"Chomphet","","","Muong","District"
20860,123,"LAO","Laos",8,"Louangphrabang",51,"Louangphrabang","","Luang Prabang|Luang Phrabang, Luanprabang","Muong","District"
20861,123,"LAO","Laos",8,"Louangphrabang",52,"Nambak","","Nam Bak","Muong","District"
20862,123,"LAO","Laos",8,"Louangphrabang",53,"Nan","","Nane","Muong","District"
20863,123,"LAO","Laos",8,"Louangphrabang",54,"Ngoi","","Ngoy","Muong","District"
20864,123,"LAO","Laos",8,"Louangphrabang",55,"Pak Xeng","","Pak Seng#Pak Xeng","Muong","District"
20865,123,"LAO","Laos",8,"Louangphrabang",56,"Park Ou","","Pak Ou","Muong","District"
20866,123,"LAO","Laos",8,"Louangphrabang",57,"Phonxay","","","Muong","District"
20867,123,"LAO","Laos",8,"Louangphrabang",58,"Phoukhoune","","Phu khoun","Muong","District"
20868,123,"LAO","Laos",8,"Louangphrabang",59,"Viengkham","","","Muong","District"
20869,123,"LAO","Laos",8,"Louangphrabang",60,"Xieng Ngeun","","Xiengngeun","Muong","District"
20870,123,"LAO","Laos",9,"Oudômxai",61,"Beng","","","Muong","District"
20871,123,"LAO","Laos",9,"Oudômxai",62,"Hoon","","Houne|Houn","Muong","District"
20872,123,"LAO","Laos",9,"Oudômxai",63,"La","","Lad","Muong","District"
20873,123,"LAO","Laos",9,"Oudômxai",64,"Namor","","Na Mo","Muong","District"
20874,123,"LAO","Laos",9,"Oudômxai",65,"Nga","","","Muong","District"
20875,123,"LAO","Laos",9,"Oudômxai",66,"Pakbeng","","Pak Beng","Muong","District"
20876,123,"LAO","Laos",9,"Oudômxai",67,"Xay","","","Muong","District"
20877,123,"LAO","Laos",10,"Phôngsali",68,"Boon Neua","","Boun Neua|Booneua#Boun Nuen","Muong","District"
20878,123,"LAO","Laos",10,"Phôngsali",69,"Boontai","","Boun Tay#Boun Thai","Muong","District"
20879,123,"LAO","Laos",10,"Phôngsali",70,"Khua","","Khoua","Muong","District"
20880,123,"LAO","Laos",10,"Phôngsali",71,"May","","Mai","Muong","District"
20881,123,"LAO","Laos",10,"Phôngsali",72,"Nhot Ou","","Yot Ou#Ngou Ou","Muong","District"
20882,123,"LAO","Laos",10,"Phôngsali",73,"Phongsaly","","Pongsaly","Muong","District"
20883,123,"LAO","Laos",10,"Phôngsali",74,"Samphanh","","Sam Phan","Muong","District"
20884,123,"LAO","Laos",11,"Saravan",75,"Khongxedone","","Khongsedone|Khongxedon#Khong Sedont","Muong","District"
20885,123,"LAO","Laos",11,"Saravan",76,"Lakhonepheng","","La Khonpheng","Muong","District"
20886,123,"LAO","Laos",11,"Saravan",77,"Lao Ngarm","","Lao Ngam#Hlao Ngum","Muong","District"
20887,123,"LAO","Laos",11,"Saravan",78,"Samuoi","","Sa Mouay#Sa Moi","Muong","District"
20888,123,"LAO","Laos",11,"Saravan",79,"Saravane","","Saravanh","Muong","District"
20889,123,"LAO","Laos",11,"Saravan",80,"Ta Oi","","Ta Oy#Ta Oil","Muong","District"
20890,123,"LAO","Laos",11,"Saravan",81,"Toomlarn","","Toumlane#Tom Lan","Muong","District"
20891,123,"LAO","Laos",11,"Saravan",82,"Vapy","","Va Pee","Muong","District"
20892,123,"LAO","Laos",12,"Savannakhét",83,"Atsaphangthong","","Ouat Saphangthon","Muong","District"
20893,123,"LAO","Laos",12,"Savannakhét",84,"Atsaphone","","Ouat Saphone","Muong","District"
20894,123,"LAO","Laos",12,"Savannakhét",85,"Champhone","","","Muong","District"
20895,123,"LAO","Laos",12,"Savannakhét",86,"Khanthabouly","","Khanthaboury|Khanthabuli, Khanthabuly#Kanh thabuoly","Muong","District"
20896,123,"LAO","Laos",12,"Savannakhét",87,"Nong","","","Muong","District"
20897,123,"LAO","Laos",12,"Savannakhét",88,"Outhoomphone","","Outhoumphone","Muong","District"
20898,123,"LAO","Laos",12,"Savannakhét",89,"Phine","","","Muong","District"
20899,123,"LAO","Laos",12,"Savannakhét",90,"Sepone","","Seponh#Sak Pone","Muong","District"
20900,123,"LAO","Laos",12,"Savannakhét",91,"Songkhone","","Song Khon","Muong","District"
20901,123,"LAO","Laos",12,"Savannakhét",92,"Thapangthong","","","Muong","District"
20902,123,"LAO","Laos",12,"Savannakhét",93,"Thaphalanxay","","Tha Phalantxai","Muong","District"
20903,123,"LAO","Laos",12,"Savannakhét",94,"Vilabuly","","Viraboury#Vi Labouly","Muong","District"
20904,123,"LAO","Laos",12,"Savannakhét",95,"Xaybuly","","Xayboury#Sai Bouly","Muong","District"
20905,123,"LAO","Laos",12,"Savannakhét",96,"Xayphoothong","","Sai Phuthong","Muong","District"
20906,123,"LAO","Laos",12,"Savannakhét",97,"Xonbuly","","Xonboury#Chone Bouly","Muong","District"
20907,123,"LAO","Laos",13,"Vientiane [prefecture]",98,"Chanthabuly","","Chanthaboury|Chanthabouly#Chanthabuly","Muong","District"
20908,123,"LAO","Laos",13,"Vientiane [prefecture]",99,"Hadxaifong","","Hadxaifong (Thadeua)#Hatsayfong","Muong","District"
20909,123,"LAO","Laos",13,"Vientiane [prefecture]",100,"Mayparkngum","","Paknguem","Muong","District"
20910,123,"LAO","Laos",13,"Vientiane [prefecture]",101,"Naxaithong","","Naxaythong#Nasaithong","Muong","District"
20911,123,"LAO","Laos",13,"Vientiane [prefecture]",102,"Sangthong","","","Muong","District"
20912,123,"LAO","Laos",13,"Vientiane [prefecture]",103,"Sikhottabong","","Sykhottabong","Muong","District"
20913,123,"LAO","Laos",13,"Vientiane [prefecture]",104,"Sisattanak","","Sisattanack#Sysaktanak","Muong","District"
20914,123,"LAO","Laos",13,"Vientiane [prefecture]",105,"Xaysetha","","Saysettha#Saisettha","Muong","District"
20915,123,"LAO","Laos",13,"Vientiane [prefecture]",106,"Xaythany","","Xaithany (Thangone)#Saithaney","Muong","District"
20916,123,"LAO","Laos",14,"Vientiane",107,"Feuang","","Pheuang#Fuen","Muong","District"
20917,123,"LAO","Laos",14,"Vientiane",108,"Hinhurp","","Heen herm","Muong","District"
20918,123,"LAO","Laos",14,"Vientiane",109,"Kasy","","Ka sy","Muong","District"
20919,123,"LAO","Laos",14,"Vientiane",110,"Keo Oudom","","Keooudom","Muong","District"
20920,123,"LAO","Laos",14,"Vientiane",111,"Mad","","Med","Muong","District"
20921,123,"LAO","Laos",14,"Vientiane",112,"Phonhong","","Pholhong#Phone Hong","Muong","District"
20922,123,"LAO","Laos",14,"Vientiane",113,"Thoulakhom","","Thu Lakhuom","Muong","District"
20923,123,"LAO","Laos",14,"Vientiane",114,"Vangvieng","","Vang vieng","Muong","District"
20924,123,"LAO","Laos",14,"Vientiane",115,"Viengkham","","","Muong","District"
20925,123,"LAO","Laos",14,"Vientiane",116,"Xanakharm","","Sanakham","Muong","District"
20926,123,"LAO","Laos",15,"Xaignabouri",117,"Botene","","Boten#Bo Then","Muong","District"
20927,123,"LAO","Laos",15,"Xaignabouri",118,"Hongsa","","Hong Sa","Muong","District"
20928,123,"LAO","Laos",15,"Xaignabouri",119,"Kenethao","","Kanthao","Muong","District"
20929,123,"LAO","Laos",15,"Xaignabouri",120,"Khop","","","Muong","District"
20930,123,"LAO","Laos",15,"Xaignabouri",121,"Ngeun","","Ngeune","Muong","District"
20931,123,"LAO","Laos",15,"Xaignabouri",122,"Parklai","","Pak Lay|Paklai","Muong","District"
20932,123,"LAO","Laos",15,"Xaignabouri",123,"Phiang","","Phieng","Muong","District"
20933,123,"LAO","Laos",15,"Xaignabouri",124,"Thongmyxay","","Thong Meexai","Muong","District"
20934,123,"LAO","Laos",15,"Xaignabouri",125,"Xayabury","","Sayaboury#Xayabouly","Muong","District"
20935,123,"LAO","Laos",15,"Xaignabouri",126,"Xienghone","","Xieng Hon","Muong","District"
20936,123,"LAO","Laos",16,"Xaisômboun",127,"Hom","","Homt","Muong","District"
20937,123,"LAO","Laos",16,"Xaisômboun",128,"Longsane","","Longsan, Longxan#Long Xanh","Muong","District"
20938,123,"LAO","Laos",16,"Xaisômboun",129,"Phun","","Phoun","Muong","District"
20939,123,"LAO","Laos",16,"Xaisômboun",130,"Thathom","","Tha Tom","Muong","District"
20940,123,"LAO","Laos",16,"Xaisômboun",131,"Xaysomboun","","Saysomboune|Saysomboun|Xaysomboon","Muong","District"
20941,123,"LAO","Laos",17,"Xékong",132,"Dakcheung","","Dack Cheung#Dak Chue","Muong","District"
20942,123,"LAO","Laos",17,"Xékong",133,"Kaleum","","Ka Lerm","Muong","District"
20943,123,"LAO","Laos",17,"Xékong",134,"Lamarm","","La Mam|Laman#La Mum","Muong","District"
20944,123,"LAO","Laos",17,"Xékong",135,"Thateng","","Tha Teng","Muong","District"
20945,123,"LAO","Laos",18,"Xiangkhoang",136,"Kham","","","Muong","District"
20946,123,"LAO","Laos",18,"Xiangkhoang",137,"Khoune","","Khoun","Muong","District"
20947,123,"LAO","Laos",18,"Xiangkhoang",138,"Morkmay","","Mok May|Morkmai#Mook Mai","Muong","District"
20948,123,"LAO","Laos",18,"Xiangkhoang",139,"Nonghed","","Nong Het#Nong Heat","Muong","District"
20949,123,"LAO","Laos",18,"Xiangkhoang",140,"Pek","","Phed","Muong","District"
20950,123,"LAO","Laos",18,"Xiangkhoang",141,"Phaxay","","Pha Xay","Muong","District"
20951,123,"LAO","Laos",18,"Xiangkhoang",142,"Phookood","","Phou Kout#Phou Kod","Muong","District"
