"PID","ID_0","ISO","NAME_0","ID_1","NAME_1","NL_NAME_1","VARNAME_1","TYPE_1","ENGTYPE_1"
1746,123,"LAO","Laos",1,"Attapu","","Attopu|Atpu|Attapeu|Attopeu|Muang Mai","Khoueng","Province"
1747,123,"LAO","Laos",2,"Bokeo","","","Khoueng","Province"
1748,123,"LAO","Laos",3,"Bolikhamxai","","Bolikhamsai|Bolikhamxay|Borikhamzay|Borikane|Borikhan|Borikhane","Khoueng","Province"
1749,123,"LAO","Laos",4,"Champasak","","Bassac|Champassack|Champassak|Champassac|Khong|Pakse","Khoueng","Province"
1750,123,"LAO","Laos",5,"Houaphan","","Hua Phan|Huaphanh|Sam Neua|Xam Nua","Khoueng","Province"
1751,123,"LAO","Laos",6,"Khammouan","","Khammouane|Khammuan","Khoueng","Province"
1752,123,"LAO","Laos",7,"Louang Namtha","","Haut-Mekong|Luangnamtha|Muong Luang Namtha|Namtha|Hiuakhong|Houa Kh","Khoueng","Province"
1753,123,"LAO","Laos",8,"Louangphrabang","","Loang Prabang|Louangphabang|Louang Prabang|Luang Phabang|Luangphrabang|Luang Prabang","Khoueng","Province"
1754,123,"LAO","Laos",9,"Oudômxai","","Oudomsai|Oudomsay|Oudomxay|UdomXay","Khoueng","Province"
1755,123,"LAO","Laos",10,"Phôngsali","","Fong Sali|Phongsaly","Khoueng","Province"
1756,123,"LAO","Laos",11,"Saravan","","Salavan|Salavane|Saravane","Khoueng","Province"
1757,123,"LAO","Laos",12,"Savannakhét","","Svannakhet","Khoueng","Province"
1758,123,"LAO","Laos",13,"Vientiane [prefecture]","","Vientiane|Kamphaeng Nakhon Viang Chan","Kampeng Nakhon","Municipality|Prefecture"
1759,123,"LAO","Laos",14,"Vientiane","","Viangchan","Khoueng","Province"
1760,123,"LAO","Laos",15,"Xaignabouri","","Sayabouri|Sayaboury|Xaignabouli|Xayabouri|Xayabury","Khoueng","Province"
1761,123,"LAO","Laos",16,"Xaisômboun","","Saysomboune,|Xaysomboun","Khetphiset","Special Region|Zone"
1762,123,"LAO","Laos",17,"Xékong","","Sekong","Khoueng","Province"
1763,123,"LAO","Laos",18,"Xiangkhoang","","Xiang Khouang|Xieng Khouang|Xiengkhuang|Xieng Khwang","Khoueng","Province"
