"PID","ID_0","ISO","NAME_0","ID_1","NAME_1","NL_NAME_1","VARNAME_1","TYPE_1","ENGTYPE_1"
1256,85,"GEO","Georgia",1,"Abkhazia","","Sokhumi","Avtonomiuri Respublika","Autonomous Republic"
1257,85,"GEO","Georgia",2,"Ajaria","","Batumi","Avtonomiuri Respublika","Autonomous Republic"
1258,85,"GEO","Georgia",3,"Guria","","Ozurgeti","Region","Region"
1259,85,"GEO","Georgia",4,"Imereti","","Kutaisi","Region","Region"
1260,85,"GEO","Georgia",5,"Kakheti","","Telavi","Region","Region"
1261,85,"GEO","Georgia",6,"Kvemo Kartli","","Rustavi","Region","Region"
1262,85,"GEO","Georgia",7,"Mtskheta-Mtianeti","","Mtskheta","Region","Region"
1263,85,"GEO","Georgia",8,"Racha-Lechkhumi-Kvemo Svaneti","","Ambrolauri","Region","Region"
1264,85,"GEO","Georgia",9,"Samegrelo-Zemo Svaneti","","Zugdidi","Region","Region"
1265,85,"GEO","Georgia",10,"Samtskhe-Javakheti","","Akhaltsikhe","Region","Region"
1266,85,"GEO","Georgia",11,"Shida Kartli","","Gori","Region","Region"
1267,85,"GEO","Georgia",12,"Tbilisi","","","K'alak'i","Independent City"
