"PID","ID_0","ISO","NAME_0","ID_1","NAME_1","ID_2","NAME_2","NL_NAME_2","VARNAME_2","TYPE_2","ENGTYPE_2"
15745,85,"GEO","Georgia",1,"Abkhazia",1,"Gagra","","","Raioni","District"
15746,85,"GEO","Georgia",1,"Abkhazia",2,"Gali","","","Raioni","District"
15747,85,"GEO","Georgia",1,"Abkhazia",3,"Gudauta","","","Raioni","District"
15748,85,"GEO","Georgia",1,"Abkhazia",4,"Gulripshi","","","Raioni","District"
15749,85,"GEO","Georgia",1,"Abkhazia",5,"Ochamchire","","","Raioni","District"
15750,85,"GEO","Georgia",1,"Abkhazia",6,"Sokhumi","","Sukhumi","K'alak'i","City"
15751,85,"GEO","Georgia",2,"Ajaria",7,"Batumi","","","K'alak'i","City"
15752,85,"GEO","Georgia",2,"Ajaria",8,"Keda","","","Raioni","District"
15753,85,"GEO","Georgia",2,"Ajaria",9,"Khulo","","","Raioni","District"
15754,85,"GEO","Georgia",2,"Ajaria",10,"Kobuleti","","","Raioni","District"
15755,85,"GEO","Georgia",2,"Ajaria",11,"Shuakhevi","","","Raioni","District"
15756,85,"GEO","Georgia",3,"Guria",12,"Chokhatauri","","","Raioni","District"
15757,85,"GEO","Georgia",3,"Guria",13,"Lanchkhuti","","","Raioni","District"
15758,85,"GEO","Georgia",3,"Guria",14,"Ozurgeti","","","Raioni","District"
15759,85,"GEO","Georgia",4,"Imereti",15,"Bagdati","","","Raioni","District"
15760,85,"GEO","Georgia",4,"Imereti",16,"Chiatura","","Tchiatura","Raioni","District"
15761,85,"GEO","Georgia",4,"Imereti",17,"Kharagauli","","Xaragauli","Raioni","District"
15762,85,"GEO","Georgia",4,"Imereti",18,"Khoni","<U+10EE><U+10DD><U+10DC><U+10D8>","Xoni","Raioni","District"
15763,85,"GEO","Georgia",4,"Imereti",19,"Kutaisi","","","K'alak'i","City"
15764,85,"GEO","Georgia",4,"Imereti",20,"Sachkhere","","","Raioni","District"
15765,85,"GEO","Georgia",4,"Imereti",21,"Samtredia","","","Raioni","District"
15766,85,"GEO","Georgia",4,"Imereti",22,"Terjola","","","Raioni","District"
15767,85,"GEO","Georgia",4,"Imereti",23,"Tkibuli","","","Raioni","District"
15768,85,"GEO","Georgia",4,"Imereti",24,"Tskaltubo","","","Raioni","District"
15769,85,"GEO","Georgia",4,"Imereti",25,"Vani","","","Raioni","District"
15770,85,"GEO","Georgia",4,"Imereti",26,"Zestaponi","","","Raioni","District"
15771,85,"GEO","Georgia",5,"Kakheti",27,"Akhmeta","","","Raioni","District"
15772,85,"GEO","Georgia",5,"Kakheti",28,"Dedoplis Tskaro","","","Raioni","District"
15773,85,"GEO","Georgia",5,"Kakheti",29,"Gurjaani","","","Raioni","District"
15774,85,"GEO","Georgia",5,"Kakheti",30,"Kvareli","","","Raioni","District"
15775,85,"GEO","Georgia",5,"Kakheti",31,"Lagodekhi","","","Raioni","District"
15776,85,"GEO","Georgia",5,"Kakheti",32,"Sagarejo","","","Raioni","District"
15777,85,"GEO","Georgia",5,"Kakheti",33,"Signagi","","","Raioni","District"
15778,85,"GEO","Georgia",5,"Kakheti",34,"Telavi","","","Raioni","District"
15779,85,"GEO","Georgia",6,"Kvemo Kartli",35,"Bolnisi","","","Raioni","District"
15780,85,"GEO","Georgia",6,"Kvemo Kartli",36,"Dmanisi","","","Raioni","District"
15781,85,"GEO","Georgia",6,"Kvemo Kartli",37,"Gardabani","","","Raioni","District"
15782,85,"GEO","Georgia",6,"Kvemo Kartli",38,"Marneuli","","","Raioni","District"
15783,85,"GEO","Georgia",6,"Kvemo Kartli",39,"Tetri Tskaro","","","Raioni","District"
15784,85,"GEO","Georgia",6,"Kvemo Kartli",40,"Tsalka","","","Raioni","District"
15785,85,"GEO","Georgia",7,"Mtskheta-Mtianeti",41,"Akhalgori","","","Raioni","District"
15786,85,"GEO","Georgia",7,"Mtskheta-Mtianeti",42,"Dusheti","","","Raioni","District"
15787,85,"GEO","Georgia",7,"Mtskheta-Mtianeti",43,"Kazbegi","","","Raioni","District"
15788,85,"GEO","Georgia",7,"Mtskheta-Mtianeti",44,"Mtskheta","","","Raioni","District"
15789,85,"GEO","Georgia",7,"Mtskheta-Mtianeti",45,"Tianeti","","","Raioni","District"
15790,85,"GEO","Georgia",8,"Racha-Lechkhumi-Kvemo Svaneti",46,"Ambrolauri","","","Raioni","District"
15791,85,"GEO","Georgia",8,"Racha-Lechkhumi-Kvemo Svaneti",47,"Lentekhi","","","Raioni","District"
15792,85,"GEO","Georgia",8,"Racha-Lechkhumi-Kvemo Svaneti",48,"Oni","","","Raioni","District"
15793,85,"GEO","Georgia",8,"Racha-Lechkhumi-Kvemo Svaneti",49,"Tsageri","","","Raioni","District"
15794,85,"GEO","Georgia",9,"Samegrelo-Zemo Svaneti",50,"Abasha","","","Raioni","District"
15795,85,"GEO","Georgia",9,"Samegrelo-Zemo Svaneti",51,"Chkhorotsku","","","Raioni","District"
15796,85,"GEO","Georgia",9,"Samegrelo-Zemo Svaneti",52,"Khobi","","","Raioni","District"
15797,85,"GEO","Georgia",9,"Samegrelo-Zemo Svaneti",53,"Martvili","","","Raioni","District"
15798,85,"GEO","Georgia",9,"Samegrelo-Zemo Svaneti",54,"Mestia","","","Raioni","District"
15799,85,"GEO","Georgia",9,"Samegrelo-Zemo Svaneti",55,"Senaki","","","Raioni","District"
15800,85,"GEO","Georgia",9,"Samegrelo-Zemo Svaneti",56,"Tsalenjikha","","","Raioni","District"
15801,85,"GEO","Georgia",9,"Samegrelo-Zemo Svaneti",57,"Zugdidi","","","K'alak'i","City"
15802,85,"GEO","Georgia",10,"Samtskhe-Javakheti",58,"Adigeni","","","Raioni","District"
15803,85,"GEO","Georgia",10,"Samtskhe-Javakheti",59,"Akhalkalaki","","","Raioni","District"
15804,85,"GEO","Georgia",10,"Samtskhe-Javakheti",60,"Akhaltsikhe","","","Raioni","District"
15805,85,"GEO","Georgia",10,"Samtskhe-Javakheti",61,"Aspindza","","","Raioni","District"
15806,85,"GEO","Georgia",10,"Samtskhe-Javakheti",62,"Borjomi","","","Raioni","District"
15807,85,"GEO","Georgia",10,"Samtskhe-Javakheti",63,"Ninotsminda","","","Raioni","District"
15808,85,"GEO","Georgia",11,"Shida Kartli",64,"Gori","","","Raioni","District"
15809,85,"GEO","Georgia",11,"Shida Kartli",65,"Java","","","Raioni","District"
15810,85,"GEO","Georgia",11,"Shida Kartli",66,"Kareli","","","Raioni","District"
15811,85,"GEO","Georgia",11,"Shida Kartli",67,"Kaspi","","","Raioni","District"
15812,85,"GEO","Georgia",11,"Shida Kartli",68,"Khashuri","","","Raioni","District"
15813,85,"GEO","Georgia",12,"Tbilisi",69,"Tbilisi","","","K'alak'i","City"
