"PID","ID_0","ISO","NAME_0","ID_1","NAME_1","NL_NAME_1","VARNAME_1","TYPE_1","ENGTYPE_1"
607,38,"BDI","Burundi",1,"Bubanza","","","Province","Province"
608,38,"BDI","Burundi",2,"Bujumbura Mairie","","","Province","Province"
609,38,"BDI","Burundi",3,"Bujumbura Rural","","Usumbura","Province","Province"
610,38,"BDI","Burundi",4,"Bururi","","","Province","Province"
611,38,"BDI","Burundi",5,"Cankuzo","","","Province","Province"
612,38,"BDI","Burundi",6,"Cibitoke","","","Province","Province"
613,38,"BDI","Burundi",7,"Gitega","","Kitega","Province","Province"
614,38,"BDI","Burundi",8,"Karuzi","","Karusi","Province","Province"
615,38,"BDI","Burundi",9,"Kayanza","","","Province","Province"
616,38,"BDI","Burundi",10,"Kirundo","","","Province","Province"
617,38,"BDI","Burundi",11,"Makamba","","","Province","Province"
618,38,"BDI","Burundi",12,"Muramvya","","Muramviya","Province","Province"
619,38,"BDI","Burundi",13,"Muyinga","","Muhinga","Province","Province"
620,38,"BDI","Burundi",14,"Mwaro","","","Province","Province"
621,38,"BDI","Burundi",15,"Ngozi","","","Province","Province"
622,38,"BDI","Burundi",16,"Rutana","","","Province","Province"
623,38,"BDI","Burundi",17,"Ruyigi","","","Province","Province"
