"PID","ID_0","ISO","NAME_0","ID_1","NAME_1","ID_2","NAME_2","NL_NAME_2","VARNAME_2","TYPE_2","ENGTYPE_2"
10611,38,"BDI","Burundi",7,"Gitega",61,"Mutaho","","","Commune","Commune"
10612,38,"BDI","Burundi",7,"Gitega",62,"Nyanrusange","","","Commune","Commune"
10613,38,"BDI","Burundi",7,"Gitega",63,"Ryansoro","","","Commune","Commune"
10614,38,"BDI","Burundi",8,"Karuzi",64,"Bugenyuzi","","","Commune","Commune"
10615,38,"BDI","Burundi",8,"Karuzi",65,"Buhiga","","","Commune","Commune"
10616,38,"BDI","Burundi",8,"Karuzi",66,"Gihogazi","","","Commune","Commune"
10617,38,"BDI","Burundi",8,"Karuzi",67,"Gitaramuka","","","Commune","Commune"
10618,38,"BDI","Burundi",8,"Karuzi",68,"Mutumba","","","Commune","Commune"
10619,38,"BDI","Burundi",8,"Karuzi",69,"Nyabikere","","","Commune","Commune"
10620,38,"BDI","Burundi",8,"Karuzi",70,"Shombo","","","Commune","Commune"
10621,38,"BDI","Burundi",9,"Kayanza",71,"Butaganzwa1","","","Commune","Commune"
10622,38,"BDI","Burundi",9,"Kayanza",72,"Gahombo","","","Commune","Commune"
10623,38,"BDI","Burundi",9,"Kayanza",73,"Gatara","","","Commune","Commune"
10624,38,"BDI","Burundi",9,"Kayanza",74,"Kabarore","","","Commune","Commune"
10625,38,"BDI","Burundi",9,"Kayanza",75,"Kayanza","","","Commune","Commune"
10626,38,"BDI","Burundi",9,"Kayanza",76,"Matongo","","","Commune","Commune"
10627,38,"BDI","Burundi",9,"Kayanza",77,"Muhanga","","","Commune","Commune"
10628,38,"BDI","Burundi",9,"Kayanza",78,"Muruta","","","Commune","Commune"
10629,38,"BDI","Burundi",9,"Kayanza",79,"Rango","","","Commune","Commune"
10630,38,"BDI","Burundi",10,"Kirundo",80,"Bugabira","","","Commune","Commune"
10631,38,"BDI","Burundi",10,"Kirundo",81,"Busoni","","","Commune","Commune"
10632,38,"BDI","Burundi",10,"Kirundo",82,"Bwambarangwe","","","Commune","Commune"
10633,38,"BDI","Burundi",10,"Kirundo",83,"Gitobe","","","Commune","Commune"
10634,38,"BDI","Burundi",10,"Kirundo",84,"Kirundo","","","Commune","Commune"
10635,38,"BDI","Burundi",10,"Kirundo",85,"Ntega","","","Commune","Commune"
10636,38,"BDI","Burundi",10,"Kirundo",86,"Vumbi","","Vumbi-Bukuba","Commune","Commune"
10637,38,"BDI","Burundi",11,"Makamba",87,"Kayogoro","","","Commune","Commune"
10995,38,"BDI","Burundi",1,"Bubanza",1,"Bubanza","","","Commune","Commune"
10996,38,"BDI","Burundi",1,"Bubanza",2,"Gihanga","","","Commune","Commune"
10997,38,"BDI","Burundi",1,"Bubanza",3,"Mpanda","","","Commune","Commune"
10998,38,"BDI","Burundi",1,"Bubanza",4,"Musigati","","","Commune","Commune"
10999,38,"BDI","Burundi",1,"Bubanza",5,"Rugazi","","","Commune","Commune"
11000,38,"BDI","Burundi",2,"Bujumbura Mairie",6,"Buterere","","","Commune","Commune"
11001,38,"BDI","Burundi",2,"Bujumbura Mairie",7,"Buyenze","","","Commune","Commune"
11002,38,"BDI","Burundi",2,"Bujumbura Mairie",8,"Bwiza","","","Commune","Commune"
11003,38,"BDI","Burundi",2,"Bujumbura Mairie",9,"Cibitoke","","","Commune","Commune"
11004,38,"BDI","Burundi",2,"Bujumbura Mairie",10,"Gihosha","","","Commune","Commune"
11005,38,"BDI","Burundi",2,"Bujumbura Mairie",11,"Kamenge","","","Commune","Commune"
11006,38,"BDI","Burundi",2,"Bujumbura Mairie",12,"Kanyosha2","","","Commune","Commune"
11007,38,"BDI","Burundi",2,"Bujumbura Mairie",13,"Kinama","","","Commune","Commune"
11008,38,"BDI","Burundi",2,"Bujumbura Mairie",14,"Kinindo","","","Commune","Commune"
11009,38,"BDI","Burundi",2,"Bujumbura Mairie",15,"Lake Tanganyika","","","Water body","Water body"
11010,38,"BDI","Burundi",2,"Bujumbura Mairie",16,"Musaga","","","Commune","Commune"
11011,38,"BDI","Burundi",2,"Bujumbura Mairie",17,"Ngagara","","","Commune","Commune"
11012,38,"BDI","Burundi",2,"Bujumbura Mairie",18,"Nyakabiga","","","Commune","Commune"
11013,38,"BDI","Burundi",2,"Bujumbura Mairie",19,"Roherero","","","Commune","Commune"
11014,38,"BDI","Burundi",3,"Bujumbura Rural",20,"Bugarama","","","Commune","Commune"
11015,38,"BDI","Burundi",3,"Bujumbura Rural",21,"Isale","","Isale-Mugaruro","Commune","Commune"
11016,38,"BDI","Burundi",3,"Bujumbura Rural",22,"Kabezi","","","Commune","Commune"
11017,38,"BDI","Burundi",3,"Bujumbura Rural",23,"Kanyosha1","","","Commune","Commune"
11018,38,"BDI","Burundi",3,"Bujumbura Rural",24,"Lake Tanganyika","","","Water body","Water body"
11019,38,"BDI","Burundi",3,"Bujumbura Rural",25,"Mubimbi","","","Commune","Commune"
11020,38,"BDI","Burundi",3,"Bujumbura Rural",26,"Mugongomanga","","","Commune","Commune"
11021,38,"BDI","Burundi",3,"Bujumbura Rural",27,"Muhuta","","","Commune","Commune"
11022,38,"BDI","Burundi",3,"Bujumbura Rural",28,"Mukike","","Bugarama","Commune","Commune"
11023,38,"BDI","Burundi",3,"Bujumbura Rural",29,"Mutambu","","","Commune","Commune"
11024,38,"BDI","Burundi",3,"Bujumbura Rural",30,"Mutimbuzi","","","Commune","Commune"
11025,38,"BDI","Burundi",3,"Bujumbura Rural",31,"Nyabiraba","","","Commune","Commune"
11026,38,"BDI","Burundi",4,"Bururi",32,"Burambi","","","Commune","Commune"
11027,38,"BDI","Burundi",4,"Bururi",33,"Bururi","","","Commune","Commune"
11028,38,"BDI","Burundi",4,"Bururi",34,"Buyengero","","","Commune","Commune"
11029,38,"BDI","Burundi",4,"Bururi",35,"Lake Tanganyika","","","Water body","Water body"
11030,38,"BDI","Burundi",4,"Bururi",36,"Matana","","","Commune","Commune"
11031,38,"BDI","Burundi",4,"Bururi",37,"Mugamba","","","Commune","Commune"
11032,38,"BDI","Burundi",4,"Bururi",38,"Rumonge","","","Commune","Commune"
11033,38,"BDI","Burundi",4,"Bururi",39,"Rutovu","","","Commune","Commune"
11034,38,"BDI","Burundi",4,"Bururi",40,"Songa","","","Commune","Commune"
11035,38,"BDI","Burundi",4,"Bururi",41,"Vyanda","","","Commune","Commune"
11036,38,"BDI","Burundi",5,"Cankuzo",42,"Cankuzo","","","Commune","Commune"
11037,38,"BDI","Burundi",5,"Cankuzo",43,"Cendajuru","","","Commune","Commune"
11038,38,"BDI","Burundi",5,"Cankuzo",44,"Gisagara","","","Commune","Commune"
11039,38,"BDI","Burundi",5,"Cankuzo",45,"Kigamba","","","Commune","Commune"
11040,38,"BDI","Burundi",5,"Cankuzo",46,"Mishiha","","Mushiha","Commune","Commune"
11041,38,"BDI","Burundi",6,"Cibitoke",47,"Buganda","","","Commune","Commune"
11042,38,"BDI","Burundi",6,"Cibitoke",48,"Bukinanyana","","Bukinanvana","Commune","Commune"
11043,38,"BDI","Burundi",6,"Cibitoke",49,"Mabayi","","Mabay","Commune","Commune"
11044,38,"BDI","Burundi",6,"Cibitoke",50,"Mugina","","","Commune","Commune"
11045,38,"BDI","Burundi",6,"Cibitoke",51,"Murwi","","","Commune","Commune"
11046,38,"BDI","Burundi",6,"Cibitoke",52,"Rugombo","","","Commune","Commune"
11047,38,"BDI","Burundi",7,"Gitega",53,"Bugendana","","","Commune","Commune"
11048,38,"BDI","Burundi",7,"Gitega",54,"Bukirasazi","","","Commune","Commune"
11049,38,"BDI","Burundi",7,"Gitega",55,"Buraza","","","Commune","Commune"
11050,38,"BDI","Burundi",7,"Gitega",56,"Giheta","","","Commune","Commune"
11051,38,"BDI","Burundi",7,"Gitega",57,"Gishubi","","","Commune","Commune"
11052,38,"BDI","Burundi",7,"Gitega",58,"Gitega","","","Commune","Commune"
11053,38,"BDI","Burundi",7,"Gitega",59,"Itaba","","","Commune","Commune"
11054,38,"BDI","Burundi",7,"Gitega",60,"Makebuko","","","Commune","Commune"
11055,38,"BDI","Burundi",11,"Makamba",88,"Kibago","","","Commune","Commune"
11056,38,"BDI","Burundi",11,"Makamba",89,"Lake Tanganyika","","","Water body","Water body"
11057,38,"BDI","Burundi",11,"Makamba",90,"Mabanda","","","Commune","Commune"
11058,38,"BDI","Burundi",11,"Makamba",91,"Makamba","","","Commune","Commune"
11059,38,"BDI","Burundi",11,"Makamba",92,"Nyanza-Lac","","Nyanza Lac","Commune","Commune"
11060,38,"BDI","Burundi",11,"Makamba",93,"Vugizo","","","Commune","Commune"
11061,38,"BDI","Burundi",12,"Muramvya",94,"Bukeye","","","Commune","Commune"
11062,38,"BDI","Burundi",12,"Muramvya",95,"Kiganda","","","Commune","Commune"
11063,38,"BDI","Burundi",12,"Muramvya",96,"Mbuye","","","Commune","Commune"
11064,38,"BDI","Burundi",12,"Muramvya",97,"Muramvya","","Muramviya","Commune","Commune"
11065,38,"BDI","Burundi",12,"Muramvya",98,"Rutegama","","","Commune","Commune"
11066,38,"BDI","Burundi",13,"Muyinga",99,"Buhinyuza","","Buhinvuza","Commune","Commune"
11067,38,"BDI","Burundi",13,"Muyinga",100,"Butihinda","","","Commune","Commune"
11068,38,"BDI","Burundi",13,"Muyinga",101,"Gashoho","","","Commune","Commune"
11069,38,"BDI","Burundi",13,"Muyinga",102,"Gasorwe","","","Commune","Commune"
11070,38,"BDI","Burundi",13,"Muyinga",103,"Giteranyi","","","Commune","Commune"
11071,38,"BDI","Burundi",13,"Muyinga",104,"Muyinga","","","Commune","Commune"
11072,38,"BDI","Burundi",13,"Muyinga",105,"Mwakiro","","","Commune","Commune"
11073,38,"BDI","Burundi",14,"Mwaro",106,"Bisoro","","","Commune","Commune"
11074,38,"BDI","Burundi",14,"Mwaro",107,"Gisozi","","","Commune","Commune"
11075,38,"BDI","Burundi",14,"Mwaro",108,"Kayokwe","","","Commune","Commune"
11076,38,"BDI","Burundi",14,"Mwaro",109,"Ndava","","","Commune","Commune"
11077,38,"BDI","Burundi",14,"Mwaro",110,"Nyabihanga","","","Commune","Commune"
11078,38,"BDI","Burundi",14,"Mwaro",111,"Rusaka","","","Commune","Commune"
11079,38,"BDI","Burundi",15,"Ngozi",112,"Busiga","","","Commune","Commune"
11080,38,"BDI","Burundi",15,"Ngozi",113,"Gashikanwa","","","Commune","Commune"
11081,38,"BDI","Burundi",15,"Ngozi",114,"Kiremba","","","Commune","Commune"
11082,38,"BDI","Burundi",15,"Ngozi",115,"Marangara","","","Commune","Commune"
11083,38,"BDI","Burundi",15,"Ngozi",116,"Mwumba","","","Commune","Commune"
11084,38,"BDI","Burundi",15,"Ngozi",117,"Ngozi","","","Commune","Commune"
11085,38,"BDI","Burundi",15,"Ngozi",118,"Nyamurenza","","","Commune","Commune"
11086,38,"BDI","Burundi",15,"Ngozi",119,"Ruhororo","","","Commune","Commune"
11087,38,"BDI","Burundi",15,"Ngozi",120,"Tangara","","","Commune","Commune"
11088,38,"BDI","Burundi",16,"Rutana",121,"Bukemba","","","Commune","Commune"
11089,38,"BDI","Burundi",16,"Rutana",122,"Giharo","","","Commune","Commune"
11090,38,"BDI","Burundi",16,"Rutana",123,"Gitanga","","","Commune","Commune"
11091,38,"BDI","Burundi",16,"Rutana",124,"Mpinga-Kayove","","","Commune","Commune"
11092,38,"BDI","Burundi",16,"Rutana",125,"Musongati","","","Commune","Commune"
11093,38,"BDI","Burundi",16,"Rutana",126,"Rutana","","","Commune","Commune"
11094,38,"BDI","Burundi",17,"Ruyigi",127,"Butaganzwa2","","","Commune","Commune"
11095,38,"BDI","Burundi",17,"Ruyigi",128,"Butezi","","","Commune","Commune"
11096,38,"BDI","Burundi",17,"Ruyigi",129,"Bweru","","","Commune","Commune"
11097,38,"BDI","Burundi",17,"Ruyigi",130,"Gisuru","","","Commune","Commune"
11098,38,"BDI","Burundi",17,"Ruyigi",131,"Kinyinya","","","Commune","Commune"
11099,38,"BDI","Burundi",17,"Ruyigi",132,"Nyabitsinda","","","Commune","Commune"
11100,38,"BDI","Burundi",17,"Ruyigi",133,"Ruyigi","","","Commune","Commune"
