"PID","ID_0","ISO","NAME_0","ID_1","NAME_1","NL_NAME_1","VARNAME_1","TYPE_1","ENGTYPE_1"
835,182,"QAT","Qatar",5,"Al Wakrah","","","Baladiyah","Municipality"
836,182,"QAT","Qatar",6,"Ar Rayyan","","Al Rayyan","Baladiyah","Municipality"
837,182,"QAT","Qatar",7,"Jariyan al Batnah","","Jarayan al Batnah|Jarayan al Batnah|Jerian al","Baladiyah","Municipality"
838,182,"QAT","Qatar",8,"Madinat ach Shamal","","Al Shamal|Ash Shamal","Baladiyah","Municipality"
839,182,"QAT","Qatar",9,"Umm Salal","","Um Salal|Umm <U+1E62>alal","Baladiyah","Municipality"
2446,182,"QAT","Qatar",1,"Ad Dawhah","","Doha","Baladiyah","Municipality"
2447,182,"QAT","Qatar",2,"Al Ghuwayriyah","","","Baladiyah","Municipality"
2448,182,"QAT","Qatar",3,"Al Jumayliyah","","Al Gummayalah|Al Gummaylah","Baladiyah","Municipality"
2449,182,"QAT","Qatar",4,"Al Khawr","","Al Khor","Baladiyah","Municipality"
