"PID","ID_0","ISO","NAME_0","ID_1","NAME_1","NL_NAME_1","VARNAME_1","TYPE_1","ENGTYPE_1"
1311,91,"GRD","Grenada",1,"Carriacou","","","Dependency","Dependency"
1312,91,"GRD","Grenada",2,"Saint Andrew","","","Parish","Parish"
1313,91,"GRD","Grenada",3,"Saint David","","","Parish","Parish"
1314,91,"GRD","Grenada",4,"Saint George","","Saint George's","Parish","Parish"
1315,91,"GRD","Grenada",5,"Saint John","","","Parish","Parish"
1316,91,"GRD","Grenada",6,"Saint Mark","","","Parish","Parish"
1317,91,"GRD","Grenada",7,"Saint Patrick","","","Parish","Parish"
