"PID","ID_0","ISO","NAME_0","ID_1","NAME_1","NL_NAME_1","VARNAME_1","TYPE_1","ENGTYPE_1"
61,4,"DZA","Algeria",1,"Adrar","<U+0648><U+0644><U+0627><U+064A><U+0629> <U+0623><U+062F><U+0631><U+0627>","Duperré","Wilaya","Province"
62,4,"DZA","Algeria",2,"Aïn Defla","<U+0648><U+0644><U+0627><U+064A><U+0629> <U+0639><U+064A><U+0646> <U+0627><U+0644><U+062F><U+0641><U+0644><U+0649>","Ain Dafla","Wilaya","Province"
63,4,"DZA","Algeria",3,"Aïn Témouchent","<U+0648><U+0644><U+0627><U+064A><U+0629> <U+0639><U+064A><U+0646> <U+062A><U+0645><U+0648><U+0634><U+0646><U+062A>","Ain Tamouchent","Wilaya","Province"
64,4,"DZA","Algeria",4,"Alger","<U+0648><U+0644><U+0627><U+064A><U+0629> <U+0627><U+0644><U+062C><U+0632><U+0627><U+0626><U+0631>","Algeri|Algiers|Algier|al-Jazair|al-Djazair|El Djazaïr|Argel|Dzayer|Djezaïr","Wilaya","Province"
65,4,"DZA","Algeria",5,"Annaba","<U+0648><U+0644><U+0627><U+064A><U+0629> <U+0639><U+0646><U+0627><U+0628><U+0629>","Anaba|Bona|Bône","Wilaya","Province"
66,4,"DZA","Algeria",6,"Batna","<U+0648><U+0644><U+0627><U+064A><U+0629> <U+0628><U+0627><U+062A><U+0646><U+0629>","","Wilaya","Province"
67,4,"DZA","Algeria",7,"Béchar","<U+0648><U+0644><U+0627><U+064A><U+0629> <U+0628><U+0634><U+0627><U+0631>","Colomb-Béchar|Bechar","Wilaya","Province"
68,4,"DZA","Algeria",8,"Béjaïa","<U+0628><U+062C><U+0627><U+064A><U+0629>","Bougie|Bedjaya|Bidjaia|Bugia|Bujia","Wilaya","Province"
69,4,"DZA","Algeria",9,"Biskra","<U+0648><U+0644><U+0627><U+064A><U+0629> <U+0628><U+0633><U+0643><U+0631><U+0629>","Beskra","Wilaya","Province"
70,4,"DZA","Algeria",10,"Blida","<U+0627><U+0644><U+0628><U+0644><U+064A><U+062F><U+0629>","El Boulaïda|Al-Boulaida","Wilaya","Province"
71,4,"DZA","Algeria",11,"Bordj Bou Arréridj","<U+0648><U+0644><U+0627><U+064A><U+0629> <U+0628><U+0631><U+062C> <U+0628><U+0648><U+0639><U+0631><U+064A><U+0631><U+064A><U+062C>","Borjbouarirej|Bordi Bou Arreridj","Wilaya","Province"
72,4,"DZA","Algeria",12,"Bouira","<U+0648><U+0644><U+0627><U+064A><U+0629> <U+0627><U+0644><U+0628><U+0648><U+064A><U+0631><U+0629>","","Wilaya","Province"
73,4,"DZA","Algeria",13,"Boumerdès","<U+0648><U+0644><U+0627><U+064A><U+0629> <U+0628><U+0648><U+0645><U+0631><U+062F><U+0627><U+0633>","Boumerdas","Wilaya","Province"
74,4,"DZA","Algeria",14,"Chlef","<U+0648><U+0644><U+0627><U+064A><U+0629> <U+0627><U+0644><U+0634><U+0644><U+0641>","El Asnam|Orléansville|Ech Cheliff","Wilaya","Province"
75,4,"DZA","Algeria",15,"Constantine","<U+0642><U+0633><U+0646><U+0637><U+064A><U+0646><U+0629>","Constantina|Costatina|Qoussantina|Qacentina","Wilaya","Province"
76,4,"DZA","Algeria",16,"Djelfa","<U+0648><U+0644><U+0627><U+064A><U+0629> <U+0627><U+0644><U+062C><U+0644><U+0641><U+0629>","El Djelfa","Wilaya","Province"
77,4,"DZA","Algeria",17,"El Bayadh","<U+0648><U+0644><U+0627><U+064A><U+0629> <U+0627><U+0644><U+0628><U+064A><U+0636>","El Bayad|El Beyyadh|Géryville","Wilaya","Province"
78,4,"DZA","Algeria",18,"El Oued","<U+0648><U+0644><U+0627><U+064A><U+0629> <U+0627><U+0644><U+0648><U+0627><U+062F><U+064A>","El Ouadi|El Wad","Wilaya","Province"
79,4,"DZA","Algeria",19,"El Tarf","<U+0648><U+0644><U+0627><U+064A><U+0629> <U+0627><U+0644><U+0637><U+0627><U+0631><U+0641>","Et Tarf|El Taref","Wilaya","Province"
80,4,"DZA","Algeria",20,"Ghardaïa","<U+0648><U+0644><U+0627><U+064A><U+0629> <U+063A><U+0631><U+062F><U+0627><U+064A><U+0629>","GhardaSa|Gharday","Wilaya","Province"
81,4,"DZA","Algeria",21,"Guelma","<U+0648><U+0644><U+0627><U+064A><U+0629> <U+0642><U+0627><U+0644><U+0645><U+0629>","","Wilaya","Province"
82,4,"DZA","Algeria",22,"Illizi","<U+0648><U+0644><U+0627><U+064A><U+0629> <U+0627><U+0644><U+064A><U+0632><U+064A>","Polignac|Fort Polignac|Ilizi","Wilaya","Province"
83,4,"DZA","Algeria",23,"Jijel","<U+0648><U+0644><U+0627><U+064A><U+0629> <U+062C><U+064A><U+062C><U+0644>","Djidjel| Djidjelli","Wilaya","Province"
84,4,"DZA","Algeria",24,"Khenchela","<U+0648><U+0644><U+0627><U+064A><U+0629> <U+062E><U+0646><U+0634><U+0644><U+0629>","Khenchela","Wilaya","Province"
85,4,"DZA","Algeria",25,"Laghouat","<U+0648><U+0644><U+0627><U+064A><U+0629> <U+0627><U+0644><U+0623><U+063A><U+0648><U+0627><U+0637>","","Wilaya","Province"
86,4,"DZA","Algeria",26,"M'Sila","<U+0648><U+0644><U+0627><U+064A><U+0629> <U+0627><U+0644><U+0645><U+0633><U+064A><U+0644><U+0629>","Msila","Wilaya","Province"
87,4,"DZA","Algeria",27,"Mascara","<U+0648><U+0644><U+0627><U+064A><U+0629> <U+0645><U+0639><U+0633><U+0643><U+0631>","Mouaskar","Wilaya","Province"
88,4,"DZA","Algeria",28,"Médéa","<U+0648><U+0644><U+0627><U+064A><U+0629> <U+0627><U+0644><U+0645><U+062F><U+064A><U+0629>","El Mediyya|Lemdiyya","Wilaya","Province"
89,4,"DZA","Algeria",29,"Mila","<U+0648><U+0644><U+0627><U+064A><U+0629> <U+0645><U+064A><U+0644><U+0629>","","Wilaya","Province"
90,4,"DZA","Algeria",30,"Mostaganem","<U+0648><U+0644><U+0627><U+064A><U+0629> <U+0645><U+0633><U+062A><U+063A><U+0627><U+0646><U+0645>","Mostaghanem|Mestghanem","Wilaya","Province"
91,4,"DZA","Algeria",31,"Naâma","<U+0648><U+0644><U+0627><U+064A><U+0629> <U+0627><U+0644><U+0646><U+0639><U+0627><U+0645><U+0629>","Naama","Wilaya","Province"
92,4,"DZA","Algeria",32,"Oran","<U+0648><U+0644><U+0627><U+064A><U+0629> <U+0648><U+0647><U+0631><U+0627><U+0646>","Orán|Orano|Orão|Ouahran|Ouahrane|Wahran","Wilaya","Province"
93,4,"DZA","Algeria",33,"Ouargla","<U+0648><U+0631><U+0642><U+0644><U+0629>","Wargla","Wilaya","Province"
94,4,"DZA","Algeria",34,"Oum el Bouaghi","<U+0648><U+0644><U+0627><U+064A><U+0629> <U+0623><U+0645> <U+0627><U+0644><U+0628><U+0648><U+0627><U+0642><U+064A>","Oum el Bouagui|Canrobert","Wilaya","Province"
95,4,"DZA","Algeria",35,"Relizane","<U+0648><U+0644><U+0627><U+064A><U+0629> <U+063A><U+0644><U+064A><U+0632><U+0627><U+0646>","Ghelizane|Ghilizane","Wilaya","Province"
96,4,"DZA","Algeria",36,"Saïda","<U+0648><U+0644><U+0627><U+064A><U+0629> <U+0633><U+0639><U+064A><U+062F><U+0629>","","Wilaya","Province"
97,4,"DZA","Algeria",37,"Sétif","<U+0648><U+0644><U+0627><U+064A><U+0629> <U+0633><U+0637><U+064A><U+0641>","Stif","Wilaya","Province"
98,4,"DZA","Algeria",38,"Sidi Bel Abbès","<U+0648><U+0644><U+0627><U+064A><U+0629> <U+0633><U+064A><U+062F><U+064A> <U+0628><U+0644><U+0639><U+0628><U+0627><U+0633>","Sidi-Bel-Abbes","Wilaya","Province"
99,4,"DZA","Algeria",39,"Skikda","<U+0633><U+0643><U+064A><U+0643><U+062F><U+0629>","Philippeville|Skidda","Wilaya","Province"
100,4,"DZA","Algeria",40,"Souk Ahras","<U+0648><U+0644><U+0627><U+064A><U+0629> <U+0633><U+0648><U+0642> <U+0623><U+0647><U+0631><U+0627><U+0633>","Souk-Ahras|Souq Ahras","Wilaya","Province"
101,4,"DZA","Algeria",41,"Tamanghasset","<U+0648><U+0644><U+0627><U+064A><U+0629> <U+062A><U+0645><U+0646><U+0631><U+0627><U+0633><U+062A>","Tamanrasset|Tamenghasset|Tamenghest|Fort Laperrine","Wilaya","Province"
102,4,"DZA","Algeria",42,"Tébessa","<U+0648><U+0644><U+0627><U+064A><U+0629> <U+062A><U+0628><U+0633><U+0629>","Tbessa","Wilaya","Province"
103,4,"DZA","Algeria",43,"Tiaret","<U+0648><U+0644><U+0627><U+064A><U+0629> <U+062A><U+064A><U+0627><U+0631><U+062A>","Tendouf|Tihert","Wilaya","Province"
104,4,"DZA","Algeria",44,"Tindouf","<U+0648><U+0644><U+0627><U+064A><U+0629> <U+062A><U+0646><U+062F><U+0648><U+0641>","Tiaret","Wilaya","Province"
105,4,"DZA","Algeria",45,"Tipaza","<U+0648><U+0644><U+0627><U+064A><U+0629> <U+062A><U+064A><U+0628><U+0627><U+0632><U+0629>","Tibaza| Tefessedt","Wilaya","Province"
106,4,"DZA","Algeria",46,"Tissemsilt","<U+0648><U+0644><U+0627><U+064A><U+0629> <U+062A><U+0633><U+0645><U+0633><U+064A><U+0644><U+062A>","Vialar","Wilaya","Province"
107,4,"DZA","Algeria",47,"Tizi Ouzou","<U+0648><U+0644><U+0627><U+064A><U+0629> <U+063A><U+0644><U+064A><U+0632><U+0627><U+0646>","Tizi-ouzou|Tizi Wezzu","Wilaya","Province"
108,4,"DZA","Algeria",48,"Tlemcen","<U+062A><U+0644><U+0645><U+0633><U+0627><U+0646>","Tilimsene|Tlemsane|Tilimsen|Tremecém","Wilaya","Province"
