"PID","ID_0","ISO","NAME_0","ID_1","NAME_1","ID_2","NAME_2","NL_NAME_2","VARNAME_2","TYPE_2","ENGTYPE_2"
4147,21,"BLR","Belarus",1,"Brest",1,"Baranavichy","","Baranovichi","Raion","District"
4148,21,"BLR","Belarus",1,"Brest",2,"Biaroza","","Bereza","Raion","District"
4149,21,"BLR","Belarus",1,"Brest",3,"Brest","","","Raion","District"
4150,21,"BLR","Belarus",1,"Brest",4,"Drahichyn","","Drogichin","Raion","District"
4151,21,"BLR","Belarus",1,"Brest",5,"Hancavichy","","Gancevichi","Raion","District"
4152,21,"BLR","Belarus",1,"Brest",6,"Ivanaw","","Ivanovo","Raion","District"
4153,21,"BLR","Belarus",1,"Brest",7,"Ivatsevichy","","Ivatsevichi","Raion","District"
4154,21,"BLR","Belarus",1,"Brest",8,"Kamyanyets","","Kamenets","Raion","District"
4155,21,"BLR","Belarus",1,"Brest",9,"Kobryn'","","Kobrin","Raion","District"
4156,21,"BLR","Belarus",1,"Brest",10,"Luninets","","","Raion","District"
4157,21,"BLR","Belarus",1,"Brest",11,"Lyakhavichy","","Lyahovichi","Raion","District"
4158,21,"BLR","Belarus",1,"Brest",12,"Malaryta","","Malorita","Raion","District"
4159,21,"BLR","Belarus",1,"Brest",13,"Pinsk","","","Raion","District"
4160,21,"BLR","Belarus",1,"Brest",14,"Pruzhany","","Pruzhanu","Raion","District"
4161,21,"BLR","Belarus",1,"Brest",15,"Stolin","","","Raion","District"
4162,21,"BLR","Belarus",1,"Brest",16,"Zhabinka","","","Raion","District"
4163,21,"BLR","Belarus",2,"Homyel'",17,"Aktsyabar","","Oktyabrski","Raion","District"
4164,21,"BLR","Belarus",2,"Homyel'",18,"Brahin","","","Raion","District"
4165,21,"BLR","Belarus",2,"Homyel'",19,"Buda-Kashalyowa","","Buda-Koshelevo","Raion","District"
4166,21,"BLR","Belarus",2,"Homyel'",20,"Chachersk","","Chechersk","Raion","District"
4167,21,"BLR","Belarus",2,"Homyel'",21,"Dobrush","","","Raion","District"
4168,21,"BLR","Belarus",2,"Homyel'",22,"Homyel'","","Homyel","Raion","District"
4169,21,"BLR","Belarus",2,"Homyel'",23,"Kalinkavichy","","Kalinkovichi","Raion","District"
4170,21,"BLR","Belarus",2,"Homyel'",24,"Karma","","Korma","Raion","District"
4171,21,"BLR","Belarus",2,"Homyel'",25,"Khoyniki","","Khoiniki","Raion","District"
4172,21,"BLR","Belarus",2,"Homyel'",26,"Loyew","","Loev","Raion","District"
4173,21,"BLR","Belarus",2,"Homyel'",27,"Lyel'chytsy","","Lelchitsu","Raion","District"
4174,21,"BLR","Belarus",2,"Homyel'",28,"Mazyr","","Mozyr","Raion","District"
4175,21,"BLR","Belarus",2,"Homyel'",29,"Narowlya","","Narovlya","Raion","District"
4176,21,"BLR","Belarus",2,"Homyel'",30,"Pyetrykaw","","Petrikov","Raion","District"
4177,21,"BLR","Belarus",2,"Homyel'",31,"Rahachow","","Rogachev","Raion","District"
4178,21,"BLR","Belarus",2,"Homyel'",32,"Rechytsa","","Rechitsa","Raion","District"
4179,21,"BLR","Belarus",2,"Homyel'",33,"S'vyetlahorsk","","Svetlogorsk","Raion","District"
4180,21,"BLR","Belarus",2,"Homyel'",34,"Vyetka","","Vetka","Raion","District"
4181,21,"BLR","Belarus",2,"Homyel'",35,"Yel'sk","","Elsk","Raion","District"
4182,21,"BLR","Belarus",2,"Homyel'",36,"Zhlobin","","","Raion","District"
4183,21,"BLR","Belarus",2,"Homyel'",37,"Zhytkavichy","","Zhitkovichi","Raion","District"
4184,21,"BLR","Belarus",3,"Hrodna",38,"Ashmyany","","Oshmyanu","Raion","District"
4185,21,"BLR","Belarus",3,"Hrodna",39,"Astravyets","","Ostrovets","Raion","District"
4186,21,"BLR","Belarus",3,"Hrodna",40,"Byerastavitsa","","Berestovitsa","Raion","District"
4187,21,"BLR","Belarus",3,"Hrodna",41,"Dzyatlava","","Dyatlovo","Raion","District"
4188,21,"BLR","Belarus",3,"Hrodna",42,"Hrodna","","","Raion","District"
4189,21,"BLR","Belarus",3,"Hrodna",43,"Iwye","","Ivye","Raion","District"
4190,21,"BLR","Belarus",3,"Hrodna",44,"Karelichy","","Korelichi","Raion","District"
4191,21,"BLR","Belarus",3,"Hrodna",45,"Lida","","","Raion","District"
4192,21,"BLR","Belarus",3,"Hrodna",46,"Masty","","Mostu","Raion","District"
4193,21,"BLR","Belarus",3,"Hrodna",47,"Navahradak","","Novogrudok","Raion","District"
4194,21,"BLR","Belarus",3,"Hrodna",48,"S'vislach","","Svisloch","Raion","District"
4195,21,"BLR","Belarus",3,"Hrodna",49,"Shchuchyn","","Shchuchin","Raion","District"
4196,21,"BLR","Belarus",3,"Hrodna",50,"Slonim","","","Raion","District"
4197,21,"BLR","Belarus",3,"Hrodna",51,"Smarhon'","","Smorgon","Raion","District"
4198,21,"BLR","Belarus",3,"Hrodna",52,"Vawkavysk","","Volkovysk","Raion","District"
4199,21,"BLR","Belarus",3,"Hrodna",53,"Voranava","","Voronovo","Raion","District"
4200,21,"BLR","Belarus",3,"Hrodna",54,"Zel'va","","Zelva","Raion","District"
4201,21,"BLR","Belarus",4,"Mahilyow",55,"Asipovichy","","Osipovichi","Raion","District"
4202,21,"BLR","Belarus",4,"Mahilyow",56,"Babruysk","","Bobruysk","Raion","District"
4203,21,"BLR","Belarus",4,"Mahilyow",57,"Bialynichy","","Belynichi","Raion","District"
4204,21,"BLR","Belarus",4,"Mahilyow",58,"Bykhaw","","Byhov","Raion","District"
4205,21,"BLR","Belarus",4,"Mahilyow",59,"Chavusy","","Chausu","Raion","District"
4206,21,"BLR","Belarus",4,"Mahilyow",60,"Cherykaw","","Cherikov","Raion","District"
4207,21,"BLR","Belarus",4,"Mahilyow",61,"Drybin","","Dribin","Raion","District"
4208,21,"BLR","Belarus",4,"Mahilyow",62,"Hlusk","","Glusk","Raion","District"
4209,21,"BLR","Belarus",4,"Mahilyow",63,"Horki","","Gorki","Raion","District"
4210,21,"BLR","Belarus",4,"Mahilyow",64,"Kas'tsyukovichy","","Kostyukovichi","Raion","District"
4211,21,"BLR","Belarus",4,"Mahilyow",65,"Khotsimsk
","","Hotimsk","Raion","District"
4212,21,"BLR","Belarus",4,"Mahilyow",66,"Kirawsk","","Kirovsk","Raion","District"
4213,21,"BLR","Belarus",4,"Mahilyow",67,"Klichaw","","Klichev","Raion","District"
4214,21,"BLR","Belarus",4,"Mahilyow",68,"Klimavichy","","Klimovichi","Raion","District"
4215,21,"BLR","Belarus",4,"Mahilyow",69,"Krasnapolle","","Krasnopolye","Raion","District"
4216,21,"BLR","Belarus",4,"Mahilyow",70,"Kruhlaye","","Krugloye","Raion","District"
4217,21,"BLR","Belarus",4,"Mahilyow",71,"Krychaw","","Krichev","Raion","District"
4218,21,"BLR","Belarus",4,"Mahilyow",72,"Mahilyow","","","Raion","District"
4219,21,"BLR","Belarus",4,"Mahilyow",73,"Ms'tsislaw","","Mstislavl","Raion","District"
4220,21,"BLR","Belarus",4,"Mahilyow",74,"Shklow","","Shklov","Raion","District"
4221,21,"BLR","Belarus",4,"Mahilyow",75,"Slawharad","","Slavgorod","Raion","District"
4222,21,"BLR","Belarus",5,"Minsk",76,"Barysaw","","Borisov","Raion","District"
4223,21,"BLR","Belarus",5,"Minsk",77,"Byarezan'","","Berezino","Raion","District"
4224,21,"BLR","Belarus",5,"Minsk",78,"Chervyen'","","Cherven","Raion","District"
4225,21,"BLR","Belarus",5,"Minsk",79,"Dzyarzhynsk","","Dzerzhinsk","Raion","District"
4226,21,"BLR","Belarus",5,"Minsk",80,"Kapyl'","","Kopyl","Raion","District"
4227,21,"BLR","Belarus",5,"Minsk",81,"Klyetsak","","Kletsk","Raion","District"
4228,21,"BLR","Belarus",5,"Minsk",82,"Krupki","","","Raion","District"
4229,21,"BLR","Belarus",5,"Minsk",83,"Lahoysk","","Logoysk","Raion","District"
4230,21,"BLR","Belarus",5,"Minsk",84,"Lyuban'","","Lyuban","Raion","District"
4231,21,"BLR","Belarus",5,"Minsk",85,"Maladechna","","Molodechno","Raion","District"
4232,21,"BLR","Belarus",5,"Minsk",86,"Minsk","","","Raion","District"
4233,21,"BLR","Belarus",5,"Minsk",87,"Myadzyel","","Myadel","Raion","District"
4234,21,"BLR","Belarus",5,"Minsk",88,"Nyas'vizh","","Nesvizh","Raion","District"
4235,21,"BLR","Belarus",5,"Minsk",89,"Pukhavichy","","Puhovichi","Raion","District"
4236,21,"BLR","Belarus",5,"Minsk",90,"Salihorsk","","Soligorsk","Raion","District"
4237,21,"BLR","Belarus",5,"Minsk",91,"Slutsak","","Slutsk","Raion","District"
4238,21,"BLR","Belarus",5,"Minsk",92,"Smalyavichy","","Smolevichi","Raion","District"
4239,21,"BLR","Belarus",5,"Minsk",93,"Staryya Darohi","","Starye Dorogi","Raion","District"
4240,21,"BLR","Belarus",5,"Minsk",94,"Stowptsy","","Stolbtsu","Raion","District"
4241,21,"BLR","Belarus",5,"Minsk",95,"Uzda","","","Raion","District"
4242,21,"BLR","Belarus",5,"Minsk",96,"Valozhyn","","Volozhin","Raion","District"
4243,21,"BLR","Belarus",5,"Minsk",97,"Vyalyeyka","","Vileyka","Raion","District"
4244,21,"BLR","Belarus",6,"Vitsyebsk",98,"Arsha","","Orsha","Raion","District"
4245,21,"BLR","Belarus",6,"Vitsyebsk",99,"Braslaw","","Braslav","Raion","District"
4246,21,"BLR","Belarus",6,"Vitsyebsk",100,"Byeshankovichy","","Beshenkovichi","Raion","District"
4247,21,"BLR","Belarus",6,"Vitsyebsk",101,"Chashniki","","","Raion","District"
4248,21,"BLR","Belarus",6,"Vitsyebsk",102,"Dokshytsy","","Dokshitsy","Raion","District"
4249,21,"BLR","Belarus",6,"Vitsyebsk",103,"Dubrowna","","Dubrovno","Raion","District"
4250,21,"BLR","Belarus",6,"Vitsyebsk",104,"Haradok","","Gorodok","Raion","District"
4251,21,"BLR","Belarus",6,"Vitsyebsk",105,"Hlybokaye","","Glubokoye","Raion","District"
4252,21,"BLR","Belarus",6,"Vitsyebsk",106,"Lyepyel","","Lepel","Raion","District"
4253,21,"BLR","Belarus",6,"Vitsyebsk",107,"Lyozna","","Liozno","Raion","District"
4254,21,"BLR","Belarus",6,"Vitsyebsk",108,"Myory","","Mioru","Raion","District"
4255,21,"BLR","Belarus",6,"Vitsyebsk",109,"Pastavy","","Postavu","Raion","District"
4256,21,"BLR","Belarus",6,"Vitsyebsk",110,"Polatsak","","Polotsk","Raion","District"
4257,21,"BLR","Belarus",6,"Vitsyebsk",111,"Rasony","","Rossonu","Raion","District"
4258,21,"BLR","Belarus",6,"Vitsyebsk",112,"Sharkawshchyna","","Sharkovshchina","Raion","District"
4259,21,"BLR","Belarus",6,"Vitsyebsk",113,"Shumilina","","Shumilino","Raion","District"
4260,21,"BLR","Belarus",6,"Vitsyebsk",114,"Syanno","","Senno","Raion","District"
4261,21,"BLR","Belarus",6,"Vitsyebsk",115,"Talachyn","","Tolochin","Raion","District"
4262,21,"BLR","Belarus",6,"Vitsyebsk",116,"Ushat","","Ushachi","Raion","District"
4263,21,"BLR","Belarus",6,"Vitsyebsk",117,"Vitsyebsk","","","Raion","District"
4264,21,"BLR","Belarus",6,"Vitsyebsk",118,"Vyerkhnyazdvinsk","","Verhnedvinsk","Raion","District"
