"PID","ID_0","ISO","NAME_0","ID_1","NAME_1","NL_NAME_1","VARNAME_1","TYPE_1","ENGTYPE_1"
326,21,"BLR","Belarus",1,"Brest","","<U+0411><U+0440><U+0435><U+0441><U+0442>|Brestskaya Voblasts'|Brèst","Voblasts'","Region"
327,21,"BLR","Belarus",2,"Homyel'","","<U+0413><U+043E><U+043C><U+0435><U+043B><U+044C>|Gomel|Gomel'|Homyel'skaya Voblasts'|Homje","Voblasts'","Region"
328,21,"BLR","Belarus",3,"Hrodna","","<U+0413><U+0440><U+043E><U+0434><U+043D><U+043E>|Grodno|Hrodzenskaya Voblasts'","Voblasts'","Region"
329,21,"BLR","Belarus",4,"Mahilyow","","<U+041C><U+043E><U+0433><U+0438><U+043B><U+0451><U+0432>|Mahiljow|Mogilev|Mahilyowskaya Voblasts'","Voblasts'","Region"
330,21,"BLR","Belarus",5,"Minsk","","<U+041C><U+0438><U+043D><U+0441><U+043A>|<U+041C><U+0438><U+043D><U+0441><U+043A><U+0430><U+044F> <U+041E><U+0431><U+043B><U+0430><U+0441><U+0442><U+044C>|Minsk Oblast|Minskaya Voblasts'","Voblasts'","Region"
331,21,"BLR","Belarus",6,"Vitsyebsk","","<U+0412><U+0438><U+0442><U+0435><U+0431><U+0441><U+043A>|Vicebsk|Vitebsk|Vitsyebskaya Voblasts'|Witebsk","Voblasts'","Region"
