"PID","ID_0","ISO","NAME_0","ID_1","NAME_1","NL_NAME_1","VARNAME_1","TYPE_1","ENGTYPE_1"
3355,251,"YEM","Yemen",1,"`Adan","<U+0639><U+062F><U+0646>","Aden","Muhafazah","Governorate"
3356,251,"YEM","Yemen",2,"Abyan","<U+0623><U+0628><U+064A><U+0646>","","Muhafazah","Governorate"
3357,251,"YEM","Yemen",3,"Al Bayda'","<U+0627><U+0644><U+0628><U+064A><U+0636><U+0627><U+0621>","Albaidah|Al Baidha|Al-Baydha|Al Beida|Baidaa|Al Bayda","Muhafazah","Governorate"
3358,251,"YEM","Yemen",4,"Al Dali'","<U+0627><U+0644><U+0636><U+0627><U+0644><U+0639>","Al Dhale'e","Muhafazah","Governorate"
3359,251,"YEM","Yemen",5,"Al Hudaydah","<U+0627><U+0644><U+062D><U+062F><U+064A><U+062F><U+0647>","Al Hodeida|Al-Hodeidah|Al Hudaidah|Hodiedah|Hudaidah","Muhafazah","Governorate"
3360,251,"YEM","Yemen",6,"Al Jawf","<U+0627><U+0644><U+062C><U+0648><U+0641>","Al Jouf|Aljowf|Jawf","Muhafazah","Governorate"
3361,251,"YEM","Yemen",7,"Al Mahrah","<U+0627><U+0644><U+0645><U+0647><U+0631><U+0647>","Al Ghaydah|Al-Mahara|Almaharah|al-Mahra|Mahra","Muhafazah","Governorate"
3362,251,"YEM","Yemen",8,"Al Mahwit","<U+0627><U+0644><U+0645><U+062D><U+0648><U+064A><U+062A>","Almahweet|Mahweet","Muhafazah","Governorate"
3363,251,"YEM","Yemen",9,"Amanat Al Asimah","<U+0623><U+0645><U+0627><U+0646><U+0629> <U+0627><U+0644><U+0639><U+0627><U+0635><U+0645><U+0629>","","Muhafazah","Governorate"
3364,251,"YEM","Yemen",10,"Amran","<U+0639><U+0645><U+0631><U+0627><U+0646>","'Amran","Muhafazah","Governorate"
3365,251,"YEM","Yemen",11,"Dhamar","<U+0630><U+0645><U+0627><U+0631>","","Muhafazah","Governorate"
3366,251,"YEM","Yemen",12,"Hadramawt","<U+062D><U+0636><U+0631><U+0645><U+0648><U+062A>","Hadhramaut|Hadhramawt|Hadhramout|HadramautHadramout","Muhafazah","Governorate"
3367,251,"YEM","Yemen",13,"Hajjah","<U+062D><U+062C><U+0647>","Hajja","Muhafazah","Governorate"
3368,251,"YEM","Yemen",14,"Ibb","<U+0625><U+0628>","","Muhafazah","Governorate"
3369,251,"YEM","Yemen",15,"Lahij","<U+0644><U+062D><U+062C>","Laheg|Lahej|Lahj|Tuban","Muhafazah","Governorate"
3370,251,"YEM","Yemen",16,"Ma'rib","<U+0645><U+0623><U+0631><U+0628>","Mareb|Marib","Muhafazah","Governorate"
3371,251,"YEM","Yemen",17,"Raymah","<U+0631><U+064A><U+0645><U+0629>","","Muhafazah","Governorate"
3372,251,"YEM","Yemen",18,"Sa`dah","<U+0635><U+0639><U+062F><U+0629>","Sa'ada|Saadah|Sa'da|Saidah|Sa'adah","Muhafazah","Governorate"
3373,251,"YEM","Yemen",19,"San`a'","<U+0635><U+0646><U+0639><U+0627><U+0621>","Sana'a","City","City"
3374,251,"YEM","Yemen",20,"Shabwah","<U+0634><U+0628><U+0648><U+0629>","Shabwa|Shibwah|Ataq","Muhafazah","Governorate"
3375,251,"YEM","Yemen",21,"Ta`izz","<U+062A><U+0639><U+0632>","Taez|Taiz|Taizz","Muhafazah","Governorate"
