"PID","ID_0","ISO","NAME_0","ID_1","NAME_1","ID_2","NAME_2","NL_NAME_2","VARNAME_2","TYPE_2","ENGTYPE_2"
35658,251,"YEM","Yemen",4,"Al Dali'",48,"Qa'atabah","<U+0642><U+0639><U+0637><U+0628><U+0629>","","Muderiah","District"
35659,251,"YEM","Yemen",5,"Al Hudaydah",49,"Ad Dahi","<U+0627><U+0644><U+0636><U+062D><U+064A>","","Muderiah","District"
35660,251,"YEM","Yemen",5,"Al Hudaydah",50,"Ad Durayhimi","<U+0627><U+0644><U+062F><U+0631><U+064A><U+0647><U+0645><U+064A>","","Muderiah","District"
35661,251,"YEM","Yemen",5,"Al Hudaydah",51,"Al Garrahi","<U+0627><U+0644><U+062C><U+0631><U+0627><U+062D><U+064A>","","Muderiah","District"
35662,251,"YEM","Yemen",5,"Al Hudaydah",52,"Al Hajjaylah","<U+0627><U+0644><U+062D><U+062C><U+064A><U+0644><U+0629>","","Muderiah","District"
35663,251,"YEM","Yemen",5,"Al Hudaydah",53,"Al Hali","<U+0627><U+0644><U+062D><U+0627><U+0644><U+064A>","","Muderiah","District"
35664,251,"YEM","Yemen",5,"Al Hudaydah",54,"Al Hawak","<U+0627><U+0644><U+062D><U+0648><U+0643>","","Muderiah","District"
35665,251,"YEM","Yemen",5,"Al Hudaydah",55,"Al Khawkhah","<U+0627><U+0644><U+062E><U+0648><U+062E><U+0647>","","Muderiah","District"
35666,251,"YEM","Yemen",5,"Al Hudaydah",56,"Al Mansuriyah","<U+0627><U+0644><U+0645><U+0646><U+0635><U+0648><U+0631><U+064A><U+0629>","","Muderiah","District"
35667,251,"YEM","Yemen",5,"Al Hudaydah",57,"Al Marawi'ah","<U+0627><U+0644><U+0645><U+0631><U+0627><U+0648><U+0639><U+0629>","","Muderiah","District"
35668,251,"YEM","Yemen",5,"Al Hudaydah",58,"Al Mighlaf","<U+0627><U+0644><U+0645><U+063A><U+0644><U+0627><U+0641>","","Muderiah","District"
35669,251,"YEM","Yemen",5,"Al Hudaydah",59,"Al Mina","<U+0627><U+0644><U+0645><U+064A><U+0646><U+0627><U+0621>","","Muderiah","District"
35670,251,"YEM","Yemen",5,"Al Hudaydah",60,"Al Munirah","<U+0627><U+0644><U+0645><U+0646><U+064A><U+0631><U+0629>","","Muderiah","District"
35671,251,"YEM","Yemen",5,"Al Hudaydah",61,"Al Qanawis","<U+0627><U+0644><U+0642><U+0646><U+0627><U+0648><U+0635>","","Muderiah","District"
35672,251,"YEM","Yemen",5,"Al Hudaydah",62,"Alluheyah","<U+0627><U+0644><U+0644><U+062D><U+064A><U+0629>","","Muderiah","District"
35673,251,"YEM","Yemen",5,"Al Hudaydah",63,"As Salif","<U+0627><U+0644><U+0635><U+0644><U+064A><U+0641>","","Muderiah","District"
35674,251,"YEM","Yemen",5,"Al Hudaydah",64,"As Sukhnah","<U+0627><U+0644><U+0633><U+062E><U+0646><U+0629>","","Muderiah","District"
35675,251,"YEM","Yemen",5,"Al Hudaydah",65,"At Tuhayat","<U+0627><U+0644><U+062A><U+062D><U+064A><U+062A><U+0627>","","Muderiah","District"
35676,251,"YEM","Yemen",5,"Al Hudaydah",66,"Az Zaydiyah","<U+0627><U+0644><U+0632><U+064A><U+062F><U+064A><U+0629>","","Muderiah","District"
35677,251,"YEM","Yemen",5,"Al Hudaydah",67,"Az Zuhrah","<U+0627><U+0644><U+0632><U+0647><U+0631><U+0629>","","Muderiah","District"
35678,251,"YEM","Yemen",5,"Al Hudaydah",68,"Bajil","<U+0628><U+0627><U+062C><U+0644>","","Muderiah","District"
35679,251,"YEM","Yemen",5,"Al Hudaydah",69,"Bayt Al Faqiah","<U+0628><U+064A><U+062A> <U+0627><U+0644><U+0641><U+0642><U+064A><U+0647>","","Muderiah","District"
35680,251,"YEM","Yemen",5,"Al Hudaydah",70,"Bura","<U+0628><U+0631><U+0627><U+0639>","","Muderiah","District"
35681,251,"YEM","Yemen",19,"San`a'",290,"Manakhah","<U+0645><U+0646><U+0627><U+062E><U+0647>","","Muderiah","District"
35682,251,"YEM","Yemen",19,"San`a'",291,"Nihm","<U+0646><U+0647><U+0645>","","Muderiah","District"
35683,251,"YEM","Yemen",19,"San`a'",292,"Sa'fan","<U+0635><U+0639><U+0641><U+0627><U+0646>","","Muderiah","District"
35684,251,"YEM","Yemen",19,"San`a'",293,"Sanhan","<U+0633><U+0646><U+062D><U+0627><U+0646> <U+0648><U+0628><U+0646><U+064A> <U+0628><U+0647><U+0644><U+0648><U+0644>","","Muderiah","District"
35685,251,"YEM","Yemen",20,"Shabwah",294,"Ain","<U+0639><U+064A><U+0646>","","Muderiah","District"
35686,251,"YEM","Yemen",20,"Shabwah",295,"Al Talh","<U+0627><U+0644><U+0637><U+0644><U+062D>","","Muderiah","District"
35687,251,"YEM","Yemen",20,"Shabwah",296,"Ar Rawdah","<U+0627><U+0644><U+0631><U+0648><U+0636><U+0647>","","Muderiah","District"
35688,251,"YEM","Yemen",20,"Shabwah",297,"Arma","<U+0639><U+0631><U+0645><U+0627><U+0621>","","Muderiah","District"
35689,251,"YEM","Yemen",20,"Shabwah",298,"As Said","<U+0627><U+0644><U+0635><U+0639><U+064A><U+062F>","","Muderiah","District"
35690,251,"YEM","Yemen",20,"Shabwah",299,"Ataq","<U+0639><U+062A><U+0642>","","Muderiah","District"
35691,251,"YEM","Yemen",20,"Shabwah",300,"Bayhan","<U+0628><U+064A><U+062D><U+0627><U+0646>","","Muderiah","District"
35692,251,"YEM","Yemen",20,"Shabwah",301,"Dhar","<U+062F><U+0647><U+0631>","","Muderiah","District"
35693,251,"YEM","Yemen",20,"Shabwah",302,"Habban","<U+062D><U+0628><U+0627><U+0646>","","Muderiah","District"
35694,251,"YEM","Yemen",20,"Shabwah",303,"Hatib","<U+062D><U+0637><U+064A><U+0628>","","Muderiah","District"
35695,251,"YEM","Yemen",20,"Shabwah",304,"Jardan","<U+062C><U+0631><U+062F><U+0627><U+0646>","","Muderiah","District"
35696,251,"YEM","Yemen",20,"Shabwah",305,"Mayfa'a","<U+0645><U+064A><U+0641><U+0639><U+0647>","","Muderiah","District"
35697,251,"YEM","Yemen",20,"Shabwah",306,"Merkhah Al Ulya","<U+0645><U+0631><U+062E><U+0647> <U+0627><U+0644><U+0639><U+0644><U+064A><U+0627>","","Muderiah","District"
35698,251,"YEM","Yemen",20,"Shabwah",307,"Merkhah As Sufla","<U+0645><U+0631><U+062E><U+0647> <U+0627><U+0644><U+0633><U+0641><U+0644><U+0649>","","Muderiah","District"
35699,251,"YEM","Yemen",20,"Shabwah",308,"Nisab","<U+0646><U+0635><U+0627><U+0628>","","Muderiah","District"
35700,251,"YEM","Yemen",20,"Shabwah",309,"Rudum","<U+0631><U+0636><U+0648><U+0645>","","Muderiah","District"
35701,251,"YEM","Yemen",20,"Shabwah",310,"Usaylan","<U+0639><U+0633><U+064A><U+0644><U+0627><U+0646>","","Muderiah","District"
35702,251,"YEM","Yemen",21,"Ta`izz",311,"Al  Mukha","<U+0627><U+0644><U+0645><U+062E><U+0627><U+0621>","","Muderiah","District"
35703,251,"YEM","Yemen",21,"Ta`izz",312,"Al Ma'afer","<U+0627><U+0644><U+0645><U+0639><U+0627><U+0641><U+0631>","","Muderiah","District"
35704,251,"YEM","Yemen",21,"Ta`izz",313,"Al Mawasit","<U+0627><U+0644><U+0645><U+0648><U+0627><U+0633><U+0637>","","Muderiah","District"
35705,251,"YEM","Yemen",21,"Ta`izz",314,"Al Misrakh","<U+0627><U+0644><U+0645><U+0633><U+0631><U+0627><U+062E>","","Muderiah","District"
41473,251,"YEM","Yemen",1,"`Adan",1,"Al Buraiqeh","<U+0627><U+0644><U+0628><U+0631><U+064A><U+0642><U+0647>","","Muderiah","District"
41474,251,"YEM","Yemen",1,"`Adan",2,"Al Mansura","<U+0627><U+0644><U+0645><U+0646><U+0635><U+0648><U+0631><U+0629>","","Muderiah","District"
41475,251,"YEM","Yemen",1,"`Adan",3,"Al Mualla","<U+0627><U+0644><U+0645><U+0639><U+0644><U+0627>","","Muderiah","District"
41476,251,"YEM","Yemen",1,"`Adan",4,"Ash Shaikh Outhman","<U+0627><U+0644><U+0634><U+064A><U+062E> <U+0639><U+062B><U+0645><U+0627><U+0646>","","Muderiah","District"
41477,251,"YEM","Yemen",1,"`Adan",5,"Attawahi","<U+0627><U+0644><U+062A><U+0648><U+0627><U+0647><U+064A>","","Muderiah","District"
41478,251,"YEM","Yemen",1,"`Adan",6,"Craiter","<U+0643><U+0631><U+064A><U+062A><U+0631>","","Muderiah","District"
41479,251,"YEM","Yemen",1,"`Adan",7,"Dar Sad","<U+062F><U+0627><U+0631> <U+0633><U+0639><U+062F>","","Muderiah","District"
41480,251,"YEM","Yemen",1,"`Adan",8,"Khur Maksar","<U+062E><U+0648><U+0631> <U+0645><U+0643><U+0633><U+0631>","","Muderiah","District"
41481,251,"YEM","Yemen",2,"Abyan",9,"Ahwar","<U+0627><U+062D><U+0648><U+0627><U+0631>","","Muderiah","District"
41482,251,"YEM","Yemen",2,"Abyan",10,"Al Mahfad","<U+0627><U+0644><U+0645><U+062D><U+0641><U+062F>","","Muderiah","District"
41483,251,"YEM","Yemen",2,"Abyan",11,"Al Wade'a","<U+0627><U+0644><U+0648><U+0636><U+064A><U+0639>","","Muderiah","District"
41484,251,"YEM","Yemen",2,"Abyan",12,"Jayshan","<U+062C><U+064A><U+0634><U+0627><U+0646>","","Muderiah","District"
41485,251,"YEM","Yemen",2,"Abyan",13,"Khanfir","<U+062E><U+0646><U+0641><U+0631>","","Muderiah","District"
41486,251,"YEM","Yemen",2,"Abyan",14,"Lawdar","<U+0644><U+0648><U+062F><U+0631>","","Muderiah","District"
41487,251,"YEM","Yemen",2,"Abyan",15,"Mudiyah","<U+0645><U+0648><U+062F><U+064A><U+0647>","","Muderiah","District"
41488,251,"YEM","Yemen",2,"Abyan",16,"Rasad","<U+0631><U+0635><U+062F>","","Muderiah","District"
41489,251,"YEM","Yemen",2,"Abyan",17,"Sarar","<U+0633><U+0631><U+0627><U+0631>","","Muderiah","District"
41490,251,"YEM","Yemen",2,"Abyan",18,"Sibah","<U+0633><U+0628><U+0627><U+062D>","","Muderiah","District"
41491,251,"YEM","Yemen",2,"Abyan",19,"Zingibar","<U+0632><U+0646><U+062C><U+0628><U+0627><U+0631>","","Muderiah","District"
41492,251,"YEM","Yemen",3,"Al Bayda'",20,"Al A'rsh","<U+0627><U+0644><U+0639><U+0631><U+0634>","","Muderiah","District"
41493,251,"YEM","Yemen",3,"Al Bayda'",21,"Al Bayda City","<U+0645><U+062F><U+064A><U+0646><U+0629> <U+0627><U+0644><U+0628><U+064A><U+0636><U+0627><U+0621>","","Muderiah","District"
41494,251,"YEM","Yemen",3,"Al Bayda'",22,"Al Bayda","<U+0627><U+0644><U+0628><U+064A><U+0636><U+0627><U+0621>","","Muderiah","District"
41495,251,"YEM","Yemen",3,"Al Bayda'",23,"Al Malagim","<U+0627><U+0644><U+0645><U+0644><U+0627><U+062C><U+0645>","","Muderiah","District"
41496,251,"YEM","Yemen",3,"Al Bayda'",24,"Al Quraishyah","<U+0627><U+0644><U+0642><U+0631><U+064A><U+0634><U+064A><U+0629>","","Muderiah","District"
41497,251,"YEM","Yemen",3,"Al Bayda'",25,"Ar Ryashyyah","<U+0627><U+0644><U+0631><U+064A><U+0627><U+0634><U+064A><U+0629>","","Muderiah","District"
41498,251,"YEM","Yemen",3,"Al Bayda'",26,"As Sawadiyah","<U+0627><U+0644><U+0633><U+0648><U+0627><U+062F><U+064A><U+0629>","","Muderiah","District"
41499,251,"YEM","Yemen",3,"Al Bayda'",27,"As Sawma'ah","<U+0627><U+0644><U+0635><U+0648><U+0645><U+0639><U+0629>","","Muderiah","District"
41500,251,"YEM","Yemen",3,"Al Bayda'",28,"Ash Sharyah","<U+0627><U+0644><U+0634><U+0631><U+064A><U+0629>","","Muderiah","District"
41501,251,"YEM","Yemen",3,"Al Bayda'",29,"At Taffah","<U+0627><U+0644><U+0637><U+0641><U+0629>","","Muderiah","District"
41502,251,"YEM","Yemen",3,"Al Bayda'",30,"Az Zahir","<U+0627><U+0644><U+0632><U+0627><U+0647><U+0631>","","Muderiah","District"
41503,251,"YEM","Yemen",3,"Al Bayda'",31,"Dhi Na'im","<U+0630><U+064A> <U+0646><U+0627><U+0639><U+0645>","","Muderiah","District"
41504,251,"YEM","Yemen",3,"Al Bayda'",32,"Maswarah","<U+0645><U+0633><U+0648><U+0631><U+0629>","","Muderiah","District"
41505,251,"YEM","Yemen",3,"Al Bayda'",33,"Mukayras","<U+0645><U+0643><U+064A><U+0631><U+0627><U+0633>","","Muderiah","District"
41506,251,"YEM","Yemen",3,"Al Bayda'",34,"Na'man","<U+0646><U+0639><U+0645><U+0627><U+0646>","","Muderiah","District"
41507,251,"YEM","Yemen",3,"Al Bayda'",35,"Nati'","<U+0646><U+0627><U+0637><U+0639>","","Muderiah","District"
41508,251,"YEM","Yemen",3,"Al Bayda'",36,"Rada'","<U+0631><U+062F><U+0627><U+0639>","","Muderiah","District"
41509,251,"YEM","Yemen",3,"Al Bayda'",37,"Radman Al Awad","<U+0631><U+062F><U+0645><U+0627><U+0646>","","Muderiah","District"
41510,251,"YEM","Yemen",3,"Al Bayda'",38,"Sabah","<U+0635><U+0628><U+0627><U+062D>","","Muderiah","District"
41511,251,"YEM","Yemen",3,"Al Bayda'",39,"Wald Rabi'","<U+0648><U+0644><U+062F> <U+0631><U+0628><U+064A><U+0639>","","Muderiah","District"
41512,251,"YEM","Yemen",4,"Al Dali'",40,"Ad Dhale'e","<U+0627><U+0644><U+0636><U+0627><U+0644><U+0639>","","Muderiah","District"
41513,251,"YEM","Yemen",4,"Al Dali'",41,"Al Azariq","<U+0627><U+0644><U+0627><U+0632><U+0627><U+0631><U+0642>","","Muderiah","District"
41514,251,"YEM","Yemen",4,"Al Dali'",42,"Al Husha","<U+0627><U+0644><U+062D><U+0634><U+0627><U+0621>","","Muderiah","District"
41515,251,"YEM","Yemen",4,"Al Dali'",43,"Al Hussein","<U+0627><U+0644><U+062D><U+0635><U+064A><U+0646>","","Muderiah","District"
41516,251,"YEM","Yemen",4,"Al Dali'",44,"Ash Shu'ayb","<U+0627><U+0644><U+0634><U+0639><U+064A><U+0628>","","Muderiah","District"
41517,251,"YEM","Yemen",4,"Al Dali'",45,"Damt","<U+062F><U+0645><U+062A>","","Muderiah","District"
41518,251,"YEM","Yemen",4,"Al Dali'",46,"Jahaf","<U+062C><U+062D><U+0627><U+0641>","","Muderiah","District"
41519,251,"YEM","Yemen",4,"Al Dali'",47,"Juban","<U+062C><U+0628><U+0646>","","Muderiah","District"
41520,251,"YEM","Yemen",5,"Al Hudaydah",71,"Hays","<U+062D><U+064A><U+0633>","","Muderiah","District"
41521,251,"YEM","Yemen",5,"Al Hudaydah",72,"Jabal Ra's","<U+062C><U+0628><U+0644> <U+0631><U+0627><U+0633>","","Muderiah","District"
41522,251,"YEM","Yemen",5,"Al Hudaydah",73,"Kamaran","<U+0643><U+0645><U+0631><U+0627><U+0646>","","Muderiah","District"
41523,251,"YEM","Yemen",5,"Al Hudaydah",74,"Zabid","<U+0632><U+0628><U+064A><U+062F>","","Muderiah","District"
41524,251,"YEM","Yemen",6,"Al Jawf",75,"Al Ghayl","<U+0627><U+0644><U+063A><U+064A><U+0644>","","Muderiah","District"
41525,251,"YEM","Yemen",6,"Al Jawf",76,"Al Hazm","<U+0627><U+0644><U+062D><U+0632><U+0645>","","Muderiah","District"
41526,251,"YEM","Yemen",6,"Al Jawf",77,"Al Humaydat","<U+0627><U+0644><U+062D><U+0645><U+064A><U+062F><U+0627><U+062A>","","Muderiah","District"
41527,251,"YEM","Yemen",6,"Al Jawf",78,"Al Khalq","<U+0627><U+0644><U+062E><U+0644><U+0642>","","Muderiah","District"
41528,251,"YEM","Yemen",6,"Al Jawf",79,"Al Maslub","<U+0627><U+0644><U+0645><U+0635><U+0644><U+0648><U+0628>","","Muderiah","District"
41529,251,"YEM","Yemen",6,"Al Jawf",80,"Al Matammah","<U+0627><U+0644><U+0645><U+0637><U+0645><U+0647>","","Muderiah","District"
41530,251,"YEM","Yemen",6,"Al Jawf",81,"Al Maton","<U+0627><U+0644><U+0645><U+062A><U+0648><U+0646>","","Muderiah","District"
41531,251,"YEM","Yemen",6,"Al Jawf",82,"Az Zahir","<U+0627><U+0644><U+0632><U+0627><U+0647><U+0631>","","Muderiah","District"
41532,251,"YEM","Yemen",6,"Al Jawf",83,"Bart Al Anan","<U+0628><U+0631><U+0637> <U+0627><U+0644><U+0639><U+0646><U+0627><U+0646>","","Muderiah","District"
41533,251,"YEM","Yemen",6,"Al Jawf",84,"Khabb wa ash Sha'af","<U+062E><U+0628> <U+0648> <U+0627><U+0644><U+0634><U+0639><U+0641>","","Muderiah","District"
41534,251,"YEM","Yemen",6,"Al Jawf",85,"Kharab Al Marashi","<U+062E><U+0631><U+0627><U+0628> <U+0627><U+0644><U+0645><U+0631><U+0627><U+0634><U+0649>","","Muderiah","District"
41535,251,"YEM","Yemen",6,"Al Jawf",86,"Rajuzah","<U+0631><U+062C><U+0648><U+0632><U+0647>","","Muderiah","District"
41536,251,"YEM","Yemen",7,"Al Mahrah",87,"Al Ghaydah","<U+0627><U+0644><U+063A><U+064A><U+0638><U+0647>","","Muderiah","District"
41537,251,"YEM","Yemen",7,"Al Mahrah",88,"Al Masilah","<U+0627><U+0644><U+0645><U+0633><U+064A><U+0644><U+0629>","","Muderiah","District"
41538,251,"YEM","Yemen",7,"Al Mahrah",89,"Hat","<U+062D><U+0627><U+062A>","","Muderiah","District"
41539,251,"YEM","Yemen",7,"Al Mahrah",90,"Hawf","<U+062D><U+0648><U+0641>","","Muderiah","District"
41540,251,"YEM","Yemen",7,"Al Mahrah",91,"Huswain","<U+062D><U+0635><U+0648><U+064A><U+0646>","","Muderiah","District"
41541,251,"YEM","Yemen",7,"Al Mahrah",92,"Man'ar","<U+0645><U+0646><U+0639><U+0631>","","Muderiah","District"
41542,251,"YEM","Yemen",7,"Al Mahrah",93,"Qishn","<U+0642><U+0634><U+0646>","","Muderiah","District"
41543,251,"YEM","Yemen",7,"Al Mahrah",94,"Sayhut","<U+0633><U+064A><U+062D><U+0648><U+062A>","","Muderiah","District"
41544,251,"YEM","Yemen",7,"Al Mahrah",95,"Shahan","<U+0634><U+062D><U+0646>","","Muderiah","District"
41545,251,"YEM","Yemen",8,"Al Mahwit",96,"Al Khabt","<U+0627><U+0644><U+062E><U+0628><U+062A>","","Muderiah","District"
41546,251,"YEM","Yemen",8,"Al Mahwit",97,"Al Mahwait City","<U+0645><U+062F><U+064A><U+0646><U+0629> <U+0627><U+0644><U+0645><U+062D><U+0648><U+064A><U+062A>","","Muderiah","District"
41547,251,"YEM","Yemen",8,"Al Mahwit",98,"Al Mahwait","<U+0627><U+0644><U+0645><U+062D><U+0648><U+064A><U+062A>","","Muderiah","District"
41548,251,"YEM","Yemen",8,"Al Mahwit",99,"Ar Rujum","<U+0627><U+0644><U+0631><U+062C><U+0645>","","Muderiah","District"
41549,251,"YEM","Yemen",8,"Al Mahwit",100,"At Tawilah","<U+0627><U+0644><U+0637><U+0648><U+064A><U+0644><U+0629>","","Muderiah","District"
41550,251,"YEM","Yemen",8,"Al Mahwit",101,"Bani Sa'd","<U+0628><U+0646><U+064A> <U+0633><U+0639><U+062F>","","Muderiah","District"
41551,251,"YEM","Yemen",8,"Al Mahwit",102,"Hufash","<U+062D><U+0641><U+0627><U+0634>","","Muderiah","District"
41552,251,"YEM","Yemen",8,"Al Mahwit",103,"Milhan","<U+0645><U+0644><U+062D><U+0627><U+0646>","","Muderiah","District"
41553,251,"YEM","Yemen",8,"Al Mahwit",104,"Shibam Kawkaban","<U+0634><U+0628><U+0627><U+0645> <U+0643><U+0648><U+0643><U+0628><U+0627><U+0646>","","Muderiah","District"
41554,251,"YEM","Yemen",9,"Amanat Al Asimah",105,"Al Wahdah","<U+0627><U+0644><U+0648><U+062D><U+062F><U+0629>","","Muderiah","District"
41555,251,"YEM","Yemen",9,"Amanat Al Asimah",106,"As Sabain","<U+0627><U+0644><U+0633><U+0628><U+0639><U+064A><U+0646>","","Muderiah","District"
41556,251,"YEM","Yemen",9,"Amanat Al Asimah",107,"Assafi'yah","<U+0627><U+0644><U+0635><U+0627><U+0641><U+064A><U+0629>","","Muderiah","District"
41557,251,"YEM","Yemen",9,"Amanat Al Asimah",108,"At Tahrir","<U+0627><U+0644><U+062A><U+062D><U+0631><U+064A><U+0631>","","Muderiah","District"
41558,251,"YEM","Yemen",9,"Amanat Al Asimah",109,"Ath'thaorah","<U+0627><U+0644><U+062B><U+0648><U+0631><U+0629>","","Muderiah","District"
41559,251,"YEM","Yemen",9,"Amanat Al Asimah",110,"Az'zal","<U+0623><U+0632><U+0627><U+0644>","","Muderiah","District"
41560,251,"YEM","Yemen",9,"Amanat Al Asimah",111,"Bani Al Harith","<U+0628><U+0646><U+064A> <U+0627><U+0644><U+062D><U+0627><U+0631><U+062B>","","Muderiah","District"
41561,251,"YEM","Yemen",9,"Amanat Al Asimah",112,"Ma'ain","<U+0645><U+0639><U+064A><U+0646>","","Muderiah","District"
41562,251,"YEM","Yemen",9,"Amanat Al Asimah",113,"Old City","<U+0635><U+0646><U+0639><U+0627><U+0621> <U+0627><U+0644><U+0642><U+062F><U+064A><U+0645><U+0629>","","Muderiah","District"
41563,251,"YEM","Yemen",9,"Amanat Al Asimah",114,"Shu'aub","<U+0634><U+0639><U+0648><U+0628>","","Muderiah","District"
41564,251,"YEM","Yemen",10,"Amran",115,"Al Ashah","<U+0627><U+0644><U+0639><U+0634><U+0640><U+0640><U+0640><U+0640><U+0640><U+0647>","","Muderiah","District"
41565,251,"YEM","Yemen",10,"Amran",116,"Al Madan","<U+0627><U+0644><U+0645><U+0640><U+0640><U+062F><U+0627><U+0646>","","Muderiah","District"
41566,251,"YEM","Yemen",10,"Amran",117,"Al Qaflah","<U+0627><U+0644><U+0642><U+0641><U+0644><U+0629>","","Muderiah","District"
41567,251,"YEM","Yemen",10,"Amran",118,"Amran","<U+0639><U+0645><U+0631><U+0627><U+0646>","","Muderiah","District"
41568,251,"YEM","Yemen",10,"Amran",119,"As Sawd","<U+0627><U+0644><U+0633><U+0648><U+062F>","","Muderiah","District"
41569,251,"YEM","Yemen",10,"Amran",120,"As Sudah","<U+0627><U+0644><U+0633><U+0648><U+062F><U+0647>","","Muderiah","District"
41570,251,"YEM","Yemen",10,"Amran",121,"Bani Suraim","<U+0628><U+0646><U+064A> <U+0635><U+0631><U+064A><U+0645>","","Muderiah","District"
41571,251,"YEM","Yemen",10,"Amran",122,"Dhi Bin","<U+0630><U+064A><U+0628><U+064A><U+0646>","","Muderiah","District"
41572,251,"YEM","Yemen",10,"Amran",123,"Habur Zulaymah","<U+062D><U+0628><U+0648><U+0631> <U+0638><U+0644><U+064A><U+0645><U+0629>","","Muderiah","District"
41573,251,"YEM","Yemen",10,"Amran",124,"Harf Sufyan","<U+062D><U+0631><U+0641> <U+0633><U+0641><U+064A><U+0627><U+0646>","","Muderiah","District"
41574,251,"YEM","Yemen",10,"Amran",125,"Huth","<U+062D><U+0648><U+062B>","","Muderiah","District"
41575,251,"YEM","Yemen",10,"Amran",126,"Iyal Surayh","<U+0639><U+064A><U+0627><U+0644> <U+0633><U+0631><U+064A><U+062D>","","Muderiah","District"
41576,251,"YEM","Yemen",10,"Amran",127,"Jabal Iyal Yazid","<U+062C><U+0628><U+0644> <U+0639><U+064A><U+0627><U+0644> <U+064A><U+0632><U+064A><U+062F>","","Muderiah","District"
41577,251,"YEM","Yemen",10,"Amran",128,"Khamir","<U+062E><U+0645><U+0631>","","Muderiah","District"
41578,251,"YEM","Yemen",10,"Amran",129,"Kharif","<U+062E><U+0627><U+0631><U+0641>","","Muderiah","District"
41579,251,"YEM","Yemen",10,"Amran",130,"Maswar","<U+0645><U+0633><U+0648><U+0631>","","Muderiah","District"
41580,251,"YEM","Yemen",10,"Amran",131,"Raydah","<U+0631><U+064A><U+062F><U+0647>","","Muderiah","District"
41581,251,"YEM","Yemen",10,"Amran",132,"Shaharah","<U+0634><U+0647><U+0627><U+0631><U+0647>","","Muderiah","District"
41582,251,"YEM","Yemen",10,"Amran",133,"Suwayr","<U+0635><U+0640><U+0648><U+064A><U+0640><U+0640><U+0640><U+0640><U+0631>","","Muderiah","District"
41583,251,"YEM","Yemen",10,"Amran",134,"Thula","<U+062B><U+0644><U+0627><U+0621>","","Muderiah","District"
41584,251,"YEM","Yemen",11,"Dhamar",135,"Al Hada","<U+0627><U+0644><U+062D><U+062F><U+0627><U+0621>","","Muderiah","District"
41585,251,"YEM","Yemen",11,"Dhamar",136,"Al Manar","<U+0627><U+0644><U+0645><U+0646><U+0627><U+0631>","","Muderiah","District"
41586,251,"YEM","Yemen",11,"Dhamar",137,"Anss","<U+0639><U+0646><U+0633>","","Muderiah","District"
41587,251,"YEM","Yemen",11,"Dhamar",138,"Dawran Aness","<U+0636><U+0648><U+0631><U+0627><U+0646> <U+0627><U+064B><U+0646><U+0633>","","Muderiah","District"
41588,251,"YEM","Yemen",11,"Dhamar",139,"Dhamar City","<U+0645><U+062F><U+064A><U+0646><U+0629> <U+0630><U+0645><U+0627><U+0631>","","Muderiah","District"
41589,251,"YEM","Yemen",11,"Dhamar",140,"Jabal Ash sharq","<U+062C><U+0628><U+0644> <U+0627><U+0644><U+0634><U+0631><U+0642>","","Muderiah","District"
41590,251,"YEM","Yemen",11,"Dhamar",141,"Jahran","<U+062C><U+0647><U+0631><U+0627><U+0646>","","Muderiah","District"
41591,251,"YEM","Yemen",11,"Dhamar",142,"Maghirib Ans","<U+0645><U+063A><U+0631><U+0628> <U+0639><U+0646><U+0633>","","Muderiah","District"
41592,251,"YEM","Yemen",11,"Dhamar",143,"Mayfa'at Anss","<U+0645><U+064A><U+0641><U+0639><U+0629> <U+0639><U+0646><U+0633>","","Muderiah","District"
41593,251,"YEM","Yemen",11,"Dhamar",144,"Utmah","<U+0639><U+062A><U+0645><U+0629>","","Muderiah","District"
41594,251,"YEM","Yemen",11,"Dhamar",145,"Wusab Al Ali","<U+0648><U+0635><U+0627><U+0628> <U+0627><U+0644><U+0639><U+0627><U+0644><U+064A>","","Muderiah","District"
41595,251,"YEM","Yemen",11,"Dhamar",146,"Wusab As Safil","<U+0648><U+0635><U+0627><U+0628> <U+0627><U+0644><U+0633><U+0627><U+0641><U+0644>","","Muderiah","District"
41596,251,"YEM","Yemen",12,"Hadramawt",147,"Ad Dis","<U+0627><U+0644><U+062F><U+064A><U+0633>","","Muderiah","District"
41597,251,"YEM","Yemen",12,"Hadramawt",148,"Adh Dhlia'ah","<U+0627><U+0644><U+0636><U+0644><U+064A><U+0639><U+0647>","","Muderiah","District"
41598,251,"YEM","Yemen",12,"Hadramawt",149,"Al Abr","<U+0627><U+0644><U+0639><U+0628><U+0631>","","Muderiah","District"
41599,251,"YEM","Yemen",12,"Hadramawt",150,"Al Mukalla City","<U+0645><U+062F><U+064A><U+0646><U+0629> <U+0627><U+0644><U+0645><U+0643><U+0644><U+0627>","","Muderiah","District"
41600,251,"YEM","Yemen",12,"Hadramawt",151,"Al Mukalla","<U+0627><U+0644><U+0645><U+0643><U+0644><U+0627>","","Muderiah","District"
41601,251,"YEM","Yemen",12,"Hadramawt",152,"Al Qaf","<U+0627><U+0644><U+0642><U+0641>","","Muderiah","District"
41602,251,"YEM","Yemen",12,"Hadramawt",153,"Al Qatn","<U+0627><U+0644><U+0642><U+0637><U+0646>","","Muderiah","District"
41603,251,"YEM","Yemen",12,"Hadramawt",154,"Amd","<U+0639><U+0645><U+062F>","","Muderiah","District"
41604,251,"YEM","Yemen",12,"Hadramawt",155,"Ar Raydah Wa Qusayar","<U+0627><U+0644><U+0631><U+064A><U+062F><U+0647> <U+0648><U+0642><U+0635><U+064A><U+0639><U+0631>","","Muderiah","District"
41605,251,"YEM","Yemen",12,"Hadramawt",156,"As Sawm","<U+0627><U+0644><U+0633><U+0648><U+0645>","","Muderiah","District"
41606,251,"YEM","Yemen",12,"Hadramawt",157,"Ash Shihr","<U+0627><U+0644><U+0634><U+062D><U+0631>","","Muderiah","District"
41607,251,"YEM","Yemen",12,"Hadramawt",158,"Brom Mayfa","<U+0628><U+0631><U+0648><U+0645> <U+0645><U+064A><U+0641><U+0639>","","Muderiah","District"
41608,251,"YEM","Yemen",12,"Hadramawt",159,"Daw'an","<U+062F><U+0648><U+0639><U+0646>","","Muderiah","District"
41609,251,"YEM","Yemen",12,"Hadramawt",160,"Ghayl Ba Wazir","<U+063A><U+064A><U+0644> <U+0628><U+0627><U+0648><U+0632><U+064A><U+0631>","","Muderiah","District"
41610,251,"YEM","Yemen",12,"Hadramawt",161,"Ghayl Bin Yamin","<U+063A><U+064A><U+0644> <U+0628><U+0646> <U+064A><U+0645><U+064A><U+0646>","","Muderiah","District"
41611,251,"YEM","Yemen",12,"Hadramawt",162,"Hagr As Sai'ar","<U+062D><U+062C><U+0631> <U+0627><U+0644><U+0635><U+064A><U+0639><U+0631>","","Muderiah","District"
41612,251,"YEM","Yemen",12,"Hadramawt",163,"Hajr","<U+062D><U+062C><U+0631>","","Muderiah","District"
41613,251,"YEM","Yemen",12,"Hadramawt",164,"Hidaybu","<U+062D><U+062F><U+064A><U+0628><U+0648>","","Muderiah","District"
41614,251,"YEM","Yemen",12,"Hadramawt",165,"Huraidhah","<U+062D><U+0631><U+064A><U+0636><U+0647>","","Muderiah","District"
41615,251,"YEM","Yemen",12,"Hadramawt",166,"Qulensya Wa Abd Al Kuri","<U+0642><U+0644><U+0646><U+0633><U+064A><U+0647> <U+0648><U+0639><U+0628><U+062F><U+0627><U+0644><U+0643><U+0648><U+0631><U+064A>","","Muderiah","District"
41616,251,"YEM","Yemen",12,"Hadramawt",167,"Rakhyah","<U+0631><U+062E><U+064A><U+0647>","","Muderiah","District"
41617,251,"YEM","Yemen",12,"Hadramawt",168,"Rumah","<U+0631><U+0645><U+0627><U+0647>","","Muderiah","District"
41618,251,"YEM","Yemen",12,"Hadramawt",169,"Sah","<U+0633><U+0627><U+0647>","","Muderiah","District"
41619,251,"YEM","Yemen",12,"Hadramawt",170,"Sayun","<U+0633><U+064A><U+0626><U+0648><U+0646>","","Muderiah","District"
41620,251,"YEM","Yemen",12,"Hadramawt",171,"Shibam","<U+0634><U+0628><U+0627><U+0645>","","Muderiah","District"
41621,251,"YEM","Yemen",12,"Hadramawt",172,"Tarim","<U+062A><U+0631><U+064A><U+0645>","","Muderiah","District"
41622,251,"YEM","Yemen",12,"Hadramawt",173,"Thamud","<U+062B><U+0645><U+0648><U+062F>","","Muderiah","District"
41623,251,"YEM","Yemen",12,"Hadramawt",174,"Wadi Al Ayn","<U+0648><U+0627><U+062F><U+064A> <U+0627><U+0644><U+0639><U+064A><U+0646> <U+0648><U+062D><U+0648><U+0631><U+0647>","","Muderiah","District"
41624,251,"YEM","Yemen",12,"Hadramawt",175,"Yabuth","<U+064A><U+0628><U+0639><U+062B>","","Muderiah","District"
41625,251,"YEM","Yemen",12,"Hadramawt",176,"Zamakh wa Manwakh","<U+0632><U+0645><U+0648><U+062E> <U+0648><U+0645><U+0646><U+0648><U+062E>","","Muderiah","District"
41626,251,"YEM","Yemen",13,"Hajjah",177,"Abs","<U+0639><U+0628><U+0633>","","Muderiah","District"
41627,251,"YEM","Yemen",13,"Hajjah",178,"Aflah Al Yaman","<U+0627><U+0641><U+0644><U+062D> <U+0627><U+0644><U+064A><U+0645><U+0646>","","Muderiah","District"
41628,251,"YEM","Yemen",13,"Hajjah",179,"Aflah Ash Shawm","<U+0627><U+0641><U+0644><U+062D> <U+0627><U+0644><U+0634><U+0627><U+0645>","","Muderiah","District"
41629,251,"YEM","Yemen",13,"Hajjah",180,"Al Jamimah","<U+0627><U+0644><U+062C><U+0645><U+064A><U+0645><U+0629>","","Muderiah","District"
41630,251,"YEM","Yemen",13,"Hajjah",181,"Al Maghrabah","<U+0627><U+0644><U+0645><U+063A><U+0631><U+0628><U+0629>","","Muderiah","District"
41631,251,"YEM","Yemen",13,"Hajjah",182,"Al Mahabishah","<U+0627><U+0644><U+0645><U+062D><U+0627><U+0628><U+0634><U+0629>","","Muderiah","District"
41632,251,"YEM","Yemen",13,"Hajjah",183,"Al Miftah","<U+0627><U+0644><U+0645><U+0641><U+062A><U+0627><U+062D>","","Muderiah","District"
41633,251,"YEM","Yemen",13,"Hajjah",184,"Ash Shaghadirah","<U+0627><U+0644><U+0634><U+063A><U+0627><U+062F><U+0631><U+0629>","","Muderiah","District"
41634,251,"YEM","Yemen",13,"Hajjah",185,"Ash Shahil","<U+0627><U+0644><U+0634><U+0627><U+0647><U+0644>","","Muderiah","District"
41635,251,"YEM","Yemen",13,"Hajjah",186,"Aslem","<U+0627><U+0633><U+0644><U+0645>","","Muderiah","District"
41636,251,"YEM","Yemen",13,"Hajjah",187,"Bakil Al Mir","<U+0628><U+0643><U+064A><U+0644> <U+0627><U+0644><U+0645><U+064A><U+0631>","","Muderiah","District"
41637,251,"YEM","Yemen",13,"Hajjah",188,"Bani Al Awam","<U+0628><U+0646><U+064A> <U+0627><U+0644><U+0639><U+0648><U+0627><U+0645>","","Muderiah","District"
41638,251,"YEM","Yemen",13,"Hajjah",189,"Bani Qa'is","<U+0628><U+0646><U+064A> <U+0642><U+064A><U+0633>","","Muderiah","District"
41639,251,"YEM","Yemen",13,"Hajjah",190,"Hajjah City","<U+0645><U+062F><U+064A><U+0646><U+0629> <U+062D><U+062C><U+0629>","","Muderiah","District"
41640,251,"YEM","Yemen",13,"Hajjah",191,"Hajjah","<U+062D><U+062C><U+0629>","","Muderiah","District"
41641,251,"YEM","Yemen",13,"Hajjah",192,"Harad","<U+062D><U+0631><U+0636>","","Muderiah","District"
41642,251,"YEM","Yemen",13,"Hajjah",193,"Hayran","<U+062D><U+064A><U+0631><U+0627><U+0646>","","Muderiah","District"
41643,251,"YEM","Yemen",13,"Hajjah",194,"Khayran Al Muharraq","<U+062E><U+064A><U+0631><U+0627><U+0646> <U+0627><U+0644><U+0645><U+062D><U+0631><U+0642>","","Muderiah","District"
41644,251,"YEM","Yemen",13,"Hajjah",195,"Ku'aydinah","<U+0643><U+0639><U+064A><U+062F><U+0646><U+0647>","","Muderiah","District"
41645,251,"YEM","Yemen",13,"Hajjah",196,"Kuhlan Affar","<U+0643><U+062D><U+0644><U+0627><U+0646> <U+0639><U+0641><U+0627><U+0631>","","Muderiah","District"
41646,251,"YEM","Yemen",13,"Hajjah",197,"Kuhlan Ash Sharaf","<U+0643><U+062D><U+0644><U+0627><U+0646> <U+0627><U+0644><U+0634><U+0631><U+0641>","","Muderiah","District"
41647,251,"YEM","Yemen",13,"Hajjah",198,"Kushar","<U+0643><U+0634><U+0631>","","Muderiah","District"
41648,251,"YEM","Yemen",13,"Hajjah",199,"Mabyan","<U+0645><U+0628><U+064A><U+0646>","","Muderiah","District"
41649,251,"YEM","Yemen",13,"Hajjah",200,"Midi","<U+0645><U+064A><U+062F><U+064A>","","Muderiah","District"
41650,251,"YEM","Yemen",13,"Hajjah",201,"Mustaba","<U+0645><U+0633><U+062A><U+0628><U+0627><U+0621>","","Muderiah","District"
41651,251,"YEM","Yemen",13,"Hajjah",202,"Najrah","<U+0646><U+062C><U+0631><U+0629>","","Muderiah","District"
41652,251,"YEM","Yemen",13,"Hajjah",203,"Qafl Shamer","<U+0642><U+0641><U+0644> <U+0634><U+0645><U+0631>","","Muderiah","District"
41653,251,"YEM","Yemen",13,"Hajjah",204,"Qarah","<U+0642><U+0627><U+0631><U+0629>","","Muderiah","District"
41654,251,"YEM","Yemen",13,"Hajjah",205,"Sharas","<U+0634><U+0631><U+0633>","","Muderiah","District"
41655,251,"YEM","Yemen",13,"Hajjah",206,"Wadhrah","<U+0648><U+0636><U+0631><U+0629>","","Muderiah","District"
41656,251,"YEM","Yemen",13,"Hajjah",207,"Washhah","<U+0648><U+0634><U+062D><U+0629>","","Muderiah","District"
41657,251,"YEM","Yemen",14,"Ibb",208,"Al Dhihar","<U+0627><U+0644><U+0638><U+0647><U+0627><U+0631>","","Muderiah","District"
41658,251,"YEM","Yemen",14,"Ibb",209,"Al Makhadir","<U+0627><U+0644><U+0645><U+062E><U+0627><U+062F><U+0631>","","Muderiah","District"
41659,251,"YEM","Yemen",14,"Ibb",210,"Al Mashannah","<U+0627><U+0644><U+0645><U+0634><U+0646><U+0629>","","Muderiah","District"
41660,251,"YEM","Yemen",14,"Ibb",211,"Al Qafr","<U+0627><U+0644><U+0642><U+0641><U+0631>","","Muderiah","District"
41661,251,"YEM","Yemen",14,"Ibb",212,"Al Udayn","<U+0627><U+0644><U+0639><U+062F><U+064A><U+0646>","","Muderiah","District"
41662,251,"YEM","Yemen",14,"Ibb",213,"An Nadirah","<U+0627><U+0644><U+0646><U+0627><U+062F><U+0631><U+0629>","","Muderiah","District"
41663,251,"YEM","Yemen",14,"Ibb",214,"Ar Radmah","<U+0627><U+0644><U+0631><U+0636><U+0645><U+0629>","","Muderiah","District"
41664,251,"YEM","Yemen",14,"Ibb",215,"As Sabrah","<U+0627><U+0644><U+0633><U+0628><U+0631><U+0629>","","Muderiah","District"
41665,251,"YEM","Yemen",14,"Ibb",216,"As Saddah","<U+0627><U+0644><U+0633><U+062F><U+0629>","","Muderiah","District"
41666,251,"YEM","Yemen",14,"Ibb",217,"As Sayyani","<U+0627><U+0644><U+0633><U+064A><U+0627><U+0646><U+064A>","","Muderiah","District"
41667,251,"YEM","Yemen",14,"Ibb",218,"Ash Sha'ir","<U+0627><U+0644><U+0634><U+0639><U+0631>","","Muderiah","District"
41668,251,"YEM","Yemen",14,"Ibb",219,"Ba'dan","<U+0628><U+0639><U+062F><U+0627><U+0646>","","Muderiah","District"
41669,251,"YEM","Yemen",14,"Ibb",220,"Dhi As Sufal","<U+0630><U+064A> <U+0627><U+0644><U+0633><U+0641><U+0627><U+0644>","","Muderiah","District"
41670,251,"YEM","Yemen",14,"Ibb",221,"Far Al Udayn","<U+0641><U+0631><U+0639> <U+0627><U+0644><U+0639><U+062F><U+064A><U+0646>","","Muderiah","District"
41671,251,"YEM","Yemen",14,"Ibb",222,"Hazm Al Udayn","<U+062D><U+0632><U+0645> <U+0627><U+0644><U+0639><U+062F><U+064A><U+0646>","","Muderiah","District"
41672,251,"YEM","Yemen",14,"Ibb",223,"Hubaysh","<U+062D><U+0628><U+064A><U+0634>","","Muderiah","District"
41673,251,"YEM","Yemen",14,"Ibb",224,"Ibb","<U+0625><U+0628>","","Muderiah","District"
41674,251,"YEM","Yemen",14,"Ibb",225,"Jiblah","<U+062C><U+0628><U+0644><U+0629>","","Muderiah","District"
41675,251,"YEM","Yemen",14,"Ibb",226,"Mudhaykhirah","<U+0645><U+0630><U+064A><U+062E><U+0631><U+0629>","","Muderiah","District"
41676,251,"YEM","Yemen",14,"Ibb",227,"Yarim","<U+064A><U+0631><U+064A><U+0645>","","Muderiah","District"
41677,251,"YEM","Yemen",15,"Lahij",228,"Al  Hawtah","<U+0627><U+0644><U+062D><U+0648><U+0637><U+0629>","","Muderiah","District"
41678,251,"YEM","Yemen",15,"Lahij",229,"Al Had","<U+0627><U+0644><U+062D><U+062F>","","Muderiah","District"
41679,251,"YEM","Yemen",15,"Lahij",230,"Al Madaribah Wa Al Arah","<U+0627><U+0644><U+0645><U+0636><U+0627><U+0631><U+0628><U+0629> <U+0648> <U+0627><U+0644><U+0639><U+0627><U+0631><U+0647>","","Muderiah","District"
41680,251,"YEM","Yemen",15,"Lahij",231,"Al Maflahy","<U+0627><U+0644><U+0645><U+0641><U+0644><U+062D><U+064A>","","Muderiah","District"
41681,251,"YEM","Yemen",15,"Lahij",232,"Al Maqatirah","<U+0627><U+0644><U+0645><U+0642><U+0627><U+0637><U+0631><U+0629>","","Muderiah","District"
41682,251,"YEM","Yemen",15,"Lahij",233,"Al Milah","<U+0627><U+0644><U+0645><U+0644><U+0627><U+062D>","","Muderiah","District"
41683,251,"YEM","Yemen",15,"Lahij",234,"Al Musaymir","<U+0627><U+0644><U+0645><U+0633><U+064A><U+0645><U+064A><U+0631>","","Muderiah","District"
41684,251,"YEM","Yemen",15,"Lahij",235,"Al Qabbaytah","<U+0627><U+0644><U+0642><U+0628><U+064A><U+0637><U+0647>","","Muderiah","District"
41685,251,"YEM","Yemen",15,"Lahij",236,"Habil Jabr","<U+062D><U+0628><U+064A><U+0644> <U+062C><U+0628><U+0631>","","Muderiah","District"
41686,251,"YEM","Yemen",15,"Lahij",237,"Halimayn","<U+062D><U+0627><U+0644><U+0645><U+064A><U+0646>","","Muderiah","District"
41687,251,"YEM","Yemen",15,"Lahij",238,"Radfan","<U+0631><U+062F><U+0641><U+0627><U+0646>","","Muderiah","District"
41688,251,"YEM","Yemen",15,"Lahij",239,"Tuban","<U+062A><U+0628><U+0646>","","Muderiah","District"
41689,251,"YEM","Yemen",15,"Lahij",240,"Tur Al Bahah","<U+0637><U+0648><U+0631> <U+0627><U+0644><U+0628><U+0627><U+062D><U+0629>","","Muderiah","District"
41690,251,"YEM","Yemen",15,"Lahij",241,"Yafa'a","<U+064A><U+0627><U+0641><U+0639>","","Muderiah","District"
41691,251,"YEM","Yemen",15,"Lahij",242,"Yahr","<U+064A><U+0647><U+0631>","","Muderiah","District"
41692,251,"YEM","Yemen",16,"Ma'rib",243,"Al Abdiyah","<U+0627><U+0644><U+0639><U+0628><U+062F><U+064A><U+0629>","","Muderiah","District"
41693,251,"YEM","Yemen",16,"Ma'rib",244,"Al Jubah","<U+0627><U+0644><U+062C><U+0648><U+0628><U+0629>","","Muderiah","District"
41694,251,"YEM","Yemen",16,"Ma'rib",245,"Bidbadah","<U+0628><U+062F><U+0628><U+062F><U+0647>","","Muderiah","District"
41695,251,"YEM","Yemen",16,"Ma'rib",246,"Harib Al Qaramish","<U+062D><U+0631><U+064A><U+0628> <U+0627><U+0644><U+0642><U+0631><U+0627><U+0645><U+0634>","","Muderiah","District"
41696,251,"YEM","Yemen",16,"Ma'rib",247,"Harib","<U+062D><U+0631><U+064A><U+0628>","","Muderiah","District"
41697,251,"YEM","Yemen",16,"Ma'rib",248,"Jabal Murad","<U+062C><U+0628><U+0644> <U+0645><U+0631><U+0627><U+062F>","","Muderiah","District"
41698,251,"YEM","Yemen",16,"Ma'rib",249,"Mahliyah","<U+0645><U+0627><U+0647><U+0644><U+064A><U+0647>","","Muderiah","District"
41699,251,"YEM","Yemen",16,"Ma'rib",250,"Majzar","<U+0645><U+062C><U+0632><U+0631>","","Muderiah","District"
41700,251,"YEM","Yemen",16,"Ma'rib",251,"Marib City","<U+0645><U+062F><U+064A><U+0646><U+0629> <U+0645><U+0623><U+0631><U+0628>","","Muderiah","District"
41701,251,"YEM","Yemen",16,"Ma'rib",252,"Marib","<U+0645><U+0623><U+0631><U+0628>","","Muderiah","District"
41702,251,"YEM","Yemen",16,"Ma'rib",253,"Medghal","<U+0645><U+062F><U+063A><U+0644>","","Muderiah","District"
41703,251,"YEM","Yemen",16,"Ma'rib",254,"Raghwan","<U+0631><U+063A><U+0648><U+0627><U+0646>","","Muderiah","District"
41704,251,"YEM","Yemen",16,"Ma'rib",255,"Rahabah","<U+0631><U+062D><U+0628><U+0647>","","Muderiah","District"
41705,251,"YEM","Yemen",16,"Ma'rib",256,"Sirwah","<U+0635><U+0631><U+0648><U+0627><U+062D>","","Muderiah","District"
41706,251,"YEM","Yemen",17,"Raymah",257,"Al Jabin","<U+0627><U+0644><U+062C><U+0628><U+064A><U+0646>","","Muderiah","District"
41707,251,"YEM","Yemen",17,"Raymah",258,"Al Jafariyah","<U+0627><U+0644><U+062C><U+0639><U+0641><U+0631><U+064A><U+0629>","","Muderiah","District"
41708,251,"YEM","Yemen",17,"Raymah",259,"As Salafiyah","<U+0627><U+0644><U+0633><U+0644><U+0641><U+064A><U+0629>","","Muderiah","District"
41709,251,"YEM","Yemen",17,"Raymah",260,"Bilad At Ta'am","<U+0628><U+0644><U+0627><U+062F> <U+0627><U+0644><U+0637><U+0639><U+0627><U+0645>","","Muderiah","District"
41710,251,"YEM","Yemen",17,"Raymah",261,"Kusmah","<U+0643><U+0633><U+0645><U+0647>","","Muderiah","District"
41711,251,"YEM","Yemen",17,"Raymah",262,"Mazhar","<U+0645><U+0632><U+0647><U+0631>","","Muderiah","District"
41712,251,"YEM","Yemen",18,"Sa`dah",263,"Al Dhaher","<U+0627><U+0644><U+0638><U+0627><U+0647><U+0631>","","Muderiah","District"
41713,251,"YEM","Yemen",18,"Sa`dah",264,"Al Hashwah","<U+0627><U+0644><U+062D><U+0634><U+0648><U+0647>","","Muderiah","District"
41714,251,"YEM","Yemen",18,"Sa`dah",265,"As Safra","<U+0627><U+0644><U+0635><U+0641><U+0631><U+0627><U+0621>","","Muderiah","District"
41715,251,"YEM","Yemen",18,"Sa`dah",266,"Baqim","<U+0628><U+0627><U+0642><U+0645>","","Muderiah","District"
41716,251,"YEM","Yemen",18,"Sa`dah",267,"Ghamr","<U+063A><U+0645><U+0631>","","Muderiah","District"
41717,251,"YEM","Yemen",18,"Sa`dah",268,"Haydan","<U+062D><U+064A><U+062F><U+0627><U+0646>","","Muderiah","District"
41718,251,"YEM","Yemen",18,"Sa`dah",269,"Kitaf wa Al Boqe'e","<U+0643><U+062A><U+0627><U+0641> <U+0648><U+0627><U+0644><U+0628><U+0642><U+0639>","","Muderiah","District"
41719,251,"YEM","Yemen",18,"Sa`dah",270,"Majz","<U+0645><U+062C><U+0632>","","Muderiah","District"
41720,251,"YEM","Yemen",18,"Sa`dah",271,"Monabbih","<U+0645><U+0646><U+0628><U+0647>","","Muderiah","District"
41721,251,"YEM","Yemen",18,"Sa`dah",272,"Qatabir","<U+0642><U+0637><U+0627><U+0628><U+0631>","","Muderiah","District"
41722,251,"YEM","Yemen",18,"Sa`dah",273,"Razih","<U+0631><U+0627><U+0632><U+062D>","","Muderiah","District"
41723,251,"YEM","Yemen",18,"Sa`dah",274,"Sa'adah","<U+0635><U+0639><U+062F><U+0629>","","Muderiah","District"
41724,251,"YEM","Yemen",18,"Sa`dah",275,"Sahar","<U+0633><U+062D><U+0627><U+0631>","","Muderiah","District"
41725,251,"YEM","Yemen",18,"Sa`dah",276,"Saqayn","<U+0633><U+0627><U+0642><U+064A><U+0646>","","Muderiah","District"
41726,251,"YEM","Yemen",18,"Sa`dah",277,"Shada'a","<U+0634><U+062F><U+0627><U+0621>","","Muderiah","District"
41727,251,"YEM","Yemen",19,"San`a'",278,"Al Haymah Ad Dakhiliyah","<U+0627><U+0644><U+062D><U+064A><U+0645><U+0629> <U+0627><U+0644><U+062F><U+0627><U+062E><U+0644><U+064A><U+0629>","","Muderiah","District"
41728,251,"YEM","Yemen",19,"San`a'",279,"Al Haymah Al Kharijiyah","<U+0627><U+0644><U+062D><U+064A><U+0645><U+0629> <U+0627><U+0644><U+062E><U+0627><U+0631><U+062C><U+064A><U+0629>","","Muderiah","District"
41729,251,"YEM","Yemen",19,"San`a'",280,"Al Husn","<U+0627><U+0644><U+062D><U+0635><U+0646>","","Muderiah","District"
41730,251,"YEM","Yemen",19,"San`a'",281,"Arhab","<U+0627><U+0631><U+062D><U+0628>","","Muderiah","District"
41731,251,"YEM","Yemen",19,"San`a'",282,"Attyal","<U+0627><U+0644><U+0637><U+064A><U+0627><U+0644>","","Muderiah","District"
41732,251,"YEM","Yemen",19,"San`a'",283,"Bani Dhabyan","<U+0628><U+0646><U+064A> <U+0636><U+0628><U+064A><U+0627><U+0646>","","Muderiah","District"
41733,251,"YEM","Yemen",19,"San`a'",284,"Bani Hushaysh","<U+0628><U+0646><U+064A> <U+062D><U+0634><U+064A><U+0634>","","Muderiah","District"
41734,251,"YEM","Yemen",19,"San`a'",285,"Bani Matar","<U+0628><U+0646><U+064A> <U+0645><U+0637><U+0631>","","Muderiah","District"
41735,251,"YEM","Yemen",19,"San`a'",286,"Bilad Ar Rus","<U+0628><U+0644><U+0627><U+062F> <U+0627><U+0644><U+0631><U+0648><U+0633>","","Muderiah","District"
41736,251,"YEM","Yemen",19,"San`a'",287,"Hamdan","<U+0647><U+0645><U+062F><U+0627><U+0646>","","Muderiah","District"
41737,251,"YEM","Yemen",19,"San`a'",288,"Jihanah","<U+062C><U+062D><U+0627><U+0646><U+0629>","","Muderiah","District"
41738,251,"YEM","Yemen",19,"San`a'",289,"Khwlan","<U+062E><U+0648><U+0644><U+0627><U+0646>","","Muderiah","District"
41739,251,"YEM","Yemen",21,"Ta`izz",315,"Al Mudhaffar","<U+0627><U+0644><U+0645><U+0638><U+0641><U+0631>","","Muderiah","District"
41740,251,"YEM","Yemen",21,"Ta`izz",316,"Al Qahirah","<U+0627><U+0644><U+0642><U+0627><U+0647><U+0631><U+0629>","","Muderiah","District"
41741,251,"YEM","Yemen",21,"Ta`izz",317,"Al Wazi'iyah","<U+0627><U+0644><U+0648><U+0627><U+0632><U+0639><U+064A><U+0629>","","Muderiah","District"
41742,251,"YEM","Yemen",21,"Ta`izz",318,"As Silw","<U+0627><U+0644><U+0635><U+0644><U+0648>","","Muderiah","District"
41743,251,"YEM","Yemen",21,"Ta`izz",319,"Ash Shamayatayn","<U+0627><U+0644><U+0634><U+0645><U+0627><U+064A><U+062A><U+064A><U+0646>","","Muderiah","District"
41744,251,"YEM","Yemen",21,"Ta`izz",320,"At Ta'iziyah","<U+0627><U+0644><U+062A><U+0639><U+0632><U+064A><U+0629>","","Muderiah","District"
41745,251,"YEM","Yemen",21,"Ta`izz",321,"Dhubab","<U+0630><U+0628><U+0627><U+0628>","","Muderiah","District"
41746,251,"YEM","Yemen",21,"Ta`izz",322,"Dimnat Khadir","<U+062F><U+0645><U+0646><U+0629> <U+062E><U+062F><U+064A><U+0631>","","Muderiah","District"
41747,251,"YEM","Yemen",21,"Ta`izz",323,"Hayfan","<U+062D><U+064A><U+0641><U+0627><U+0646>","","Muderiah","District"
41748,251,"YEM","Yemen",21,"Ta`izz",324,"Jabal Habashy","<U+062C><U+0628><U+0644> <U+062D><U+0628><U+0634><U+064A>","","Muderiah","District"
41749,251,"YEM","Yemen",21,"Ta`izz",325,"Maqbanah","<U+0645><U+0642><U+0628><U+0646><U+0629>","","Muderiah","District"
41750,251,"YEM","Yemen",21,"Ta`izz",326,"Mashra'a Wa Hadnan","<U+0645><U+0634><U+0631><U+0639><U+0629> <U+0648><U+062D><U+062F><U+0646><U+0627><U+0646>","","Muderiah","District"
41751,251,"YEM","Yemen",21,"Ta`izz",327,"Mawiyah","<U+0645><U+0627><U+0648><U+064A><U+0629>","","Muderiah","District"
41752,251,"YEM","Yemen",21,"Ta`izz",328,"Mawza","<U+0645><U+0648><U+0632><U+0639>","","Muderiah","District"
41753,251,"YEM","Yemen",21,"Ta`izz",329,"Sabir Al Mawadim","<U+0635><U+0628><U+0631> <U+0627><U+0644><U+0645><U+0648><U+0627><U+062F><U+0645>","","Muderiah","District"
41754,251,"YEM","Yemen",21,"Ta`izz",330,"Salh","<U+0635><U+0627><U+0644><U+0629>","","Muderiah","District"
41755,251,"YEM","Yemen",21,"Ta`izz",331,"Sama","<U+0633><U+0627><U+0645><U+0639>","","Muderiah","District"
41756,251,"YEM","Yemen",21,"Ta`izz",332,"Shara'b Ar Rawnah","<U+0634><U+0631><U+0639><U+0628> <U+0627><U+0644><U+0631><U+0648><U+0646><U+0629>","","Muderiah","District"
41757,251,"YEM","Yemen",21,"Ta`izz",333,"Shara'b As Salam","<U+0634><U+0631><U+0639><U+0628> <U+0627><U+0644><U+0633><U+0644><U+0627><U+0645>","","Muderiah","District"
