"PID","ID_0","ISO","NAME_0","ID_1","NAME_1","ID_2","NAME_2","NL_NAME_2","VARNAME_2","TYPE_2","ENGTYPE_2"
10292,36,"BGR","Bulgaria",1,"Blagoevgrad",1,"Bansko","<U+0411><U+0430><U+043D><U+0441><U+043A><U+043E>","","Obshtina","Municipality"
10293,36,"BGR","Bulgaria",1,"Blagoevgrad",2,"Belitsa","<U+0411><U+0435><U+043B><U+0438><U+0446><U+0430>","","Obshtina","Municipality"
10294,36,"BGR","Bulgaria",1,"Blagoevgrad",3,"Blagoevgrad","<U+0411><U+043B><U+0430><U+0433><U+043E><U+0435><U+0432><U+0433><U+0440><U+0430><U+0434>","Gorna Dzhumaya","City","City"
10295,36,"BGR","Bulgaria",1,"Blagoevgrad",4,"Garmen","<U+0413><U+044A><U+0440><U+043C><U+0435><U+043D>","","Obshtina","Municipality"
10296,36,"BGR","Bulgaria",1,"Blagoevgrad",5,"Gotse Delchev","<U+0413><U+043E><U+0446><U+0435> <U+0414><U+0435><U+043B><U+0447><U+0435><U+0432>","Goce Delcev|Goce Delchev","Obshtina","Municipality"
10297,36,"BGR","Bulgaria",1,"Blagoevgrad",6,"Hadzhidimovo","<U+0425><U+0430><U+0434><U+0436><U+0438><U+0434><U+0438><U+043C><U+043E><U+0432><U+043E>","","Obshtina","Municipality"
10298,36,"BGR","Bulgaria",1,"Blagoevgrad",7,"Kresna","<U+041A><U+0440><U+0435><U+0441><U+043D><U+0430>","","Obshtina","Municipality"
10299,36,"BGR","Bulgaria",1,"Blagoevgrad",8,"Petrich","<U+041F><U+0435><U+0442><U+0440><U+0438><U+0447>","","Obshtina","Municipality"
10300,36,"BGR","Bulgaria",1,"Blagoevgrad",9,"Razlog","<U+0420><U+0430><U+0437><U+043B><U+043E><U+0433>","","Obshtina","Municipality"
10301,36,"BGR","Bulgaria",1,"Blagoevgrad",10,"Sandanski","<U+0421><U+0430><U+043D><U+0434><U+0430><U+043D><U+0441><U+043A><U+0438>","Sveti Vrach","Obshtina","Municipality"
10302,36,"BGR","Bulgaria",1,"Blagoevgrad",11,"Satovcha","<U+0421><U+0430><U+0442><U+043E><U+0432><U+0447><U+0430>","Satovitsa| Svatovitsa","Obshtina","Municipality"
10303,36,"BGR","Bulgaria",1,"Blagoevgrad",12,"Simitli","<U+0421><U+0438><U+043C><U+0438><U+0442><U+043B><U+0438>","","Obshtina","Municipality"
10304,36,"BGR","Bulgaria",1,"Blagoevgrad",13,"Strumyani","","","Obshtina","Municipality"
10305,36,"BGR","Bulgaria",1,"Blagoevgrad",14,"Yakoruda","<U+042F><U+043A><U+043E><U+0440><U+0443><U+0434><U+0430>","","Obshtina","Municipality"
10306,36,"BGR","Bulgaria",2,"Burgas",15,"Aitos","<U+0410><U+0439><U+0442><U+043E><U+0441>","Aytos|Aetós|Ajtos","Obshtina","Municipality"
10307,36,"BGR","Bulgaria",2,"Burgas",16,"Burgas","<U+0411><U+0443><U+0440><U+0433><U+0430><U+0441>","Bourgas","City","City"
10308,36,"BGR","Bulgaria",2,"Burgas",17,"Kameno","","","Obshtina","Municipality"
10309,36,"BGR","Bulgaria",2,"Burgas",18,"Karnobat","<U+041A><U+0430><U+0440><U+043D><U+043E><U+0431><U+0430><U+0442>","","Obshtina","Municipality"
10310,36,"BGR","Bulgaria",2,"Burgas",19,"Malko Tarnovo","<U+041C><U+0430><U+043B><U+043A><U+043E> <U+0422><U+044A><U+0440><U+043D><U+043E><U+0432><U+043E>","","Obshtina","Municipality"
10311,36,"BGR","Bulgaria",2,"Burgas",20,"Nesebar","<U+041D><U+0435><U+0441><U+0435><U+0431><U+044A><U+0440>","Nesebar","Obshtina","Municipality"
10312,36,"BGR","Bulgaria",2,"Burgas",21,"Pomorie","<U+041F><U+043E><U+043C><U+043E><U+0440><U+0438><U+0435>","Anchialos|Anchialus|Tuthom|Anhialo|Ahyolu","Obshtina","Municipality"
10313,36,"BGR","Bulgaria",2,"Burgas",22,"Primorsko","","","Obshtina","Municipality"
10314,36,"BGR","Bulgaria",2,"Burgas",23,"Ruen","","","Obshtina","Municipality"
10315,36,"BGR","Bulgaria",2,"Burgas",24,"Sozopol","<U+0421><U+043E><U+0437><U+043E><U+043F><U+043E><U+043B>","","Obshtina","Municipality"
10316,36,"BGR","Bulgaria",2,"Burgas",25,"Sredets","<U+0421><U+0440><U+0435><U+0434><U+0435><U+0446>","","Obshtina","Municipality"
10317,36,"BGR","Bulgaria",2,"Burgas",26,"Sungurlare","","","Obshtina","Municipality"
10318,36,"BGR","Bulgaria",2,"Burgas",27,"Tsarevo","<U+0426><U+0430><U+0440><U+0435><U+0432><U+043E>","Carevo|Tzarevo|Vasiliko|Michurin","Obshtina","Municipality"
10319,36,"BGR","Bulgaria",3,"Dobrich",28,"Balchik","<U+0411><U+0430><U+043B><U+0447><U+0438><U+043A>","<U+039A><U+03C1><U+03BF><U+03C5><U+03BD><U+03BF><U+03B9>|Dionysopolis|Balcic","Obshtina","Municipality"
10320,36,"BGR","Bulgaria",3,"Dobrich",29,"Dobrich-selska","","","Obshtina","Municipality"
10321,36,"BGR","Bulgaria",3,"Dobrich",30,"Dobrich","<U+0414><U+043E><U+0431><U+0440><U+0438><U+0447>","Bazargic","City","City"
10322,36,"BGR","Bulgaria",3,"Dobrich",31,"General Toshevo","","","Obshtina","Municipality"
10323,36,"BGR","Bulgaria",3,"Dobrich",32,"Kavarna","<U+041A><U+0430><U+0432><U+0430><U+0440><U+043D><U+0430>","Cavarna","Obshtina","Municipality"
10324,36,"BGR","Bulgaria",3,"Dobrich",33,"Krushari","","","Obshtina","Municipality"
10325,36,"BGR","Bulgaria",3,"Dobrich",34,"Shabla","<U+0428><U+0430><U+0431><U+043B><U+0430>","Sabla","Obshtina","Municipality"
10326,36,"BGR","Bulgaria",3,"Dobrich",35,"Tervel","<U+0422><U+0435><U+0440><U+0432><U+0435><U+043B>","Tarvel|Terval|Terbelis","Obshtina","Municipality"
10327,36,"BGR","Bulgaria",4,"Gabrovo",36,"Dryanovo","<U+0414><U+0440><U+044F><U+043D><U+043E><U+0432><U+043E>","","Obshtina","Municipality"
10328,36,"BGR","Bulgaria",4,"Gabrovo",37,"Gabrovo","<U+0413><U+0430><U+0431><U+0440><U+043E><U+0432><U+043E>","","City","City"
10329,36,"BGR","Bulgaria",4,"Gabrovo",38,"Sevlievo","<U+0421><U+0435><U+0432><U+043B><U+0438><U+0435><U+0432><U+043E>","","Obshtina","Municipality"
10330,36,"BGR","Bulgaria",4,"Gabrovo",39,"Tryavna","<U+0422><U+0440><U+044F><U+0432><U+043D><U+0430>","","Obshtina","Municipality"
10331,36,"BGR","Bulgaria",5,"Grad Sofiya",40,"Stolichna","","","City","City"
10332,36,"BGR","Bulgaria",6,"Haskovo",41,"Dimitrovgrad","<U+0414><U+0438><U+043C><U+0438><U+0442><U+0440><U+043E><U+0432><U+0433><U+0440><U+0430><U+0434>","","Obshtina","Municipality"
10333,36,"BGR","Bulgaria",6,"Haskovo",42,"Harmanli","<U+0425><U+0430><U+0440><U+043C><U+0430><U+043D><U+043B><U+0438>","","Obshtina","Municipality"
10334,36,"BGR","Bulgaria",6,"Haskovo",43,"Haskovo","<U+0425><U+0430><U+0441><U+043A><U+043E><U+0432><U+043E>","","City","City"
10335,36,"BGR","Bulgaria",6,"Haskovo",44,"Ivaylovgrad","<U+0418><U+0432><U+0430><U+0439><U+043B><U+043E><U+0432><U+0433><U+0440><U+0430><U+0434>","","Obshtina","Municipality"
10336,36,"BGR","Bulgaria",6,"Haskovo",45,"Lyubimets","<U+041B><U+044E><U+0431><U+0438><U+043C><U+0435><U+0446>","","Obshtina","Municipality"
10337,36,"BGR","Bulgaria",6,"Haskovo",46,"Madzharovo","<U+041C><U+0430><U+0434><U+0436><U+0430><U+0440><U+043E><U+0432><U+043E>","Dupnitsa","Obshtina","Municipality"
10338,36,"BGR","Bulgaria",6,"Haskovo",47,"Mineralni Bani","","","Obshtina","Municipality"
10339,36,"BGR","Bulgaria",6,"Haskovo",48,"Simeonovgrad","<U+0421><U+0438><U+043C><U+0435><U+043E><U+043D><U+043E><U+0432><U+0433><U+0440><U+0430><U+0434>","","Obshtina","Municipality"
10340,36,"BGR","Bulgaria",6,"Haskovo",49,"Stambolovo","","","Obshtina","Municipality"
10341,36,"BGR","Bulgaria",6,"Haskovo",50,"Svilengrad","<U+0421><U+0432><U+0438><U+043B><U+0435><U+043D><U+0433><U+0440><U+0430><U+0434>","","Obshtina","Municipality"
10342,36,"BGR","Bulgaria",6,"Haskovo",51,"Topolovgrad","<U+0422><U+043E><U+043F><U+043E><U+043B><U+043E><U+0432><U+0433><U+0440><U+0430><U+0434>","","Obshtina","Municipality"
10343,36,"BGR","Bulgaria",7,"Kardzhali",52,"Ardino","<U+0410><U+0440><U+0434><U+0438><U+043D><U+043E>","Egridere","Obshtina","Municipality"
10344,36,"BGR","Bulgaria",7,"Kardzhali",53,"Chernoochene","","Karagözler","Obshtina","Municipality"
10345,36,"BGR","Bulgaria",7,"Kardzhali",54,"Dzhebel","<U+0414><U+0436><U+0435><U+0431><U+0435><U+043B>","Cebel)","Obshtina","Municipality"
10346,36,"BGR","Bulgaria",7,"Kardzhali",55,"Kardzhali","<U+041A><U+044A><U+0440><U+0434><U+0436><U+0430><U+043B><U+0438>","Kircaali","City","City"
10347,36,"BGR","Bulgaria",7,"Kardzhali",56,"Kirkovo","<U+041A><U+0438><U+0440><U+043A><U+043E><U+0432><U+043E>","","Obshtina","Municipality"
10348,36,"BGR","Bulgaria",7,"Kardzhali",57,"Krumovgrad","<U+041A><U+0440><U+0443><U+043C><U+043E><U+0432><U+0433><U+0440><U+0430><U+0434>","Kosukavak","Obshtina","Municipality"
10349,36,"BGR","Bulgaria",7,"Kardzhali",58,"Momchilgrad","<U+041C><U+043E><U+043C><U+0447><U+0438><U+043B><U+0433><U+0440><U+0430><U+0434>","Mestanli","Obshtina","Municipality"
10350,36,"BGR","Bulgaria",7,"Kardzhali",59,"Skalna Glava","","","Obshtina","Municipality"
10351,36,"BGR","Bulgaria",8,"Kyustendil",60,"Boboshevo","<U+0411><U+043E><U+0431><U+043E><U+0448><U+0435><U+0432><U+043E>","","Obshtina","Municipality"
10352,36,"BGR","Bulgaria",8,"Kyustendil",61,"Bobovdol","<U+0411><U+043E><U+0431><U+043E><U+0432> <U+0434><U+043E><U+043B>","Bobov Dol","Obshtina","Municipality"
10353,36,"BGR","Bulgaria",8,"Kyustendil",62,"Dupnitsa","<U+0414><U+0443><U+043F><U+043D><U+0438><U+0446><U+0430>","Dupnitza|Dupnica","Obshtina","Municipality"
10354,36,"BGR","Bulgaria",8,"Kyustendil",63,"Kocherinovo","","","Obshtina","Municipality"
10355,36,"BGR","Bulgaria",8,"Kyustendil",64,"Kyustendil","","","City","City"
10356,36,"BGR","Bulgaria",8,"Kyustendil",65,"Nevestino","","","Obshtina","Municipality"
10357,36,"BGR","Bulgaria",8,"Kyustendil",66,"Rila","","","Obshtina","Municipality"
10358,36,"BGR","Bulgaria",8,"Kyustendil",67,"Sapareva Banya","<U+0421><U+0430><U+043F><U+0430><U+0440><U+0435><U+0432><U+0430> <U+0431><U+0430><U+043D><U+044F>","","Obshtina","Municipality"
10359,36,"BGR","Bulgaria",8,"Kyustendil",68,"Treklyano","","","Obshtina","Municipality"
10360,36,"BGR","Bulgaria",9,"Lovech",69,"Apriltsi","<U+0410><U+043F><U+0440><U+0438><U+043B><U+0446><U+0438>","","Obshtina","Municipality"
10361,36,"BGR","Bulgaria",9,"Lovech",70,"Letnitsa","","","Obshtina","Municipality"
10362,36,"BGR","Bulgaria",9,"Lovech",71,"Loukovit","<U+041B><U+0443><U+043A><U+043E><U+0432><U+0438><U+0442>","Lukovit","Obshtina","Municipality"
10363,36,"BGR","Bulgaria",9,"Lovech",72,"Lovech","<U+041B><U+043E><U+0432><U+0435><U+0447>","","City","City"
10364,36,"BGR","Bulgaria",9,"Lovech",73,"Teteven","<U+0422><U+0435><U+0442><U+0435><U+0432><U+0435><U+043D>","","Obshtina","Municipality"
10365,36,"BGR","Bulgaria",9,"Lovech",74,"Troyan","<U+0422><U+0440><U+043E><U+044F><U+043D>","Troian","Obshtina","Municipality"
10366,36,"BGR","Bulgaria",9,"Lovech",75,"Ugarchin","<U+0423><U+0433><U+044A><U+0440><U+0447><U+0438><U+043D>","Ougarchin","Obshtina","Municipality"
10367,36,"BGR","Bulgaria",9,"Lovech",76,"Yablanitsa","<U+042F><U+0431><U+043B><U+0430><U+043D><U+0438><U+0446><U+0430>","Jablanica| Lablanica| Yablanica| Jablanitsa| Lablanitsa| Jablanitza| Yablanitza| Lablanitza","Obshtina","Municipality"
10368,36,"BGR","Bulgaria",10,"Montana",77,"Berkovitsa","<U+0411><U+0435><U+0440><U+043A><U+043E><U+0432><U+0438><U+0446><U+0430>","","Obshtina","Municipality"
10369,36,"BGR","Bulgaria",10,"Montana",78,"Boichinovtsi","<U+0411><U+043E><U+0439><U+0447><U+0438><U+043D><U+043E><U+0432><U+0446><U+0438>","Boychinovtsi","Obshtina","Municipality"
10370,36,"BGR","Bulgaria",10,"Montana",79,"Brusartsi","<U+0411><U+0440><U+0443><U+0441><U+0430><U+0440><U+0446><U+0438>","","Obshtina","Municipality"
10371,36,"BGR","Bulgaria",10,"Montana",80,"Chiprovtsi","<U+0427><U+0438><U+043F><U+0440><U+043E><U+0432><U+0446><U+0438>","","Obshtina","Municipality"
10372,36,"BGR","Bulgaria",10,"Montana",81,"Georgy Damyanovo","","Georgi Damyanovo","Obshtina","Municipality"
10373,36,"BGR","Bulgaria",10,"Montana",82,"Lom","<U+041B><U+043E><U+043C>","","Obshtina","Municipality"
10374,36,"BGR","Bulgaria",10,"Montana",83,"Medkovets","","","Obshtina","Municipality"
10375,36,"BGR","Bulgaria",10,"Montana",84,"Montana","<U+041C><U+043E><U+043D><U+0442><U+0430><U+043D><U+0430>","","City","City"
10376,36,"BGR","Bulgaria",10,"Montana",85,"Valchedram","","","Obshtina","Municipality"
10377,36,"BGR","Bulgaria",10,"Montana",86,"Varshets","<U+0412><U+044A><U+0440><U+0448><U+0435><U+0446>","","Obshtina","Municipality"
10378,36,"BGR","Bulgaria",10,"Montana",87,"Yakimovo","","","Obshtina","Municipality"
10379,36,"BGR","Bulgaria",11,"Pazardzhik",88,"Batak","<U+0411><U+0430><U+0442><U+0430><U+043A>","","Obshtina","Municipality"
10380,36,"BGR","Bulgaria",11,"Pazardzhik",89,"Belovo","<U+0411><U+0435><U+043B><U+043E><U+0432><U+043E>","","Obshtina","Municipality"
10381,36,"BGR","Bulgaria",11,"Pazardzhik",90,"Bratsigovo","<U+0411><U+0440><U+0430><U+0446><U+0438><U+0433><U+043E><U+0432><U+043E>","","Obshtina","Municipality"
10382,36,"BGR","Bulgaria",11,"Pazardzhik",91,"Lesichevo","","Lesichovo","Obshtina","Municipality"
10383,36,"BGR","Bulgaria",11,"Pazardzhik",92,"Panagyurishte","<U+041F><U+0430><U+043D><U+0430><U+0433><U+044E><U+0440><U+0438><U+0449><U+0435>","","Obshtina","Municipality"
10384,36,"BGR","Bulgaria",11,"Pazardzhik",93,"Pazardzhik","<U+041F><U+0430><U+0437><U+0430><U+0440><U+0434><U+0436><U+0438><U+043A>|","Pazardjik|Pazarjik","City","City"
10385,36,"BGR","Bulgaria",11,"Pazardzhik",94,"Peshtera","<U+041F><U+0435><U+0449><U+0435><U+0440><U+0430>","","Obshtina","Municipality"
10386,36,"BGR","Bulgaria",11,"Pazardzhik",95,"Rakitovo","<U+0420><U+0430><U+043A><U+0438><U+0442><U+043E><U+0432><U+043E>","","Obshtina","Municipality"
10387,36,"BGR","Bulgaria",11,"Pazardzhik",96,"Septemvri","<U+0421><U+0435><U+043F><U+0442><U+0435><U+043C><U+0432><U+0440><U+0438>","","Obshtina","Municipality"
10388,36,"BGR","Bulgaria",11,"Pazardzhik",97,"Strelcha","<U+0421><U+0442><U+0440><U+0435><U+043B><U+0447><U+0430>","","Obshtina","Municipality"
10389,36,"BGR","Bulgaria",11,"Pazardzhik",98,"Velingrad","<U+0412><U+0435><U+043B><U+0438><U+043D><U+0433><U+0440><U+0430><U+0434>","","Obshtina","Municipality"
10390,36,"BGR","Bulgaria",12,"Pernik",99,"Breznik","<U+0411><U+0440><U+0435><U+0437><U+043D><U+0438><U+043A>","","Obshtina","Municipality"
10391,36,"BGR","Bulgaria",12,"Pernik",100,"Kovachevtsi","","","Obshtina","Municipality"
10392,36,"BGR","Bulgaria",12,"Pernik",101,"Pernik","<U+041F><U+0435><U+0440><U+043D><U+0438><U+043A>","","City","City"
10393,36,"BGR","Bulgaria",12,"Pernik",102,"Radomir","<U+0420><U+0430><U+0434><U+043E><U+043C><U+0438><U+0440>","","Obshtina","Municipality"
10394,36,"BGR","Bulgaria",12,"Pernik",103,"Tran","<U+0422><U+0440><U+044A><U+043D>","","Obshtina","Municipality"
10395,36,"BGR","Bulgaria",12,"Pernik",104,"Zemen","<U+0417><U+0435><U+043C><U+0435><U+043D>","","Obshtina","Municipality"
10396,36,"BGR","Bulgaria",13,"Pleven",105,"Belene","<U+0411><U+0435><U+043B><U+0435><U+043D><U+0435>","","Obshtina","Municipality"
10397,36,"BGR","Bulgaria",13,"Pleven",106,"Cherven Bryag","<U+0427><U+0435><U+0440><U+0432><U+0435><U+043D> <U+0431><U+0440><U+044F><U+0433>","","Obshtina","Municipality"
10398,36,"BGR","Bulgaria",13,"Pleven",107,"Dolna Mitropoliya","","Dolna Mutropolia","Obshtina","Municipality"
10399,36,"BGR","Bulgaria",13,"Pleven",108,"Dolni Dabnik","<U+0414><U+043E><U+043B><U+043D><U+0438> <U+0414><U+044A><U+0431><U+043D><U+0438><U+043A>","","Obshtina","Municipality"
10400,36,"BGR","Bulgaria",13,"Pleven",109,"Gulyantsi","","","Obshtina","Municipality"
10401,36,"BGR","Bulgaria",13,"Pleven",110,"Iskar","","","Obshtina","Municipality"
10402,36,"BGR","Bulgaria",13,"Pleven",111,"Knezha","<U+041A><U+043D><U+0435><U+0436><U+0430>)","","Obshtina","Municipality"
10403,36,"BGR","Bulgaria",13,"Pleven",112,"Levski","<U+041B><U+0435><U+0432><U+0441><U+043A><U+0438>","","Obshtina","Municipality"
10404,36,"BGR","Bulgaria",13,"Pleven",113,"Nikopol","<U+041D><U+0438><U+043A><U+043E><U+043F><U+043E><U+043B>","","Obshtina","Municipality"
10405,36,"BGR","Bulgaria",13,"Pleven",114,"Pleven","<U+041F><U+043B><U+0435><U+0432><U+0435><U+043D><U+0441><U+043A><U+0430>","Plevenska","City","City"
10406,36,"BGR","Bulgaria",13,"Pleven",115,"Pordim","","","Obshtina","Municipality"
10407,36,"BGR","Bulgaria",14,"Plovdiv",116,"Asenovgrad","<U+0410><U+0441><U+0435><U+043D><U+043E><U+0432><U+0433><U+0440><U+0430><U+0434>","","Obshtina","Municipality"
10408,36,"BGR","Bulgaria",14,"Plovdiv",117,"Brezovo","<U+0411><U+0440><U+0435><U+0437><U+043E><U+0432><U+043E>","","Obshtina","Municipality"
10409,36,"BGR","Bulgaria",14,"Plovdiv",118,"Hisar","<U+0425><U+0438><U+0441><U+0430><U+0440><U+044F>","Hisarya|Hissarya","Obshtina","Municipality"
10410,36,"BGR","Bulgaria",14,"Plovdiv",119,"Kaloyanovo","<U+041A><U+0430><U+043B><U+043E><U+044F><U+043D><U+043E><U+0432><U+043E>","","Obshtina","Municipality"
10411,36,"BGR","Bulgaria",14,"Plovdiv",120,"Karlovo","<U+041A><U+0430><U+0440><U+043B><U+043E><U+0432><U+043E>","","Obshtina","Municipality"
10412,36,"BGR","Bulgaria",14,"Plovdiv",121,"Krichim","<U+041A><U+0440><U+0438><U+0447><U+0438><U+043C>","","Obshtina","Municipality"
10413,36,"BGR","Bulgaria",14,"Plovdiv",122,"Laki","<U+041B><U+044A><U+043A><U+0438>","","Obshtina","Municipality"
10414,36,"BGR","Bulgaria",14,"Plovdiv",123,"Maritsa","","","Obshtina","Municipality"
10415,36,"BGR","Bulgaria",14,"Plovdiv",124,"Parvomay","","","Obshtina","Municipality"
10416,36,"BGR","Bulgaria",14,"Plovdiv",125,"Perushtitsa","<U+041F><U+0435><U+0440><U+0443><U+0449><U+0438><U+0446><U+0430>","","Obshtina","Municipality"
10417,36,"BGR","Bulgaria",14,"Plovdiv",126,"Plovdiv","<U+041F><U+043B><U+043E><U+0432><U+0434><U+0438><U+0432>","","City","City"
10418,36,"BGR","Bulgaria",14,"Plovdiv",127,"Rakovski","<U+0420><U+0430><U+043A><U+043E><U+0432><U+0441><U+043A><U+0438>","","Obshtina","Municipality"
10419,36,"BGR","Bulgaria",14,"Plovdiv",128,"Rodopi","","","Obshtina","Municipality"
10420,36,"BGR","Bulgaria",14,"Plovdiv",129,"Sadovo","<U+0421><U+0430><U+0434><U+043E><U+0432><U+043E>","","Obshtina","Municipality"
10421,36,"BGR","Bulgaria",14,"Plovdiv",130,"Saedinenie","<U+041E><U+0431><U+0449><U+0438><U+043D><U+0430> <U+0421><U+044A><U+0435><U+0434><U+0438><U+043D><U+0435><U+043D><U+0438><U+0435>","","Obshtina","Municipality"
10422,36,"BGR","Bulgaria",14,"Plovdiv",131,"Stamboliyski","<U+0421><U+0442><U+0430><U+043C><U+0431><U+043E><U+043B><U+0438><U+0439><U+0441><U+043A><U+0438>","","Obshtina","Municipality"
10423,36,"BGR","Bulgaria",15,"Razgrad",132,"Isperih","<U+0418><U+0441><U+043F><U+0435><U+0440><U+0438><U+0445>","Kemallar","Obshtina","Municipality"
10424,36,"BGR","Bulgaria",15,"Razgrad",133,"Kubrat","<U+041A><U+0443><U+0431><U+0440><U+0430><U+0442>","Balbunar","Obshtina","Municipality"
10425,36,"BGR","Bulgaria",15,"Razgrad",134,"Loznitsa","","","Obshtina","Municipality"
10426,36,"BGR","Bulgaria",15,"Razgrad",135,"Razgrad","<U+0420><U+0430><U+0437><U+0433><U+0440><U+0430><U+0434>","","City","City"
10427,36,"BGR","Bulgaria",15,"Razgrad",136,"Samuil","","","Obshtina","Municipality"
10428,36,"BGR","Bulgaria",15,"Razgrad",137,"Tsar Kaloyan","<U+0426><U+0430><U+0440> <U+041A><U+0430><U+043B><U+043E><U+044F><U+043D>","","Obshtina","Municipality"
10429,36,"BGR","Bulgaria",15,"Razgrad",138,"Zavet","<U+0417><U+0430><U+0432><U+0435><U+0442>","","Obshtina","Municipality"
10430,36,"BGR","Bulgaria",16,"Ruse",139,"Borovo","<U+0411><U+043E><U+0440><U+043E><U+0432><U+043E>","","Obshtina","Municipality"
10431,36,"BGR","Bulgaria",16,"Ruse",140,"Byala","<U+0411><U+044F><U+043B><U+0430>","","Obshtina","Municipality"
10432,36,"BGR","Bulgaria",16,"Ruse",141,"Dve Mogili","","","Obshtina","Municipality"
10433,36,"BGR","Bulgaria",16,"Ruse",142,"Ivanovo","<U+0418><U+0432><U+0430>´<U+043D><U+043E><U+0432><U+043E>","","Obshtina","Municipality"
10434,36,"BGR","Bulgaria",16,"Ruse",143,"Rousse","<U+0420><U+0443><U+0441><U+0435><U+043D><U+0441><U+043A><U+0430>","Ruse|Russe","City","City"
10435,36,"BGR","Bulgaria",16,"Ruse",144,"Slivo Pole","","","Obshtina","Municipality"
10436,36,"BGR","Bulgaria",16,"Ruse",145,"Tsenovo","","","Obshtina","Municipality"
10437,36,"BGR","Bulgaria",16,"Ruse",146,"Vetovo","","","Obshtina","Municipality"
10438,36,"BGR","Bulgaria",17,"Shumen",147,"Gara Hitrino","","Hitrino","Obshtina","Municipality"
10439,36,"BGR","Bulgaria",17,"Shumen",148,"Kaolinovo","","","Obshtina","Municipality"
10440,36,"BGR","Bulgaria",17,"Shumen",149,"Kaspichan","<U+041A><U+0430><U+0441><U+043F><U+0438><U+0447><U+0430><U+043D>","","Obshtina","Municipality"
10441,36,"BGR","Bulgaria",17,"Shumen",150,"Nikola Kozlevo","","","Obshtina","Municipality"
10442,36,"BGR","Bulgaria",17,"Shumen",151,"Novi Pazar","<U+041D><U+043E><U+0432><U+0438> <U+043F><U+0430><U+0437><U+0430><U+0440>","","Obshtina","Municipality"
10443,36,"BGR","Bulgaria",17,"Shumen",152,"Preslav","<U+041F><U+0440><U+0435><U+0441><U+043B><U+0430><U+0432>","Veliki Preslav","Obshtina","Municipality"
10444,36,"BGR","Bulgaria",17,"Shumen",153,"Shumen","<U+0428><U+0443><U+043C><U+0435><U+043D>","Kolarovgrad|Sumnu","City","City"
10445,36,"BGR","Bulgaria",17,"Shumen",154,"Smyadovo","","","Obshtina","Municipality"
10446,36,"BGR","Bulgaria",17,"Shumen",155,"Varbitsa","<U+0412><U+044A><U+0440><U+0431><U+0438><U+0446><U+0430>","","Obshtina","Municipality"
10447,36,"BGR","Bulgaria",17,"Shumen",156,"Venets","","","Obshtina","Municipality"
10448,36,"BGR","Bulgaria",18,"Silistra",157,"Alfatar","<U+0410><U+043B><U+0444><U+0430><U+0442><U+0430><U+0440>","","Obshtina","Municipality"
10449,36,"BGR","Bulgaria",18,"Silistra",158,"Dulovo","<U+0414><U+0443><U+043B><U+043E><U+0432><U+043E>","Accadânalar|Akkadinlar","Obshtina","Municipality"
10450,36,"BGR","Bulgaria",18,"Silistra",159,"Glavinitsa","","","Obshtina","Municipality"
10451,36,"BGR","Bulgaria",18,"Silistra",160,"Kainardzha","","Kaynardzha","Obshtina","Municipality"
10452,36,"BGR","Bulgaria",18,"Silistra",161,"Silistra","<U+0421><U+0438><U+043B><U+0438><U+0441><U+0442><U+0440><U+0430>","","City","City"
10453,36,"BGR","Bulgaria",18,"Silistra",162,"Sitovo","","","Obshtina","Municipality"
10454,36,"BGR","Bulgaria",18,"Silistra",163,"Tutrakan","<U+0422><U+0443><U+0442><U+0440><U+0430><U+043A><U+0430><U+043D>","Turtucaia","Obshtina","Municipality"
10455,36,"BGR","Bulgaria",19,"Sliven",164,"Kotel","<U+041A><U+043E><U+0442><U+0435><U+043B>","","Obshtina","Municipality"
10456,36,"BGR","Bulgaria",19,"Sliven",165,"Nova Zagora","<U+041D><U+043E><U+0432><U+0430> <U+0417><U+0430><U+0433><U+043E><U+0440><U+0430>","","Obshtina","Municipality"
10457,36,"BGR","Bulgaria",19,"Sliven",166,"Sliven","<U+0421><U+043B><U+0438><U+0432><U+0435><U+043D>","","City","City"
10458,36,"BGR","Bulgaria",19,"Sliven",167,"Tvarditsa","<U+0422><U+0432><U+044A><U+0440><U+0434><U+0438><U+0446><U+0430>","","Obshtina","Municipality"
10459,36,"BGR","Bulgaria",20,"Smolyan",168,"Banite","<U+0411><U+0430><U+043D><U+0438><U+0442><U+0435>","","Obshtina","Municipality"
10460,36,"BGR","Bulgaria",20,"Smolyan",169,"Borino","","","Obshtina","Municipality"
10461,36,"BGR","Bulgaria",20,"Smolyan",170,"Chepelare","<U+0427><U+0435><U+043F><U+0435><U+043B><U+0430><U+0440><U+0435>","","Obshtina","Municipality"
10462,36,"BGR","Bulgaria",20,"Smolyan",171,"Devin","<U+0414><U+0435><U+0432><U+0438><U+043D>","","Obshtina","Municipality"
10463,36,"BGR","Bulgaria",20,"Smolyan",172,"Dospat","<U+0414><U+043E><U+0441><U+043F><U+0430><U+0442>","","Obshtina","Municipality"
10464,36,"BGR","Bulgaria",20,"Smolyan",173,"Madan","<U+041C><U+0430><U+0434><U+0430><U+043D>","","Obshtina","Municipality"
10465,36,"BGR","Bulgaria",20,"Smolyan",174,"Nedelino","<U+041D><U+0435><U+0434><U+0435><U+043B><U+0438><U+043D><U+043E>","","Obshtina","Municipality"
10466,36,"BGR","Bulgaria",20,"Smolyan",175,"Rudozem","<U+0420><U+0443><U+0434><U+043E><U+0437><U+0435><U+043C>","","Obshtina","Municipality"
10467,36,"BGR","Bulgaria",20,"Smolyan",176,"Smolyan","<U+0421><U+043C><U+043E><U+043B><U+044F><U+043D>","","City","City"
10468,36,"BGR","Bulgaria",20,"Smolyan",177,"Zlatograd","<U+0417><U+043B><U+0430><U+0442><U+043E><U+0433><U+0440><U+0430><U+0434>","","Obshtina","Municipality"
10469,36,"BGR","Bulgaria",21,"Sofia",178,"Anton","","","Obshtina","Municipality"
10470,36,"BGR","Bulgaria",21,"Sofia",179,"Botevgrad","<U+0411><U+043E><U+0442><U+0435><U+0432><U+0433><U+0440><U+0430><U+0434>","Orhanie|Samundzhievo","Obshtina","Municipality"
10471,36,"BGR","Bulgaria",21,"Sofia",180,"Bozhurishte","<U+0411><U+043E><U+0436><U+0443><U+0440><U+0438><U+0449><U+0435>","","Obshtina","Municipality"
10472,36,"BGR","Bulgaria",21,"Sofia",181,"Chavdar","<U+0427><U+0430><U+0432><U+0434><U+0430><U+0440>","","Obshtina","Municipality"
10473,36,"BGR","Bulgaria",21,"Sofia",182,"Chelopech","<U+0427><U+0435><U+043B><U+043E><U+043F><U+0435><U+0447>","","Obshtina","Municipality"
10474,36,"BGR","Bulgaria",21,"Sofia",183,"Dolna Banya","","","Obshtina","Municipality"
10475,36,"BGR","Bulgaria",21,"Sofia",184,"Dragoman","","","Obshtina","Municipality"
10476,36,"BGR","Bulgaria",21,"Sofia",185,"Elin Pelin","<U+0415><U+043B><U+0438><U+043D> <U+041F><U+0435><U+043B><U+0438><U+043D>","Novoseltsi","Obshtina","Municipality"
10477,36,"BGR","Bulgaria",21,"Sofia",186,"Etropole","<U+0415><U+0442><U+0440><U+043E><U+043F><U+043E><U+043B><U+0435>","","Obshtina","Municipality"
10478,36,"BGR","Bulgaria",21,"Sofia",187,"Godech","<U+0413><U+043E><U+0434><U+0435><U+0447>","","Obshtina","Municipality"
10479,36,"BGR","Bulgaria",21,"Sofia",188,"Gorna Malina","","","Obshtina","Municipality"
10480,36,"BGR","Bulgaria",21,"Sofia",189,"Ihtiman","<U+0418><U+0445><U+0442><U+0438><U+043C><U+0430><U+043D>","","Obshtina","Municipality"
10481,36,"BGR","Bulgaria",21,"Sofia",190,"Koprivshtitsa","<U+041A><U+043E><U+043F><U+0440><U+0438><U+0432><U+0449><U+0438><U+0446><U+0430>","","Obshtina","Municipality"
10482,36,"BGR","Bulgaria",21,"Sofia",191,"Kostenets","<U+041A><U+043E><U+0441><U+0442><U+0435><U+043D><U+0435><U+0446>","","Obshtina","Municipality"
10483,36,"BGR","Bulgaria",21,"Sofia",192,"Kostinbrod","<U+041A><U+043E><U+0441><U+0442><U+0438><U+043D><U+0431><U+0440><U+043E><U+0434>","","Obshtina","Municipality"
10484,36,"BGR","Bulgaria",21,"Sofia",193,"Mirkovo","","","Obshtina","Municipality"
10485,36,"BGR","Bulgaria",21,"Sofia",194,"Pirdop","","","Obshtina","Municipality"
10486,36,"BGR","Bulgaria",21,"Sofia",195,"Pravets","<U+041F><U+0440><U+0430><U+0432><U+0435><U+0446>","Pravec","Obshtina","Municipality"
10487,36,"BGR","Bulgaria",21,"Sofia",196,"Samokov","<U+0421><U+0430><U+043C><U+043E><U+043A><U+043E><U+0432>","","Obshtina","Municipality"
10488,36,"BGR","Bulgaria",21,"Sofia",197,"Slivnitsa","<U+0421><U+043B><U+0438><U+0432><U+043D><U+0438><U+0446><U+0430>","","Obshtina","Municipality"
10489,36,"BGR","Bulgaria",21,"Sofia",198,"Svoge","<U+0421><U+0432><U+043E><U+0433><U+0435>","","Obshtina","Municipality"
10490,36,"BGR","Bulgaria",21,"Sofia",199,"Zlatitsa","<U+0417><U+043B><U+0430><U+0442><U+0438><U+0446><U+0430>","","Obshtina","Municipality"
10491,36,"BGR","Bulgaria",22,"Stara Zagora",200,"Bratya Daskalovi","","","Obshtina","Municipality"
10492,36,"BGR","Bulgaria",22,"Stara Zagora",201,"Chirpan","<U+0427><U+0438><U+0440><U+043F><U+0430><U+043D>","","Obshtina","Municipality"
10493,36,"BGR","Bulgaria",22,"Stara Zagora",202,"Galabovo","<U+0413><U+044A><U+043B><U+044A><U+0431><U+043E><U+0432><U+043E>","","Obshtina","Municipality"
10494,36,"BGR","Bulgaria",22,"Stara Zagora",203,"Gurkovo","<U+0413><U+0443><U+0440><U+043A><U+043E><U+0432><U+043E>","","Obshtina","Municipality"
10495,36,"BGR","Bulgaria",22,"Stara Zagora",204,"Kazanlak","<U+041A><U+0430><U+0437><U+0430><U+043D><U+043B><U+044A><U+043A>","","City","City"
10496,36,"BGR","Bulgaria",22,"Stara Zagora",205,"Maglizh","<U+041C><U+044A><U+0433><U+043B><U+0438><U+0436>","","Obshtina","Municipality"
10497,36,"BGR","Bulgaria",22,"Stara Zagora",206,"Nikolaevo","<U+041D><U+0438><U+043A><U+043E><U+043B><U+0430><U+0435><U+0432><U+043E>","","Obshtina","Municipality"
10498,36,"BGR","Bulgaria",22,"Stara Zagora",207,"Opan","","","Obshtina","Municipality"
10499,36,"BGR","Bulgaria",22,"Stara Zagora",208,"Pavel Banya","<U+041F><U+0430><U+0432><U+0435><U+043B> <U+0411><U+0430><U+043D><U+044F>","","Obshtina","Municipality"
10500,36,"BGR","Bulgaria",22,"Stara Zagora",209,"Radnevo","<U+0420><U+0430><U+0434><U+043D><U+0435><U+0432><U+043E>","","Obshtina","Municipality"
10501,36,"BGR","Bulgaria",22,"Stara Zagora",210,"Stara Zagora","<U+0421><U+0442><U+0430><U+0440><U+0430> <U+0417><U+0430><U+0433><U+043E><U+0440><U+0430>","","City","City"
10502,36,"BGR","Bulgaria",23,"Targovishte",211,"Antonovo","<U+0410><U+043D><U+0442><U+043E><U+043D><U+043E><U+0432><U+043E>","","Obshtina","Municipality"
10503,36,"BGR","Bulgaria",23,"Targovishte",212,"Omurtag","<U+041E><U+043C><U+0443><U+0440><U+0442><U+0430><U+0433>","","Obshtina","Municipality"
10504,36,"BGR","Bulgaria",23,"Targovishte",213,"Opaka","<U+041E><U+043F><U+0430><U+043A><U+0430>","","Obshtina","Municipality"
10505,36,"BGR","Bulgaria",23,"Targovishte",214,"Popovo","<U+041F><U+043E><U+043F><U+043E><U+0432><U+043E>","","Obshtina","Municipality"
10506,36,"BGR","Bulgaria",23,"Targovishte",215,"Targovishte","<U+0422><U+044A><U+0440><U+0433><U+043E><U+0432><U+0438><U+0449><U+043A><U+0430> <U+043E><U+0431><U+043B><U+0430><U+0441><U+0442>","","Obshtina","Municipality"
10507,36,"BGR","Bulgaria",24,"Varna",216,"Aksakovo","<U+0410><U+043A><U+0441><U+0430><U+043A><U+043E><U+0432><U+043E>","","Obshtina","Municipality"
10508,36,"BGR","Bulgaria",24,"Varna",217,"Avren","","","Obshtina","Municipality"
10509,36,"BGR","Bulgaria",24,"Varna",218,"Beloslav","<U+0411><U+0435><U+043B><U+043E><U+0441><U+043B><U+0430><U+0432>","","Obshtina","Municipality"
10510,36,"BGR","Bulgaria",24,"Varna",219,"Byala","<U+0411><U+044F><U+043B><U+0430>","","Obshtina","Municipality"
10511,36,"BGR","Bulgaria",24,"Varna",220,"Dalgopol","","","Obshtina","Municipality"
10512,36,"BGR","Bulgaria",24,"Varna",221,"Devnya","<U+0414><U+0435><U+0432><U+043D><U+044F>","","Obshtina","Municipality"
10513,36,"BGR","Bulgaria",24,"Varna",222,"Dolni Chiflik","<U+0414><U+043E><U+043B><U+043D><U+0438> <U+0447><U+0438><U+0444><U+043B><U+0438><U+043A>","","Obshtina","Municipality"
10514,36,"BGR","Bulgaria",24,"Varna",223,"Provadiya","<U+041F><U+0440><U+043E><U+0432><U+0430><U+0434><U+0438><U+044F>","Provadia","Obshtina","Municipality"
10515,36,"BGR","Bulgaria",24,"Varna",224,"Suvorovo","","","Obshtina","Municipality"
10516,36,"BGR","Bulgaria",24,"Varna",225,"Valchi Dol","","","Obshtina","Municipality"
10517,36,"BGR","Bulgaria",24,"Varna",226,"Varna","<U+0412><U+0430><U+0440><U+043D><U+0430>","","City","City"
10518,36,"BGR","Bulgaria",24,"Varna",227,"Vetrino","","","Obshtina","Municipality"
10519,36,"BGR","Bulgaria",25,"Veliko Tarnovo",228,"Elena","<U+0415><U+043B><U+0435><U+043D><U+0430>","","Obshtina","Municipality"
10520,36,"BGR","Bulgaria",25,"Veliko Tarnovo",229,"Gorna Orhyahovitsa","<U+0413><U+043E><U+0440><U+043D><U+0430> <U+041E><U+0440><U+044F><U+0445><U+043E><U+0432><U+0438><U+0446><U+0430>","","Obshtina","Municipality"
10521,36,"BGR","Bulgaria",25,"Veliko Tarnovo",230,"Lyaskovets","<U+041B><U+044F><U+0441><U+043A><U+043E><U+0432><U+0435><U+0446>","Leskofça","Obshtina","Municipality"
10522,36,"BGR","Bulgaria",25,"Veliko Tarnovo",231,"Pavlikeni","<U+041F><U+0430><U+0432><U+043B><U+0438><U+043A><U+0435><U+043D><U+0438>","","Obshtina","Municipality"
10523,36,"BGR","Bulgaria",25,"Veliko Tarnovo",232,"Polski Trambesh","","","Obshtina","Municipality"
10524,36,"BGR","Bulgaria",25,"Veliko Tarnovo",233,"Strazhitsa","","","Obshtina","Municipality"
10525,36,"BGR","Bulgaria",25,"Veliko Tarnovo",234,"Suhindol","<U+0421><U+0443><U+0445><U+0438><U+043D><U+0434><U+043E><U+043B>","","Obshtina","Municipality"
10526,36,"BGR","Bulgaria",25,"Veliko Tarnovo",235,"Svishtov","<U+0421><U+0432><U+0438><U+0449><U+043E><U+0432>","Zistovi","Obshtina","Municipality"
10527,36,"BGR","Bulgaria",25,"Veliko Tarnovo",236,"Veliko Tarnovo","<U+0412><U+0435><U+043B><U+0438><U+043A><U+043E> <U+0422><U+044A><U+0440><U+043D><U+043E><U+0432><U+043E>","Veliko Turnovo|Timova","City","City"
10528,36,"BGR","Bulgaria",25,"Veliko Tarnovo",237,"Zlataritsa","<U+0417><U+043B><U+0430><U+0442><U+0430><U+0440><U+0438><U+0446><U+0430>","","Obshtina","Municipality"
10529,36,"BGR","Bulgaria",26,"Vidin",238,"Belogradchik","<U+0411><U+0435><U+043B><U+043E><U+0433><U+0440><U+0430><U+0434><U+0447><U+0438><U+043A>","","Obshtina","Municipality"
10530,36,"BGR","Bulgaria",26,"Vidin",239,"Boinitsa","","Boynitsa","Obshtina","Municipality"
10531,36,"BGR","Bulgaria",26,"Vidin",240,"Bregovo","<U+0411><U+0440><U+0435><U+0433><U+043E><U+0432><U+043E>","","Obshtina","Municipality"
10532,36,"BGR","Bulgaria",26,"Vidin",241,"Chuprene","","","Obshtina","Municipality"
10533,36,"BGR","Bulgaria",26,"Vidin",242,"Dimovo","","","Obshtina","Municipality"
10534,36,"BGR","Bulgaria",26,"Vidin",243,"Gramada","","","Obshtina","Municipality"
10535,36,"BGR","Bulgaria",26,"Vidin",244,"Kula","","","Obshtina","Municipality"
10536,36,"BGR","Bulgaria",26,"Vidin",245,"Makresh","","","Obshtina","Municipality"
10537,36,"BGR","Bulgaria",26,"Vidin",246,"Novo Selo","<U+041D><U+043E><U+0432><U+043E> <U+0441><U+0435><U+043B><U+043E>","","Obshtina","Municipality"
10538,36,"BGR","Bulgaria",26,"Vidin",247,"Ruzh","","Ruzhintsi","Obshtina","Municipality"
10539,36,"BGR","Bulgaria",26,"Vidin",248,"Vidin","","","City","City"
10540,36,"BGR","Bulgaria",27,"Vratsa",249,"Borovan","","","Obshtina","Municipality"
10541,36,"BGR","Bulgaria",27,"Vratsa",250,"Byala Slatina","<U+0411><U+044F><U+043B><U+0430> <U+0421><U+043B><U+0430><U+0442><U+0438><U+043D><U+0430>","","Obshtina","Municipality"
10542,36,"BGR","Bulgaria",27,"Vratsa",251,"Hairedin","","Hayredin","Obshtina","Municipality"
10543,36,"BGR","Bulgaria",27,"Vratsa",252,"Kozloduy","<U+041A><U+043E><U+0437><U+043B><U+043E><U+0434><U+0443><U+0439>","","Obshtina","Municipality"
10544,36,"BGR","Bulgaria",27,"Vratsa",253,"Krivodol","","","Obshtina","Municipality"
10545,36,"BGR","Bulgaria",27,"Vratsa",254,"Mezdra","<U+041C><U+0435><U+0437><U+0434><U+0440><U+0430>","","Obshtina","Municipality"
10546,36,"BGR","Bulgaria",27,"Vratsa",255,"Miziya","<U+041C><U+0438><U+0437><U+0438><U+044F>","Mizia","Obshtina","Municipality"
10547,36,"BGR","Bulgaria",27,"Vratsa",256,"Oryahovo","<U+041E><U+0440><U+044F><U+0445><U+043E><U+0432><U+043E>","","Obshtina","Municipality"
10548,36,"BGR","Bulgaria",27,"Vratsa",257,"Roman","<U+0420><U+043E><U+043C><U+0430><U+043D>","","Obshtina","Municipality"
10549,36,"BGR","Bulgaria",27,"Vratsa",258,"Vratsa","<U+0412><U+0440><U+0430><U+0446><U+0430>","Vratsa|Vraca|Ivraca","City","City"
10550,36,"BGR","Bulgaria",28,"Yambol",259,"Bolyarovo","<U+0411><U+043E><U+043B><U+044F><U+0440><U+043E><U+0432><U+043E>","","Obshtina","Municipality"
10551,36,"BGR","Bulgaria",28,"Yambol",260,"Elhovo","<U+0415><U+043B><U+0445><U+043E><U+0432><U+043E>","","Obshtina","Municipality"
10552,36,"BGR","Bulgaria",28,"Yambol",261,"Straldzha","<U+0421><U+0442><U+0440><U+0430><U+043B><U+0434><U+0436><U+0430>","","Obshtina","Municipality"
10553,36,"BGR","Bulgaria",28,"Yambol",262,"Tundzha","<U+0422><U+0443><U+043D><U+0434><U+0436><U+0430>","Tunca","Obshtina","Municipality"
10554,36,"BGR","Bulgaria",28,"Yambol",263,"Yambol","<U+042F><U+043C><U+0431><U+043E><U+043B>","","City","City"
