"PID","ID_0","ISO","NAME_0","ID_1","NAME_1","NL_NAME_1","VARNAME_1","TYPE_1","ENGTYPE_1"
2572,189,"KNA","Saint Kitts and Nevis",1,"Christ Church Nichola Town","","","Parish","Parish"
2573,189,"KNA","Saint Kitts and Nevis",2,"Saint Anne Sandy Point","","","Parish","Parish"
2574,189,"KNA","Saint Kitts and Nevis",3,"Saint George Basseterre","","","Parish","Parish"
2575,189,"KNA","Saint Kitts and Nevis",4,"Saint George Gingerland","","","Parish","Parish"
2576,189,"KNA","Saint Kitts and Nevis",5,"Saint James Windward","","","Parish","Parish"
2577,189,"KNA","Saint Kitts and Nevis",6,"Saint John Capisterre","","","Parish","Parish"
2578,189,"KNA","Saint Kitts and Nevis",7,"Saint John Figtree","","","Parish","Parish"
2579,189,"KNA","Saint Kitts and Nevis",8,"Saint Mary Cayon","","","Parish","Parish"
2580,189,"KNA","Saint Kitts and Nevis",9,"Saint Paul Capisterre","","","Parish","Parish"
2581,189,"KNA","Saint Kitts and Nevis",10,"Saint Paul Charlestown","","","Parish","Parish"
2582,189,"KNA","Saint Kitts and Nevis",11,"Saint Peter Basseterre","","","Parish","Parish"
2583,189,"KNA","Saint Kitts and Nevis",12,"Saint Thomas Lowland","","","Parish","Parish"
2584,189,"KNA","Saint Kitts and Nevis",13,"Saint Thomas Middle Island","","","Parish","Parish"
2585,189,"KNA","Saint Kitts and Nevis",14,"Trinity Palmetto Point","","","Parish","Parish"
