"PID","ID_0","ISO","NAME_0","ID_1","NAME_1","NL_NAME_1","VARNAME_1","TYPE_1","ENGTYPE_1"
1143,70,"SLV","El Salvador",1,"Ahuachapán","","","Departamento","Department"
1144,70,"SLV","El Salvador",2,"Cabañas","","","Departamento","Department"
1145,70,"SLV","El Salvador",3,"Chalatenango","","","Departamento","Department"
1146,70,"SLV","El Salvador",4,"Cuscatlán","","","Departamento","Department"
1147,70,"SLV","El Salvador",5,"La Libertad","","","Departamento","Department"
1148,70,"SLV","El Salvador",6,"La Paz","","","Departamento","Department"
1149,70,"SLV","El Salvador",7,"La Unión","","","Departamento","Department"
1150,70,"SLV","El Salvador",8,"Morazán","","","Departamento","Department"
1151,70,"SLV","El Salvador",9,"San Miguel","","","Departamento","Department"
1152,70,"SLV","El Salvador",10,"San Salvador","","","Departamento","Department"
1153,70,"SLV","El Salvador",11,"San Vicente","","","Departamento","Department"
1154,70,"SLV","El Salvador",12,"Santa Ana","","","Departamento","Department"
1155,70,"SLV","El Salvador",13,"Sonsonate","","","Departamento","Department"
1156,70,"SLV","El Salvador",14,"Usulután","","","Departamento","Department"
