"PID","ID_0","ISO","NAME_0","ID_1","NAME_1","NL_NAME_1","VARNAME_1","TYPE_1","ENGTYPE_1"
1827,134,"MDG","Madagascar",1,"Antananarivo","","Tananarive","Faritany Mizakatena","Autonomous Province"
1828,134,"MDG","Madagascar",2,"Antsiranana","","Diégo-Suarez|Antseranana","Faritany Mizakatena","Autonomous Province"
1829,134,"MDG","Madagascar",3,"Fianarantsoa","","","Faritany Mizakatena","Autonomous Province"
1830,134,"MDG","Madagascar",4,"Mahajanga","","Majunga","Faritany Mizakatena","Autonomous Province"
1831,134,"MDG","Madagascar",5,"Toamasina","","Tamatave","Faritany Mizakatena","Autonomous Province"
1832,134,"MDG","Madagascar",6,"Toliary","","Toleary|Toliary|Tuléar","Faritany Mizakatena","Autonomous Province"
