"PID","ID_0","ISO","NAME_0","ID_1","NAME_1","ID_2","NAME_2","ID_3","NAME_3","NL_NAME_3","VARNAME_3","TYPE_3","ENGTYPE_3"
39784,134,"MDG","Madagascar",1,"Antananarivo",4,"Vakinankaratra",16,"Antsirabe Rural","","","Fivondronana","District"
39785,134,"MDG","Madagascar",1,"Antananarivo",4,"Vakinankaratra",17,"Antsirabe Urban","","","Fivondronana","District"
39786,134,"MDG","Madagascar",1,"Antananarivo",4,"Vakinankaratra",18,"Betafo","","","Fivondronana","District"
39787,134,"MDG","Madagascar",1,"Antananarivo",4,"Vakinankaratra",19,"Faratsiho","","","Fivondronana","District"
39788,134,"MDG","Madagascar",2,"Antsiranana",5,"Diana",20,"Ambanja","","","Fivondronana","District"
39789,134,"MDG","Madagascar",2,"Antsiranana",5,"Diana",21,"Ambilobe","","","Fivondronana","District"
39790,134,"MDG","Madagascar",2,"Antsiranana",5,"Diana",22,"Antsiranana Rural","","","Fivondronana","District"
39791,134,"MDG","Madagascar",2,"Antsiranana",5,"Diana",23,"Antsiranana Urban","","","Fivondronana","District"
39792,134,"MDG","Madagascar",2,"Antsiranana",5,"Diana",24,"Nosibe","","","Fivondronana","District"
39793,134,"MDG","Madagascar",2,"Antsiranana",6,"Sava",25,"Andapa","","","Fivondronana","District"
39794,134,"MDG","Madagascar",2,"Antsiranana",6,"Sava",26,"Antalaha","","","Fivondronana","District"
39795,134,"MDG","Madagascar",2,"Antsiranana",6,"Sava",27,"Sambava","","","Fivondronana","District"
39796,134,"MDG","Madagascar",2,"Antsiranana",6,"Sava",28,"Vohimarina (Iharana)","","Vohimarina (Iharana)|Vohimarina| Vohima| Iharana","Fivondronana","District"
39797,134,"MDG","Madagascar",3,"Fianarantsoa",7,"Amoron'i mania",29,"Ambatofinandrahana","","","Fivondronana","District"
39798,134,"MDG","Madagascar",3,"Fianarantsoa",7,"Amoron'i mania",30,"Ambositra","","","Fivondronana","District"
39799,134,"MDG","Madagascar",3,"Fianarantsoa",7,"Amoron'i mania",31,"Fandriana","","","Fivondronana","District"
39800,134,"MDG","Madagascar",3,"Fianarantsoa",7,"Amoron'i mania",32,"Manandriana","","","Fivondronana","District"
39801,134,"MDG","Madagascar",3,"Fianarantsoa",8,"Atsimo-Atsinana",33,"Befotaka","","","Fivondronana","District"
39802,134,"MDG","Madagascar",3,"Fianarantsoa",8,"Atsimo-Atsinana",34,"Farafangana","","","Fivondronana","District"
39803,134,"MDG","Madagascar",5,"Toamasina",16,"Alaotra-Mangoro",73,"Ambatondrazaka","","","Fivondronana","District"
39804,134,"MDG","Madagascar",5,"Toamasina",16,"Alaotra-Mangoro",74,"Amparafaravola","","","Fivondronana","District"
39805,134,"MDG","Madagascar",5,"Toamasina",16,"Alaotra-Mangoro",75,"Andilamena","","","Fivondronana","District"
39806,134,"MDG","Madagascar",5,"Toamasina",16,"Alaotra-Mangoro",76,"Anosibe","","","Fivondronana","District"
39807,134,"MDG","Madagascar",5,"Toamasina",16,"Alaotra-Mangoro",77,"Moramanga","","","Fivondronana","District"
39808,134,"MDG","Madagascar",5,"Toamasina",17,"Analanjirofo",78,"Fenoarivo Atsinanana","","","Fivondronana","District"
39809,134,"MDG","Madagascar",5,"Toamasina",17,"Analanjirofo",79,"Mananara","","","Fivondronana","District"
39810,134,"MDG","Madagascar",5,"Toamasina",17,"Analanjirofo",80,"Maroansetra","","","Fivondronana","District"
39811,134,"MDG","Madagascar",5,"Toamasina",17,"Analanjirofo",81,"Nosy-Boraha (St. Marie)","","Nosy Boraha|Nosy-Boraha (St. Marie)","Fivondronana","District"
39812,134,"MDG","Madagascar",5,"Toamasina",17,"Analanjirofo",82,"Soanierana-Ivongo","","","Fivondronana","District"
39813,134,"MDG","Madagascar",5,"Toamasina",17,"Analanjirofo",83,"Vavatenina","","","Fivondronana","District"
39814,134,"MDG","Madagascar",5,"Toamasina",18,"Atsinanana",84,"Ampasimanolotra","","","Fivondronana","District"
39815,134,"MDG","Madagascar",5,"Toamasina",18,"Atsinanana",85,"Antanambao manampotsy","","","Fivondronana","District"
39816,134,"MDG","Madagascar",5,"Toamasina",18,"Atsinanana",86,"Mahanoro","","","Fivondronana","District"
39817,134,"MDG","Madagascar",5,"Toamasina",18,"Atsinanana",87,"Marolambo","","","Fivondronana","District"
39818,134,"MDG","Madagascar",5,"Toamasina",18,"Atsinanana",88,"Toamasina Rural","","","Fivondronana","District"
39819,134,"MDG","Madagascar",5,"Toamasina",18,"Atsinanana",89,"Vatomandry","","","Fivondronana","District"
39820,134,"MDG","Madagascar",6,"Toliary",19,"Androy",90,"Ambovombe-Androy","","","Fivondronana","District"
43456,134,"MDG","Madagascar",3,"Fianarantsoa",9,"Haute matsiatra",42,"Ikalamavony","","","Fivondronana","District"
43457,134,"MDG","Madagascar",3,"Fianarantsoa",10,"Ihorombe",43,"Iakora","","","Fivondronana","District"
43458,134,"MDG","Madagascar",3,"Fianarantsoa",10,"Ihorombe",44,"Ihosy","","","Fivondronana","District"
43459,134,"MDG","Madagascar",3,"Fianarantsoa",10,"Ihorombe",45,"Ivohibe","","","Fivondronana","District"
43460,134,"MDG","Madagascar",3,"Fianarantsoa",11,"Vatovavy Fitovinany",46,"Ifanadiana","","","Fivondronana","District"
43461,134,"MDG","Madagascar",3,"Fianarantsoa",11,"Vatovavy Fitovinany",47,"Ikongo","","Ikongo (F","Fivondronana","District"
43462,134,"MDG","Madagascar",3,"Fianarantsoa",11,"Vatovavy Fitovinany",48,"Manakara-Sud","","Manakara Sud|Manakara-Atsimo","Fivondronana","District"
43463,134,"MDG","Madagascar",3,"Fianarantsoa",11,"Vatovavy Fitovinany",49,"Mananjary","","","Fivondronana","District"
43464,134,"MDG","Madagascar",3,"Fianarantsoa",11,"Vatovavy Fitovinany",50,"Nosy varika","","","Fivondronana","District"
43465,134,"MDG","Madagascar",3,"Fianarantsoa",11,"Vatovavy Fitovinany",51,"Vohipeno","","","Fivondronana","District"
43466,134,"MDG","Madagascar",4,"Mahajanga",12,"Betsiboka",52,"Kandreho","","","Fivondronana","District"
43467,134,"MDG","Madagascar",4,"Mahajanga",12,"Betsiboka",53,"Maevatanana","","","Fivondronana","District"
43468,134,"MDG","Madagascar",4,"Mahajanga",12,"Betsiboka",54,"Tsaratanana","","","Fivondronana","District"
43469,134,"MDG","Madagascar",4,"Mahajanga",13,"Boeny",55,"Ambato-Boina","","Ambato Boeni| Ambato-Boina","Fivondronana","District"
43470,134,"MDG","Madagascar",4,"Mahajanga",13,"Boeny",56,"Mahajanga Rural","","","Fivondronana","District"
43471,134,"MDG","Madagascar",4,"Mahajanga",13,"Boeny",57,"Mahajanga Urban","","","Fivondronana","District"
43472,134,"MDG","Madagascar",4,"Mahajanga",13,"Boeny",58,"Marovoay","","","Fivondronana","District"
43473,134,"MDG","Madagascar",4,"Mahajanga",13,"Boeny",59,"Mitsinjo","","","Fivondronana","District"
43474,134,"MDG","Madagascar",4,"Mahajanga",13,"Boeny",60,"Soalala","","","Fivondronana","District"
43800,134,"MDG","Madagascar",1,"Antananarivo",1,"Analamanga",1,"Ambohidratrimo","","","Fivondronana","District"
43801,134,"MDG","Madagascar",1,"Antananarivo",1,"Analamanga",2,"Andramasina","","","Fivondronana","District"
43802,134,"MDG","Madagascar",1,"Antananarivo",1,"Analamanga",3,"Anjozorobe","","","Fivondronana","District"
43803,134,"MDG","Madagascar",1,"Antananarivo",1,"Analamanga",4,"Ankazobe","","","Fivondronana","District"
43804,134,"MDG","Madagascar",1,"Antananarivo",1,"Analamanga",5,"Antananarivo-Nord","","","Fivondronana","District"
43805,134,"MDG","Madagascar",1,"Antananarivo",1,"Analamanga",6,"Antananarivo-Sud","","","Fivondronana","District"
43806,134,"MDG","Madagascar",1,"Antananarivo",1,"Analamanga",7,"Antananarivo renivohitra","","","Fivondronana","District"
43807,134,"MDG","Madagascar",1,"Antananarivo",1,"Analamanga",8,"Manjakandriana","","","Fivondronana","District"
43808,134,"MDG","Madagascar",1,"Antananarivo",2,"Bongolava",9,"Fenoarivo-Centre","","","Fivondronana","District"
43809,134,"MDG","Madagascar",1,"Antananarivo",2,"Bongolava",10,"Tsiroanomandidy","","","Fivondronana","District"
43810,134,"MDG","Madagascar",1,"Antananarivo",3,"Itasy",11,"Arivonimamo","","","Fivondronana","District"
43811,134,"MDG","Madagascar",1,"Antananarivo",3,"Itasy",12,"Miarinarivo","","","Fivondronana","District"
43812,134,"MDG","Madagascar",1,"Antananarivo",3,"Itasy",13,"Soavinandriana","","","Fivondronana","District"
43813,134,"MDG","Madagascar",1,"Antananarivo",4,"Vakinankaratra",14,"Ambatolampy","","","Fivondronana","District"
43814,134,"MDG","Madagascar",1,"Antananarivo",4,"Vakinankaratra",15,"Antanifotsy","","","Fivondronana","District"
43815,134,"MDG","Madagascar",3,"Fianarantsoa",8,"Atsimo-Atsinana",35,"Midongy-Sud","","","Fivondronana","District"
43816,134,"MDG","Madagascar",3,"Fianarantsoa",8,"Atsimo-Atsinana",36,"Vangaindrano","","Vaingaindrano| Vangaindrona","Fivondronana","District"
43817,134,"MDG","Madagascar",3,"Fianarantsoa",8,"Atsimo-Atsinana",37,"Vondrozo","","","Fivondronana","District"
43818,134,"MDG","Madagascar",3,"Fianarantsoa",9,"Haute matsiatra",38,"Ambalavao","","","Fivondronana","District"
43819,134,"MDG","Madagascar",3,"Fianarantsoa",9,"Haute matsiatra",39,"Ambohimahasoa","","","Fivondronana","District"
43820,134,"MDG","Madagascar",3,"Fianarantsoa",9,"Haute matsiatra",40,"Fianarantsoa Rural","","","Fivondronana","District"
43821,134,"MDG","Madagascar",3,"Fianarantsoa",9,"Haute matsiatra",41,"Fianarantsoa Urban","","","Fivondronana","District"
43822,134,"MDG","Madagascar",4,"Mahajanga",14,"Melaky",61,"Ambatomainty","","","Fivondronana","District"
43823,134,"MDG","Madagascar",4,"Mahajanga",14,"Melaky",62,"Antsalova","","","Fivondronana","District"
43824,134,"MDG","Madagascar",4,"Mahajanga",14,"Melaky",63,"Besalampy","","","Fivondronana","District"
43825,134,"MDG","Madagascar",4,"Mahajanga",14,"Melaky",64,"Maintirano","","","Fivondronana","District"
43826,134,"MDG","Madagascar",4,"Mahajanga",14,"Melaky",65,"Morafanobe","","","Fivondronana","District"
43827,134,"MDG","Madagascar",4,"Mahajanga",15,"Sofia",66,"Analalava","","","Fivondronana","District"
43828,134,"MDG","Madagascar",4,"Mahajanga",15,"Sofia",67,"Antsihihy","","","Fivondronana","District"
43829,134,"MDG","Madagascar",4,"Mahajanga",15,"Sofia",68,"Bealanana","","","Fivondronana","District"
43830,134,"MDG","Madagascar",4,"Mahajanga",15,"Sofia",69,"Befandriana-Nord","","Befandriana-Nord|Befandriana Nord","Fivondronana","District"
43831,134,"MDG","Madagascar",4,"Mahajanga",15,"Sofia",70,"Mampikony","","","Fivondronana","District"
43832,134,"MDG","Madagascar",4,"Mahajanga",15,"Sofia",71,"Mandritsara","","","Fivondronana","District"
43833,134,"MDG","Madagascar",4,"Mahajanga",15,"Sofia",72,"Port Berg?","","Port Bergé","Fivondronana","District"
43834,134,"MDG","Madagascar",6,"Toliary",19,"Androy",91,"Bekily","","","Fivondronana","District"
43835,134,"MDG","Madagascar",6,"Toliary",19,"Androy",92,"Beloha","","","Fivondronana","District"
43836,134,"MDG","Madagascar",6,"Toliary",19,"Androy",93,"Tsiombe","","","Fivondronana","District"
43837,134,"MDG","Madagascar",6,"Toliary",20,"Anosy",94,"Amboasary-Sud","","Amboasary-Sud|Amboasary Atsimo","Fivondronana","District"
43838,134,"MDG","Madagascar",6,"Toliary",20,"Anosy",95,"Betroka","","","Fivondronana","District"
43839,134,"MDG","Madagascar",6,"Toliary",20,"Anosy",96,"Taolagnaro","","Taolagnaro (F-Dauphin)|Faradofay| Fort Dauphin| Taolagnaro| Taolanaro| Tôla","Fivondronana","District"
43840,134,"MDG","Madagascar",6,"Toliary",21,"Atsimo-Andrefana",97,"Ampanihy","","","Fivondronana","District"
43841,134,"MDG","Madagascar",6,"Toliary",21,"Atsimo-Andrefana",98,"Ankazoabo-Sud","","Ankazoabo-Sud|Ankazoabo Atsimo","Fivondronana","District"
43842,134,"MDG","Madagascar",6,"Toliary",21,"Atsimo-Andrefana",99,"Benenitra","","","Fivondronana","District"
43843,134,"MDG","Madagascar",6,"Toliary",21,"Atsimo-Andrefana",100,"Beroroha","","","Fivondronana","District"
43844,134,"MDG","Madagascar",6,"Toliary",21,"Atsimo-Andrefana",101,"Betioky-Sud","","Betioky-Sud|Betioky Atsimo","Fivondronana","District"
43845,134,"MDG","Madagascar",6,"Toliary",21,"Atsimo-Andrefana",102,"Morombe","","","Fivondronana","District"
43846,134,"MDG","Madagascar",6,"Toliary",21,"Atsimo-Andrefana",103,"Sakaraha","","","Fivondronana","District"
43847,134,"MDG","Madagascar",6,"Toliary",21,"Atsimo-Andrefana",104,"Toliary Urban","","","Fivondronana","District"
43848,134,"MDG","Madagascar",6,"Toliary",21,"Atsimo-Andrefana",105,"Toliary","","Toliary rural|Toleary| Toliara| Tuléar","Fivondronana","District"
43849,134,"MDG","Madagascar",6,"Toliary",22,"Menabe",106,"Belon-i Tsiribihina","","","Fivondronana","District"
43850,134,"MDG","Madagascar",6,"Toliary",22,"Menabe",107,"Mahabo","","","Fivondronana","District"
43851,134,"MDG","Madagascar",6,"Toliary",22,"Menabe",108,"Manja","","","Fivondronana","District"
43852,134,"MDG","Madagascar",6,"Toliary",22,"Menabe",109,"Miandrivazo","","","Fivondronana","District"
43853,134,"MDG","Madagascar",6,"Toliary",22,"Menabe",110,"Morondava","","","Fivondronana","District"
