"PID","ID_0","ISO","NAME_0","ID_1","NAME_1","ID_2","NAME_2","NL_NAME_2","VARNAME_2","TYPE_2","ENGTYPE_2"
21217,134,"MDG","Madagascar",1,"Antananarivo",1,"Analamanga","","","Faritra","Region"
21218,134,"MDG","Madagascar",1,"Antananarivo",2,"Bongolava","","","Faritra","Region"
21219,134,"MDG","Madagascar",1,"Antananarivo",3,"Itasy","","","Faritra","Region"
21220,134,"MDG","Madagascar",1,"Antananarivo",4,"Vakinankaratra","","","Faritra","Region"
21221,134,"MDG","Madagascar",2,"Antsiranana",5,"Diana","","","Faritra","Region"
21222,134,"MDG","Madagascar",2,"Antsiranana",6,"Sava","","","Faritra","Region"
21223,134,"MDG","Madagascar",3,"Fianarantsoa",7,"Amoron'i mania","","","Faritra","Region"
21224,134,"MDG","Madagascar",3,"Fianarantsoa",8,"Atsimo-Atsinana","","","Faritra","Region"
21225,134,"MDG","Madagascar",3,"Fianarantsoa",9,"Haute matsiatra","","","Faritra","Region"
21226,134,"MDG","Madagascar",3,"Fianarantsoa",10,"Ihorombe","","","Faritra","Region"
21227,134,"MDG","Madagascar",3,"Fianarantsoa",11,"Vatovavy Fitovinany","","","Faritra","Region"
21228,134,"MDG","Madagascar",4,"Mahajanga",12,"Betsiboka","","","Faritra","Region"
21229,134,"MDG","Madagascar",4,"Mahajanga",13,"Boeny","","","Faritra","Region"
21230,134,"MDG","Madagascar",4,"Mahajanga",14,"Melaky","","","Faritra","Region"
21231,134,"MDG","Madagascar",4,"Mahajanga",15,"Sofia","","","Faritra","Region"
21232,134,"MDG","Madagascar",5,"Toamasina",16,"Alaotra-Mangoro","","","Faritra","Region"
21233,134,"MDG","Madagascar",5,"Toamasina",17,"Analanjirofo","","","Faritra","Region"
21234,134,"MDG","Madagascar",5,"Toamasina",18,"Atsinanana","","","Faritra","Region"
21235,134,"MDG","Madagascar",6,"Toliary",19,"Androy","","","Faritra","Region"
21236,134,"MDG","Madagascar",6,"Toliary",20,"Anosy","","","Faritra","Region"
21237,134,"MDG","Madagascar",6,"Toliary",21,"Atsimo-Andrefana","","","Faritra","Region"
21238,134,"MDG","Madagascar",6,"Toliary",22,"Menabe","","","Faritra","Region"
