"PID","ID_0","ISO","NAME_0","ID_1","NAME_1","NL_NAME_1","VARNAME_1","TYPE_1","ENGTYPE_1"
1284,87,"GHA","Ghana",1,"Ashanti","","","Region","Region"
1285,87,"GHA","Ghana",2,"Brong Ahafo","","","Region","Region"
1286,87,"GHA","Ghana",3,"Central","","","Region","Region"
1287,87,"GHA","Ghana",4,"Eastern","","","Region","Region"
1288,87,"GHA","Ghana",5,"Greater Accra","","","Region","Region"
1289,87,"GHA","Ghana",6,"Northern","","","Region","Region"
1290,87,"GHA","Ghana",7,"Upper East","","","Region","Region"
1291,87,"GHA","Ghana",8,"Upper West","","","Region","Region"
1292,87,"GHA","Ghana",9,"Volta","","","Region","Region"
1293,87,"GHA","Ghana",10,"Western","","","Region","Region"
