"PID","ID_0","ISO","NAME_0","ID_1","NAME_1","NL_NAME_1","VARNAME_1","TYPE_1","ENGTYPE_1"
1775,126,"LSO","Lesotho",1,"Berea","","Teyateyaneng","District","District"
1776,126,"LSO","Lesotho",2,"Butha-Buthe","","Butha Buthe","District","District"
1777,126,"LSO","Lesotho",3,"Leribe","","","District","District"
1778,126,"LSO","Lesotho",4,"Mafeteng","","","District","District"
1779,126,"LSO","Lesotho",5,"Maseru","","","District","District"
1780,126,"LSO","Lesotho",6,"Mohale's Hoek","","Mohales Hoek","District","District"
1781,126,"LSO","Lesotho",7,"Mokhotlong","","","District","District"
1782,126,"LSO","Lesotho",8,"Qacha's Nek","","Quacha's Nek|Quachas Nek","District","District"
1783,126,"LSO","Lesotho",9,"Quthing","","","District","District"
1784,126,"LSO","Lesotho",10,"Thaba-Tseka","","Thaba Tseka","District","District"
