"PID","ID_0","ISO","NAME_0","ID_1","NAME_1","ID_2","NAME_2","ID_3","NAME_3","NL_NAME_3","VARNAME_3","TYPE_3","ENGTYPE_3"
45358,160,"NZL","New Zealand",11,"Otago",46,"Clutha",275,"n.a. ( 459)","","","Unknown","Unknown"
45359,160,"NZL","New Zealand",11,"Otago",46,"Clutha",276,"n.a. ( 467)","","","Unknown","Unknown"
45360,160,"NZL","New Zealand",11,"Otago",47,"Dunedin",277,"n.a. ( 413)","","","Unknown","Unknown"
45361,160,"NZL","New Zealand",11,"Otago",47,"Dunedin",278,"n.a. ( 426)","","","Unknown","Unknown"
45362,160,"NZL","New Zealand",11,"Otago",47,"Dunedin",279,"n.a. ( 429)","","","Unknown","Unknown"
45363,160,"NZL","New Zealand",11,"Otago",47,"Dunedin",280,"n.a. ( 435)","","","Unknown","Unknown"
45364,160,"NZL","New Zealand",11,"Otago",47,"Dunedin",281,"n.a. ( 439)","","","Unknown","Unknown"
45365,160,"NZL","New Zealand",11,"Otago",47,"Dunedin",282,"n.a. ( 441)","","","Unknown","Unknown"
45366,160,"NZL","New Zealand",11,"Otago",47,"Dunedin",283,"n.a. ( 442)","","","Unknown","Unknown"
45367,160,"NZL","New Zealand",11,"Otago",47,"Dunedin",284,"n.a. ( 443)","","","Unknown","Unknown"
45368,160,"NZL","New Zealand",11,"Otago",47,"Dunedin",285,"n.a. ( 445)","","","Unknown","Unknown"
45369,160,"NZL","New Zealand",11,"Otago",47,"Dunedin",286,"n.a. ( 449)","","","Unknown","Unknown"
45370,160,"NZL","New Zealand",11,"Otago",48,"Queenstown-Lakes",287,"n.a. ( 371)","","","Unknown","Unknown"
45371,160,"NZL","New Zealand",11,"Otago",48,"Queenstown-Lakes",288,"n.a. ( 379)","","","Unknown","Unknown"
45372,160,"NZL","New Zealand",11,"Otago",48,"Queenstown-Lakes",289,"n.a. ( 408)","","","Unknown","Unknown"
45373,160,"NZL","New Zealand",11,"Otago",49,"Southland",290,"n.a. ( 415)","","","Unknown","Unknown"
45374,160,"NZL","New Zealand",11,"Otago",49,"Southland",291,"n.a. ( 430)","","","Unknown","Unknown"
45375,160,"NZL","New Zealand",11,"Otago",49,"Southland",292,"n.a. ( 431)","","","Unknown","Unknown"
45376,160,"NZL","New Zealand",11,"Otago",49,"Southland",293,"n.a. ( 437)","","","Unknown","Unknown"
45377,160,"NZL","New Zealand",11,"Otago",49,"Southland",294,"n.a. ( 438)","","","Unknown","Unknown"
45378,160,"NZL","New Zealand",11,"Otago",49,"Southland",295,"n.a. ( 440)","","","Unknown","Unknown"
45379,160,"NZL","New Zealand",11,"Otago",49,"Southland",296,"n.a. ( 444)","","","Unknown","Unknown"
48888,160,"NZL","New Zealand",1,"Auckland",1,"Auckland",1,"n.a. ( 36)","","","Unknown","Unknown"
48889,160,"NZL","New Zealand",1,"Auckland",1,"Auckland",2,"n.a. ( 49)","","","Unknown","Unknown"
48890,160,"NZL","New Zealand",1,"Auckland",2,"Franklin",3,"n.a. ( 100)","","","Unknown","Unknown"
48891,160,"NZL","New Zealand",1,"Auckland",2,"Franklin",4,"n.a. ( 106)","","","Unknown","Unknown"
48892,160,"NZL","New Zealand",1,"Auckland",2,"Franklin",5,"n.a. ( 86)","","","Unknown","Unknown"
48893,160,"NZL","New Zealand",1,"Auckland",2,"Franklin",6,"n.a. ( 88)","","","Unknown","Unknown"
48894,160,"NZL","New Zealand",1,"Auckland",2,"Franklin",7,"n.a. ( 89)","","","Unknown","Unknown"
48895,160,"NZL","New Zealand",1,"Auckland",2,"Franklin",8,"n.a. ( 91)","","","Unknown","Unknown"
48896,160,"NZL","New Zealand",1,"Auckland",2,"Franklin",9,"n.a. ( 92)","","","Unknown","Unknown"
48897,160,"NZL","New Zealand",1,"Auckland",2,"Franklin",10,"n.a. ( 93)","","","Unknown","Unknown"
48898,160,"NZL","New Zealand",1,"Auckland",2,"Franklin",11,"n.a. ( 94)","","","Unknown","Unknown"
48899,160,"NZL","New Zealand",1,"Auckland",2,"Franklin",12,"n.a. ( 95)","","","Unknown","Unknown"
48900,160,"NZL","New Zealand",1,"Auckland",2,"Franklin",13,"n.a. ( 97)","","","Unknown","Unknown"
48901,160,"NZL","New Zealand",1,"Auckland",3,"Manukau",14,"n.a. ( 66)","","","Unknown","Unknown"
48902,160,"NZL","New Zealand",1,"Auckland",3,"Manukau",15,"n.a. ( 73)","","","Unknown","Unknown"
48903,160,"NZL","New Zealand",1,"Auckland",3,"Manukau",16,"n.a. ( 74)","","","Unknown","Unknown"
48904,160,"NZL","New Zealand",1,"Auckland",3,"Manukau",17,"n.a. ( 78)","","","Unknown","Unknown"
48905,160,"NZL","New Zealand",1,"Auckland",3,"Manukau",18,"n.a. ( 82)","","","Unknown","Unknown"
48906,160,"NZL","New Zealand",1,"Auckland",3,"Manukau",19,"n.a. ( 84)","","","Unknown","Unknown"
48907,160,"NZL","New Zealand",1,"Auckland",3,"Manukau",20,"n.a. ( 85)","","","Unknown","Unknown"
48908,160,"NZL","New Zealand",1,"Auckland",4,"Rodney",21,"n.a. ( 31)","","","Unknown","Unknown"
48909,160,"NZL","New Zealand",1,"Auckland",4,"Rodney",22,"n.a. ( 32)","","","Unknown","Unknown"
48910,160,"NZL","New Zealand",1,"Auckland",4,"Rodney",23,"n.a. ( 33)","","","Unknown","Unknown"
48911,160,"NZL","New Zealand",1,"Auckland",4,"Rodney",24,"n.a. ( 34)","","","Unknown","Unknown"
48912,160,"NZL","New Zealand",1,"Auckland",4,"Rodney",25,"n.a. ( 35)","","","Unknown","Unknown"
48913,160,"NZL","New Zealand",1,"Auckland",4,"Rodney",26,"n.a. ( 37)","","","Unknown","Unknown"
48914,160,"NZL","New Zealand",1,"Auckland",4,"Rodney",27,"n.a. ( 38)","","","Unknown","Unknown"
48915,160,"NZL","New Zealand",1,"Auckland",4,"Rodney",28,"n.a. ( 39)","","","Unknown","Unknown"
48916,160,"NZL","New Zealand",1,"Auckland",4,"Rodney",29,"n.a. ( 40)","","","Unknown","Unknown"
48917,160,"NZL","New Zealand",1,"Auckland",4,"Rodney",30,"n.a. ( 41)","","","Unknown","Unknown"
48918,160,"NZL","New Zealand",1,"Auckland",4,"Rodney",31,"n.a. ( 42)","","","Unknown","Unknown"
48919,160,"NZL","New Zealand",1,"Auckland",4,"Rodney",32,"n.a. ( 43)","","","Unknown","Unknown"
48920,160,"NZL","New Zealand",1,"Auckland",4,"Rodney",33,"n.a. ( 44)","","","Unknown","Unknown"
48921,160,"NZL","New Zealand",1,"Auckland",4,"Rodney",34,"n.a. ( 45)","","","Unknown","Unknown"
48922,160,"NZL","New Zealand",1,"Auckland",4,"Rodney",35,"n.a. ( 48)","","","Unknown","Unknown"
48923,160,"NZL","New Zealand",1,"Auckland",4,"Rodney",36,"n.a. ( 65)","","","Unknown","Unknown"
48924,160,"NZL","New Zealand",1,"Auckland",4,"Rodney",37,"n.a. ( 79)","","","Unknown","Unknown"
48925,160,"NZL","New Zealand",1,"Auckland",5,"Waitakere",38,"n.a. ( 47)","","","Unknown","Unknown"
48926,160,"NZL","New Zealand",1,"Auckland",5,"Waitakere",39,"n.a. ( 50)","","","Unknown","Unknown"
48927,160,"NZL","New Zealand",1,"Auckland",5,"Waitakere",40,"n.a. ( 53)","","","Unknown","Unknown"
48928,160,"NZL","New Zealand",1,"Auckland",5,"Waitakere",41,"n.a. ( 54)","","","Unknown","Unknown"
48929,160,"NZL","New Zealand",1,"Auckland",5,"Waitakere",42,"n.a. ( 55)","","","Unknown","Unknown"
48930,160,"NZL","New Zealand",1,"Auckland",5,"Waitakere",43,"n.a. ( 56)","","","Unknown","Unknown"
48931,160,"NZL","New Zealand",1,"Auckland",5,"Waitakere",44,"n.a. ( 57)","","","Unknown","Unknown"
48932,160,"NZL","New Zealand",1,"Auckland",5,"Waitakere",45,"n.a. ( 58)","","","Unknown","Unknown"
48933,160,"NZL","New Zealand",1,"Auckland",5,"Waitakere",46,"n.a. ( 59)","","","Unknown","Unknown"
48934,160,"NZL","New Zealand",1,"Auckland",5,"Waitakere",47,"n.a. ( 60)","","","Unknown","Unknown"
48935,160,"NZL","New Zealand",1,"Auckland",5,"Waitakere",48,"n.a. ( 61)","","","Unknown","Unknown"
48936,160,"NZL","New Zealand",1,"Auckland",5,"Waitakere",49,"n.a. ( 62)","","","Unknown","Unknown"
48937,160,"NZL","New Zealand",1,"Auckland",5,"Waitakere",50,"n.a. ( 63)","","","Unknown","Unknown"
48938,160,"NZL","New Zealand",1,"Auckland",5,"Waitakere",51,"n.a. ( 64)","","","Unknown","Unknown"
48939,160,"NZL","New Zealand",1,"Auckland",5,"Waitakere",52,"n.a. ( 67)","","","Unknown","Unknown"
48940,160,"NZL","New Zealand",1,"Auckland",5,"Waitakere",53,"n.a. ( 68)","","","Unknown","Unknown"
48941,160,"NZL","New Zealand",1,"Auckland",5,"Waitakere",54,"n.a. ( 69)","","","Unknown","Unknown"
48942,160,"NZL","New Zealand",1,"Auckland",5,"Waitakere",55,"n.a. ( 70)","","","Unknown","Unknown"
48943,160,"NZL","New Zealand",1,"Auckland",5,"Waitakere",56,"n.a. ( 72)","","","Unknown","Unknown"
48944,160,"NZL","New Zealand",1,"Auckland",5,"Waitakere",57,"n.a. ( 75)","","","Unknown","Unknown"
48945,160,"NZL","New Zealand",1,"Auckland",5,"Waitakere",58,"n.a. ( 76)","","","Unknown","Unknown"
48946,160,"NZL","New Zealand",1,"Auckland",5,"Waitakere",59,"n.a. ( 77)","","","Unknown","Unknown"
48947,160,"NZL","New Zealand",2,"Bay of Plenty",6,"Opotiki",60,"n.a. ( 116)","","","Unknown","Unknown"
48948,160,"NZL","New Zealand",2,"Bay of Plenty",6,"Opotiki",61,"n.a. ( 161)","","","Unknown","Unknown"
48949,160,"NZL","New Zealand",2,"Bay of Plenty",6,"Opotiki",62,"n.a. ( 169)","","","Unknown","Unknown"
48950,160,"NZL","New Zealand",2,"Bay of Plenty",7,"Rotorua",63,"n.a. ( 158)","","","Unknown","Unknown"
48951,160,"NZL","New Zealand",2,"Bay of Plenty",7,"Rotorua",64,"n.a. ( 181)","","","Unknown","Unknown"
48952,160,"NZL","New Zealand",2,"Bay of Plenty",8,"Taupo",65,"n.a. ( 197)","","","Unknown","Unknown"
48953,160,"NZL","New Zealand",2,"Bay of Plenty",9,"Western Bay of Plenty",66,"n.a. ( 103)","","","Unknown","Unknown"
48954,160,"NZL","New Zealand",2,"Bay of Plenty",9,"Western Bay of Plenty",67,"n.a. ( 110)","","","Unknown","Unknown"
48955,160,"NZL","New Zealand",2,"Bay of Plenty",9,"Western Bay of Plenty",68,"n.a. ( 111)","","","Unknown","Unknown"
48956,160,"NZL","New Zealand",2,"Bay of Plenty",9,"Western Bay of Plenty",69,"n.a. ( 112)","","","Unknown","Unknown"
48957,160,"NZL","New Zealand",2,"Bay of Plenty",9,"Western Bay of Plenty",70,"n.a. ( 118)","","","Unknown","Unknown"
48958,160,"NZL","New Zealand",2,"Bay of Plenty",9,"Western Bay of Plenty",71,"n.a. ( 119)","","","Unknown","Unknown"
48959,160,"NZL","New Zealand",2,"Bay of Plenty",9,"Western Bay of Plenty",72,"n.a. ( 120)","","","Unknown","Unknown"
48960,160,"NZL","New Zealand",2,"Bay of Plenty",9,"Western Bay of Plenty",73,"n.a. ( 122)","","","Unknown","Unknown"
48961,160,"NZL","New Zealand",2,"Bay of Plenty",9,"Western Bay of Plenty",74,"n.a. ( 123)","","","Unknown","Unknown"
48962,160,"NZL","New Zealand",2,"Bay of Plenty",9,"Western Bay of Plenty",75,"n.a. ( 125)","","","Unknown","Unknown"
48963,160,"NZL","New Zealand",2,"Bay of Plenty",9,"Western Bay of Plenty",76,"n.a. ( 126)","","","Unknown","Unknown"
48964,160,"NZL","New Zealand",2,"Bay of Plenty",9,"Western Bay of Plenty",77,"n.a. ( 127)","","","Unknown","Unknown"
48965,160,"NZL","New Zealand",2,"Bay of Plenty",9,"Western Bay of Plenty",78,"n.a. ( 128)","","","Unknown","Unknown"
48966,160,"NZL","New Zealand",2,"Bay of Plenty",9,"Western Bay of Plenty",79,"n.a. ( 130)","","","Unknown","Unknown"
48967,160,"NZL","New Zealand",2,"Bay of Plenty",9,"Western Bay of Plenty",80,"n.a. ( 131)","","","Unknown","Unknown"
48968,160,"NZL","New Zealand",2,"Bay of Plenty",9,"Western Bay of Plenty",81,"n.a. ( 134)","","","Unknown","Unknown"
48969,160,"NZL","New Zealand",2,"Bay of Plenty",9,"Western Bay of Plenty",82,"n.a. ( 137)","","","Unknown","Unknown"
48970,160,"NZL","New Zealand",2,"Bay of Plenty",9,"Western Bay of Plenty",83,"n.a. ( 140)","","","Unknown","Unknown"
48971,160,"NZL","New Zealand",2,"Bay of Plenty",9,"Western Bay of Plenty",84,"n.a. ( 144)","","","Unknown","Unknown"
48972,160,"NZL","New Zealand",2,"Bay of Plenty",10,"Whakatane",85,"n.a. ( 113)","","","Unknown","Unknown"
48973,160,"NZL","New Zealand",2,"Bay of Plenty",10,"Whakatane",86,"n.a. ( 151)","","","Unknown","Unknown"
48974,160,"NZL","New Zealand",2,"Bay of Plenty",10,"Whakatane",87,"n.a. ( 152)","","","Unknown","Unknown"
48975,160,"NZL","New Zealand",2,"Bay of Plenty",10,"Whakatane",88,"n.a. ( 155)","","","Unknown","Unknown"
48976,160,"NZL","New Zealand",2,"Bay of Plenty",10,"Whakatane",89,"n.a. ( 156)","","","Unknown","Unknown"
48977,160,"NZL","New Zealand",2,"Bay of Plenty",10,"Whakatane",90,"n.a. ( 163)","","","Unknown","Unknown"
48978,160,"NZL","New Zealand",2,"Bay of Plenty",10,"Whakatane",91,"n.a. ( 164)","","","Unknown","Unknown"
48979,160,"NZL","New Zealand",2,"Bay of Plenty",10,"Whakatane",92,"n.a. ( 167)","","","Unknown","Unknown"
48980,160,"NZL","New Zealand",2,"Bay of Plenty",10,"Whakatane",93,"n.a. ( 171)","","","Unknown","Unknown"
48981,160,"NZL","New Zealand",2,"Bay of Plenty",10,"Whakatane",94,"n.a. ( 173)","","","Unknown","Unknown"
48982,160,"NZL","New Zealand",2,"Bay of Plenty",10,"Whakatane",95,"n.a. ( 174)","","","Unknown","Unknown"
48983,160,"NZL","New Zealand",2,"Bay of Plenty",10,"Whakatane",96,"n.a. ( 178)","","","Unknown","Unknown"
48984,160,"NZL","New Zealand",2,"Bay of Plenty",10,"Whakatane",97,"n.a. ( 186)","","","Unknown","Unknown"
48985,160,"NZL","New Zealand",2,"Bay of Plenty",10,"Whakatane",98,"n.a. ( 196)","","","Unknown","Unknown"
48986,160,"NZL","New Zealand",3,"Canterbury",11,"Ashburton",99,"n.a. ( 338)","","","Unknown","Unknown"
48987,160,"NZL","New Zealand",3,"Canterbury",11,"Ashburton",100,"n.a. ( 366)","","","Unknown","Unknown"
48988,160,"NZL","New Zealand",3,"Canterbury",12,"Bounty Islands",101,"n.a. ( 479)","","","Unknown","Unknown"
48989,160,"NZL","New Zealand",3,"Canterbury",13,"Christchurch",102,"n.a. ( 342)","","","Unknown","Unknown"
48990,160,"NZL","New Zealand",3,"Canterbury",13,"Christchurch",103,"n.a. ( 345)","","","Unknown","Unknown"
48991,160,"NZL","New Zealand",3,"Canterbury",13,"Christchurch",104,"n.a. ( 346)","","","Unknown","Unknown"
48992,160,"NZL","New Zealand",3,"Canterbury",13,"Christchurch",105,"n.a. ( 349)","","","Unknown","Unknown"
48993,160,"NZL","New Zealand",3,"Canterbury",13,"Christchurch",106,"n.a. ( 351)","","","Unknown","Unknown"
48994,160,"NZL","New Zealand",3,"Canterbury",13,"Christchurch",107,"n.a. ( 352)","","","Unknown","Unknown"
48995,160,"NZL","New Zealand",3,"Canterbury",13,"Christchurch",108,"n.a. ( 353)","","","Unknown","Unknown"
48996,160,"NZL","New Zealand",3,"Canterbury",13,"Christchurch",109,"n.a. ( 354)","","","Unknown","Unknown"
48997,160,"NZL","New Zealand",3,"Canterbury",13,"Christchurch",110,"n.a. ( 355)","","","Unknown","Unknown"
48998,160,"NZL","New Zealand",3,"Canterbury",13,"Christchurch",111,"n.a. ( 356)","","","Unknown","Unknown"
48999,160,"NZL","New Zealand",3,"Canterbury",13,"Christchurch",112,"n.a. ( 357)","","","Unknown","Unknown"
49000,160,"NZL","New Zealand",3,"Canterbury",13,"Christchurch",113,"n.a. ( 359)","","","Unknown","Unknown"
49001,160,"NZL","New Zealand",3,"Canterbury",13,"Christchurch",114,"n.a. ( 364)","","","Unknown","Unknown"
49002,160,"NZL","New Zealand",3,"Canterbury",13,"Christchurch",115,"n.a. ( 365)","","","Unknown","Unknown"
49003,160,"NZL","New Zealand",3,"Canterbury",13,"Christchurch",116,"n.a. ( 367)","","","Unknown","Unknown"
49004,160,"NZL","New Zealand",3,"Canterbury",14,"Hurunui",117,"n.a. ( 323)","","","Unknown","Unknown"
49005,160,"NZL","New Zealand",3,"Canterbury",14,"Hurunui",118,"n.a. ( 324)","","","Unknown","Unknown"
49006,160,"NZL","New Zealand",3,"Canterbury",14,"Hurunui",119,"n.a. ( 329)","","","Unknown","Unknown"
49007,160,"NZL","New Zealand",3,"Canterbury",14,"Hurunui",120,"n.a. ( 331)","","","Unknown","Unknown"
49008,160,"NZL","New Zealand",3,"Canterbury",14,"Hurunui",121,"n.a. ( 336)","","","Unknown","Unknown"
49009,160,"NZL","New Zealand",3,"Canterbury",14,"Hurunui",122,"n.a. ( 337)","","","Unknown","Unknown"
49010,160,"NZL","New Zealand",3,"Canterbury",15,"Kaikoura",123,"n.a. ( 327)","","","Unknown","Unknown"
49011,160,"NZL","New Zealand",3,"Canterbury",16,"Mackenzie",124,"n.a. ( 344)","","","Unknown","Unknown"
49012,160,"NZL","New Zealand",3,"Canterbury",16,"Mackenzie",125,"n.a. ( 350)","","","Unknown","Unknown"
49013,160,"NZL","New Zealand",3,"Canterbury",16,"Mackenzie",126,"n.a. ( 368)","","","Unknown","Unknown"
49014,160,"NZL","New Zealand",3,"Canterbury",16,"Mackenzie",127,"n.a. ( 374)","","","Unknown","Unknown"
49015,160,"NZL","New Zealand",3,"Canterbury",17,"Selwyn",128,"n.a. ( 333)","","","Unknown","Unknown"
49016,160,"NZL","New Zealand",3,"Canterbury",17,"Selwyn",129,"n.a. ( 343)","","","Unknown","Unknown"
49017,160,"NZL","New Zealand",3,"Canterbury",17,"Selwyn",130,"n.a. ( 348)","","","Unknown","Unknown"
49018,160,"NZL","New Zealand",3,"Canterbury",17,"Selwyn",131,"n.a. ( 358)","","","Unknown","Unknown"
49019,160,"NZL","New Zealand",3,"Canterbury",17,"Selwyn",132,"n.a. ( 360)","","","Unknown","Unknown"
49020,160,"NZL","New Zealand",3,"Canterbury",17,"Selwyn",133,"n.a. ( 363)","","","Unknown","Unknown"
49021,160,"NZL","New Zealand",3,"Canterbury",17,"Selwyn",134,"n.a. ( 370)","","","Unknown","Unknown"
49022,160,"NZL","New Zealand",3,"Canterbury",18,"Timaru",135,"n.a. ( 347)","","","Unknown","Unknown"
49023,160,"NZL","New Zealand",3,"Canterbury",18,"Timaru",136,"n.a. ( 372)","","","Unknown","Unknown"
49024,160,"NZL","New Zealand",3,"Canterbury",18,"Timaru",137,"n.a. ( 373)","","","Unknown","Unknown"
49025,160,"NZL","New Zealand",3,"Canterbury",18,"Timaru",138,"n.a. ( 378)","","","Unknown","Unknown"
49026,160,"NZL","New Zealand",3,"Canterbury",19,"Waimakariri",139,"n.a. ( 334)","","","Unknown","Unknown"
49027,160,"NZL","New Zealand",3,"Canterbury",19,"Waimakariri",140,"n.a. ( 335)","","","Unknown","Unknown"
49028,160,"NZL","New Zealand",3,"Canterbury",19,"Waimakariri",141,"n.a. ( 340)","","","Unknown","Unknown"
49029,160,"NZL","New Zealand",3,"Canterbury",19,"Waimakariri",142,"n.a. ( 341)","","","Unknown","Unknown"
49030,160,"NZL","New Zealand",3,"Canterbury",20,"Waimate",143,"n.a. ( 376)","","","Unknown","Unknown"
49031,160,"NZL","New Zealand",3,"Canterbury",20,"Waimate",144,"n.a. ( 377)","","","Unknown","Unknown"
49032,160,"NZL","New Zealand",3,"Canterbury",20,"Waimate",145,"n.a. ( 381)","","","Unknown","Unknown"
49033,160,"NZL","New Zealand",3,"Canterbury",20,"Waimate",146,"n.a. ( 382)","","","Unknown","Unknown"
49034,160,"NZL","New Zealand",3,"Canterbury",20,"Waimate",147,"n.a. ( 384)","","","Unknown","Unknown"
49035,160,"NZL","New Zealand",3,"Canterbury",21,"Waitaki",148,"n.a. ( 369)","","","Unknown","Unknown"
49036,160,"NZL","New Zealand",4,"Chatham Islands",22,"Waitangi",149,"n.a. ( 361)","","","Unknown","Unknown"
49037,160,"NZL","New Zealand",4,"Chatham Islands",22,"Waitangi",150,"n.a. ( 362)","","","Unknown","Unknown"
49038,160,"NZL","New Zealand",4,"Chatham Islands",22,"Waitangi",151,"n.a. ( 375)","","","Unknown","Unknown"
49039,160,"NZL","New Zealand",5,"Gisborne",23,"Gisborne",152,"n.a. ( 115)","","","Unknown","Unknown"
49040,160,"NZL","New Zealand",5,"Gisborne",23,"Gisborne",153,"n.a. ( 136)","","","Unknown","Unknown"
49041,160,"NZL","New Zealand",5,"Gisborne",23,"Gisborne",154,"n.a. ( 159)","","","Unknown","Unknown"
49042,160,"NZL","New Zealand",5,"Gisborne",23,"Gisborne",155,"n.a. ( 170)","","","Unknown","Unknown"
49043,160,"NZL","New Zealand",5,"Gisborne",23,"Gisborne",156,"n.a. ( 180)","","","Unknown","Unknown"
49044,160,"NZL","New Zealand",5,"Gisborne",23,"Gisborne",157,"n.a. ( 187)","","","Unknown","Unknown"
49045,160,"NZL","New Zealand",5,"Gisborne",23,"Gisborne",158,"n.a. ( 198)","","","Unknown","Unknown"
49046,160,"NZL","New Zealand",5,"Gisborne",23,"Gisborne",159,"n.a. ( 200)","","","Unknown","Unknown"
49047,160,"NZL","New Zealand",5,"Gisborne",23,"Gisborne",160,"n.a. ( 204)","","","Unknown","Unknown"
49048,160,"NZL","New Zealand",5,"Gisborne",23,"Gisborne",161,"n.a. ( 207)","","","Unknown","Unknown"
49049,160,"NZL","New Zealand",5,"Gisborne",23,"Gisborne",162,"n.a. ( 209)","","","Unknown","Unknown"
49050,160,"NZL","New Zealand",5,"Gisborne",23,"Gisborne",163,"n.a. ( 211)","","","Unknown","Unknown"
49051,160,"NZL","New Zealand",5,"Gisborne",23,"Gisborne",164,"n.a. ( 212)","","","Unknown","Unknown"
49052,160,"NZL","New Zealand",5,"Gisborne",24,"Otorohanga",165,"n.a. ( 191)","","","Unknown","Unknown"
49053,160,"NZL","New Zealand",5,"Gisborne",24,"Otorohanga",166,"n.a. ( 192)","","","Unknown","Unknown"
49054,160,"NZL","New Zealand",5,"Gisborne",24,"Otorohanga",167,"n.a. ( 193)","","","Unknown","Unknown"
49055,160,"NZL","New Zealand",5,"Gisborne",24,"Otorohanga",168,"n.a. ( 195)","","","Unknown","Unknown"
49056,160,"NZL","New Zealand",5,"Gisborne",24,"Otorohanga",169,"n.a. ( 201)","","","Unknown","Unknown"
49057,160,"NZL","New Zealand",5,"Gisborne",24,"Otorohanga",170,"n.a. ( 205)","","","Unknown","Unknown"
49058,160,"NZL","New Zealand",6,"Hawke's Bay",25,"Central Hawke's Bay",171,"n.a. ( 250)","","","Unknown","Unknown"
49059,160,"NZL","New Zealand",6,"Hawke's Bay",25,"Central Hawke's Bay",172,"n.a. ( 254)","","","Unknown","Unknown"
49060,160,"NZL","New Zealand",6,"Hawke's Bay",25,"Central Hawke's Bay",173,"n.a. ( 257)","","","Unknown","Unknown"
49061,160,"NZL","New Zealand",6,"Hawke's Bay",25,"Central Hawke's Bay",174,"n.a. ( 260)","","","Unknown","Unknown"
49062,160,"NZL","New Zealand",6,"Hawke's Bay",25,"Central Hawke's Bay",175,"n.a. ( 271)","","","Unknown","Unknown"
49063,160,"NZL","New Zealand",6,"Hawke's Bay",26,"Hastings city",176,"n.a. ( 244)","","","Unknown","Unknown"
49064,160,"NZL","New Zealand",6,"Hawke's Bay",26,"Hastings city",177,"n.a. ( 245)","","","Unknown","Unknown"
49065,160,"NZL","New Zealand",6,"Hawke's Bay",26,"Hastings city",178,"n.a. ( 247)","","","Unknown","Unknown"
49066,160,"NZL","New Zealand",6,"Hawke's Bay",26,"Hastings city",179,"n.a. ( 248)","","","Unknown","Unknown"
49067,160,"NZL","New Zealand",6,"Hawke's Bay",26,"Hastings city",180,"n.a. ( 249)","","","Unknown","Unknown"
49068,160,"NZL","New Zealand",6,"Hawke's Bay",27,"Hastings",181,"n.a. ( 216)","","","Unknown","Unknown"
49069,160,"NZL","New Zealand",6,"Hawke's Bay",27,"Hastings",182,"n.a. ( 226)","","","Unknown","Unknown"
49070,160,"NZL","New Zealand",6,"Hawke's Bay",27,"Hastings",183,"n.a. ( 240)","","","Unknown","Unknown"
49071,160,"NZL","New Zealand",6,"Hawke's Bay",27,"Hastings",184,"n.a. ( 242)","","","Unknown","Unknown"
49072,160,"NZL","New Zealand",6,"Hawke's Bay",27,"Hastings",185,"n.a. ( 243)","","","Unknown","Unknown"
49073,160,"NZL","New Zealand",6,"Hawke's Bay",27,"Hastings",186,"n.a. ( 253)","","","Unknown","Unknown"
49074,160,"NZL","New Zealand",6,"Hawke's Bay",28,"Napier",187,"n.a. ( 237)","","","Unknown","Unknown"
49075,160,"NZL","New Zealand",6,"Hawke's Bay",29,"Wairoa",188,"n.a. ( 206)","","","Unknown","Unknown"
49076,160,"NZL","New Zealand",6,"Hawke's Bay",29,"Wairoa",189,"n.a. ( 214)","","","Unknown","Unknown"
49077,160,"NZL","New Zealand",6,"Hawke's Bay",29,"Wairoa",190,"n.a. ( 215)","","","Unknown","Unknown"
49078,160,"NZL","New Zealand",6,"Hawke's Bay",29,"Wairoa",191,"n.a. ( 217)","","","Unknown","Unknown"
49079,160,"NZL","New Zealand",6,"Hawke's Bay",29,"Wairoa",192,"n.a. ( 219)","","","Unknown","Unknown"
49080,160,"NZL","New Zealand",6,"Hawke's Bay",29,"Wairoa",193,"n.a. ( 222)","","","Unknown","Unknown"
49081,160,"NZL","New Zealand",6,"Hawke's Bay",29,"Wairoa",194,"n.a. ( 233)","","","Unknown","Unknown"
49082,160,"NZL","New Zealand",7,"Manawatu-Wanganui",30,"Horowhenua",195,"n.a. ( 270)","","","Unknown","Unknown"
49083,160,"NZL","New Zealand",7,"Manawatu-Wanganui",30,"Horowhenua",196,"n.a. ( 272)","","","Unknown","Unknown"
49084,160,"NZL","New Zealand",7,"Manawatu-Wanganui",30,"Horowhenua",197,"n.a. ( 274)","","","Unknown","Unknown"
49085,160,"NZL","New Zealand",7,"Manawatu-Wanganui",30,"Horowhenua",198,"n.a. ( 275)","","","Unknown","Unknown"
49086,160,"NZL","New Zealand",7,"Manawatu-Wanganui",31,"Manawatu",199,"n.a. ( 252)","","","Unknown","Unknown"
49087,160,"NZL","New Zealand",7,"Manawatu-Wanganui",31,"Manawatu",200,"n.a. ( 255)","","","Unknown","Unknown"
49088,160,"NZL","New Zealand",7,"Manawatu-Wanganui",31,"Manawatu",201,"n.a. ( 264)","","","Unknown","Unknown"
49089,160,"NZL","New Zealand",7,"Manawatu-Wanganui",31,"Manawatu",202,"n.a. ( 265)","","","Unknown","Unknown"
49090,160,"NZL","New Zealand",7,"Manawatu-Wanganui",31,"Manawatu",203,"n.a. ( 266)","","","Unknown","Unknown"
49091,160,"NZL","New Zealand",7,"Manawatu-Wanganui",32,"Palmerston North",204,"n.a. ( 268)","","","Unknown","Unknown"
49092,160,"NZL","New Zealand",7,"Manawatu-Wanganui",33,"Rangitikei",205,"n.a. ( 227)","","","Unknown","Unknown"
49093,160,"NZL","New Zealand",7,"Manawatu-Wanganui",33,"Rangitikei",206,"n.a. ( 251)","","","Unknown","Unknown"
49094,160,"NZL","New Zealand",7,"Manawatu-Wanganui",33,"Rangitikei",207,"n.a. ( 258)","","","Unknown","Unknown"
49095,160,"NZL","New Zealand",7,"Manawatu-Wanganui",33,"Rangitikei",208,"n.a. ( 259)","","","Unknown","Unknown"
49096,160,"NZL","New Zealand",7,"Manawatu-Wanganui",34,"Ruapehu",209,"n.a. ( 202)","","","Unknown","Unknown"
49097,160,"NZL","New Zealand",7,"Manawatu-Wanganui",34,"Ruapehu",210,"n.a. ( 213)","","","Unknown","Unknown"
49098,160,"NZL","New Zealand",7,"Manawatu-Wanganui",34,"Ruapehu",211,"n.a. ( 220)","","","Unknown","Unknown"
49099,160,"NZL","New Zealand",7,"Manawatu-Wanganui",34,"Ruapehu",212,"n.a. ( 228)","","","Unknown","Unknown"
49100,160,"NZL","New Zealand",7,"Manawatu-Wanganui",34,"Ruapehu",213,"n.a. ( 232)","","","Unknown","Unknown"
49101,160,"NZL","New Zealand",7,"Manawatu-Wanganui",35,"Tararua",214,"n.a. ( 261)","","","Unknown","Unknown"
49102,160,"NZL","New Zealand",7,"Manawatu-Wanganui",35,"Tararua",215,"n.a. ( 262)","","","Unknown","Unknown"
49103,160,"NZL","New Zealand",7,"Manawatu-Wanganui",35,"Tararua",216,"n.a. ( 263)","","","Unknown","Unknown"
49104,160,"NZL","New Zealand",7,"Manawatu-Wanganui",35,"Tararua",217,"n.a. ( 267)","","","Unknown","Unknown"
49105,160,"NZL","New Zealand",7,"Manawatu-Wanganui",35,"Tararua",218,"n.a. ( 269)","","","Unknown","Unknown"
49106,160,"NZL","New Zealand",7,"Manawatu-Wanganui",35,"Tararua",219,"n.a. ( 273)","","","Unknown","Unknown"
49107,160,"NZL","New Zealand",7,"Manawatu-Wanganui",36,"Wanganui",220,"n.a. ( 231)","","","Unknown","Unknown"
49108,160,"NZL","New Zealand",7,"Manawatu-Wanganui",36,"Wanganui",221,"n.a. ( 256)","","","Unknown","Unknown"
49109,160,"NZL","New Zealand",8,"Marlborough",37,"Marlborough",222,"n.a. ( 283)","","","Unknown","Unknown"
49110,160,"NZL","New Zealand",8,"Marlborough",37,"Marlborough",223,"n.a. ( 297)","","","Unknown","Unknown"
49111,160,"NZL","New Zealand",8,"Marlborough",37,"Marlborough",224,"n.a. ( 317)","","","Unknown","Unknown"
49112,160,"NZL","New Zealand",8,"Marlborough",37,"Marlborough",225,"n.a. ( 318)","","","Unknown","Unknown"
49113,160,"NZL","New Zealand",8,"Marlborough",37,"Marlborough",226,"n.a. ( 319)","","","Unknown","Unknown"
49114,160,"NZL","New Zealand",9,"Nelson",38,"Nelson",227,"n.a. ( 314)","","","Unknown","Unknown"
49115,160,"NZL","New Zealand",9,"Nelson",39,"Tasman",228,"n.a. ( 279)","","","Unknown","Unknown"
49116,160,"NZL","New Zealand",9,"Nelson",39,"Tasman",229,"n.a. ( 300)","","","Unknown","Unknown"
49117,160,"NZL","New Zealand",9,"Nelson",39,"Tasman",230,"n.a. ( 309)","","","Unknown","Unknown"
49118,160,"NZL","New Zealand",9,"Nelson",39,"Tasman",231,"n.a. ( 310)","","","Unknown","Unknown"
49119,160,"NZL","New Zealand",9,"Nelson",39,"Tasman",232,"n.a. ( 312)","","","Unknown","Unknown"
49120,160,"NZL","New Zealand",9,"Nelson",39,"Tasman",233,"n.a. ( 316)","","","Unknown","Unknown"
49121,160,"NZL","New Zealand",10,"Northland",40,"Far North",234,"n.a. ( 1)","","","Unknown","Unknown"
49122,160,"NZL","New Zealand",10,"Northland",40,"Far North",235,"n.a. ( 10)","","","Unknown","Unknown"
49123,160,"NZL","New Zealand",10,"Northland",40,"Far North",236,"n.a. ( 11)","","","Unknown","Unknown"
49124,160,"NZL","New Zealand",10,"Northland",40,"Far North",237,"n.a. ( 12)","","","Unknown","Unknown"
49125,160,"NZL","New Zealand",10,"Northland",40,"Far North",238,"n.a. ( 13)","","","Unknown","Unknown"
49126,160,"NZL","New Zealand",10,"Northland",40,"Far North",239,"n.a. ( 19)","","","Unknown","Unknown"
49127,160,"NZL","New Zealand",10,"Northland",40,"Far North",240,"n.a. ( 2)","","","Unknown","Unknown"
49128,160,"NZL","New Zealand",10,"Northland",40,"Far North",241,"n.a. ( 3)","","","Unknown","Unknown"
49129,160,"NZL","New Zealand",10,"Northland",40,"Far North",242,"n.a. ( 4)","","","Unknown","Unknown"
49130,160,"NZL","New Zealand",10,"Northland",40,"Far North",243,"n.a. ( 5)","","","Unknown","Unknown"
49131,160,"NZL","New Zealand",10,"Northland",40,"Far North",244,"n.a. ( 6)","","","Unknown","Unknown"
49132,160,"NZL","New Zealand",10,"Northland",40,"Far North",245,"n.a. ( 7)","","","Unknown","Unknown"
49133,160,"NZL","New Zealand",10,"Northland",40,"Far North",246,"n.a. ( 8)","","","Unknown","Unknown"
49134,160,"NZL","New Zealand",10,"Northland",40,"Far North",247,"n.a. ( 9)","","","Unknown","Unknown"
49135,160,"NZL","New Zealand",10,"Northland",41,"Kaipara",248,"n.a. ( 17)","","","Unknown","Unknown"
49136,160,"NZL","New Zealand",10,"Northland",41,"Kaipara",249,"n.a. ( 21)","","","Unknown","Unknown"
49137,160,"NZL","New Zealand",10,"Northland",41,"Kaipara",250,"n.a. ( 27)","","","Unknown","Unknown"
49138,160,"NZL","New Zealand",10,"Northland",41,"Kaipara",251,"n.a. ( 28)","","","Unknown","Unknown"
49139,160,"NZL","New Zealand",10,"Northland",41,"Kaipara",252,"n.a. ( 30)","","","Unknown","Unknown"
49140,160,"NZL","New Zealand",10,"Northland",42,"Kermadec Islands",253,"n.a.(509)","","","",""
49141,160,"NZL","New Zealand",10,"Northland",43,"Whangarei",254,"n.a. ( 14)","","","Unknown","Unknown"
49142,160,"NZL","New Zealand",10,"Northland",43,"Whangarei",255,"n.a. ( 15)","","","Unknown","Unknown"
49143,160,"NZL","New Zealand",10,"Northland",43,"Whangarei",256,"n.a. ( 16)","","","Unknown","Unknown"
49144,160,"NZL","New Zealand",10,"Northland",43,"Whangarei",257,"n.a. ( 18)","","","Unknown","Unknown"
49145,160,"NZL","New Zealand",10,"Northland",43,"Whangarei",258,"n.a. ( 20)","","","Unknown","Unknown"
49146,160,"NZL","New Zealand",10,"Northland",43,"Whangarei",259,"n.a. ( 22)","","","Unknown","Unknown"
49147,160,"NZL","New Zealand",10,"Northland",43,"Whangarei",260,"n.a. ( 25)","","","Unknown","Unknown"
49148,160,"NZL","New Zealand",10,"Northland",43,"Whangarei",261,"n.a. ( 26)","","","Unknown","Unknown"
49149,160,"NZL","New Zealand",10,"Northland",43,"Whangarei",262,"n.a. ( 29)","","","Unknown","Unknown"
49150,160,"NZL","New Zealand",11,"Otago",44,"Antipodes Islands",263,"n.a. ( 481)","","","Unknown","Unknown"
49151,160,"NZL","New Zealand",11,"Otago",45,"Central Otago",264,"n.a. ( 380)","","","Unknown","Unknown"
49152,160,"NZL","New Zealand",11,"Otago",45,"Central Otago",265,"n.a. ( 383)","","","Unknown","Unknown"
49153,160,"NZL","New Zealand",11,"Otago",45,"Central Otago",266,"n.a. ( 398)","","","Unknown","Unknown"
49154,160,"NZL","New Zealand",11,"Otago",45,"Central Otago",267,"n.a. ( 405)","","","Unknown","Unknown"
49155,160,"NZL","New Zealand",11,"Otago",45,"Central Otago",268,"n.a. ( 412)","","","Unknown","Unknown"
49156,160,"NZL","New Zealand",11,"Otago",45,"Central Otago",269,"n.a. ( 418)","","","Unknown","Unknown"
49157,160,"NZL","New Zealand",11,"Otago",46,"Clutha",270,"n.a. ( 420)","","","Unknown","Unknown"
49158,160,"NZL","New Zealand",11,"Otago",46,"Clutha",271,"n.a. ( 428)","","","Unknown","Unknown"
49159,160,"NZL","New Zealand",11,"Otago",46,"Clutha",272,"n.a. ( 446)","","","Unknown","Unknown"
49160,160,"NZL","New Zealand",11,"Otago",46,"Clutha",273,"n.a. ( 448)","","","Unknown","Unknown"
49161,160,"NZL","New Zealand",11,"Otago",46,"Clutha",274,"n.a. ( 455)","","","Unknown","Unknown"
49162,160,"NZL","New Zealand",11,"Otago",49,"Southland",297,"n.a. ( 447)","","","Unknown","Unknown"
49163,160,"NZL","New Zealand",11,"Otago",49,"Southland",298,"n.a. ( 450)","","","Unknown","Unknown"
49164,160,"NZL","New Zealand",11,"Otago",49,"Southland",299,"n.a. ( 451)","","","Unknown","Unknown"
49165,160,"NZL","New Zealand",11,"Otago",49,"Southland",300,"n.a. ( 452)","","","Unknown","Unknown"
49166,160,"NZL","New Zealand",11,"Otago",49,"Southland",301,"n.a. ( 453)","","","Unknown","Unknown"
49167,160,"NZL","New Zealand",11,"Otago",50,"Waitaki",302,"n.a. ( 387)","","","Unknown","Unknown"
49168,160,"NZL","New Zealand",11,"Otago",50,"Waitaki",303,"n.a. ( 407)","","","Unknown","Unknown"
49169,160,"NZL","New Zealand",11,"Otago",50,"Waitaki",304,"n.a. ( 410)","","","Unknown","Unknown"
49170,160,"NZL","New Zealand",12,"Southland",51,"Auckland islands",305,"n.a. ( 488)","","","Unknown","Unknown"
49171,160,"NZL","New Zealand",12,"Southland",52,"Campbell Islands",306,"n.a. ( 494)","","","Unknown","Unknown"
49172,160,"NZL","New Zealand",12,"Southland",53,"Gore",307,"n.a. ( 432)","","","Unknown","Unknown"
49173,160,"NZL","New Zealand",12,"Southland",53,"Gore",308,"n.a. ( 454)","","","Unknown","Unknown"
49174,160,"NZL","New Zealand",12,"Southland",53,"Gore",309,"n.a. ( 457)","","","Unknown","Unknown"
49175,160,"NZL","New Zealand",12,"Southland",53,"Gore",310,"n.a. ( 458)","","","Unknown","Unknown"
49176,160,"NZL","New Zealand",12,"Southland",54,"Invercargill",311,"n.a. ( 469)","","","Unknown","Unknown"
49177,160,"NZL","New Zealand",12,"Southland",55,"Southland",312,"n.a. ( 414)","","","Unknown","Unknown"
49178,160,"NZL","New Zealand",12,"Southland",55,"Southland",313,"n.a. ( 416)","","","Unknown","Unknown"
49179,160,"NZL","New Zealand",12,"Southland",55,"Southland",314,"n.a. ( 417)","","","Unknown","Unknown"
49180,160,"NZL","New Zealand",12,"Southland",55,"Southland",315,"n.a. ( 421)","","","Unknown","Unknown"
49181,160,"NZL","New Zealand",12,"Southland",55,"Southland",316,"n.a. ( 422)","","","Unknown","Unknown"
49182,160,"NZL","New Zealand",12,"Southland",55,"Southland",317,"n.a. ( 423)","","","Unknown","Unknown"
49183,160,"NZL","New Zealand",12,"Southland",55,"Southland",318,"n.a. ( 424)","","","Unknown","Unknown"
49184,160,"NZL","New Zealand",12,"Southland",55,"Southland",319,"n.a. ( 425)","","","Unknown","Unknown"
49185,160,"NZL","New Zealand",12,"Southland",55,"Southland",320,"n.a. ( 427)","","","Unknown","Unknown"
49186,160,"NZL","New Zealand",12,"Southland",55,"Southland",321,"n.a. ( 433)","","","Unknown","Unknown"
49187,160,"NZL","New Zealand",12,"Southland",55,"Southland",322,"n.a. ( 434)","","","Unknown","Unknown"
49188,160,"NZL","New Zealand",12,"Southland",55,"Southland",323,"n.a. ( 436)","","","Unknown","Unknown"
49189,160,"NZL","New Zealand",12,"Southland",55,"Southland",324,"n.a. ( 456)","","","Unknown","Unknown"
49190,160,"NZL","New Zealand",12,"Southland",55,"Southland",325,"n.a. ( 460)","","","Unknown","Unknown"
49191,160,"NZL","New Zealand",12,"Southland",55,"Southland",326,"n.a. ( 461)","","","Unknown","Unknown"
49192,160,"NZL","New Zealand",12,"Southland",55,"Southland",327,"n.a. ( 466)","","","Unknown","Unknown"
49193,160,"NZL","New Zealand",12,"Southland",55,"Southland",328,"n.a. ( 468)","","","Unknown","Unknown"
49194,160,"NZL","New Zealand",12,"Southland",55,"Southland",329,"n.a. ( 470)","","","Unknown","Unknown"
49195,160,"NZL","New Zealand",12,"Southland",55,"Southland",330,"n.a. ( 471)","","","Unknown","Unknown"
49196,160,"NZL","New Zealand",13,"Taranaki",56,"New Plymouth",331,"n.a. ( 210)","","","Unknown","Unknown"
49197,160,"NZL","New Zealand",13,"Taranaki",56,"New Plymouth",332,"n.a. ( 221)","","","Unknown","Unknown"
49198,160,"NZL","New Zealand",13,"Taranaki",56,"New Plymouth",333,"n.a. ( 223)","","","Unknown","Unknown"
49199,160,"NZL","New Zealand",13,"Taranaki",56,"New Plymouth",334,"n.a. ( 224)","","","Unknown","Unknown"
49200,160,"NZL","New Zealand",13,"Taranaki",56,"New Plymouth",335,"n.a. ( 225)","","","Unknown","Unknown"
49201,160,"NZL","New Zealand",13,"Taranaki",57,"South Taranaki",336,"n.a. ( 229)","","","Unknown","Unknown"
49202,160,"NZL","New Zealand",13,"Taranaki",57,"South Taranaki",337,"n.a. ( 235)","","","Unknown","Unknown"
49203,160,"NZL","New Zealand",13,"Taranaki",57,"South Taranaki",338,"n.a. ( 238)","","","Unknown","Unknown"
49204,160,"NZL","New Zealand",13,"Taranaki",57,"South Taranaki",339,"n.a. ( 239)","","","Unknown","Unknown"
49205,160,"NZL","New Zealand",13,"Taranaki",57,"South Taranaki",340,"n.a. ( 241)","","","Unknown","Unknown"
49206,160,"NZL","New Zealand",13,"Taranaki",57,"South Taranaki",341,"n.a. ( 246)","","","Unknown","Unknown"
49207,160,"NZL","New Zealand",13,"Taranaki",58,"Stratford",342,"n.a. ( 218)","","","Unknown","Unknown"
49208,160,"NZL","New Zealand",13,"Taranaki",58,"Stratford",343,"n.a. ( 230)","","","Unknown","Unknown"
49209,160,"NZL","New Zealand",13,"Taranaki",58,"Stratford",344,"n.a. ( 234)","","","Unknown","Unknown"
49210,160,"NZL","New Zealand",13,"Taranaki",58,"Stratford",345,"n.a. ( 236)","","","Unknown","Unknown"
49211,160,"NZL","New Zealand",14,"Waikato",59,"Franklin",346,"n.a. ( 101)","","","Unknown","Unknown"
49212,160,"NZL","New Zealand",14,"Waikato",59,"Franklin",347,"n.a. ( 87)","","","Unknown","Unknown"
49213,160,"NZL","New Zealand",14,"Waikato",60,"Hamilton",348,"n.a. ( 139)","","","Unknown","Unknown"
49214,160,"NZL","New Zealand",14,"Waikato",60,"Hamilton",349,"n.a. ( 141)","","","Unknown","Unknown"
49215,160,"NZL","New Zealand",14,"Waikato",60,"Hamilton",350,"n.a. ( 142)","","","Unknown","Unknown"
49216,160,"NZL","New Zealand",14,"Waikato",60,"Hamilton",351,"n.a. ( 146)","","","Unknown","Unknown"
49217,160,"NZL","New Zealand",14,"Waikato",60,"Hamilton",352,"n.a. ( 148)","","","Unknown","Unknown"
49218,160,"NZL","New Zealand",14,"Waikato",61,"Hauraki",353,"n.a. ( 102)","","","Unknown","Unknown"
49219,160,"NZL","New Zealand",14,"Waikato",61,"Hauraki",354,"n.a. ( 104)","","","Unknown","Unknown"
49220,160,"NZL","New Zealand",14,"Waikato",61,"Hauraki",355,"n.a. ( 98)","","","Unknown","Unknown"
49221,160,"NZL","New Zealand",14,"Waikato",62,"Matamata-Piako",356,"n.a. ( 108)","","","Unknown","Unknown"
49222,160,"NZL","New Zealand",14,"Waikato",62,"Matamata-Piako",357,"n.a. ( 109)","","","Unknown","Unknown"
49223,160,"NZL","New Zealand",14,"Waikato",62,"Matamata-Piako",358,"n.a. ( 132)","","","Unknown","Unknown"
49224,160,"NZL","New Zealand",14,"Waikato",63,"Otorohanga",359,"n.a. ( 160)","","","Unknown","Unknown"
49225,160,"NZL","New Zealand",14,"Waikato",63,"Otorohanga",360,"n.a. ( 168)","","","Unknown","Unknown"
49226,160,"NZL","New Zealand",14,"Waikato",63,"Otorohanga",361,"n.a. ( 175)","","","Unknown","Unknown"
49227,160,"NZL","New Zealand",14,"Waikato",63,"Otorohanga",362,"n.a. ( 177)","","","Unknown","Unknown"
49228,160,"NZL","New Zealand",14,"Waikato",63,"Otorohanga",363,"n.a. ( 179)","","","Unknown","Unknown"
49229,160,"NZL","New Zealand",14,"Waikato",63,"Otorohanga",364,"n.a. ( 185)","","","Unknown","Unknown"
49230,160,"NZL","New Zealand",14,"Waikato",64,"Rotorua",365,"n.a. ( 172)","","","Unknown","Unknown"
49231,160,"NZL","New Zealand",14,"Waikato",64,"Rotorua",366,"n.a. ( 182)","","","Unknown","Unknown"
49232,160,"NZL","New Zealand",14,"Waikato",65,"South Waikato",367,"n.a. ( 154)","","","Unknown","Unknown"
49233,160,"NZL","New Zealand",14,"Waikato",65,"South Waikato",368,"n.a. ( 162)","","","Unknown","Unknown"
49234,160,"NZL","New Zealand",14,"Waikato",65,"South Waikato",369,"n.a. ( 183)","","","Unknown","Unknown"
49235,160,"NZL","New Zealand",14,"Waikato",66,"Taupo",370,"n.a. ( 188)","","","Unknown","Unknown"
49236,160,"NZL","New Zealand",14,"Waikato",66,"Taupo",371,"n.a. ( 203)","","","Unknown","Unknown"
49237,160,"NZL","New Zealand",14,"Waikato",66,"Taupo",372,"n.a. ( 208)","","","Unknown","Unknown"
49238,160,"NZL","New Zealand",14,"Waikato",67,"Thames-Coromandel",373,"n.a. ( 46)","","","Unknown","Unknown"
49239,160,"NZL","New Zealand",14,"Waikato",67,"Thames-Coromandel",374,"n.a. ( 51)","","","Unknown","Unknown"
49240,160,"NZL","New Zealand",14,"Waikato",67,"Thames-Coromandel",375,"n.a. ( 52)","","","Unknown","Unknown"
49241,160,"NZL","New Zealand",14,"Waikato",67,"Thames-Coromandel",376,"n.a. ( 71)","","","Unknown","Unknown"
49242,160,"NZL","New Zealand",14,"Waikato",67,"Thames-Coromandel",377,"n.a. ( 80)","","","Unknown","Unknown"
49243,160,"NZL","New Zealand",14,"Waikato",67,"Thames-Coromandel",378,"n.a. ( 81)","","","Unknown","Unknown"
49244,160,"NZL","New Zealand",14,"Waikato",67,"Thames-Coromandel",379,"n.a. ( 83)","","","Unknown","Unknown"
49245,160,"NZL","New Zealand",14,"Waikato",67,"Thames-Coromandel",380,"n.a. ( 90)","","","Unknown","Unknown"
49246,160,"NZL","New Zealand",14,"Waikato",67,"Thames-Coromandel",381,"n.a. ( 96)","","","Unknown","Unknown"
49247,160,"NZL","New Zealand",14,"Waikato",68,"Waikato",382,"n.a. ( 105)","","","Unknown","Unknown"
49248,160,"NZL","New Zealand",14,"Waikato",68,"Waikato",383,"n.a. ( 107)","","","Unknown","Unknown"
49249,160,"NZL","New Zealand",14,"Waikato",68,"Waikato",384,"n.a. ( 114)","","","Unknown","Unknown"
49250,160,"NZL","New Zealand",14,"Waikato",68,"Waikato",385,"n.a. ( 117)","","","Unknown","Unknown"
49251,160,"NZL","New Zealand",14,"Waikato",68,"Waikato",386,"n.a. ( 121)","","","Unknown","Unknown"
49252,160,"NZL","New Zealand",14,"Waikato",68,"Waikato",387,"n.a. ( 124)","","","Unknown","Unknown"
49253,160,"NZL","New Zealand",14,"Waikato",68,"Waikato",388,"n.a. ( 129)","","","Unknown","Unknown"
49254,160,"NZL","New Zealand",14,"Waikato",68,"Waikato",389,"n.a. ( 133)","","","Unknown","Unknown"
49255,160,"NZL","New Zealand",14,"Waikato",68,"Waikato",390,"n.a. ( 135)","","","Unknown","Unknown"
49256,160,"NZL","New Zealand",14,"Waikato",68,"Waikato",391,"n.a. ( 143)","","","Unknown","Unknown"
49257,160,"NZL","New Zealand",14,"Waikato",68,"Waikato",392,"n.a. ( 147)","","","Unknown","Unknown"
49258,160,"NZL","New Zealand",14,"Waikato",68,"Waikato",393,"n.a. ( 149)","","","Unknown","Unknown"
49259,160,"NZL","New Zealand",14,"Waikato",68,"Waikato",394,"n.a. ( 99)","","","Unknown","Unknown"
49260,160,"NZL","New Zealand",14,"Waikato",69,"Waipa",395,"n.a. ( 145)","","","Unknown","Unknown"
49261,160,"NZL","New Zealand",14,"Waikato",69,"Waipa",396,"n.a. ( 150)","","","Unknown","Unknown"
49262,160,"NZL","New Zealand",14,"Waikato",69,"Waipa",397,"n.a. ( 153)","","","Unknown","Unknown"
49263,160,"NZL","New Zealand",14,"Waikato",69,"Waipa",398,"n.a. ( 157)","","","Unknown","Unknown"
49264,160,"NZL","New Zealand",14,"Waikato",69,"Waipa",399,"n.a. ( 165)","","","Unknown","Unknown"
49265,160,"NZL","New Zealand",14,"Waikato",69,"Waipa",400,"n.a. ( 166)","","","Unknown","Unknown"
49266,160,"NZL","New Zealand",14,"Waikato",70,"Waitomo",401,"n.a. ( 176)","","","Unknown","Unknown"
49267,160,"NZL","New Zealand",14,"Waikato",70,"Waitomo",402,"n.a. ( 184)","","","Unknown","Unknown"
49268,160,"NZL","New Zealand",14,"Waikato",70,"Waitomo",403,"n.a. ( 189)","","","Unknown","Unknown"
49269,160,"NZL","New Zealand",14,"Waikato",70,"Waitomo",404,"n.a. ( 190)","","","Unknown","Unknown"
49270,160,"NZL","New Zealand",14,"Waikato",70,"Waitomo",405,"n.a. ( 194)","","","Unknown","Unknown"
49271,160,"NZL","New Zealand",14,"Waikato",70,"Waitomo",406,"n.a. ( 199)","","","Unknown","Unknown"
49272,160,"NZL","New Zealand",15,"Wellington",71,"Carterton",407,"n.a. ( 277)","","","Unknown","Unknown"
49273,160,"NZL","New Zealand",15,"Wellington",71,"Carterton",408,"n.a. ( 289)","","","Unknown","Unknown"
49274,160,"NZL","New Zealand",15,"Wellington",71,"Carterton",409,"n.a. ( 290)","","","Unknown","Unknown"
49275,160,"NZL","New Zealand",15,"Wellington",71,"Carterton",410,"n.a. ( 292)","","","Unknown","Unknown"
49276,160,"NZL","New Zealand",15,"Wellington",72,"Hutt city",411,"n.a. ( 299)","","","Unknown","Unknown"
49277,160,"NZL","New Zealand",15,"Wellington",72,"Hutt city",412,"n.a. ( 304)","","","Unknown","Unknown"
49278,160,"NZL","New Zealand",15,"Wellington",72,"Hutt city",413,"n.a. ( 305)","","","Unknown","Unknown"
49279,160,"NZL","New Zealand",15,"Wellington",72,"Hutt city",414,"n.a. ( 306)","","","Unknown","Unknown"
49280,160,"NZL","New Zealand",15,"Wellington",72,"Hutt city",415,"n.a. ( 307)","","","Unknown","Unknown"
49281,160,"NZL","New Zealand",15,"Wellington",72,"Hutt city",416,"n.a. ( 313)","","","Unknown","Unknown"
49282,160,"NZL","New Zealand",15,"Wellington",73,"Kapiti Coast",417,"n.a. ( 276)","","","Unknown","Unknown"
49283,160,"NZL","New Zealand",15,"Wellington",73,"Kapiti Coast",418,"n.a. ( 280)","","","Unknown","Unknown"
49284,160,"NZL","New Zealand",15,"Wellington",73,"Kapiti Coast",419,"n.a. ( 281)","","","Unknown","Unknown"
49285,160,"NZL","New Zealand",15,"Wellington",73,"Kapiti Coast",420,"n.a. ( 282)","","","Unknown","Unknown"
49286,160,"NZL","New Zealand",15,"Wellington",73,"Kapiti Coast",421,"n.a. ( 284)","","","Unknown","Unknown"
49287,160,"NZL","New Zealand",15,"Wellington",74,"Masterton",422,"n.a. ( 285)","","","Unknown","Unknown"
49288,160,"NZL","New Zealand",15,"Wellington",74,"Masterton",423,"n.a. ( 287)","","","Unknown","Unknown"
49289,160,"NZL","New Zealand",15,"Wellington",75,"Porirua",424,"n.a. ( 291)","","","Unknown","Unknown"
49290,160,"NZL","New Zealand",15,"Wellington",75,"Porirua",425,"n.a. ( 293)","","","Unknown","Unknown"
49291,160,"NZL","New Zealand",15,"Wellington",75,"Porirua",426,"n.a. ( 295)","","","Unknown","Unknown"
49292,160,"NZL","New Zealand",15,"Wellington",75,"Porirua",427,"n.a. ( 296)","","","Unknown","Unknown"
49293,160,"NZL","New Zealand",15,"Wellington",75,"Porirua",428,"n.a. ( 298)","","","Unknown","Unknown"
49294,160,"NZL","New Zealand",15,"Wellington",75,"Porirua",429,"n.a. ( 303)","","","Unknown","Unknown"
49295,160,"NZL","New Zealand",15,"Wellington",76,"South Wairarapa",430,"n.a. ( 286)","","","Unknown","Unknown"
49296,160,"NZL","New Zealand",15,"Wellington",76,"South Wairarapa",431,"n.a. ( 294)","","","Unknown","Unknown"
49297,160,"NZL","New Zealand",15,"Wellington",76,"South Wairarapa",432,"n.a. ( 302)","","","Unknown","Unknown"
49298,160,"NZL","New Zealand",15,"Wellington",77,"Upper Hutt",433,"n.a. ( 288)","","","Unknown","Unknown"
49299,160,"NZL","New Zealand",15,"Wellington",78,"Wellington",434,"n.a. ( 301)","","","Unknown","Unknown"
49300,160,"NZL","New Zealand",15,"Wellington",78,"Wellington",435,"n.a. ( 308)","","","Unknown","Unknown"
49301,160,"NZL","New Zealand",15,"Wellington",78,"Wellington",436,"n.a. ( 311)","","","Unknown","Unknown"
49302,160,"NZL","New Zealand",15,"Wellington",78,"Wellington",437,"n.a. ( 315)","","","Unknown","Unknown"
49303,160,"NZL","New Zealand",16,"West Coast",79,"Buller",438,"n.a. ( 278)","","","Unknown","Unknown"
49304,160,"NZL","New Zealand",16,"West Coast",79,"Buller",439,"n.a. ( 320)","","","Unknown","Unknown"
49305,160,"NZL","New Zealand",16,"West Coast",79,"Buller",440,"n.a. ( 321)","","","Unknown","Unknown"
49306,160,"NZL","New Zealand",16,"West Coast",80,"Grey",441,"n.a. ( 322)","","","Unknown","Unknown"
49307,160,"NZL","New Zealand",16,"West Coast",80,"Grey",442,"n.a. ( 325)","","","Unknown","Unknown"
49308,160,"NZL","New Zealand",16,"West Coast",80,"Grey",443,"n.a. ( 326)","","","Unknown","Unknown"
49309,160,"NZL","New Zealand",16,"West Coast",80,"Grey",444,"n.a. ( 328)","","","Unknown","Unknown"
49310,160,"NZL","New Zealand",16,"West Coast",80,"Grey",445,"n.a. ( 332)","","","Unknown","Unknown"
49311,160,"NZL","New Zealand",16,"West Coast",81,"Westland",446,"n.a. ( 330)","","","Unknown","Unknown"
49312,160,"NZL","New Zealand",16,"West Coast",81,"Westland",447,"n.a. ( 332)","","","Unknown","Unknown"
49313,160,"NZL","New Zealand",16,"West Coast",81,"Westland",448,"n.a. ( 339)","","","Unknown","Unknown"
