"PID","ID_0","ISO","NAME_0","ID_1","NAME_1","ID_2","NAME_2","ID_3","NAME_3","NL_NAME_3","VARNAME_3","TYPE_3","ENGTYPE_3"
22998,68,"ECU","Ecuador",3,"Cañar",23,"Cañar",122,"Honorato Vasquez","","","Parroquia","Parish"
22999,68,"ECU","Ecuador",3,"Cañar",23,"Cañar",123,"Ingapirca","","","Parroquia","Parish"
23000,68,"ECU","Ecuador",3,"Cañar",23,"Cañar",124,"Juncal","","","Parroquia","Parish"
23001,68,"ECU","Ecuador",3,"Cañar",23,"Cañar",125,"San Antonio","","","Parroquia","Parish"
23002,68,"ECU","Ecuador",3,"Cañar",23,"Cañar",126,"Suscal","","","Parroquia","Parish"
23003,68,"ECU","Ecuador",3,"Cañar",23,"Cañar",127,"Ventura","","","Parroquia","Parish"
23004,68,"ECU","Ecuador",3,"Cañar",23,"Cañar",128,"Zhud","","","Parroquia","Parish"
23005,68,"ECU","Ecuador",3,"Cañar",24,"Déleg",129,"Deleg","","","Parroquia","Parish"
23006,68,"ECU","Ecuador",3,"Cañar",24,"Déleg",130,"Solano","","","Parroquia","Parish"
23007,68,"ECU","Ecuador",3,"Cañar",25,"El Tambo",131,"El Tambo","","","Parroquia","Parish"
23008,68,"ECU","Ecuador",3,"Cañar",26,"La Troncal",132,"La Troncal","","","Parroquia","Parish"
23009,68,"ECU","Ecuador",3,"Cañar",26,"La Troncal",133,"Manuel J. Calle","","","Parroquia","Parish"
23010,68,"ECU","Ecuador",3,"Cañar",26,"La Troncal",134,"Pancho Negro","","","Parroquia","Parish"
23011,68,"ECU","Ecuador",3,"Cañar",27,"No Delimitado",135,"El Piedrero","","","Parroquia","Parish"
23012,68,"ECU","Ecuador",4,"Carchi",28,"Bolívar",136,"Bolivar","","","Parroquia","Parish"
23013,68,"ECU","Ecuador",4,"Carchi",28,"Bolívar",137,"Garcia Moreno","","","Parroquia","Parish"
23014,68,"ECU","Ecuador",4,"Carchi",28,"Bolívar",138,"Los Andes","","","Parroquia","Parish"
23015,68,"ECU","Ecuador",4,"Carchi",28,"Bolívar",139,"Monte Olivo","","","Parroquia","Parish"
23016,68,"ECU","Ecuador",4,"Carchi",28,"Bolívar",140,"San Rafael","","","Parroquia","Parish"
23017,68,"ECU","Ecuador",4,"Carchi",28,"Bolívar",141,"San Vicente de Pusir","","","Parroquia","Parish"
23018,68,"ECU","Ecuador",4,"Carchi",29,"Espejo",142,"El Angel","","","Parroquia","Parish"
23019,68,"ECU","Ecuador",4,"Carchi",29,"Espejo",143,"El Goaltal","","","Parroquia","Parish"
23020,68,"ECU","Ecuador",4,"Carchi",29,"Espejo",144,"La Libertad","","","Parroquia","Parish"
23021,68,"ECU","Ecuador",12,"Loja",110,"Espíndola",522,"Santa Teresita","","","Parroquia","Parish"
23022,68,"ECU","Ecuador",12,"Loja",111,"Gonzanamá",523,"Changaimina","","","Parroquia","Parish"
23023,68,"ECU","Ecuador",12,"Loja",111,"Gonzanamá",524,"Gonzanama","","","Parroquia","Parish"
23024,68,"ECU","Ecuador",12,"Loja",111,"Gonzanamá",525,"Nambacola","","","Parroquia","Parish"
23025,68,"ECU","Ecuador",12,"Loja",111,"Gonzanamá",526,"Purunuma","","","Parroquia","Parish"
23026,68,"ECU","Ecuador",12,"Loja",111,"Gonzanamá",527,"Sacapalca","","","Parroquia","Parish"
23027,68,"ECU","Ecuador",12,"Loja",112,"Loja",528,"Chantaco","","","Parroquia","Parish"
23028,68,"ECU","Ecuador",12,"Loja",112,"Loja",529,"Chuquiribamba","","","Parroquia","Parish"
23029,68,"ECU","Ecuador",12,"Loja",112,"Loja",530,"El Cisne","","","Parroquia","Parish"
23030,68,"ECU","Ecuador",12,"Loja",112,"Loja",531,"Gualel","","","Parroquia","Parish"
23031,68,"ECU","Ecuador",12,"Loja",112,"Loja",532,"Jimbilla","","","Parroquia","Parish"
23032,68,"ECU","Ecuador",12,"Loja",112,"Loja",533,"Loja","","","Parroquia","Parish"
23033,68,"ECU","Ecuador",12,"Loja",112,"Loja",534,"Malacatos","","","Parroquia","Parish"
23034,68,"ECU","Ecuador",12,"Loja",112,"Loja",535,"Quinara","","","Parroquia","Parish"
23035,68,"ECU","Ecuador",12,"Loja",112,"Loja",536,"San Lucas","","","Parroquia","Parish"
23036,68,"ECU","Ecuador",12,"Loja",112,"Loja",537,"San Pedro de Vilcabamba","","","Parroquia","Parish"
23037,68,"ECU","Ecuador",12,"Loja",112,"Loja",538,"Santiago","","","Parroquia","Parish"
23038,68,"ECU","Ecuador",12,"Loja",112,"Loja",539,"Taquil","","","Parroquia","Parish"
23039,68,"ECU","Ecuador",12,"Loja",112,"Loja",540,"Vilcabamba","","","Parroquia","Parish"
23040,68,"ECU","Ecuador",12,"Loja",112,"Loja",541,"Yangana","","","Parroquia","Parish"
23041,68,"ECU","Ecuador",12,"Loja",113,"Macará",542,"La Victoria","","","Parroquia","Parish"
23042,68,"ECU","Ecuador",12,"Loja",113,"Macará",543,"Larama","","","Parroquia","Parish"
23043,68,"ECU","Ecuador",12,"Loja",113,"Macará",544,"Macara","","","Parroquia","Parish"
23044,68,"ECU","Ecuador",12,"Loja",113,"Macará",545,"Sabiango","","","Parroquia","Parish"
23045,68,"ECU","Ecuador",18,"Pichincha",173,"Quito",855,"Puellaro","","","Parroquia","Parish"
23046,68,"ECU","Ecuador",18,"Pichincha",173,"Quito",856,"Puembo","","","Parroquia","Parish"
23047,68,"ECU","Ecuador",18,"Pichincha",173,"Quito",857,"Quito","","","Parroquia","Parish"
23048,68,"ECU","Ecuador",18,"Pichincha",173,"Quito",858,"San Antonio","","","Parroquia","Parish"
23049,68,"ECU","Ecuador",18,"Pichincha",173,"Quito",859,"San Jose de Minas","","","Parroquia","Parish"
23050,68,"ECU","Ecuador",18,"Pichincha",173,"Quito",860,"Tababela","","","Parroquia","Parish"
23051,68,"ECU","Ecuador",18,"Pichincha",173,"Quito",861,"Tumbaco","","","Parroquia","Parish"
23052,68,"ECU","Ecuador",18,"Pichincha",173,"Quito",862,"Yaruqui","","","Parroquia","Parish"
23053,68,"ECU","Ecuador",18,"Pichincha",173,"Quito",863,"Zambiza","","","Parroquia","Parish"
23054,68,"ECU","Ecuador",18,"Pichincha",174,"Rumiñahui",864,"Cotogchoa","","","Parroquia","Parish"
23055,68,"ECU","Ecuador",18,"Pichincha",174,"Rumiñahui",865,"Rumipamba","","","Parroquia","Parish"
23056,68,"ECU","Ecuador",18,"Pichincha",174,"Rumiñahui",866,"Sangolqui","","","Parroquia","Parish"
23057,68,"ECU","Ecuador",18,"Pichincha",175,"San Miguel de los Bancos",867,"Mindo","","","Parroquia","Parish"
23058,68,"ECU","Ecuador",18,"Pichincha",175,"San Miguel de los Bancos",868,"Puerto Quito","","","Parroquia","Parish"
23059,68,"ECU","Ecuador",18,"Pichincha",175,"San Miguel de los Bancos",869,"San Miguel de Los Bancos","","","Parroquia","Parish"
23060,68,"ECU","Ecuador",18,"Pichincha",175,"San Miguel de los Bancos",870,"Valle Hermoso","","","Parroquia","Parish"
23061,68,"ECU","Ecuador",18,"Pichincha",176,"Santo Domingo de los Colorados",871,"Alluriquin","","","Parroquia","Parish"
23062,68,"ECU","Ecuador",18,"Pichincha",176,"Santo Domingo de los Colorados",872,"Luz de America","","","Parroquia","Parish"
23063,68,"ECU","Ecuador",18,"Pichincha",176,"Santo Domingo de los Colorados",873,"Puerto Limon","","","Parroquia","Parish"
23064,68,"ECU","Ecuador",18,"Pichincha",176,"Santo Domingo de los Colorados",874,"San Jacinto del Bua","","","Parroquia","Parish"
25046,68,"ECU","Ecuador",1,"Azuay",1,"Chordeleg",1,"Chordeleg","","","Parroquia","Parish"
25047,68,"ECU","Ecuador",1,"Azuay",1,"Chordeleg",2,"La Union","","","Parroquia","Parish"
25048,68,"ECU","Ecuador",1,"Azuay",1,"Chordeleg",3,"Luis Galarza Orellana","","","Parroquia","Parish"
25049,68,"ECU","Ecuador",1,"Azuay",1,"Chordeleg",4,"Principal","","","Parroquia","Parish"
25050,68,"ECU","Ecuador",1,"Azuay",1,"Chordeleg",5,"San Martin de Puzhio","","","Parroquia","Parish"
25051,68,"ECU","Ecuador",1,"Azuay",2,"Cuenca",6,"Baños","","","Parroquia","Parish"
25052,68,"ECU","Ecuador",1,"Azuay",2,"Cuenca",7,"Chaucha","","","Parroquia","Parish"
25053,68,"ECU","Ecuador",1,"Azuay",2,"Cuenca",8,"Checa","","","Parroquia","Parish"
25054,68,"ECU","Ecuador",1,"Azuay",2,"Cuenca",9,"Chiquintad","","","Parroquia","Parish"
25055,68,"ECU","Ecuador",1,"Azuay",2,"Cuenca",10,"Cuenca","","","Parroquia","Parish"
25056,68,"ECU","Ecuador",1,"Azuay",2,"Cuenca",11,"Cumbe","","","Parroquia","Parish"
25057,68,"ECU","Ecuador",1,"Azuay",2,"Cuenca",12,"Llacao","","","Parroquia","Parish"
25058,68,"ECU","Ecuador",1,"Azuay",2,"Cuenca",13,"Molleturo","","","Parroquia","Parish"
25059,68,"ECU","Ecuador",1,"Azuay",2,"Cuenca",14,"Nulti","","","Parroquia","Parish"
25060,68,"ECU","Ecuador",1,"Azuay",2,"Cuenca",15,"Octavio Cordero","","","Parroquia","Parish"
25061,68,"ECU","Ecuador",1,"Azuay",2,"Cuenca",16,"Paccha","","","Parroquia","Parish"
25062,68,"ECU","Ecuador",1,"Azuay",2,"Cuenca",17,"Quingeo","","","Parroquia","Parish"
25063,68,"ECU","Ecuador",1,"Azuay",2,"Cuenca",18,"Ricaurte","","","Parroquia","Parish"
25064,68,"ECU","Ecuador",1,"Azuay",2,"Cuenca",19,"San Joaquin","","","Parroquia","Parish"
25065,68,"ECU","Ecuador",1,"Azuay",2,"Cuenca",20,"Santa Ana","","","Parroquia","Parish"
25066,68,"ECU","Ecuador",1,"Azuay",2,"Cuenca",21,"Sayausi","","","Parroquia","Parish"
25067,68,"ECU","Ecuador",1,"Azuay",2,"Cuenca",22,"Sidcay","","","Parroquia","Parish"
25068,68,"ECU","Ecuador",1,"Azuay",2,"Cuenca",23,"Sinicay","","","Parroquia","Parish"
25069,68,"ECU","Ecuador",1,"Azuay",2,"Cuenca",24,"Tarqui","","","Parroquia","Parish"
25070,68,"ECU","Ecuador",1,"Azuay",2,"Cuenca",25,"Turi","","","Parroquia","Parish"
25071,68,"ECU","Ecuador",1,"Azuay",2,"Cuenca",26,"Valle","","","Parroquia","Parish"
25072,68,"ECU","Ecuador",1,"Azuay",2,"Cuenca",27,"Victoria del Portete","","","Parroquia","Parish"
25073,68,"ECU","Ecuador",1,"Azuay",3,"El Pan",28,"El Pan","","","Parroquia","Parish"
25074,68,"ECU","Ecuador",1,"Azuay",3,"El Pan",29,"San Vicente","","","Parroquia","Parish"
25075,68,"ECU","Ecuador",1,"Azuay",4,"Girón",30,"Asuncion","","","Parroquia","Parish"
25076,68,"ECU","Ecuador",1,"Azuay",4,"Girón",31,"Giron","","","Parroquia","Parish"
25077,68,"ECU","Ecuador",1,"Azuay",4,"Girón",32,"San Gerardo","","","Parroquia","Parish"
25078,68,"ECU","Ecuador",1,"Azuay",5,"Gualaceo",33,"Daniel Cordova","","","Parroquia","Parish"
25079,68,"ECU","Ecuador",1,"Azuay",5,"Gualaceo",34,"Gualaceo","","","Parroquia","Parish"
25080,68,"ECU","Ecuador",1,"Azuay",5,"Gualaceo",35,"Jadan","","","Parroquia","Parish"
25081,68,"ECU","Ecuador",1,"Azuay",5,"Gualaceo",36,"Luis Cordero Vega","","","Parroquia","Parish"
25082,68,"ECU","Ecuador",1,"Azuay",5,"Gualaceo",37,"Mariano Moreno","","","Parroquia","Parish"
25083,68,"ECU","Ecuador",1,"Azuay",5,"Gualaceo",38,"Remigio Crespo Toral","","","Parroquia","Parish"
25084,68,"ECU","Ecuador",1,"Azuay",5,"Gualaceo",39,"San Juan","","","Parroquia","Parish"
25085,68,"ECU","Ecuador",1,"Azuay",5,"Gualaceo",40,"Zhidmad","","","Parroquia","Parish"
25086,68,"ECU","Ecuador",1,"Azuay",6,"Nabón",41,"Cochapata","","","Parroquia","Parish"
25087,68,"ECU","Ecuador",1,"Azuay",6,"Nabón",42,"El Progreso","","","Parroquia","Parish"
25088,68,"ECU","Ecuador",1,"Azuay",6,"Nabón",43,"Las Nieves","","","Parroquia","Parish"
25089,68,"ECU","Ecuador",1,"Azuay",6,"Nabón",44,"Nabon","","","Parroquia","Parish"
25090,68,"ECU","Ecuador",1,"Azuay",7,"Oña",45,"San Felipe de Oña","","","Parroquia","Parish"
25091,68,"ECU","Ecuador",1,"Azuay",7,"Oña",46,"Susudel","","","Parroquia","Parish"
25092,68,"ECU","Ecuador",1,"Azuay",8,"Paute",47,"Bulan","","","Parroquia","Parish"
25093,68,"ECU","Ecuador",1,"Azuay",8,"Paute",48,"Chican","","","Parroquia","Parish"
25094,68,"ECU","Ecuador",1,"Azuay",8,"Paute",49,"Dug Dug","","","Parroquia","Parish"
25095,68,"ECU","Ecuador",1,"Azuay",8,"Paute",50,"El Cabo","","","Parroquia","Parish"
25096,68,"ECU","Ecuador",1,"Azuay",8,"Paute",51,"Guachapala","","","Parroquia","Parish"
25097,68,"ECU","Ecuador",1,"Azuay",8,"Paute",52,"Guarainag","","","Parroquia","Parish"
25098,68,"ECU","Ecuador",1,"Azuay",8,"Paute",53,"Paute","","","Parroquia","Parish"
25099,68,"ECU","Ecuador",1,"Azuay",8,"Paute",54,"San Cristobal","","","Parroquia","Parish"
25100,68,"ECU","Ecuador",1,"Azuay",8,"Paute",55,"Tomebamba","","","Parroquia","Parish"
25101,68,"ECU","Ecuador",1,"Azuay",9,"Pucará",56,"Camilo Ponce Enriquez","","","Parroquia","Parish"
25102,68,"ECU","Ecuador",1,"Azuay",9,"Pucará",57,"Pucara","","","Parroquia","Parish"
25103,68,"ECU","Ecuador",1,"Azuay",9,"Pucará",58,"San Rafael de Sharug","","","Parroquia","Parish"
25104,68,"ECU","Ecuador",1,"Azuay",10,"San Fernando",59,"Chumblin","","","Parroquia","Parish"
25105,68,"ECU","Ecuador",1,"Azuay",10,"San Fernando",60,"San Fernando","","","Parroquia","Parish"
25106,68,"ECU","Ecuador",1,"Azuay",11,"Santa Isabel",61,"Abdon Calderon","","","Parroquia","Parish"
25107,68,"ECU","Ecuador",1,"Azuay",11,"Santa Isabel",62,"El Carmen de Pijili","","","Parroquia","Parish"
25108,68,"ECU","Ecuador",1,"Azuay",11,"Santa Isabel",63,"Santa Isabel","","","Parroquia","Parish"
25109,68,"ECU","Ecuador",1,"Azuay",11,"Santa Isabel",64,"Zhaglli","","","Parroquia","Parish"
25110,68,"ECU","Ecuador",1,"Azuay",12,"Sevilla de Oro",65,"Amaluza","","","Parroquia","Parish"
25111,68,"ECU","Ecuador",1,"Azuay",12,"Sevilla de Oro",66,"Palmas","","","Parroquia","Parish"
25112,68,"ECU","Ecuador",1,"Azuay",12,"Sevilla de Oro",67,"Sevilla de Oro","","","Parroquia","Parish"
25113,68,"ECU","Ecuador",1,"Azuay",13,"Sigsig",68,"Cuchil","","","Parroquia","Parish"
25114,68,"ECU","Ecuador",1,"Azuay",13,"Sigsig",69,"Gima","","","Parroquia","Parish"
25115,68,"ECU","Ecuador",1,"Azuay",13,"Sigsig",70,"Guel","","","Parroquia","Parish"
25116,68,"ECU","Ecuador",1,"Azuay",13,"Sigsig",71,"Ludo","","","Parroquia","Parish"
25117,68,"ECU","Ecuador",1,"Azuay",13,"Sigsig",72,"San Bartolome","","","Parroquia","Parish"
25118,68,"ECU","Ecuador",1,"Azuay",13,"Sigsig",73,"San Jose de Raranga","","","Parroquia","Parish"
25119,68,"ECU","Ecuador",1,"Azuay",13,"Sigsig",74,"Sigsig","","","Parroquia","Parish"
25120,68,"ECU","Ecuador",2,"Bolivar",14,"Caluma",75,"Caluma","","","Parroquia","Parish"
25121,68,"ECU","Ecuador",2,"Bolivar",15,"Chillanes",76,"Chillanes","","","Parroquia","Parish"
25122,68,"ECU","Ecuador",2,"Bolivar",15,"Chillanes",77,"San Jose del Tambo","","","Parroquia","Parish"
25123,68,"ECU","Ecuador",2,"Bolivar",16,"Chimbo",78,"Asuncion","","","Parroquia","Parish"
25124,68,"ECU","Ecuador",2,"Bolivar",16,"Chimbo",79,"Magdalena","","","Parroquia","Parish"
25125,68,"ECU","Ecuador",2,"Bolivar",16,"Chimbo",80,"San Jose de Chimbo","","","Parroquia","Parish"
25126,68,"ECU","Ecuador",2,"Bolivar",16,"Chimbo",81,"San Sebastian","","","Parroquia","Parish"
25127,68,"ECU","Ecuador",2,"Bolivar",16,"Chimbo",82,"Telimbela","","","Parroquia","Parish"
25128,68,"ECU","Ecuador",2,"Bolivar",17,"Echeandía",83,"Echeandia","","","Parroquia","Parish"
25129,68,"ECU","Ecuador",2,"Bolivar",18,"Guaranda",84,"Facundo Vela","","","Parroquia","Parish"
25130,68,"ECU","Ecuador",2,"Bolivar",18,"Guaranda",85,"Guanujo","","","Parroquia","Parish"
25131,68,"ECU","Ecuador",2,"Bolivar",18,"Guaranda",86,"Guaranda","","","Parroquia","Parish"
25132,68,"ECU","Ecuador",2,"Bolivar",18,"Guaranda",87,"Julio E. Moreno","","","Parroquia","Parish"
25133,68,"ECU","Ecuador",2,"Bolivar",18,"Guaranda",88,"Salinas","","","Parroquia","Parish"
25134,68,"ECU","Ecuador",2,"Bolivar",18,"Guaranda",89,"San Lorenzo","","","Parroquia","Parish"
25135,68,"ECU","Ecuador",2,"Bolivar",18,"Guaranda",90,"San Luis de Pambil","","","Parroquia","Parish"
25136,68,"ECU","Ecuador",2,"Bolivar",18,"Guaranda",91,"San Simon","","","Parroquia","Parish"
25137,68,"ECU","Ecuador",2,"Bolivar",18,"Guaranda",92,"Santa Fe","","","Parroquia","Parish"
25138,68,"ECU","Ecuador",2,"Bolivar",18,"Guaranda",93,"Simiatug","","","Parroquia","Parish"
25139,68,"ECU","Ecuador",2,"Bolivar",19,"Las Naves",94,"Las Naves","","","Parroquia","Parish"
25140,68,"ECU","Ecuador",2,"Bolivar",20,"San Miguel",95,"Balsapamba","","","Parroquia","Parish"
25141,68,"ECU","Ecuador",2,"Bolivar",20,"San Miguel",96,"Bilovan","","","Parroquia","Parish"
25142,68,"ECU","Ecuador",2,"Bolivar",20,"San Miguel",97,"Regulo de Mora","","","Parroquia","Parish"
25143,68,"ECU","Ecuador",2,"Bolivar",20,"San Miguel",98,"San Miguel","","","Parroquia","Parish"
25144,68,"ECU","Ecuador",2,"Bolivar",20,"San Miguel",99,"San Pablo de Atenas","","","Parroquia","Parish"
25145,68,"ECU","Ecuador",2,"Bolivar",20,"San Miguel",100,"San Vicente","","","Parroquia","Parish"
25146,68,"ECU","Ecuador",2,"Bolivar",20,"San Miguel",101,"Santiago","","","Parroquia","Parish"
25147,68,"ECU","Ecuador",3,"Cañar",21,"Azogues",102,"Azogues","","","Parroquia","Parish"
25148,68,"ECU","Ecuador",3,"Cañar",21,"Azogues",103,"Cojitambo","","","Parroquia","Parish"
25149,68,"ECU","Ecuador",3,"Cañar",21,"Azogues",104,"Guapan","","","Parroquia","Parish"
25150,68,"ECU","Ecuador",3,"Cañar",21,"Azogues",105,"Javier Loyola","","","Parroquia","Parish"
25151,68,"ECU","Ecuador",3,"Cañar",21,"Azogues",106,"Luis Cordero","","","Parroquia","Parish"
25152,68,"ECU","Ecuador",3,"Cañar",21,"Azogues",107,"Pindilig","","","Parroquia","Parish"
25153,68,"ECU","Ecuador",3,"Cañar",21,"Azogues",108,"Rivera","","","Parroquia","Parish"
25154,68,"ECU","Ecuador",3,"Cañar",21,"Azogues",109,"San Miguel","","","Parroquia","Parish"
25155,68,"ECU","Ecuador",3,"Cañar",21,"Azogues",110,"Taday","","","Parroquia","Parish"
25156,68,"ECU","Ecuador",3,"Cañar",22,"Biblián",111,"Biblian","","","Parroquia","Parish"
25157,68,"ECU","Ecuador",3,"Cañar",22,"Biblián",112,"Jerusalen","","","Parroquia","Parish"
25158,68,"ECU","Ecuador",3,"Cañar",22,"Biblián",113,"Nazon","","","Parroquia","Parish"
25159,68,"ECU","Ecuador",3,"Cañar",22,"Biblián",114,"San Fco. de Sageo","","","Parroquia","Parish"
25160,68,"ECU","Ecuador",3,"Cañar",22,"Biblián",115,"Turupamba","","","Parroquia","Parish"
25161,68,"ECU","Ecuador",3,"Cañar",23,"Cañar",116,"Cañar","","","Parroquia","Parish"
25162,68,"ECU","Ecuador",3,"Cañar",23,"Cañar",117,"Chontamarca","","","Parroquia","Parish"
25163,68,"ECU","Ecuador",3,"Cañar",23,"Cañar",118,"Chorocopte","","","Parroquia","Parish"
25164,68,"ECU","Ecuador",3,"Cañar",23,"Cañar",119,"Ducur","","","Parroquia","Parish"
25165,68,"ECU","Ecuador",3,"Cañar",23,"Cañar",120,"General Morales","","","Parroquia","Parish"
25166,68,"ECU","Ecuador",3,"Cañar",23,"Cañar",121,"Gualleturo","","","Parroquia","Parish"
25167,68,"ECU","Ecuador",4,"Carchi",29,"Espejo",145,"San Isidro","","","Parroquia","Parish"
25168,68,"ECU","Ecuador",4,"Carchi",30,"Mira",146,"Concepcion","","","Parroquia","Parish"
25169,68,"ECU","Ecuador",4,"Carchi",30,"Mira",147,"Jijon Y Caamaño","","","Parroquia","Parish"
25170,68,"ECU","Ecuador",4,"Carchi",30,"Mira",148,"Juan Montalvo","","","Parroquia","Parish"
25171,68,"ECU","Ecuador",4,"Carchi",30,"Mira",149,"Mira","","","Parroquia","Parish"
25172,68,"ECU","Ecuador",4,"Carchi",31,"Montúfar",150,"Chitan de Navarrete","","","Parroquia","Parish"
25173,68,"ECU","Ecuador",4,"Carchi",31,"Montúfar",151,"Cristoval Colon","","","Parroquia","Parish"
25174,68,"ECU","Ecuador",4,"Carchi",31,"Montúfar",152,"Fernandez Salvador","","","Parroquia","Parish"
25175,68,"ECU","Ecuador",4,"Carchi",31,"Montúfar",153,"La Paz","","","Parroquia","Parish"
25176,68,"ECU","Ecuador",4,"Carchi",31,"Montúfar",154,"Piartal","","","Parroquia","Parish"
25177,68,"ECU","Ecuador",4,"Carchi",31,"Montúfar",155,"San Gabriel","","","Parroquia","Parish"
25178,68,"ECU","Ecuador",4,"Carchi",32,"Tulcán",156,"El Carmelo","","","Parroquia","Parish"
25179,68,"ECU","Ecuador",4,"Carchi",32,"Tulcán",157,"El Chical","","","Parroquia","Parish"
25180,68,"ECU","Ecuador",4,"Carchi",32,"Tulcán",158,"Huaca","","","Parroquia","Parish"
25181,68,"ECU","Ecuador",4,"Carchi",32,"Tulcán",159,"Julio Andrade","","","Parroquia","Parish"
25182,68,"ECU","Ecuador",4,"Carchi",32,"Tulcán",160,"Maldonado","","","Parroquia","Parish"
25183,68,"ECU","Ecuador",4,"Carchi",32,"Tulcán",161,"Mariscal Sucre","","","Parroquia","Parish"
25184,68,"ECU","Ecuador",4,"Carchi",32,"Tulcán",162,"Pioter","","","Parroquia","Parish"
25185,68,"ECU","Ecuador",4,"Carchi",32,"Tulcán",163,"Santa Martha de Cuba","","","Parroquia","Parish"
25186,68,"ECU","Ecuador",4,"Carchi",32,"Tulcán",164,"Tobar Donoso","","","Parroquia","Parish"
25187,68,"ECU","Ecuador",4,"Carchi",32,"Tulcán",165,"Tufiño","","","Parroquia","Parish"
25188,68,"ECU","Ecuador",4,"Carchi",32,"Tulcán",166,"Tulcan","","","Parroquia","Parish"
25189,68,"ECU","Ecuador",4,"Carchi",32,"Tulcán",167,"Urbina","","","Parroquia","Parish"
25190,68,"ECU","Ecuador",5,"Chimborazo",33,"Alausí",168,"Achupallas","","","Parroquia","Parish"
25191,68,"ECU","Ecuador",5,"Chimborazo",33,"Alausí",169,"Alausi","","","Parroquia","Parish"
25192,68,"ECU","Ecuador",5,"Chimborazo",33,"Alausí",170,"Guasuntos","","","Parroquia","Parish"
25193,68,"ECU","Ecuador",5,"Chimborazo",33,"Alausí",171,"Huigra","","","Parroquia","Parish"
25194,68,"ECU","Ecuador",5,"Chimborazo",33,"Alausí",172,"Multitud","","","Parroquia","Parish"
25195,68,"ECU","Ecuador",5,"Chimborazo",33,"Alausí",173,"Pistishi","","","Parroquia","Parish"
25196,68,"ECU","Ecuador",5,"Chimborazo",33,"Alausí",174,"Pumallacta","","","Parroquia","Parish"
25197,68,"ECU","Ecuador",5,"Chimborazo",33,"Alausí",175,"Sevilla","","","Parroquia","Parish"
25198,68,"ECU","Ecuador",5,"Chimborazo",33,"Alausí",176,"Sibambe","","","Parroquia","Parish"
25199,68,"ECU","Ecuador",5,"Chimborazo",33,"Alausí",177,"Tixan","","","Parroquia","Parish"
25200,68,"ECU","Ecuador",5,"Chimborazo",34,"Chambo",178,"Chambo","","","Parroquia","Parish"
25201,68,"ECU","Ecuador",5,"Chimborazo",35,"Chunchi",179,"Capzol","","","Parroquia","Parish"
25202,68,"ECU","Ecuador",5,"Chimborazo",35,"Chunchi",180,"Chunchi","","","Parroquia","Parish"
25203,68,"ECU","Ecuador",5,"Chimborazo",35,"Chunchi",181,"Compud","","","Parroquia","Parish"
25204,68,"ECU","Ecuador",5,"Chimborazo",35,"Chunchi",182,"Gonzol","","","Parroquia","Parish"
25205,68,"ECU","Ecuador",5,"Chimborazo",35,"Chunchi",183,"Llagos","","","Parroquia","Parish"
25206,68,"ECU","Ecuador",5,"Chimborazo",36,"Colta",184,"Cañi","","","Parroquia","Parish"
25207,68,"ECU","Ecuador",5,"Chimborazo",36,"Colta",185,"Columbe","","","Parroquia","Parish"
25208,68,"ECU","Ecuador",5,"Chimborazo",36,"Colta",186,"Juan de Velasco","","","Parroquia","Parish"
25209,68,"ECU","Ecuador",5,"Chimborazo",36,"Colta",187,"Santiago de Quito","","","Parroquia","Parish"
25210,68,"ECU","Ecuador",5,"Chimborazo",36,"Colta",188,"Villa La Union","","","Parroquia","Parish"
25211,68,"ECU","Ecuador",5,"Chimborazo",37,"Cumandá",189,"Cumanda","","","Parroquia","Parish"
25212,68,"ECU","Ecuador",5,"Chimborazo",38,"Guamote",190,"Cebadas","","","Parroquia","Parish"
25213,68,"ECU","Ecuador",5,"Chimborazo",38,"Guamote",191,"Guamote","","","Parroquia","Parish"
25214,68,"ECU","Ecuador",5,"Chimborazo",38,"Guamote",192,"Palmira","","","Parroquia","Parish"
25215,68,"ECU","Ecuador",5,"Chimborazo",39,"Guano",193,"Guanando","","","Parroquia","Parish"
25216,68,"ECU","Ecuador",5,"Chimborazo",39,"Guano",194,"Guano","","","Parroquia","Parish"
25217,68,"ECU","Ecuador",5,"Chimborazo",39,"Guano",195,"La Providencia","","","Parroquia","Parish"
25218,68,"ECU","Ecuador",5,"Chimborazo",39,"Guano",196,"Llapo","","","Parroquia","Parish"
25219,68,"ECU","Ecuador",5,"Chimborazo",39,"Guano",197,"San Andres","","","Parroquia","Parish"
25220,68,"ECU","Ecuador",5,"Chimborazo",39,"Guano",198,"San Gerardo de Pacaicaguan","","","Parroquia","Parish"
25221,68,"ECU","Ecuador",5,"Chimborazo",39,"Guano",199,"San Isidro de Patulu","","","Parroquia","Parish"
25222,68,"ECU","Ecuador",5,"Chimborazo",39,"Guano",200,"San Jose del Chazo","","","Parroquia","Parish"
25223,68,"ECU","Ecuador",5,"Chimborazo",39,"Guano",201,"Santa Fe de Galan","","","Parroquia","Parish"
25224,68,"ECU","Ecuador",5,"Chimborazo",39,"Guano",202,"Valparaiso","","","Parroquia","Parish"
25225,68,"ECU","Ecuador",5,"Chimborazo",40,"Pallatanga",203,"Pallatanga","","","Parroquia","Parish"
25226,68,"ECU","Ecuador",5,"Chimborazo",41,"Penipe",204,"Bilbao","","","Parroquia","Parish"
25227,68,"ECU","Ecuador",5,"Chimborazo",41,"Penipe",205,"El Altar","","","Parroquia","Parish"
25228,68,"ECU","Ecuador",5,"Chimborazo",41,"Penipe",206,"La Candelaria","","","Parroquia","Parish"
25229,68,"ECU","Ecuador",5,"Chimborazo",41,"Penipe",207,"Matus","","","Parroquia","Parish"
25230,68,"ECU","Ecuador",5,"Chimborazo",41,"Penipe",208,"Penipe","","","Parroquia","Parish"
25231,68,"ECU","Ecuador",5,"Chimborazo",41,"Penipe",209,"Puela","","","Parroquia","Parish"
25232,68,"ECU","Ecuador",5,"Chimborazo",41,"Penipe",210,"San Antonio de Bayushig","","","Parroquia","Parish"
25233,68,"ECU","Ecuador",5,"Chimborazo",42,"Riobamba",211,"Cacha","","","Parroquia","Parish"
25234,68,"ECU","Ecuador",5,"Chimborazo",42,"Riobamba",212,"Calpi","","","Parroquia","Parish"
25235,68,"ECU","Ecuador",5,"Chimborazo",42,"Riobamba",213,"Cubijies","","","Parroquia","Parish"
25236,68,"ECU","Ecuador",5,"Chimborazo",42,"Riobamba",214,"Flores","","","Parroquia","Parish"
25237,68,"ECU","Ecuador",5,"Chimborazo",42,"Riobamba",215,"Lican","","","Parroquia","Parish"
25238,68,"ECU","Ecuador",5,"Chimborazo",42,"Riobamba",216,"Licto","","","Parroquia","Parish"
25239,68,"ECU","Ecuador",5,"Chimborazo",42,"Riobamba",217,"Pungala","","","Parroquia","Parish"
25240,68,"ECU","Ecuador",5,"Chimborazo",42,"Riobamba",218,"Punin","","","Parroquia","Parish"
25241,68,"ECU","Ecuador",5,"Chimborazo",42,"Riobamba",219,"Quimiag","","","Parroquia","Parish"
25242,68,"ECU","Ecuador",5,"Chimborazo",42,"Riobamba",220,"Riobamba","","","Parroquia","Parish"
25243,68,"ECU","Ecuador",5,"Chimborazo",42,"Riobamba",221,"San Juan","","","Parroquia","Parish"
25244,68,"ECU","Ecuador",5,"Chimborazo",42,"Riobamba",222,"San Luis","","","Parroquia","Parish"
25245,68,"ECU","Ecuador",6,"Cotopaxi",43,"La Maná",223,"Guasaganda","","","Parroquia","Parish"
25246,68,"ECU","Ecuador",6,"Cotopaxi",43,"La Maná",224,"La Mana","","","Parroquia","Parish"
25247,68,"ECU","Ecuador",6,"Cotopaxi",43,"La Maná",225,"Pucayacu","","","Parroquia","Parish"
25248,68,"ECU","Ecuador",6,"Cotopaxi",44,"Latacunga",226,"11 de Noviembre","","","Parroquia","Parish"
25249,68,"ECU","Ecuador",6,"Cotopaxi",44,"Latacunga",227,"Alaques","","","Parroquia","Parish"
25250,68,"ECU","Ecuador",6,"Cotopaxi",44,"Latacunga",228,"Belisario Quevedo","","","Parroquia","Parish"
25251,68,"ECU","Ecuador",6,"Cotopaxi",44,"Latacunga",229,"Guaitacama","","","Parroquia","Parish"
25252,68,"ECU","Ecuador",6,"Cotopaxi",44,"Latacunga",230,"Joseguango Bajo","","","Parroquia","Parish"
25253,68,"ECU","Ecuador",6,"Cotopaxi",44,"Latacunga",231,"Latacunga","","","Parroquia","Parish"
25254,68,"ECU","Ecuador",6,"Cotopaxi",44,"Latacunga",232,"Mulalo","","","Parroquia","Parish"
25255,68,"ECU","Ecuador",6,"Cotopaxi",44,"Latacunga",233,"Poalo","","","Parroquia","Parish"
25256,68,"ECU","Ecuador",6,"Cotopaxi",44,"Latacunga",234,"San Juan de Pastocalle","","","Parroquia","Parish"
25257,68,"ECU","Ecuador",6,"Cotopaxi",44,"Latacunga",235,"Tanicuchi","","","Parroquia","Parish"
25258,68,"ECU","Ecuador",6,"Cotopaxi",44,"Latacunga",236,"Toacaso","","","Parroquia","Parish"
25259,68,"ECU","Ecuador",6,"Cotopaxi",45,"Pangua",237,"El Corazon","","","Parroquia","Parish"
25260,68,"ECU","Ecuador",6,"Cotopaxi",45,"Pangua",238,"Moraspungo","","","Parroquia","Parish"
25261,68,"ECU","Ecuador",6,"Cotopaxi",45,"Pangua",239,"Pinllopata","","","Parroquia","Parish"
25262,68,"ECU","Ecuador",6,"Cotopaxi",45,"Pangua",240,"Ramon Campaña","","","Parroquia","Parish"
25263,68,"ECU","Ecuador",6,"Cotopaxi",46,"Pujilí",241,"Angamarca","","","Parroquia","Parish"
25264,68,"ECU","Ecuador",6,"Cotopaxi",46,"Pujilí",242,"Guangaje","","","Parroquia","Parish"
25265,68,"ECU","Ecuador",6,"Cotopaxi",46,"Pujilí",243,"La Victoria","","","Parroquia","Parish"
25266,68,"ECU","Ecuador",6,"Cotopaxi",46,"Pujilí",244,"Pilalo","","","Parroquia","Parish"
25267,68,"ECU","Ecuador",6,"Cotopaxi",46,"Pujilí",245,"Pujili","","","Parroquia","Parish"
25268,68,"ECU","Ecuador",6,"Cotopaxi",46,"Pujilí",246,"Tingo","","","Parroquia","Parish"
25269,68,"ECU","Ecuador",6,"Cotopaxi",46,"Pujilí",247,"Zumbahua","","","Parroquia","Parish"
25270,68,"ECU","Ecuador",6,"Cotopaxi",47,"Salcedo",248,"Antonio Jose Holguin","","","Parroquia","Parish"
25271,68,"ECU","Ecuador",6,"Cotopaxi",47,"Salcedo",249,"Cusubamba","","","Parroquia","Parish"
25272,68,"ECU","Ecuador",6,"Cotopaxi",47,"Salcedo",250,"Mulalillo","","","Parroquia","Parish"
25273,68,"ECU","Ecuador",6,"Cotopaxi",47,"Salcedo",251,"Mulliquindil","","","Parroquia","Parish"
25274,68,"ECU","Ecuador",6,"Cotopaxi",47,"Salcedo",252,"Pansaleo","","","Parroquia","Parish"
25275,68,"ECU","Ecuador",6,"Cotopaxi",47,"Salcedo",253,"San Miguel","","","Parroquia","Parish"
25276,68,"ECU","Ecuador",6,"Cotopaxi",48,"Saquisilí",254,"Canchagua","","","Parroquia","Parish"
25277,68,"ECU","Ecuador",6,"Cotopaxi",48,"Saquisilí",255,"Chantilin","","","Parroquia","Parish"
25278,68,"ECU","Ecuador",6,"Cotopaxi",48,"Saquisilí",256,"Cochapamba","","","Parroquia","Parish"
25279,68,"ECU","Ecuador",6,"Cotopaxi",48,"Saquisilí",257,"Saquisili","","","Parroquia","Parish"
25280,68,"ECU","Ecuador",6,"Cotopaxi",49,"Sigchos",258,"Chugchillan","","","Parroquia","Parish"
25281,68,"ECU","Ecuador",6,"Cotopaxi",49,"Sigchos",259,"Isinlivi","","","Parroquia","Parish"
25282,68,"ECU","Ecuador",6,"Cotopaxi",49,"Sigchos",260,"Las Pampas","","","Parroquia","Parish"
25283,68,"ECU","Ecuador",6,"Cotopaxi",49,"Sigchos",261,"Palo Quemado","","","Parroquia","Parish"
25284,68,"ECU","Ecuador",6,"Cotopaxi",49,"Sigchos",262,"Sigchos","","","Parroquia","Parish"
25285,68,"ECU","Ecuador",7,"El Oro",50,"Arenillas",263,"Arenillas","","","Parroquia","Parish"
25286,68,"ECU","Ecuador",7,"El Oro",50,"Arenillas",264,"Carcabon","","","Parroquia","Parish"
25287,68,"ECU","Ecuador",7,"El Oro",50,"Arenillas",265,"Chacras","","","Parroquia","Parish"
25288,68,"ECU","Ecuador",7,"El Oro",50,"Arenillas",266,"Palmales","","","Parroquia","Parish"
25289,68,"ECU","Ecuador",7,"El Oro",51,"Atahualpa",267,"Ayapamba","","","Parroquia","Parish"
25290,68,"ECU","Ecuador",7,"El Oro",51,"Atahualpa",268,"Cordoncillo","","","Parroquia","Parish"
25291,68,"ECU","Ecuador",7,"El Oro",51,"Atahualpa",269,"Milagro","","","Parroquia","Parish"
25292,68,"ECU","Ecuador",7,"El Oro",51,"Atahualpa",270,"Paccha","","","Parroquia","Parish"
25293,68,"ECU","Ecuador",7,"El Oro",51,"Atahualpa",271,"San Jose","","","Parroquia","Parish"
25294,68,"ECU","Ecuador",7,"El Oro",51,"Atahualpa",272,"San Juan de Cerro Azul","","","Parroquia","Parish"
25295,68,"ECU","Ecuador",7,"El Oro",52,"Balsas",273,"Balsas","","","Parroquia","Parish"
25296,68,"ECU","Ecuador",7,"El Oro",52,"Balsas",274,"Bellamaria","","","Parroquia","Parish"
25297,68,"ECU","Ecuador",7,"El Oro",53,"Chilla",275,"Chilla","","","Parroquia","Parish"
25298,68,"ECU","Ecuador",7,"El Oro",54,"El Guabo",276,"Barbones","","","Parroquia","Parish"
25299,68,"ECU","Ecuador",7,"El Oro",54,"El Guabo",277,"El Guabo","","","Parroquia","Parish"
25300,68,"ECU","Ecuador",7,"El Oro",54,"El Guabo",278,"La Iberia","","","Parroquia","Parish"
25301,68,"ECU","Ecuador",7,"El Oro",54,"El Guabo",279,"Tendales","","","Parroquia","Parish"
25302,68,"ECU","Ecuador",7,"El Oro",55,"Huaquillas",280,"Huaquillas","","","Parroquia","Parish"
25303,68,"ECU","Ecuador",7,"El Oro",56,"Las Lajas",281,"El Paraiso","","","Parroquia","Parish"
25304,68,"ECU","Ecuador",7,"El Oro",56,"Las Lajas",282,"La Libertad","","","Parroquia","Parish"
25305,68,"ECU","Ecuador",7,"El Oro",56,"Las Lajas",283,"La Victoria","","","Parroquia","Parish"
25306,68,"ECU","Ecuador",7,"El Oro",56,"Las Lajas",284,"San Isidro","","","Parroquia","Parish"
25307,68,"ECU","Ecuador",7,"El Oro",57,"Machala",285,"El Cambio","","","Parroquia","Parish"
25308,68,"ECU","Ecuador",7,"El Oro",57,"Machala",286,"El Retiro","","","Parroquia","Parish"
25309,68,"ECU","Ecuador",7,"El Oro",57,"Machala",287,"Machala","","","Parroquia","Parish"
25310,68,"ECU","Ecuador",7,"El Oro",58,"Marcabelí",288,"El Ingenio","","","Parroquia","Parish"
25311,68,"ECU","Ecuador",7,"El Oro",58,"Marcabelí",289,"Marcabeli","","","Parroquia","Parish"
25312,68,"ECU","Ecuador",7,"El Oro",59,"Pasaje",290,"Buenavista","","","Parroquia","Parish"
25313,68,"ECU","Ecuador",7,"El Oro",59,"Pasaje",291,"Cañaquemada","","","Parroquia","Parish"
25314,68,"ECU","Ecuador",7,"El Oro",59,"Pasaje",292,"Casacay","","","Parroquia","Parish"
25315,68,"ECU","Ecuador",7,"El Oro",59,"Pasaje",293,"La Peaña","","","Parroquia","Parish"
25316,68,"ECU","Ecuador",7,"El Oro",59,"Pasaje",294,"Pasaje","","","Parroquia","Parish"
25317,68,"ECU","Ecuador",7,"El Oro",59,"Pasaje",295,"Progreso","","","Parroquia","Parish"
25318,68,"ECU","Ecuador",7,"El Oro",59,"Pasaje",296,"Uzhcurrumi","","","Parroquia","Parish"
25319,68,"ECU","Ecuador",7,"El Oro",60,"Piñas",297,"Capiro","","","Parroquia","Parish"
25320,68,"ECU","Ecuador",7,"El Oro",60,"Piñas",298,"La Bocana","","","Parroquia","Parish"
25321,68,"ECU","Ecuador",7,"El Oro",60,"Piñas",299,"Moromoro","","","Parroquia","Parish"
25322,68,"ECU","Ecuador",7,"El Oro",60,"Piñas",300,"Piedras","","","Parroquia","Parish"
25323,68,"ECU","Ecuador",7,"El Oro",60,"Piñas",301,"Piñas","","","Parroquia","Parish"
25324,68,"ECU","Ecuador",7,"El Oro",60,"Piñas",302,"San Roque","","","Parroquia","Parish"
25325,68,"ECU","Ecuador",7,"El Oro",60,"Piñas",303,"Saracay","","","Parroquia","Parish"
25326,68,"ECU","Ecuador",7,"El Oro",61,"Portovelo",304,"Curtincapa","","","Parroquia","Parish"
25327,68,"ECU","Ecuador",7,"El Oro",61,"Portovelo",305,"Morales","","","Parroquia","Parish"
25328,68,"ECU","Ecuador",7,"El Oro",61,"Portovelo",306,"Portovelo","","","Parroquia","Parish"
25329,68,"ECU","Ecuador",7,"El Oro",61,"Portovelo",307,"Salati","","","Parroquia","Parish"
25330,68,"ECU","Ecuador",7,"El Oro",62,"Santa Rosa",308,"Bellamaria","","","Parroquia","Parish"
25331,68,"ECU","Ecuador",7,"El Oro",62,"Santa Rosa",309,"Bellavista","","","Parroquia","Parish"
25332,68,"ECU","Ecuador",7,"El Oro",62,"Santa Rosa",310,"Jambeli","","","Parroquia","Parish"
25333,68,"ECU","Ecuador",7,"El Oro",62,"Santa Rosa",311,"La Avanzada","","","Parroquia","Parish"
25334,68,"ECU","Ecuador",7,"El Oro",62,"Santa Rosa",312,"La Victoria","","","Parroquia","Parish"
25335,68,"ECU","Ecuador",7,"El Oro",62,"Santa Rosa",313,"San Antonio","","","Parroquia","Parish"
25336,68,"ECU","Ecuador",7,"El Oro",62,"Santa Rosa",314,"Santa Rosa","","","Parroquia","Parish"
25337,68,"ECU","Ecuador",7,"El Oro",62,"Santa Rosa",315,"Torata","","","Parroquia","Parish"
25338,68,"ECU","Ecuador",7,"El Oro",63,"Zaruma",316,"Abañin","","","Parroquia","Parish"
25339,68,"ECU","Ecuador",7,"El Oro",63,"Zaruma",317,"Arcapamba","","","Parroquia","Parish"
25340,68,"ECU","Ecuador",7,"El Oro",63,"Zaruma",318,"Guanazan","","","Parroquia","Parish"
25341,68,"ECU","Ecuador",7,"El Oro",63,"Zaruma",319,"Guizhaguiña","","","Parroquia","Parish"
25342,68,"ECU","Ecuador",7,"El Oro",63,"Zaruma",320,"Huertas","","","Parroquia","Parish"
25343,68,"ECU","Ecuador",7,"El Oro",63,"Zaruma",321,"Malvas","","","Parroquia","Parish"
25344,68,"ECU","Ecuador",7,"El Oro",63,"Zaruma",322,"Muluncay Grande","","","Parroquia","Parish"
25345,68,"ECU","Ecuador",7,"El Oro",63,"Zaruma",323,"Salvias","","","Parroquia","Parish"
25346,68,"ECU","Ecuador",7,"El Oro",63,"Zaruma",324,"Sinsao","","","Parroquia","Parish"
25347,68,"ECU","Ecuador",7,"El Oro",63,"Zaruma",325,"Zaruma","","","Parroquia","Parish"
25348,68,"ECU","Ecuador",8,"Esmeraldas",64,"Atacames",326,"Atacames","","","Parroquia","Parish"
25349,68,"ECU","Ecuador",8,"Esmeraldas",64,"Atacames",327,"La Union","","","Parroquia","Parish"
25350,68,"ECU","Ecuador",8,"Esmeraldas",64,"Atacames",328,"Sua","","","Parroquia","Parish"
25351,68,"ECU","Ecuador",8,"Esmeraldas",64,"Atacames",329,"Tonchigue","","","Parroquia","Parish"
25352,68,"ECU","Ecuador",8,"Esmeraldas",64,"Atacames",330,"Tonsupa","","","Parroquia","Parish"
25353,68,"ECU","Ecuador",8,"Esmeraldas",65,"Eloy Alfaro",331,"Anchayacu","","","Parroquia","Parish"
25354,68,"ECU","Ecuador",8,"Esmeraldas",65,"Eloy Alfaro",332,"Atahualpa","","","Parroquia","Parish"
25355,68,"ECU","Ecuador",8,"Esmeraldas",65,"Eloy Alfaro",333,"Borbon","","","Parroquia","Parish"
25356,68,"ECU","Ecuador",8,"Esmeraldas",65,"Eloy Alfaro",334,"Colon Eloy del Maria","","","Parroquia","Parish"
25357,68,"ECU","Ecuador",8,"Esmeraldas",65,"Eloy Alfaro",335,"La Tola","","","Parroquia","Parish"
25358,68,"ECU","Ecuador",8,"Esmeraldas",65,"Eloy Alfaro",336,"Luis Vargas Torres","","","Parroquia","Parish"
25359,68,"ECU","Ecuador",8,"Esmeraldas",65,"Eloy Alfaro",337,"Maldonado","","","Parroquia","Parish"
25360,68,"ECU","Ecuador",8,"Esmeraldas",65,"Eloy Alfaro",338,"San Francisco de Onzole","","","Parroquia","Parish"
25361,68,"ECU","Ecuador",8,"Esmeraldas",65,"Eloy Alfaro",339,"San Jose de Cayapas","","","Parroquia","Parish"
25362,68,"ECU","Ecuador",8,"Esmeraldas",65,"Eloy Alfaro",340,"Santo Domingo de Onzole","","","Parroquia","Parish"
25363,68,"ECU","Ecuador",8,"Esmeraldas",65,"Eloy Alfaro",341,"Selva Alegre","","","Parroquia","Parish"
25364,68,"ECU","Ecuador",8,"Esmeraldas",65,"Eloy Alfaro",342,"Telembi","","","Parroquia","Parish"
25365,68,"ECU","Ecuador",8,"Esmeraldas",65,"Eloy Alfaro",343,"Timbire","","","Parroquia","Parish"
25366,68,"ECU","Ecuador",8,"Esmeraldas",65,"Eloy Alfaro",344,"Valdez","","","Parroquia","Parish"
25367,68,"ECU","Ecuador",8,"Esmeraldas",66,"Esmeraldas",345,"Camarones","","","Parroquia","Parish"
25368,68,"ECU","Ecuador",8,"Esmeraldas",66,"Esmeraldas",346,"Chinca","","","Parroquia","Parish"
25369,68,"ECU","Ecuador",8,"Esmeraldas",66,"Esmeraldas",347,"Chontaduro","","","Parroquia","Parish"
25370,68,"ECU","Ecuador",8,"Esmeraldas",66,"Esmeraldas",348,"Chumunde","","","Parroquia","Parish"
25371,68,"ECU","Ecuador",8,"Esmeraldas",66,"Esmeraldas",349,"Crnel. Carlos Concha Torres","","","Parroquia","Parish"
25372,68,"ECU","Ecuador",8,"Esmeraldas",66,"Esmeraldas",350,"Esmeraldas","","","Parroquia","Parish"
25373,68,"ECU","Ecuador",8,"Esmeraldas",66,"Esmeraldas",351,"Lagarto","","","Parroquia","Parish"
25374,68,"ECU","Ecuador",8,"Esmeraldas",66,"Esmeraldas",352,"Majua","","","Parroquia","Parish"
25375,68,"ECU","Ecuador",8,"Esmeraldas",66,"Esmeraldas",353,"Montalvo","","","Parroquia","Parish"
25376,68,"ECU","Ecuador",8,"Esmeraldas",66,"Esmeraldas",354,"Rio Verde","","","Parroquia","Parish"
25377,68,"ECU","Ecuador",8,"Esmeraldas",66,"Esmeraldas",355,"Rocafuerte","","","Parroquia","Parish"
25378,68,"ECU","Ecuador",8,"Esmeraldas",66,"Esmeraldas",356,"San Mateo","","","Parroquia","Parish"
25379,68,"ECU","Ecuador",8,"Esmeraldas",66,"Esmeraldas",357,"Tabiazo","","","Parroquia","Parish"
25380,68,"ECU","Ecuador",8,"Esmeraldas",66,"Esmeraldas",358,"Tachina","","","Parroquia","Parish"
25381,68,"ECU","Ecuador",8,"Esmeraldas",66,"Esmeraldas",359,"Vuelta Larga","","","Parroquia","Parish"
25382,68,"ECU","Ecuador",8,"Esmeraldas",67,"Muisne",360,"Bolivar","","","Parroquia","Parish"
25383,68,"ECU","Ecuador",8,"Esmeraldas",67,"Muisne",361,"Daule","","","Parroquia","Parish"
25384,68,"ECU","Ecuador",8,"Esmeraldas",67,"Muisne",362,"Galera","","","Parroquia","Parish"
25385,68,"ECU","Ecuador",8,"Esmeraldas",67,"Muisne",363,"Muisne","","","Parroquia","Parish"
25386,68,"ECU","Ecuador",8,"Esmeraldas",67,"Muisne",364,"Quingue","","","Parroquia","Parish"
25387,68,"ECU","Ecuador",8,"Esmeraldas",67,"Muisne",365,"San Francisco","","","Parroquia","Parish"
25388,68,"ECU","Ecuador",8,"Esmeraldas",67,"Muisne",366,"San Gregorio","","","Parroquia","Parish"
25389,68,"ECU","Ecuador",8,"Esmeraldas",67,"Muisne",367,"San Jose de Chamanga","","","Parroquia","Parish"
25390,68,"ECU","Ecuador",8,"Esmeraldas",68,"Quinindé",368,"Chura","","","Parroquia","Parish"
25391,68,"ECU","Ecuador",8,"Esmeraldas",68,"Quinindé",369,"Cube","","","Parroquia","Parish"
25392,68,"ECU","Ecuador",8,"Esmeraldas",68,"Quinindé",370,"La Union","","","Parroquia","Parish"
25393,68,"ECU","Ecuador",8,"Esmeraldas",68,"Quinindé",371,"Malimpia","","","Parroquia","Parish"
25394,68,"ECU","Ecuador",8,"Esmeraldas",68,"Quinindé",372,"Rosa Zarate","","","Parroquia","Parish"
25395,68,"ECU","Ecuador",8,"Esmeraldas",68,"Quinindé",373,"Viche","","","Parroquia","Parish"
25396,68,"ECU","Ecuador",8,"Esmeraldas",69,"San Lorenzo",374,"5 de Junio","","","Parroquia","Parish"
25397,68,"ECU","Ecuador",8,"Esmeraldas",69,"San Lorenzo",375,"Alto Tambo","","","Parroquia","Parish"
25398,68,"ECU","Ecuador",8,"Esmeraldas",69,"San Lorenzo",376,"Ancon","","","Parroquia","Parish"
25399,68,"ECU","Ecuador",8,"Esmeraldas",69,"San Lorenzo",377,"Calderon","","","Parroquia","Parish"
25400,68,"ECU","Ecuador",8,"Esmeraldas",69,"San Lorenzo",378,"Carondelet","","","Parroquia","Parish"
25401,68,"ECU","Ecuador",8,"Esmeraldas",69,"San Lorenzo",379,"Concepcion","","","Parroquia","Parish"
25402,68,"ECU","Ecuador",8,"Esmeraldas",69,"San Lorenzo",380,"Mataje","","","Parroquia","Parish"
25403,68,"ECU","Ecuador",8,"Esmeraldas",69,"San Lorenzo",381,"San Javier de Cachavi","","","Parroquia","Parish"
25404,68,"ECU","Ecuador",8,"Esmeraldas",69,"San Lorenzo",382,"San Lorenzo","","","Parroquia","Parish"
25405,68,"ECU","Ecuador",8,"Esmeraldas",69,"San Lorenzo",383,"Santa Rita","","","Parroquia","Parish"
25406,68,"ECU","Ecuador",8,"Esmeraldas",69,"San Lorenzo",384,"Tambillo","","","Parroquia","Parish"
25407,68,"ECU","Ecuador",8,"Esmeraldas",69,"San Lorenzo",385,"Tululbi","","","Parroquia","Parish"
25408,68,"ECU","Ecuador",8,"Esmeraldas",69,"San Lorenzo",386,"Urbina","","","Parroquia","Parish"
25409,68,"ECU","Ecuador",9,"Galápagos",70,"Isabela",387,"","","","",""
25410,68,"ECU","Ecuador",9,"Galápagos",71,"San Cristóbal",388,"","","","",""
25411,68,"ECU","Ecuador",9,"Galápagos",72,"Santa Cruz",389,"","","","",""
25412,68,"ECU","Ecuador",10,"Guayas",73,"Alfredo Baquerizo Moreno",390,"Alfredo Baquerizo Moreno","","","Parroquia","Parish"
25413,68,"ECU","Ecuador",10,"Guayas",74,"Balao",391,"Balao","","","Parroquia","Parish"
25414,68,"ECU","Ecuador",10,"Guayas",75,"Balzar",392,"Balzar","","","Parroquia","Parish"
25415,68,"ECU","Ecuador",10,"Guayas",76,"Colimes",393,"Colimes","","","Parroquia","Parish"
25416,68,"ECU","Ecuador",10,"Guayas",77,"Coronel Marcelino Maridueña",394,"Crnel. Marcelino Maridueña","","","Parroquia","Parish"
25417,68,"ECU","Ecuador",10,"Guayas",77,"Coronel Marcelino Maridueña",395,"El Triunfo","","","Parroquia","Parish"
25418,68,"ECU","Ecuador",10,"Guayas",78,"Daule",396,"Daule","","","Parroquia","Parish"
25419,68,"ECU","Ecuador",10,"Guayas",78,"Daule",397,"Juan Bautista Aguirre","","","Parroquia","Parish"
25420,68,"ECU","Ecuador",10,"Guayas",78,"Daule",398,"Laurel","","","Parroquia","Parish"
25421,68,"ECU","Ecuador",10,"Guayas",78,"Daule",399,"Limonal","","","Parroquia","Parish"
25422,68,"ECU","Ecuador",10,"Guayas",78,"Daule",400,"Los Lojas","","","Parroquia","Parish"
25423,68,"ECU","Ecuador",10,"Guayas",79,"Durán",401,"Eloy Alfaro","","","Parroquia","Parish"
25424,68,"ECU","Ecuador",10,"Guayas",80,"El Empalme",402,"El Rosario","","","Parroquia","Parish"
25425,68,"ECU","Ecuador",10,"Guayas",80,"El Empalme",403,"Guayas","","","Parroquia","Parish"
25426,68,"ECU","Ecuador",10,"Guayas",80,"El Empalme",404,"Velasco Ibarra","","","Parroquia","Parish"
25427,68,"ECU","Ecuador",10,"Guayas",81,"General Antonio Elizalde",405,"Gnral. Antonio Elizalde","","","Parroquia","Parish"
25428,68,"ECU","Ecuador",10,"Guayas",82,"Guayaquil",406,"Guayaquil","","","Parroquia","Parish"
25429,68,"ECU","Ecuador",10,"Guayas",82,"Guayaquil",407,"Juan Gomez Rendon","","","Parroquia","Parish"
25430,68,"ECU","Ecuador",10,"Guayas",82,"Guayaquil",408,"Morro","","","Parroquia","Parish"
25431,68,"ECU","Ecuador",10,"Guayas",82,"Guayaquil",409,"Posorja","","","Parroquia","Parish"
25432,68,"ECU","Ecuador",10,"Guayas",82,"Guayaquil",410,"Puna","","","Parroquia","Parish"
25433,68,"ECU","Ecuador",10,"Guayas",82,"Guayaquil",411,"Tenguel","","","Parroquia","Parish"
25434,68,"ECU","Ecuador",10,"Guayas",83,"La Libertad",412,"La Libertad","","","Parroquia","Parish"
25435,68,"ECU","Ecuador",10,"Guayas",84,"Lomas de Sargentillo",413,"Isidro Ayora","","","Parroquia","Parish"
25436,68,"ECU","Ecuador",10,"Guayas",84,"Lomas de Sargentillo",414,"Lomas de Sargentillo","","","Parroquia","Parish"
25437,68,"ECU","Ecuador",10,"Guayas",85,"Milagro",415,"Chobo","","","Parroquia","Parish"
25438,68,"ECU","Ecuador",10,"Guayas",85,"Milagro",416,"Mariscal Sucre","","","Parroquia","Parish"
25439,68,"ECU","Ecuador",10,"Guayas",85,"Milagro",417,"Milagro","","","Parroquia","Parish"
25440,68,"ECU","Ecuador",10,"Guayas",85,"Milagro",418,"Roberto Astudillo","","","Parroquia","Parish"
25441,68,"ECU","Ecuador",10,"Guayas",86,"Naranjal",419,"Jesus Maria","","","Parroquia","Parish"
25442,68,"ECU","Ecuador",10,"Guayas",86,"Naranjal",420,"Naranjal","","","Parroquia","Parish"
25443,68,"ECU","Ecuador",10,"Guayas",86,"Naranjal",421,"San Carlos","","","Parroquia","Parish"
25444,68,"ECU","Ecuador",10,"Guayas",86,"Naranjal",422,"Santa Rosa de Flandes","","","Parroquia","Parish"
25445,68,"ECU","Ecuador",10,"Guayas",86,"Naranjal",423,"Taura","","","Parroquia","Parish"
25446,68,"ECU","Ecuador",10,"Guayas",87,"Naranjito",424,"Naranjito","","","Parroquia","Parish"
25447,68,"ECU","Ecuador",10,"Guayas",88,"Nobol",425,"Narcisa de Jesus","","","Parroquia","Parish"
25448,68,"ECU","Ecuador",10,"Guayas",89,"Palestina",426,"Palestina","","","Parroquia","Parish"
25449,68,"ECU","Ecuador",10,"Guayas",90,"Pedro Carbo",427,"Pedro Carbo","","","Parroquia","Parish"
25450,68,"ECU","Ecuador",10,"Guayas",90,"Pedro Carbo",428,"Sabanilla","","","Parroquia","Parish"
25451,68,"ECU","Ecuador",10,"Guayas",90,"Pedro Carbo",429,"Valle de la Virgen","","","Parroquia","Parish"
25452,68,"ECU","Ecuador",10,"Guayas",91,"Playas",430,"General Villamil","","","Parroquia","Parish"
25453,68,"ECU","Ecuador",10,"Guayas",92,"Salinas",431,"Anconcito","","","Parroquia","Parish"
25454,68,"ECU","Ecuador",10,"Guayas",92,"Salinas",432,"Jose Luis Tamayo","","","Parroquia","Parish"
25455,68,"ECU","Ecuador",10,"Guayas",92,"Salinas",433,"Salinas","","","Parroquia","Parish"
25456,68,"ECU","Ecuador",10,"Guayas",93,"Samborondón",434,"Samborondon","","","Parroquia","Parish"
25457,68,"ECU","Ecuador",10,"Guayas",93,"Samborondón",435,"Tarifa","","","Parroquia","Parish"
25458,68,"ECU","Ecuador",10,"Guayas",94,"San Jacinto de Yaguac",436,"Gral. Pedro J. Montero","","","Parroquia","Parish"
25459,68,"ECU","Ecuador",10,"Guayas",94,"San Jacinto de Yaguac",437,"San Jacinto de Yaguachi","","","Parroquia","Parish"
25460,68,"ECU","Ecuador",10,"Guayas",94,"San Jacinto de Yaguac",438,"Virgen de Fatima","","","Parroquia","Parish"
25461,68,"ECU","Ecuador",10,"Guayas",94,"San Jacinto de Yaguac",439,"Yaguachi Viejo","","","Parroquia","Parish"
25462,68,"ECU","Ecuador",10,"Guayas",95,"Santa Elena",440,"Atahualpa","","","Parroquia","Parish"
25463,68,"ECU","Ecuador",10,"Guayas",95,"Santa Elena",441,"Chanduy","","","Parroquia","Parish"
25464,68,"ECU","Ecuador",10,"Guayas",95,"Santa Elena",442,"Colonche","","","Parroquia","Parish"
25465,68,"ECU","Ecuador",10,"Guayas",95,"Santa Elena",443,"Manglaralto","","","Parroquia","Parish"
25466,68,"ECU","Ecuador",10,"Guayas",95,"Santa Elena",444,"Santa Elena","","","Parroquia","Parish"
25467,68,"ECU","Ecuador",10,"Guayas",95,"Santa Elena",445,"Simon Bolivar","","","Parroquia","Parish"
25468,68,"ECU","Ecuador",10,"Guayas",96,"Santa Lucia",446,"Santa Lucia","","","Parroquia","Parish"
25469,68,"ECU","Ecuador",10,"Guayas",97,"Simon Bolivar",447,"Crnel. Lorenzo de Garaicoa","","","Parroquia","Parish"
25470,68,"ECU","Ecuador",10,"Guayas",97,"Simon Bolivar",448,"Simon Bolivar","","","Parroquia","Parish"
25471,68,"ECU","Ecuador",10,"Guayas",98,"Urbina Jado",449,"El Salitre","","","Parroquia","Parish"
25472,68,"ECU","Ecuador",10,"Guayas",98,"Urbina Jado",450,"Gral. Vernaza","","","Parroquia","Parish"
25473,68,"ECU","Ecuador",10,"Guayas",98,"Urbina Jado",451,"Junquillal","","","Parroquia","Parish"
25474,68,"ECU","Ecuador",10,"Guayas",98,"Urbina Jado",452,"La Victoria","","","Parroquia","Parish"
25475,68,"ECU","Ecuador",11,"Imbabura",99,"Antonio Ante",453,"Atuntaqui","","","Parroquia","Parish"
25476,68,"ECU","Ecuador",11,"Imbabura",99,"Antonio Ante",454,"Imbaya","","","Parroquia","Parish"
25477,68,"ECU","Ecuador",11,"Imbabura",99,"Antonio Ante",455,"San Fco. de Natabuela","","","Parroquia","Parish"
25478,68,"ECU","Ecuador",11,"Imbabura",99,"Antonio Ante",456,"San Jose de Chaltura","","","Parroquia","Parish"
25479,68,"ECU","Ecuador",11,"Imbabura",99,"Antonio Ante",457,"San Roque","","","Parroquia","Parish"
25480,68,"ECU","Ecuador",11,"Imbabura",100,"Cotacachi",458,"6 de Julio de Cuellaje","","","Parroquia","Parish"
25481,68,"ECU","Ecuador",11,"Imbabura",100,"Cotacachi",459,"Apuela","","","Parroquia","Parish"
25482,68,"ECU","Ecuador",11,"Imbabura",100,"Cotacachi",460,"Cotacachi","","","Parroquia","Parish"
25483,68,"ECU","Ecuador",11,"Imbabura",100,"Cotacachi",461,"Garcia Moreno","","","Parroquia","Parish"
25484,68,"ECU","Ecuador",11,"Imbabura",100,"Cotacachi",462,"Imantag","","","Parroquia","Parish"
25485,68,"ECU","Ecuador",11,"Imbabura",100,"Cotacachi",463,"Peñaherrera","","","Parroquia","Parish"
25486,68,"ECU","Ecuador",11,"Imbabura",100,"Cotacachi",464,"Plaza Gutierrez","","","Parroquia","Parish"
25487,68,"ECU","Ecuador",11,"Imbabura",100,"Cotacachi",465,"Quiroga","","","Parroquia","Parish"
25488,68,"ECU","Ecuador",11,"Imbabura",100,"Cotacachi",466,"Vacas Galindo","","","Parroquia","Parish"
25489,68,"ECU","Ecuador",11,"Imbabura",101,"Ibarra",467,"Ambuqui","","","Parroquia","Parish"
25490,68,"ECU","Ecuador",11,"Imbabura",101,"Ibarra",468,"Angochagua","","","Parroquia","Parish"
25491,68,"ECU","Ecuador",11,"Imbabura",101,"Ibarra",469,"Carolina","","","Parroquia","Parish"
25492,68,"ECU","Ecuador",11,"Imbabura",101,"Ibarra",470,"Ibarra","","","Parroquia","Parish"
25493,68,"ECU","Ecuador",11,"Imbabura",101,"Ibarra",471,"La Esperanza","","","Parroquia","Parish"
25494,68,"ECU","Ecuador",11,"Imbabura",101,"Ibarra",472,"Lita","","","Parroquia","Parish"
25495,68,"ECU","Ecuador",11,"Imbabura",101,"Ibarra",473,"Salinas","","","Parroquia","Parish"
25496,68,"ECU","Ecuador",11,"Imbabura",101,"Ibarra",474,"San Antonio","","","Parroquia","Parish"
25497,68,"ECU","Ecuador",11,"Imbabura",102,"No Delimitado",475,"Las Golondrinas","","","Parroquia","Parish"
25498,68,"ECU","Ecuador",11,"Imbabura",103,"Otavalo",476,"Doctor Miguel Egas","","","Parroquia","Parish"
25499,68,"ECU","Ecuador",11,"Imbabura",103,"Otavalo",477,"Eugenio Espejo","","","Parroquia","Parish"
25500,68,"ECU","Ecuador",11,"Imbabura",103,"Otavalo",478,"Gonzalez Suarez","","","Parroquia","Parish"
25501,68,"ECU","Ecuador",11,"Imbabura",103,"Otavalo",479,"Otavalo","","","Parroquia","Parish"
25502,68,"ECU","Ecuador",11,"Imbabura",103,"Otavalo",480,"Pataqui","","","Parroquia","Parish"
25503,68,"ECU","Ecuador",11,"Imbabura",103,"Otavalo",481,"San Jose de Quichinche","","","Parroquia","Parish"
25504,68,"ECU","Ecuador",11,"Imbabura",103,"Otavalo",482,"San Juan de Iluman","","","Parroquia","Parish"
25505,68,"ECU","Ecuador",11,"Imbabura",103,"Otavalo",483,"San Pablo","","","Parroquia","Parish"
25506,68,"ECU","Ecuador",11,"Imbabura",103,"Otavalo",484,"San Rafael","","","Parroquia","Parish"
25507,68,"ECU","Ecuador",11,"Imbabura",103,"Otavalo",485,"Selva Alegre","","","Parroquia","Parish"
25508,68,"ECU","Ecuador",11,"Imbabura",104,"Pimampiro",486,"Chuga","","","Parroquia","Parish"
25509,68,"ECU","Ecuador",11,"Imbabura",104,"Pimampiro",487,"Mariano Acosta","","","Parroquia","Parish"
25510,68,"ECU","Ecuador",11,"Imbabura",104,"Pimampiro",488,"Pimampiro","","","Parroquia","Parish"
25511,68,"ECU","Ecuador",11,"Imbabura",104,"Pimampiro",489,"San Francisco de Sigsipamba","","","Parroquia","Parish"
25512,68,"ECU","Ecuador",11,"Imbabura",105,"San Miguel de Urcuquí",490,"Cahuasqui","","","Parroquia","Parish"
25513,68,"ECU","Ecuador",11,"Imbabura",105,"San Miguel de Urcuquí",491,"La Merced de Buenos Aires","","","Parroquia","Parish"
25514,68,"ECU","Ecuador",11,"Imbabura",105,"San Miguel de Urcuquí",492,"Pablo Arenas","","","Parroquia","Parish"
25515,68,"ECU","Ecuador",11,"Imbabura",105,"San Miguel de Urcuquí",493,"San Blas","","","Parroquia","Parish"
25516,68,"ECU","Ecuador",11,"Imbabura",105,"San Miguel de Urcuquí",494,"Tumbabiro","","","Parroquia","Parish"
25517,68,"ECU","Ecuador",11,"Imbabura",105,"San Miguel de Urcuquí",495,"Urcuqui","","","Parroquia","Parish"
25518,68,"ECU","Ecuador",12,"Loja",106,"Calvas",496,"Cariamanga","","","Parroquia","Parish"
25519,68,"ECU","Ecuador",12,"Loja",106,"Calvas",497,"Colaisaca","","","Parroquia","Parish"
25520,68,"ECU","Ecuador",12,"Loja",106,"Calvas",498,"El Lucero","","","Parroquia","Parish"
25521,68,"ECU","Ecuador",12,"Loja",106,"Calvas",499,"Sanguillin","","","Parroquia","Parish"
25522,68,"ECU","Ecuador",12,"Loja",106,"Calvas",500,"Utuana","","","Parroquia","Parish"
25523,68,"ECU","Ecuador",12,"Loja",107,"Catamayo",501,"Catamayo","","","Parroquia","Parish"
25524,68,"ECU","Ecuador",12,"Loja",107,"Catamayo",502,"El Tambo","","","Parroquia","Parish"
25525,68,"ECU","Ecuador",12,"Loja",107,"Catamayo",503,"Guayquichuma","","","Parroquia","Parish"
25526,68,"ECU","Ecuador",12,"Loja",107,"Catamayo",504,"San Pedro de la Bendita","","","Parroquia","Parish"
25527,68,"ECU","Ecuador",12,"Loja",107,"Catamayo",505,"Zambi","","","Parroquia","Parish"
25528,68,"ECU","Ecuador",12,"Loja",108,"Celica",506,"Celica","","","Parroquia","Parish"
25529,68,"ECU","Ecuador",12,"Loja",108,"Celica",507,"Cruzpamba","","","Parroquia","Parish"
25530,68,"ECU","Ecuador",12,"Loja",108,"Celica",508,"Pozul","","","Parroquia","Parish"
25531,68,"ECU","Ecuador",12,"Loja",108,"Celica",509,"Sabanilla","","","Parroquia","Parish"
25532,68,"ECU","Ecuador",12,"Loja",108,"Celica",510,"Tnte. Maximiliano Rodriguez","","","Parroquia","Parish"
25533,68,"ECU","Ecuador",12,"Loja",109,"Chaguarpamba",511,"Amarillos","","","Parroquia","Parish"
25534,68,"ECU","Ecuador",12,"Loja",109,"Chaguarpamba",512,"Buenavista","","","Parroquia","Parish"
25535,68,"ECU","Ecuador",12,"Loja",109,"Chaguarpamba",513,"Chaguarpamba","","","Parroquia","Parish"
25536,68,"ECU","Ecuador",12,"Loja",109,"Chaguarpamba",514,"El Rosario","","","Parroquia","Parish"
25537,68,"ECU","Ecuador",12,"Loja",109,"Chaguarpamba",515,"Santa Rufina","","","Parroquia","Parish"
25538,68,"ECU","Ecuador",12,"Loja",110,"Espíndola",516,"27 de Abril","","","Parroquia","Parish"
25539,68,"ECU","Ecuador",12,"Loja",110,"Espíndola",517,"Amaluza","","","Parroquia","Parish"
25540,68,"ECU","Ecuador",12,"Loja",110,"Espíndola",518,"Bellavista","","","Parroquia","Parish"
25541,68,"ECU","Ecuador",12,"Loja",110,"Espíndola",519,"El Airo","","","Parroquia","Parish"
25542,68,"ECU","Ecuador",12,"Loja",110,"Espíndola",520,"El Ingenio","","","Parroquia","Parish"
25543,68,"ECU","Ecuador",12,"Loja",110,"Espíndola",521,"Jimbura","","","Parroquia","Parish"
25544,68,"ECU","Ecuador",12,"Loja",114,"Paltas",546,"Cangonama","","","Parroquia","Parish"
25545,68,"ECU","Ecuador",12,"Loja",114,"Paltas",547,"Casanga","","","Parroquia","Parish"
25546,68,"ECU","Ecuador",12,"Loja",114,"Paltas",548,"Catacocha","","","Parroquia","Parish"
25547,68,"ECU","Ecuador",12,"Loja",114,"Paltas",549,"Guachanama","","","Parroquia","Parish"
25548,68,"ECU","Ecuador",12,"Loja",114,"Paltas",550,"La Tingue","","","Parroquia","Parish"
25549,68,"ECU","Ecuador",12,"Loja",114,"Paltas",551,"Lauro Guerrero","","","Parroquia","Parish"
25550,68,"ECU","Ecuador",12,"Loja",114,"Paltas",552,"Olmedo","","","Parroquia","Parish"
25551,68,"ECU","Ecuador",12,"Loja",114,"Paltas",553,"Orianga","","","Parroquia","Parish"
25552,68,"ECU","Ecuador",12,"Loja",114,"Paltas",554,"San Antonio","","","Parroquia","Parish"
25553,68,"ECU","Ecuador",12,"Loja",114,"Paltas",555,"Yamana","","","Parroquia","Parish"
25554,68,"ECU","Ecuador",12,"Loja",115,"Pindal",556,"12 de Diciembre","","","Parroquia","Parish"
25555,68,"ECU","Ecuador",12,"Loja",115,"Pindal",557,"Chaquinal","","","Parroquia","Parish"
25556,68,"ECU","Ecuador",12,"Loja",115,"Pindal",558,"Pindal","","","Parroquia","Parish"
25557,68,"ECU","Ecuador",12,"Loja",116,"Puyango",559,"Alamor","","","Parroquia","Parish"
25558,68,"ECU","Ecuador",12,"Loja",116,"Puyango",560,"Ciano","","","Parroquia","Parish"
25559,68,"ECU","Ecuador",12,"Loja",116,"Puyango",561,"El Arenal","","","Parroquia","Parish"
25560,68,"ECU","Ecuador",12,"Loja",116,"Puyango",562,"El Limo","","","Parroquia","Parish"
25561,68,"ECU","Ecuador",12,"Loja",116,"Puyango",563,"Mercadillo","","","Parroquia","Parish"
25562,68,"ECU","Ecuador",12,"Loja",116,"Puyango",564,"Vicentino","","","Parroquia","Parish"
25563,68,"ECU","Ecuador",12,"Loja",117,"Quilanga",565,"Fundochamba","","","Parroquia","Parish"
25564,68,"ECU","Ecuador",12,"Loja",117,"Quilanga",566,"Quilanga","","","Parroquia","Parish"
25565,68,"ECU","Ecuador",12,"Loja",117,"Quilanga",567,"San Antonio de las Aradas","","","Parroquia","Parish"
25566,68,"ECU","Ecuador",12,"Loja",118,"Saraguro",568,"El Paraiso de Celen","","","Parroquia","Parish"
25567,68,"ECU","Ecuador",12,"Loja",118,"Saraguro",569,"El Tablon","","","Parroquia","Parish"
25568,68,"ECU","Ecuador",12,"Loja",118,"Saraguro",570,"Lluzhapa","","","Parroquia","Parish"
25569,68,"ECU","Ecuador",12,"Loja",118,"Saraguro",571,"Manu","","","Parroquia","Parish"
25570,68,"ECU","Ecuador",12,"Loja",118,"Saraguro",572,"San Antonio de Qumbe","","","Parroquia","Parish"
25571,68,"ECU","Ecuador",12,"Loja",118,"Saraguro",573,"San Pablo de Tenta","","","Parroquia","Parish"
25572,68,"ECU","Ecuador",12,"Loja",118,"Saraguro",574,"San Sebastian de Yuluc","","","Parroquia","Parish"
25573,68,"ECU","Ecuador",12,"Loja",118,"Saraguro",575,"Saraguro","","","Parroquia","Parish"
25574,68,"ECU","Ecuador",12,"Loja",118,"Saraguro",576,"Selva Alegre","","","Parroquia","Parish"
25575,68,"ECU","Ecuador",12,"Loja",118,"Saraguro",577,"Urdaneta","","","Parroquia","Parish"
25576,68,"ECU","Ecuador",12,"Loja",119,"Sozoranga",578,"Nueva Fatima","","","Parroquia","Parish"
25577,68,"ECU","Ecuador",12,"Loja",119,"Sozoranga",579,"Sozoranga","","","Parroquia","Parish"
25578,68,"ECU","Ecuador",12,"Loja",119,"Sozoranga",580,"Tacamoros","","","Parroquia","Parish"
25579,68,"ECU","Ecuador",12,"Loja",120,"Zapotillo",581,"Cazaderos","","","Parroquia","Parish"
25580,68,"ECU","Ecuador",12,"Loja",120,"Zapotillo",582,"Garzareal","","","Parroquia","Parish"
25581,68,"ECU","Ecuador",12,"Loja",120,"Zapotillo",583,"Limones","","","Parroquia","Parish"
25582,68,"ECU","Ecuador",12,"Loja",120,"Zapotillo",584,"Paletillas","","","Parroquia","Parish"
25583,68,"ECU","Ecuador",12,"Loja",120,"Zapotillo",585,"Zapotillo","","","Parroquia","Parish"
25584,68,"ECU","Ecuador",13,"Los Rios",121,"Baba",586,"Baba","","","Parroquia","Parish"
25585,68,"ECU","Ecuador",13,"Los Rios",121,"Baba",587,"Guare","","","Parroquia","Parish"
25586,68,"ECU","Ecuador",13,"Los Rios",121,"Baba",588,"Isla de Bejucal","","","Parroquia","Parish"
25587,68,"ECU","Ecuador",13,"Los Rios",122,"Babahoyo",589,"Babahoyo","","","Parroquia","Parish"
25588,68,"ECU","Ecuador",13,"Los Rios",122,"Babahoyo",590,"Caracol","","","Parroquia","Parish"
25589,68,"ECU","Ecuador",13,"Los Rios",122,"Babahoyo",591,"Febres Cordero","","","Parroquia","Parish"
25590,68,"ECU","Ecuador",13,"Los Rios",122,"Babahoyo",592,"La Union","","","Parroquia","Parish"
25591,68,"ECU","Ecuador",13,"Los Rios",122,"Babahoyo",593,"Pimocha","","","Parroquia","Parish"
25592,68,"ECU","Ecuador",13,"Los Rios",123,"Buena Fé",594,"Patricia Pilar","","","Parroquia","Parish"
25593,68,"ECU","Ecuador",13,"Los Rios",123,"Buena Fé",595,"San Jacinto de Buena Fe","","","Parroquia","Parish"
25594,68,"ECU","Ecuador",13,"Los Rios",124,"Montalvo",596,"Montalvo","","","Parroquia","Parish"
25595,68,"ECU","Ecuador",13,"Los Rios",125,"Palenque",597,"Palenque","","","Parroquia","Parish"
25596,68,"ECU","Ecuador",13,"Los Rios",126,"Pueblo Viejo",598,"Puebloviejo","","","Parroquia","Parish"
25597,68,"ECU","Ecuador",13,"Los Rios",126,"Pueblo Viejo",599,"Puerto Pechiche","","","Parroquia","Parish"
25598,68,"ECU","Ecuador",13,"Los Rios",126,"Pueblo Viejo",600,"San Juan","","","Parroquia","Parish"
25599,68,"ECU","Ecuador",13,"Los Rios",127,"Quevedo",601,"La Esperanza","","","Parroquia","Parish"
25600,68,"ECU","Ecuador",13,"Los Rios",127,"Quevedo",602,"Mocache","","","Parroquia","Parish"
25601,68,"ECU","Ecuador",13,"Los Rios",127,"Quevedo",603,"Quevedo","","","Parroquia","Parish"
25602,68,"ECU","Ecuador",13,"Los Rios",127,"Quevedo",604,"San Carlos","","","Parroquia","Parish"
25603,68,"ECU","Ecuador",13,"Los Rios",127,"Quevedo",605,"Valencia","","","Parroquia","Parish"
25604,68,"ECU","Ecuador",13,"Los Rios",128,"Urdaneta",606,"Catarama","","","Parroquia","Parish"
25605,68,"ECU","Ecuador",13,"Los Rios",128,"Urdaneta",607,"Ricaurte","","","Parroquia","Parish"
25606,68,"ECU","Ecuador",13,"Los Rios",129,"Ventanas",608,"Quinsaloma","","","Parroquia","Parish"
25607,68,"ECU","Ecuador",13,"Los Rios",129,"Ventanas",609,"Ventanas","","","Parroquia","Parish"
25608,68,"ECU","Ecuador",13,"Los Rios",129,"Ventanas",610,"Zapotal","","","Parroquia","Parish"
25609,68,"ECU","Ecuador",13,"Los Rios",130,"Vinces",611,"Antonio Sotomayor","","","Parroquia","Parish"
25610,68,"ECU","Ecuador",13,"Los Rios",130,"Vinces",612,"Vinces","","","Parroquia","Parish"
25611,68,"ECU","Ecuador",14,"Manabi",131,"Bolívar",613,"Calceta","","","Parroquia","Parish"
25612,68,"ECU","Ecuador",14,"Manabi",131,"Bolívar",614,"Membrillo","","","Parroquia","Parish"
25613,68,"ECU","Ecuador",14,"Manabi",131,"Bolívar",615,"Quiroga","","","Parroquia","Parish"
25614,68,"ECU","Ecuador",14,"Manabi",132,"Chone",616,"Boyaca","","","Parroquia","Parish"
25615,68,"ECU","Ecuador",14,"Manabi",132,"Chone",617,"Canuto","","","Parroquia","Parish"
25616,68,"ECU","Ecuador",14,"Manabi",132,"Chone",618,"Chibunga","","","Parroquia","Parish"
25617,68,"ECU","Ecuador",14,"Manabi",132,"Chone",619,"Chone","","","Parroquia","Parish"
25618,68,"ECU","Ecuador",14,"Manabi",132,"Chone",620,"Convento","","","Parroquia","Parish"
25619,68,"ECU","Ecuador",14,"Manabi",132,"Chone",621,"Eloy Alfaro","","","Parroquia","Parish"
25620,68,"ECU","Ecuador",14,"Manabi",132,"Chone",622,"Ricaurte","","","Parroquia","Parish"
25621,68,"ECU","Ecuador",14,"Manabi",132,"Chone",623,"San Antonio","","","Parroquia","Parish"
25622,68,"ECU","Ecuador",14,"Manabi",133,"El Carmen",624,"El Carmen","","","Parroquia","Parish"
25623,68,"ECU","Ecuador",14,"Manabi",133,"El Carmen",625,"San Pedro de Suma","","","Parroquia","Parish"
25624,68,"ECU","Ecuador",14,"Manabi",133,"El Carmen",626,"Wilfrido Loor Moreira","","","Parroquia","Parish"
25625,68,"ECU","Ecuador",14,"Manabi",134,"Flavio Alfaro",627,"Flavio Alfaro","","","Parroquia","Parish"
25626,68,"ECU","Ecuador",14,"Manabi",134,"Flavio Alfaro",628,"San Fco. de Novillo","","","Parroquia","Parish"
25627,68,"ECU","Ecuador",14,"Manabi",134,"Flavio Alfaro",629,"Zapallo","","","Parroquia","Parish"
25628,68,"ECU","Ecuador",14,"Manabi",135,"Jipijapa",630,"America","","","Parroquia","Parish"
25629,68,"ECU","Ecuador",14,"Manabi",135,"Jipijapa",631,"El Anegado","","","Parroquia","Parish"
25630,68,"ECU","Ecuador",14,"Manabi",135,"Jipijapa",632,"Jipijapa","","","Parroquia","Parish"
25631,68,"ECU","Ecuador",14,"Manabi",135,"Jipijapa",633,"Julcuy","","","Parroquia","Parish"
25632,68,"ECU","Ecuador",14,"Manabi",135,"Jipijapa",634,"La Union","","","Parroquia","Parish"
25633,68,"ECU","Ecuador",14,"Manabi",135,"Jipijapa",635,"Membrillal","","","Parroquia","Parish"
25634,68,"ECU","Ecuador",14,"Manabi",135,"Jipijapa",636,"Pedro Pablo Gomez","","","Parroquia","Parish"
25635,68,"ECU","Ecuador",14,"Manabi",135,"Jipijapa",637,"Puerto de Cayo","","","Parroquia","Parish"
25636,68,"ECU","Ecuador",14,"Manabi",136,"Junín",638,"Junin","","","Parroquia","Parish"
25637,68,"ECU","Ecuador",14,"Manabi",137,"Manta",639,"Manta","","","Parroquia","Parish"
25638,68,"ECU","Ecuador",14,"Manabi",137,"Manta",640,"San Lorenzo","","","Parroquia","Parish"
25639,68,"ECU","Ecuador",14,"Manabi",137,"Manta",641,"Santa Marianita","","","Parroquia","Parish"
25640,68,"ECU","Ecuador",14,"Manabi",138,"Montecristi",642,"Jaramijo","","","Parroquia","Parish"
25641,68,"ECU","Ecuador",14,"Manabi",138,"Montecristi",643,"La Pila","","","Parroquia","Parish"
25642,68,"ECU","Ecuador",14,"Manabi",138,"Montecristi",644,"Montecristi","","","Parroquia","Parish"
25643,68,"ECU","Ecuador",14,"Manabi",139,"No Delimitado",645,"Manga del Cura","","","Parroquia","Parish"
25644,68,"ECU","Ecuador",14,"Manabi",140,"Paján",646,"Campozano","","","Parroquia","Parish"
25645,68,"ECU","Ecuador",14,"Manabi",140,"Paján",647,"Cascol","","","Parroquia","Parish"
25646,68,"ECU","Ecuador",14,"Manabi",140,"Paján",648,"Guale","","","Parroquia","Parish"
25647,68,"ECU","Ecuador",14,"Manabi",140,"Paján",649,"Lascano","","","Parroquia","Parish"
25648,68,"ECU","Ecuador",14,"Manabi",140,"Paján",650,"Pajan","","","Parroquia","Parish"
25649,68,"ECU","Ecuador",14,"Manabi",141,"Pedernales",651,"10 de Agosto","","","Parroquia","Parish"
25650,68,"ECU","Ecuador",14,"Manabi",141,"Pedernales",652,"Atahualpa","","","Parroquia","Parish"
25651,68,"ECU","Ecuador",14,"Manabi",141,"Pedernales",653,"Cojimies","","","Parroquia","Parish"
25652,68,"ECU","Ecuador",14,"Manabi",141,"Pedernales",654,"Pedernales","","","Parroquia","Parish"
25653,68,"ECU","Ecuador",14,"Manabi",142,"Pichincha",655,"Barraganete","","","Parroquia","Parish"
25654,68,"ECU","Ecuador",14,"Manabi",142,"Pichincha",656,"Pichincha","","","Parroquia","Parish"
25655,68,"ECU","Ecuador",14,"Manabi",142,"Pichincha",657,"San Sebastian","","","Parroquia","Parish"
25656,68,"ECU","Ecuador",14,"Manabi",143,"Portoviejo",658,"Abdon Calderon","","","Parroquia","Parish"
25657,68,"ECU","Ecuador",14,"Manabi",143,"Portoviejo",659,"Alhajuela","","","Parroquia","Parish"
25658,68,"ECU","Ecuador",14,"Manabi",143,"Portoviejo",660,"Chirijos","","","Parroquia","Parish"
25659,68,"ECU","Ecuador",14,"Manabi",143,"Portoviejo",661,"Portoviejo","","","Parroquia","Parish"
25660,68,"ECU","Ecuador",14,"Manabi",143,"Portoviejo",662,"Pueblo Nuevo","","","Parroquia","Parish"
25661,68,"ECU","Ecuador",14,"Manabi",143,"Portoviejo",663,"Rio Chico","","","Parroquia","Parish"
25662,68,"ECU","Ecuador",14,"Manabi",143,"Portoviejo",664,"San Placido","","","Parroquia","Parish"
25663,68,"ECU","Ecuador",14,"Manabi",144,"Puerto López",665,"Machalilla","","","Parroquia","Parish"
25664,68,"ECU","Ecuador",14,"Manabi",144,"Puerto López",666,"Puerto Lopez","","","Parroquia","Parish"
25665,68,"ECU","Ecuador",14,"Manabi",144,"Puerto López",667,"Salango","","","Parroquia","Parish"
25666,68,"ECU","Ecuador",14,"Manabi",145,"Rocafuerte",668,"Crucita","","","Parroquia","Parish"
25667,68,"ECU","Ecuador",14,"Manabi",145,"Rocafuerte",669,"Rocafuerte","","","Parroquia","Parish"
25668,68,"ECU","Ecuador",14,"Manabi",146,"Santa Ana",670,"Ayacucho","","","Parroquia","Parish"
25669,68,"ECU","Ecuador",14,"Manabi",146,"Santa Ana",671,"Honorato Vasquez","","","Parroquia","Parish"
25670,68,"ECU","Ecuador",14,"Manabi",146,"Santa Ana",672,"La Union","","","Parroquia","Parish"
25671,68,"ECU","Ecuador",14,"Manabi",146,"Santa Ana",673,"Olmedo","","","Parroquia","Parish"
25672,68,"ECU","Ecuador",14,"Manabi",146,"Santa Ana",674,"San Pablo","","","Parroquia","Parish"
25673,68,"ECU","Ecuador",14,"Manabi",146,"Santa Ana",675,"Santa Ana de Vuelta Larga","","","Parroquia","Parish"
25674,68,"ECU","Ecuador",14,"Manabi",147,"Sucre",676,"Bahia de Caraquez","","","Parroquia","Parish"
25675,68,"ECU","Ecuador",14,"Manabi",147,"Sucre",677,"Canoa","","","Parroquia","Parish"
25676,68,"ECU","Ecuador",14,"Manabi",147,"Sucre",678,"Charapoto","","","Parroquia","Parish"
25677,68,"ECU","Ecuador",14,"Manabi",147,"Sucre",679,"Jama","","","Parroquia","Parish"
25678,68,"ECU","Ecuador",14,"Manabi",147,"Sucre",680,"San Isidro","","","Parroquia","Parish"
25679,68,"ECU","Ecuador",14,"Manabi",147,"Sucre",681,"San Vicente","","","Parroquia","Parish"
25680,68,"ECU","Ecuador",14,"Manabi",148,"Tosagua",682,"Bachillero","","","Parroquia","Parish"
25681,68,"ECU","Ecuador",14,"Manabi",148,"Tosagua",683,"La Estancilla","","","Parroquia","Parish"
25682,68,"ECU","Ecuador",14,"Manabi",148,"Tosagua",684,"Tosagua","","","Parroquia","Parish"
25683,68,"ECU","Ecuador",14,"Manabi",149,"Veinticuatro de Mayo",685,"Arq. Sixto Duran Ballen","","","Parroquia","Parish"
25684,68,"ECU","Ecuador",14,"Manabi",149,"Veinticuatro de Mayo",686,"Bellavista","","","Parroquia","Parish"
25685,68,"ECU","Ecuador",14,"Manabi",149,"Veinticuatro de Mayo",687,"Noboa","","","Parroquia","Parish"
25686,68,"ECU","Ecuador",14,"Manabi",149,"Veinticuatro de Mayo",688,"Sucre","","","Parroquia","Parish"
25687,68,"ECU","Ecuador",15,"Morona Santiago",150,"Gualaquiza",689,"Amazonas","","","Parroquia","Parish"
25688,68,"ECU","Ecuador",15,"Morona Santiago",150,"Gualaquiza",690,"Bermejos","","","Parroquia","Parish"
25689,68,"ECU","Ecuador",15,"Morona Santiago",150,"Gualaquiza",691,"Bomboiza","","","Parroquia","Parish"
25690,68,"ECU","Ecuador",15,"Morona Santiago",150,"Gualaquiza",692,"Chiguinda","","","Parroquia","Parish"
25691,68,"ECU","Ecuador",15,"Morona Santiago",150,"Gualaquiza",693,"El Ideal","","","Parroquia","Parish"
25692,68,"ECU","Ecuador",15,"Morona Santiago",150,"Gualaquiza",694,"El Rosario","","","Parroquia","Parish"
25693,68,"ECU","Ecuador",15,"Morona Santiago",150,"Gualaquiza",695,"Gualaquiza","","","Parroquia","Parish"
25694,68,"ECU","Ecuador",15,"Morona Santiago",150,"Gualaquiza",696,"Nueva Tarqui","","","Parroquia","Parish"
25695,68,"ECU","Ecuador",15,"Morona Santiago",150,"Gualaquiza",697,"San Miguel de Cuyes","","","Parroquia","Parish"
25696,68,"ECU","Ecuador",15,"Morona Santiago",151,"Huamboya",698,"Chiguaza","","","Parroquia","Parish"
25697,68,"ECU","Ecuador",15,"Morona Santiago",151,"Huamboya",699,"Huamboya","","","Parroquia","Parish"
25698,68,"ECU","Ecuador",15,"Morona Santiago",151,"Huamboya",700,"Pablo VI","","","Parroquia","Parish"
25699,68,"ECU","Ecuador",15,"Morona Santiago",152,"Morona",701,"Alshi","","","Parroquia","Parish"
25700,68,"ECU","Ecuador",15,"Morona Santiago",152,"Morona",702,"Cuchaentza","","","Parroquia","Parish"
25701,68,"ECU","Ecuador",15,"Morona Santiago",152,"Morona",703,"General Proaño","","","Parroquia","Parish"
25702,68,"ECU","Ecuador",15,"Morona Santiago",152,"Morona",704,"Gral. Leonidas Plaza Gutierrez","","","Parroquia","Parish"
25703,68,"ECU","Ecuador",15,"Morona Santiago",152,"Morona",705,"Huasaga","","","Parroquia","Parish"
25704,68,"ECU","Ecuador",15,"Morona Santiago",152,"Morona",706,"Indanza","","","Parroquia","Parish"
25705,68,"ECU","Ecuador",15,"Morona Santiago",152,"Morona",707,"Macas","","","Parroquia","Parish"
25706,68,"ECU","Ecuador",15,"Morona Santiago",152,"Morona",708,"Macuma","","","Parroquia","Parish"
25707,68,"ECU","Ecuador",15,"Morona Santiago",152,"Morona",709,"Rio Blanco","","","Parroquia","Parish"
25708,68,"ECU","Ecuador",15,"Morona Santiago",152,"Morona",710,"San Antonio","","","Parroquia","Parish"
25709,68,"ECU","Ecuador",15,"Morona Santiago",152,"Morona",711,"San Isidro","","","Parroquia","Parish"
25710,68,"ECU","Ecuador",15,"Morona Santiago",152,"Morona",712,"San Jose de Morona","","","Parroquia","Parish"
25711,68,"ECU","Ecuador",15,"Morona Santiago",152,"Morona",713,"San Miguel de Conchay","","","Parroquia","Parish"
25712,68,"ECU","Ecuador",15,"Morona Santiago",152,"Morona",714,"Santa Susana de Chiviaza","","","Parroquia","Parish"
25713,68,"ECU","Ecuador",15,"Morona Santiago",152,"Morona",715,"Sevilla Don Bosco","","","Parroquia","Parish"
25714,68,"ECU","Ecuador",15,"Morona Santiago",152,"Morona",716,"Sinai","","","Parroquia","Parish"
25715,68,"ECU","Ecuador",15,"Morona Santiago",152,"Morona",717,"Taisha","","","Parroquia","Parish"
25716,68,"ECU","Ecuador",15,"Morona Santiago",152,"Morona",718,"Tuutinentza","","","Parroquia","Parish"
25717,68,"ECU","Ecuador",15,"Morona Santiago",152,"Morona",719,"Yunganza","","","Parroquia","Parish"
25718,68,"ECU","Ecuador",15,"Morona Santiago",152,"Morona",720,"Zuña","","","Parroquia","Parish"
25719,68,"ECU","Ecuador",15,"Morona Santiago",153,"Palora",721,"16 de Agosto","","","Parroquia","Parish"
25720,68,"ECU","Ecuador",15,"Morona Santiago",153,"Palora",722,"Arapicos","","","Parroquia","Parish"
25721,68,"ECU","Ecuador",15,"Morona Santiago",153,"Palora",723,"Cumanda","","","Parroquia","Parish"
25722,68,"ECU","Ecuador",15,"Morona Santiago",153,"Palora",724,"Palora","","","Parroquia","Parish"
25723,68,"ECU","Ecuador",15,"Morona Santiago",153,"Palora",725,"Sangay","","","Parroquia","Parish"
25724,68,"ECU","Ecuador",15,"Morona Santiago",154,"San Juan Bosco",726,"Pan de Azucar","","","Parroquia","Parish"
25725,68,"ECU","Ecuador",15,"Morona Santiago",154,"San Juan Bosco",727,"San Carlos de Limon","","","Parroquia","Parish"
25726,68,"ECU","Ecuador",15,"Morona Santiago",154,"San Juan Bosco",728,"San Jacinto de Wakambeis","","","Parroquia","Parish"
25727,68,"ECU","Ecuador",15,"Morona Santiago",154,"San Juan Bosco",729,"San Juan Bosco","","","Parroquia","Parish"
25728,68,"ECU","Ecuador",15,"Morona Santiago",154,"San Juan Bosco",730,"Santiago de Pananza","","","Parroquia","Parish"
25729,68,"ECU","Ecuador",15,"Morona Santiago",155,"Santiago",731,"Chupianza","","","Parroquia","Parish"
25730,68,"ECU","Ecuador",15,"Morona Santiago",155,"Santiago",732,"Copal","","","Parroquia","Parish"
25731,68,"ECU","Ecuador",15,"Morona Santiago",155,"Santiago",733,"Patuca","","","Parroquia","Parish"
25732,68,"ECU","Ecuador",15,"Morona Santiago",155,"Santiago",734,"San Fco. de Chinimbimi","","","Parroquia","Parish"
25733,68,"ECU","Ecuador",15,"Morona Santiago",155,"Santiago",735,"San Luis de El Acho","","","Parroquia","Parish"
25734,68,"ECU","Ecuador",15,"Morona Santiago",155,"Santiago",736,"Santiago de Mendez","","","Parroquia","Parish"
25735,68,"ECU","Ecuador",15,"Morona Santiago",155,"Santiago",737,"Santiago","","","Parroquia","Parish"
25736,68,"ECU","Ecuador",15,"Morona Santiago",155,"Santiago",738,"Tayuza","","","Parroquia","Parish"
25737,68,"ECU","Ecuador",15,"Morona Santiago",156,"Sucúa",739,"Asuncion","","","Parroquia","Parish"
25738,68,"ECU","Ecuador",15,"Morona Santiago",156,"Sucúa",740,"Huambi","","","Parroquia","Parish"
25739,68,"ECU","Ecuador",15,"Morona Santiago",156,"Sucúa",741,"Logroño","","","Parroquia","Parish"
25740,68,"ECU","Ecuador",15,"Morona Santiago",156,"Sucúa",742,"Santa Marianita de Jesus","","","Parroquia","Parish"
25741,68,"ECU","Ecuador",15,"Morona Santiago",156,"Sucúa",743,"Shimpis","","","Parroquia","Parish"
25742,68,"ECU","Ecuador",15,"Morona Santiago",156,"Sucúa",744,"Sucua","","","Parroquia","Parish"
25743,68,"ECU","Ecuador",15,"Morona Santiago",156,"Sucúa",745,"Yaupi","","","Parroquia","Parish"
25744,68,"ECU","Ecuador",16,"Orellana",157,"Aguarico",746,"Cap. Augusto Rivadeneyra","","","Parroquia","Parish"
25745,68,"ECU","Ecuador",16,"Orellana",157,"Aguarico",747,"Cononaco","","","Parroquia","Parish"
25746,68,"ECU","Ecuador",16,"Orellana",157,"Aguarico",748,"Nuevo Rocafuerte","","","Parroquia","Parish"
25747,68,"ECU","Ecuador",16,"Orellana",157,"Aguarico",749,"Santa Maria de Huiririma","","","Parroquia","Parish"
25748,68,"ECU","Ecuador",16,"Orellana",157,"Aguarico",750,"Tiputini","","","Parroquia","Parish"
25749,68,"ECU","Ecuador",16,"Orellana",157,"Aguarico",751,"Yasuni","","","Parroquia","Parish"
25750,68,"ECU","Ecuador",16,"Orellana",158,"Archidona",752,"Archidona","","","Parroquia","Parish"
25751,68,"ECU","Ecuador",16,"Orellana",158,"Archidona",753,"Cotundo","","","Parroquia","Parish"
25752,68,"ECU","Ecuador",16,"Orellana",158,"Archidona",754,"San Pablo de Ushpayacu","","","Parroquia","Parish"
25753,68,"ECU","Ecuador",16,"Orellana",159,"El Chaco",755,"El Chaco","","","Parroquia","Parish"
25754,68,"ECU","Ecuador",16,"Orellana",159,"El Chaco",756,"Gonzalo Diaz de Pineda","","","Parroquia","Parish"
25755,68,"ECU","Ecuador",16,"Orellana",159,"El Chaco",757,"Linares","","","Parroquia","Parish"
25756,68,"ECU","Ecuador",16,"Orellana",159,"El Chaco",758,"Oyacachi","","","Parroquia","Parish"
25757,68,"ECU","Ecuador",16,"Orellana",159,"El Chaco",759,"Santa Rosa","","","Parroquia","Parish"
25758,68,"ECU","Ecuador",16,"Orellana",159,"El Chaco",760,"Sardinas","","","Parroquia","Parish"
25759,68,"ECU","Ecuador",16,"Orellana",160,"Joya de los Sachas",761,"Enokanqui","","","Parroquia","Parish"
25760,68,"ECU","Ecuador",16,"Orellana",160,"Joya de los Sachas",762,"La Joya de Los Sachas","","","Parroquia","Parish"
25761,68,"ECU","Ecuador",16,"Orellana",160,"Joya de los Sachas",763,"Pompeya","","","Parroquia","Parish"
25762,68,"ECU","Ecuador",16,"Orellana",160,"Joya de los Sachas",764,"San Carlos","","","Parroquia","Parish"
25763,68,"ECU","Ecuador",16,"Orellana",160,"Joya de los Sachas",765,"San Sebastian del Coca","","","Parroquia","Parish"
25764,68,"ECU","Ecuador",16,"Orellana",161,"Loreto",766,"Avila","","","Parroquia","Parish"
25765,68,"ECU","Ecuador",16,"Orellana",161,"Loreto",767,"Loreto","","","Parroquia","Parish"
25766,68,"ECU","Ecuador",16,"Orellana",161,"Loreto",768,"Puerto Murialdo","","","Parroquia","Parish"
25767,68,"ECU","Ecuador",16,"Orellana",161,"Loreto",769,"San Jose de Dahuano","","","Parroquia","Parish"
25768,68,"ECU","Ecuador",16,"Orellana",161,"Loreto",770,"San Jose de Payamino","","","Parroquia","Parish"
25769,68,"ECU","Ecuador",16,"Orellana",161,"Loreto",771,"San Vicente de Huaticocha","","","Parroquia","Parish"
25770,68,"ECU","Ecuador",16,"Orellana",162,"Orellana",772,"Dayuma","","","Parroquia","Parish"
25771,68,"ECU","Ecuador",16,"Orellana",162,"Orellana",773,"Puerto Fco. de Orellana","","","Parroquia","Parish"
25772,68,"ECU","Ecuador",16,"Orellana",162,"Orellana",774,"Taracoa","","","Parroquia","Parish"
25773,68,"ECU","Ecuador",16,"Orellana",163,"Quijos",775,"Baeza","","","Parroquia","Parish"
25774,68,"ECU","Ecuador",16,"Orellana",163,"Quijos",776,"Cosanga","","","Parroquia","Parish"
25775,68,"ECU","Ecuador",16,"Orellana",163,"Quijos",777,"Cuyuja","","","Parroquia","Parish"
25776,68,"ECU","Ecuador",16,"Orellana",163,"Quijos",778,"Papallacta","","","Parroquia","Parish"
25777,68,"ECU","Ecuador",16,"Orellana",163,"Quijos",779,"San Francisco de Borja","","","Parroquia","Parish"
25778,68,"ECU","Ecuador",16,"Orellana",163,"Quijos",780,"Sumaco","","","Parroquia","Parish"
25779,68,"ECU","Ecuador",16,"Orellana",164,"Tena",781,"Ahuano","","","Parroquia","Parish"
25780,68,"ECU","Ecuador",16,"Orellana",164,"Tena",782,"Carlos Julio Arosemena Tola","","","Parroquia","Parish"
25781,68,"ECU","Ecuador",16,"Orellana",164,"Tena",783,"Chontapunta","","","Parroquia","Parish"
25782,68,"ECU","Ecuador",16,"Orellana",164,"Tena",784,"Pano","","","Parroquia","Parish"
25783,68,"ECU","Ecuador",16,"Orellana",164,"Tena",785,"Puerto Misahualli","","","Parroquia","Parish"
25784,68,"ECU","Ecuador",16,"Orellana",164,"Tena",786,"Puerto Napo","","","Parroquia","Parish"
25785,68,"ECU","Ecuador",16,"Orellana",164,"Tena",787,"Talag","","","Parroquia","Parish"
25786,68,"ECU","Ecuador",16,"Orellana",164,"Tena",788,"Tena","","","Parroquia","Parish"
25787,68,"ECU","Ecuador",17,"Pastaza",165,"Mera",789,"Madre Tierra","","","Parroquia","Parish"
25788,68,"ECU","Ecuador",17,"Pastaza",165,"Mera",790,"Mera","","","Parroquia","Parish"
25789,68,"ECU","Ecuador",17,"Pastaza",165,"Mera",791,"Shell","","","Parroquia","Parish"
25790,68,"ECU","Ecuador",17,"Pastaza",166,"Pastaza",792,"Arajuno","","","Parroquia","Parish"
25791,68,"ECU","Ecuador",17,"Pastaza",166,"Pastaza",793,"Canelos","","","Parroquia","Parish"
25792,68,"ECU","Ecuador",17,"Pastaza",166,"Pastaza",794,"Curaray","","","Parroquia","Parish"
25793,68,"ECU","Ecuador",17,"Pastaza",166,"Pastaza",795,"Diez de Agosto","","","Parroquia","Parish"
25794,68,"ECU","Ecuador",17,"Pastaza",166,"Pastaza",796,"El Triunfo","","","Parroquia","Parish"
25795,68,"ECU","Ecuador",17,"Pastaza",166,"Pastaza",797,"Fatima","","","Parroquia","Parish"
25796,68,"ECU","Ecuador",17,"Pastaza",166,"Pastaza",798,"Montalvo","","","Parroquia","Parish"
25797,68,"ECU","Ecuador",17,"Pastaza",166,"Pastaza",799,"Pomona","","","Parroquia","Parish"
25798,68,"ECU","Ecuador",17,"Pastaza",166,"Pastaza",800,"Puyo","","","Parroquia","Parish"
25799,68,"ECU","Ecuador",17,"Pastaza",166,"Pastaza",801,"Rio Corrientes","","","Parroquia","Parish"
25800,68,"ECU","Ecuador",17,"Pastaza",166,"Pastaza",802,"Rio Tigre","","","Parroquia","Parish"
25801,68,"ECU","Ecuador",17,"Pastaza",166,"Pastaza",803,"Sarayacu","","","Parroquia","Parish"
25802,68,"ECU","Ecuador",17,"Pastaza",166,"Pastaza",804,"Simon Bolivar","","","Parroquia","Parish"
25803,68,"ECU","Ecuador",17,"Pastaza",166,"Pastaza",805,"Tarqui","","","Parroquia","Parish"
25804,68,"ECU","Ecuador",17,"Pastaza",166,"Pastaza",806,"Teniente Hugo Ortiz","","","Parroquia","Parish"
25805,68,"ECU","Ecuador",17,"Pastaza",166,"Pastaza",807,"Veracruz","","","Parroquia","Parish"
25806,68,"ECU","Ecuador",17,"Pastaza",167,"Santa Clara",808,"Santa Clara","","","Parroquia","Parish"
25807,68,"ECU","Ecuador",18,"Pichincha",168,"Cayambe",809,"Ascazubi","","","Parroquia","Parish"
25808,68,"ECU","Ecuador",18,"Pichincha",168,"Cayambe",810,"Cangahua","","","Parroquia","Parish"
25809,68,"ECU","Ecuador",18,"Pichincha",168,"Cayambe",811,"Cayambe","","","Parroquia","Parish"
25810,68,"ECU","Ecuador",18,"Pichincha",168,"Cayambe",812,"Olmedo","","","Parroquia","Parish"
25811,68,"ECU","Ecuador",18,"Pichincha",168,"Cayambe",813,"Oton","","","Parroquia","Parish"
25812,68,"ECU","Ecuador",18,"Pichincha",168,"Cayambe",814,"Santa Rosa de Cuzubamba","","","Parroquia","Parish"
25813,68,"ECU","Ecuador",18,"Pichincha",169,"Mejía",815,"Aloag","","","Parroquia","Parish"
25814,68,"ECU","Ecuador",18,"Pichincha",169,"Mejía",816,"Aloasi","","","Parroquia","Parish"
25815,68,"ECU","Ecuador",18,"Pichincha",169,"Mejía",817,"Cutuglahua","","","Parroquia","Parish"
25816,68,"ECU","Ecuador",18,"Pichincha",169,"Mejía",818,"El Chaupi","","","Parroquia","Parish"
25817,68,"ECU","Ecuador",18,"Pichincha",169,"Mejía",819,"Machachi","","","Parroquia","Parish"
25818,68,"ECU","Ecuador",18,"Pichincha",169,"Mejía",820,"Manual Cornejo Astorga","","","Parroquia","Parish"
25819,68,"ECU","Ecuador",18,"Pichincha",169,"Mejía",821,"Tambillo","","","Parroquia","Parish"
25820,68,"ECU","Ecuador",18,"Pichincha",169,"Mejía",822,"Uyumbicho","","","Parroquia","Parish"
25821,68,"ECU","Ecuador",18,"Pichincha",170,"No Delimitado",823,"La Concordia","","","Parroquia","Parish"
25822,68,"ECU","Ecuador",18,"Pichincha",171,"Pedro Moncayo",824,"La Esperanza","","","Parroquia","Parish"
25823,68,"ECU","Ecuador",18,"Pichincha",171,"Pedro Moncayo",825,"Malchingui","","","Parroquia","Parish"
25824,68,"ECU","Ecuador",18,"Pichincha",171,"Pedro Moncayo",826,"Tabacundo","","","Parroquia","Parish"
25825,68,"ECU","Ecuador",18,"Pichincha",171,"Pedro Moncayo",827,"Tocachi","","","Parroquia","Parish"
25826,68,"ECU","Ecuador",18,"Pichincha",171,"Pedro Moncayo",828,"Tupigachi","","","Parroquia","Parish"
25827,68,"ECU","Ecuador",18,"Pichincha",172,"Pedro Vicente Maldonado",829,"Pedro Vicente Maldonado","","","Parroquia","Parish"
25828,68,"ECU","Ecuador",18,"Pichincha",173,"Quito",830,"Alangasi","","","Parroquia","Parish"
25829,68,"ECU","Ecuador",18,"Pichincha",173,"Quito",831,"Amaguaña","","","Parroquia","Parish"
25830,68,"ECU","Ecuador",18,"Pichincha",173,"Quito",832,"Atahualpa","","","Parroquia","Parish"
25831,68,"ECU","Ecuador",18,"Pichincha",173,"Quito",833,"Calacali","","","Parroquia","Parish"
25832,68,"ECU","Ecuador",18,"Pichincha",173,"Quito",834,"Calderon","","","Parroquia","Parish"
25833,68,"ECU","Ecuador",18,"Pichincha",173,"Quito",835,"Chavezpamba","","","Parroquia","Parish"
25834,68,"ECU","Ecuador",18,"Pichincha",173,"Quito",836,"Checa","","","Parroquia","Parish"
25835,68,"ECU","Ecuador",18,"Pichincha",173,"Quito",837,"Conocoto","","","Parroquia","Parish"
25836,68,"ECU","Ecuador",18,"Pichincha",173,"Quito",838,"Cumbaya","","","Parroquia","Parish"
25837,68,"ECU","Ecuador",18,"Pichincha",173,"Quito",839,"El Quinche","","","Parroquia","Parish"
25838,68,"ECU","Ecuador",18,"Pichincha",173,"Quito",840,"Gualea","","","Parroquia","Parish"
25839,68,"ECU","Ecuador",18,"Pichincha",173,"Quito",841,"Guangopolo","","","Parroquia","Parish"
25840,68,"ECU","Ecuador",18,"Pichincha",173,"Quito",842,"Guayllabamba","","","Parroquia","Parish"
25841,68,"ECU","Ecuador",18,"Pichincha",173,"Quito",843,"La Merced","","","Parroquia","Parish"
25842,68,"ECU","Ecuador",18,"Pichincha",173,"Quito",844,"Llano Chico","","","Parroquia","Parish"
25843,68,"ECU","Ecuador",18,"Pichincha",173,"Quito",845,"Lloa","","","Parroquia","Parish"
25844,68,"ECU","Ecuador",18,"Pichincha",173,"Quito",846,"Nanegal","","","Parroquia","Parish"
25845,68,"ECU","Ecuador",18,"Pichincha",173,"Quito",847,"Nanegalito","","","Parroquia","Parish"
25846,68,"ECU","Ecuador",18,"Pichincha",173,"Quito",848,"Nayon","","","Parroquia","Parish"
25847,68,"ECU","Ecuador",18,"Pichincha",173,"Quito",849,"Nono","","","Parroquia","Parish"
25848,68,"ECU","Ecuador",18,"Pichincha",173,"Quito",850,"Pacto","","","Parroquia","Parish"
25849,68,"ECU","Ecuador",18,"Pichincha",173,"Quito",851,"Perucho","","","Parroquia","Parish"
25850,68,"ECU","Ecuador",18,"Pichincha",173,"Quito",852,"Pifo","","","Parroquia","Parish"
25851,68,"ECU","Ecuador",18,"Pichincha",173,"Quito",853,"Pintag","","","Parroquia","Parish"
25852,68,"ECU","Ecuador",18,"Pichincha",173,"Quito",854,"Pomasqui","","","Parroquia","Parish"
25853,68,"ECU","Ecuador",18,"Pichincha",176,"Santo Domingo de los Colorados",875,"Santo Domingo","","","Parroquia","Parish"
25854,68,"ECU","Ecuador",19,"Sucumbios",177,"Cascales",876,"El Dorado de Cascales","","","Parroquia","Parish"
25855,68,"ECU","Ecuador",19,"Sucumbios",177,"Cascales",877,"Santa Rosa de Sucumbios","","","Parroquia","Parish"
25856,68,"ECU","Ecuador",19,"Sucumbios",177,"Cascales",878,"Sevilla","","","Parroquia","Parish"
25857,68,"ECU","Ecuador",19,"Sucumbios",178,"Cuyabeno",879,"Aguas Negras","","","Parroquia","Parish"
25858,68,"ECU","Ecuador",19,"Sucumbios",178,"Cuyabeno",880,"Cuyabeno","","","Parroquia","Parish"
25859,68,"ECU","Ecuador",19,"Sucumbios",178,"Cuyabeno",881,"Tarapoa","","","Parroquia","Parish"
25860,68,"ECU","Ecuador",19,"Sucumbios",179,"Gonzalo Pizarro",882,"El Reventador","","","Parroquia","Parish"
25861,68,"ECU","Ecuador",19,"Sucumbios",179,"Gonzalo Pizarro",883,"Gonzalo Pizarro","","","Parroquia","Parish"
25862,68,"ECU","Ecuador",19,"Sucumbios",179,"Gonzalo Pizarro",884,"Lumbaqui","","","Parroquia","Parish"
25863,68,"ECU","Ecuador",19,"Sucumbios",179,"Gonzalo Pizarro",885,"Puerto Libre","","","Parroquia","Parish"
25864,68,"ECU","Ecuador",19,"Sucumbios",180,"Lago Agrio",886,"Dureno","","","Parroquia","Parish"
25865,68,"ECU","Ecuador",19,"Sucumbios",180,"Lago Agrio",887,"El Eno","","","Parroquia","Parish"
25866,68,"ECU","Ecuador",19,"Sucumbios",180,"Lago Agrio",888,"General Farfan","","","Parroquia","Parish"
25867,68,"ECU","Ecuador",19,"Sucumbios",180,"Lago Agrio",889,"Jambeli","","","Parroquia","Parish"
25868,68,"ECU","Ecuador",19,"Sucumbios",180,"Lago Agrio",890,"Nueva Loja","","","Parroquia","Parish"
25869,68,"ECU","Ecuador",19,"Sucumbios",180,"Lago Agrio",891,"Pacayacu","","","Parroquia","Parish"
25870,68,"ECU","Ecuador",19,"Sucumbios",180,"Lago Agrio",892,"Santa Cecilia","","","Parroquia","Parish"
25871,68,"ECU","Ecuador",19,"Sucumbios",181,"Putumayo",893,"Palma Roja","","","Parroquia","Parish"
25872,68,"ECU","Ecuador",19,"Sucumbios",181,"Putumayo",894,"Puerto Bolivar","","","Parroquia","Parish"
25873,68,"ECU","Ecuador",19,"Sucumbios",181,"Putumayo",895,"Puerto El Carmen del Putumayo","","","Parroquia","Parish"
25874,68,"ECU","Ecuador",19,"Sucumbios",181,"Putumayo",896,"Puerto Rodriguez","","","Parroquia","Parish"
25875,68,"ECU","Ecuador",19,"Sucumbios",181,"Putumayo",897,"Santa Elena","","","Parroquia","Parish"
25876,68,"ECU","Ecuador",19,"Sucumbios",182,"Shushufindi",898,"Limoncocha","","","Parroquia","Parish"
25877,68,"ECU","Ecuador",19,"Sucumbios",182,"Shushufindi",899,"Pañacocha","","","Parroquia","Parish"
25878,68,"ECU","Ecuador",19,"Sucumbios",182,"Shushufindi",900,"San Pedro de Los Cafanes","","","Parroquia","Parish"
25879,68,"ECU","Ecuador",19,"Sucumbios",182,"Shushufindi",901,"San Roque","","","Parroquia","Parish"
25880,68,"ECU","Ecuador",19,"Sucumbios",182,"Shushufindi",902,"Shushufindi","","","Parroquia","Parish"
25881,68,"ECU","Ecuador",19,"Sucumbios",182,"Shushufindi",903,"Siete de Julio","","","Parroquia","Parish"
25882,68,"ECU","Ecuador",19,"Sucumbios",183,"Sucumbíos",904,"El Playon de San Fco.","","","Parroquia","Parish"
25883,68,"ECU","Ecuador",19,"Sucumbios",183,"Sucumbíos",905,"La Bonita","","","Parroquia","Parish"
25884,68,"ECU","Ecuador",19,"Sucumbios",183,"Sucumbíos",906,"La Sofia","","","Parroquia","Parish"
25885,68,"ECU","Ecuador",19,"Sucumbios",183,"Sucumbíos",907,"Rosa Florida","","","Parroquia","Parish"
25886,68,"ECU","Ecuador",19,"Sucumbios",183,"Sucumbíos",908,"Santa Barbara","","","Parroquia","Parish"
25887,68,"ECU","Ecuador",20,"Tungurahua",184,"Ambato",909,"Ambatillo","","","Parroquia","Parish"
25888,68,"ECU","Ecuador",20,"Tungurahua",184,"Ambato",910,"Ambato","","","Parroquia","Parish"
25889,68,"ECU","Ecuador",20,"Tungurahua",184,"Ambato",911,"Atahualpa","","","Parroquia","Parish"
25890,68,"ECU","Ecuador",20,"Tungurahua",184,"Ambato",912,"Augusto N. Martinez","","","Parroquia","Parish"
25891,68,"ECU","Ecuador",20,"Tungurahua",184,"Ambato",913,"Constatino Fernandez","","","Parroquia","Parish"
25892,68,"ECU","Ecuador",20,"Tungurahua",184,"Ambato",914,"Cunchibamba","","","Parroquia","Parish"
25893,68,"ECU","Ecuador",20,"Tungurahua",184,"Ambato",915,"Huachi Grande","","","Parroquia","Parish"
25894,68,"ECU","Ecuador",20,"Tungurahua",184,"Ambato",916,"Izamba","","","Parroquia","Parish"
25895,68,"ECU","Ecuador",20,"Tungurahua",184,"Ambato",917,"Juan Benigno Vela","","","Parroquia","Parish"
25896,68,"ECU","Ecuador",20,"Tungurahua",184,"Ambato",918,"Montalvo","","","Parroquia","Parish"
25897,68,"ECU","Ecuador",20,"Tungurahua",184,"Ambato",919,"Pasa","","","Parroquia","Parish"
25898,68,"ECU","Ecuador",20,"Tungurahua",184,"Ambato",920,"Picaigua","","","Parroquia","Parish"
25899,68,"ECU","Ecuador",20,"Tungurahua",184,"Ambato",921,"Pilaguin","","","Parroquia","Parish"
25900,68,"ECU","Ecuador",20,"Tungurahua",184,"Ambato",922,"Quisapincha","","","Parroquia","Parish"
25901,68,"ECU","Ecuador",20,"Tungurahua",184,"Ambato",923,"San Bartolome de Pinllo","","","Parroquia","Parish"
25902,68,"ECU","Ecuador",20,"Tungurahua",184,"Ambato",924,"San Fernando","","","Parroquia","Parish"
25903,68,"ECU","Ecuador",20,"Tungurahua",184,"Ambato",925,"Santa Rosa","","","Parroquia","Parish"
25904,68,"ECU","Ecuador",20,"Tungurahua",184,"Ambato",926,"Totoras","","","Parroquia","Parish"
25905,68,"ECU","Ecuador",20,"Tungurahua",184,"Ambato",927,"Unamuncho","","","Parroquia","Parish"
25906,68,"ECU","Ecuador",20,"Tungurahua",185,"Baños",928,"Baños de Agua Santa","","","Parroquia","Parish"
25907,68,"ECU","Ecuador",20,"Tungurahua",185,"Baños",929,"Lligua","","","Parroquia","Parish"
25908,68,"ECU","Ecuador",20,"Tungurahua",185,"Baños",930,"Rio Negro","","","Parroquia","Parish"
25909,68,"ECU","Ecuador",20,"Tungurahua",185,"Baños",931,"Rio Verde","","","Parroquia","Parish"
25910,68,"ECU","Ecuador",20,"Tungurahua",185,"Baños",932,"Ulba","","","Parroquia","Parish"
25911,68,"ECU","Ecuador",20,"Tungurahua",186,"Cevallos",933,"Cevallos","","","Parroquia","Parish"
25912,68,"ECU","Ecuador",20,"Tungurahua",187,"Mocha",934,"Mocha","","","Parroquia","Parish"
25913,68,"ECU","Ecuador",20,"Tungurahua",187,"Mocha",935,"Pinguili","","","Parroquia","Parish"
25914,68,"ECU","Ecuador",20,"Tungurahua",188,"Patate",936,"El Triunfo","","","Parroquia","Parish"
25915,68,"ECU","Ecuador",20,"Tungurahua",188,"Patate",937,"Los Andes","","","Parroquia","Parish"
25916,68,"ECU","Ecuador",20,"Tungurahua",188,"Patate",938,"Patate","","","Parroquia","Parish"
25917,68,"ECU","Ecuador",20,"Tungurahua",188,"Patate",939,"Sucre","","","Parroquia","Parish"
25918,68,"ECU","Ecuador",20,"Tungurahua",189,"Quero",940,"Quero","","","Parroquia","Parish"
25919,68,"ECU","Ecuador",20,"Tungurahua",189,"Quero",941,"Rumipamba","","","Parroquia","Parish"
25920,68,"ECU","Ecuador",20,"Tungurahua",189,"Quero",942,"Yanayacu","","","Parroquia","Parish"
25921,68,"ECU","Ecuador",20,"Tungurahua",190,"San Pedro de Pelileo",943,"Benitez","","","Parroquia","Parish"
25922,68,"ECU","Ecuador",20,"Tungurahua",190,"San Pedro de Pelileo",944,"Bolivar","","","Parroquia","Parish"
25923,68,"ECU","Ecuador",20,"Tungurahua",190,"San Pedro de Pelileo",945,"Chiquicha","","","Parroquia","Parish"
25924,68,"ECU","Ecuador",20,"Tungurahua",190,"San Pedro de Pelileo",946,"Cotalo","","","Parroquia","Parish"
25925,68,"ECU","Ecuador",20,"Tungurahua",190,"San Pedro de Pelileo",947,"El Rosario","","","Parroquia","Parish"
25926,68,"ECU","Ecuador",20,"Tungurahua",190,"San Pedro de Pelileo",948,"Garcia Moreno","","","Parroquia","Parish"
25927,68,"ECU","Ecuador",20,"Tungurahua",190,"San Pedro de Pelileo",949,"Huambalo","","","Parroquia","Parish"
25928,68,"ECU","Ecuador",20,"Tungurahua",190,"San Pedro de Pelileo",950,"Pelileo","","","Parroquia","Parish"
25929,68,"ECU","Ecuador",20,"Tungurahua",190,"San Pedro de Pelileo",951,"Salasaca","","","Parroquia","Parish"
25930,68,"ECU","Ecuador",20,"Tungurahua",191,"Santiago de Pillaro",952,"Baquerizo Moreno","","","Parroquia","Parish"
25931,68,"ECU","Ecuador",20,"Tungurahua",191,"Santiago de Pillaro",953,"Emilio Maria Teran","","","Parroquia","Parish"
25932,68,"ECU","Ecuador",20,"Tungurahua",191,"Santiago de Pillaro",954,"Marcos Espinel","","","Parroquia","Parish"
25933,68,"ECU","Ecuador",20,"Tungurahua",191,"Santiago de Pillaro",955,"Pillaro","","","Parroquia","Parish"
25934,68,"ECU","Ecuador",20,"Tungurahua",191,"Santiago de Pillaro",956,"Presidente Urbina","","","Parroquia","Parish"
25935,68,"ECU","Ecuador",20,"Tungurahua",191,"Santiago de Pillaro",957,"San Andres","","","Parroquia","Parish"
25936,68,"ECU","Ecuador",20,"Tungurahua",191,"Santiago de Pillaro",958,"San Jose de Poalo","","","Parroquia","Parish"
25937,68,"ECU","Ecuador",20,"Tungurahua",191,"Santiago de Pillaro",959,"San Miguelito","","","Parroquia","Parish"
25938,68,"ECU","Ecuador",20,"Tungurahua",192,"Tisaleo",960,"Quinchicoto","","","Parroquia","Parish"
25939,68,"ECU","Ecuador",20,"Tungurahua",192,"Tisaleo",961,"Tisaleo","","","Parroquia","Parish"
25940,68,"ECU","Ecuador",21,"Zamora Chinchipe",193,"Chinchipe",962,"Chito","","","Parroquia","Parish"
25941,68,"ECU","Ecuador",21,"Zamora Chinchipe",193,"Chinchipe",963,"El Chorro","","","Parroquia","Parish"
25942,68,"ECU","Ecuador",21,"Zamora Chinchipe",193,"Chinchipe",964,"El Porvenir del Carmen","","","Parroquia","Parish"
25943,68,"ECU","Ecuador",21,"Zamora Chinchipe",193,"Chinchipe",965,"La Chonta","","","Parroquia","Parish"
25944,68,"ECU","Ecuador",21,"Zamora Chinchipe",193,"Chinchipe",966,"Palanda","","","Parroquia","Parish"
25945,68,"ECU","Ecuador",21,"Zamora Chinchipe",193,"Chinchipe",967,"Pucapamba","","","Parroquia","Parish"
25946,68,"ECU","Ecuador",21,"Zamora Chinchipe",193,"Chinchipe",968,"San Francisco del Vergel","","","Parroquia","Parish"
25947,68,"ECU","Ecuador",21,"Zamora Chinchipe",193,"Chinchipe",969,"Valladolid","","","Parroquia","Parish"
25948,68,"ECU","Ecuador",21,"Zamora Chinchipe",193,"Chinchipe",970,"Zumba","","","Parroquia","Parish"
25949,68,"ECU","Ecuador",21,"Zamora Chinchipe",194,"El Pangui",971,"El Guisme","","","Parroquia","Parish"
25950,68,"ECU","Ecuador",21,"Zamora Chinchipe",194,"El Pangui",972,"El Pangui","","","Parroquia","Parish"
25951,68,"ECU","Ecuador",21,"Zamora Chinchipe",194,"El Pangui",973,"Pachicutza","","","Parroquia","Parish"
25952,68,"ECU","Ecuador",21,"Zamora Chinchipe",194,"El Pangui",974,"Tundayme","","","Parroquia","Parish"
25953,68,"ECU","Ecuador",21,"Zamora Chinchipe",195,"Nangaritza",975,"Guayzimi","","","Parroquia","Parish"
25954,68,"ECU","Ecuador",21,"Zamora Chinchipe",195,"Nangaritza",976,"Zurmi","","","Parroquia","Parish"
25955,68,"ECU","Ecuador",21,"Zamora Chinchipe",196,"Yacuambi",977,"28 de Mayo","","","Parroquia","Parish"
25956,68,"ECU","Ecuador",21,"Zamora Chinchipe",196,"Yacuambi",978,"La Paz","","","Parroquia","Parish"
25957,68,"ECU","Ecuador",21,"Zamora Chinchipe",196,"Yacuambi",979,"Tutupali","","","Parroquia","Parish"
25958,68,"ECU","Ecuador",21,"Zamora Chinchipe",197,"Yanzatza",980,"Chicaña","","","Parroquia","Parish"
25959,68,"ECU","Ecuador",21,"Zamora Chinchipe",197,"Yanzatza",981,"Los Encuentros","","","Parroquia","Parish"
25960,68,"ECU","Ecuador",21,"Zamora Chinchipe",197,"Yanzatza",982,"Yantzaza","","","Parroquia","Parish"
25961,68,"ECU","Ecuador",21,"Zamora Chinchipe",198,"Zamora",983,"Cumbaratza","","","Parroquia","Parish"
25962,68,"ECU","Ecuador",21,"Zamora Chinchipe",198,"Zamora",984,"Guadalupe","","","Parroquia","Parish"
25963,68,"ECU","Ecuador",21,"Zamora Chinchipe",198,"Zamora",985,"Imbana","","","Parroquia","Parish"
25964,68,"ECU","Ecuador",21,"Zamora Chinchipe",198,"Zamora",986,"Paquisha","","","Parroquia","Parish"
25965,68,"ECU","Ecuador",21,"Zamora Chinchipe",198,"Zamora",987,"Sabanilla","","","Parroquia","Parish"
25966,68,"ECU","Ecuador",21,"Zamora Chinchipe",198,"Zamora",988,"San Carlos de las Minas","","","Parroquia","Parish"
25967,68,"ECU","Ecuador",21,"Zamora Chinchipe",198,"Zamora",989,"Timbara","","","Parroquia","Parish"
25968,68,"ECU","Ecuador",21,"Zamora Chinchipe",198,"Zamora",990,"Zamora","","","Parroquia","Parish"
25969,68,"ECU","Ecuador",21,"Zamora Chinchipe",198,"Zamora",991,"Zumbi","","","Parroquia","Parish"
