"PID","ID_0","ISO","NAME_0","ID_1","NAME_1","NL_NAME_1","VARNAME_1","TYPE_1","ENGTYPE_1"
113,6,"AND","Andorra",1,"Andorra la Vella","","","Parròquia","Parish"
114,6,"AND","Andorra",2,"Canillo","","","Parròquia","Parish"
115,6,"AND","Andorra",3,"Encamp","","","Parròquia","Parish"
116,6,"AND","Andorra",4,"Escaldes-Engordany","","","Parròquia","Parish"
117,6,"AND","Andorra",5,"La Massana","","","Parròquia","Parish"
118,6,"AND","Andorra",6,"Ordino","","","Parròquia","Parish"
119,6,"AND","Andorra",7,"Sant Julià de Lòria","","","Parròquia","Parish"
