"PID","ID_0","ISO","NAME_0","ID_1","NAME_1","ID_2","NAME_2","NL_NAME_2","VARNAME_2","TYPE_2","ENGTYPE_2"
20780,120,"KO-","Kosovo",1,"Ðakovica",1,"Ðakovica","<U+0402><U+0430><U+043A><U+043E><U+0432><U+0438><U+0446><U+0430>","Gjakova|Gjakovë","Opštine","Town|Municipal"
20781,120,"KO-","Kosovo",1,"Ðakovica",2,"Decani","<U+0414><U+0435><U+0447><U+0430><U+043D><U+0438>","Deçan|Deçani","Opštine","Town|Municipal"
20782,120,"KO-","Kosovo",1,"Ðakovica",3,"Orahovac","<U+041E><U+0440><U+0430><U+0445><U+043E><U+0432><U+0430><U+0446>","Rahovec|Rahoveci","Opštine","Town|Municipal"
20783,120,"KO-","Kosovo",2,"Gnjilane",4,"Gnjilane","<U+0413><U+045A><U+0438><U+043B><U+0430><U+043D><U+0435>","Gjilani|Gjilan","Opštine","Town|Municipal"
20784,120,"KO-","Kosovo",2,"Gnjilane",5,"Kosovska Kamenica","<U+041A><U+043E><U+0441><U+043E><U+0432><U+0441><U+043A><U+0430> <U+041A><U+0430><U+043C><U+0435><U+043D><U+0438><U+0446><U+0430>","Kamenicë|Dardanë","Opštine","Town|Municipal"
20785,120,"KO-","Kosovo",2,"Gnjilane",6,"Vitina","<U+0412><U+0438><U+0442><U+0438><U+043D><U+0430>","Viti|Vitia","Opštine","Town|Municipal"
20786,120,"KO-","Kosovo",3,"Kosovska Mitrovica",7,"Kosovska Mitrovica","<U+041A><U+043E><U+0441><U+043E><U+0432><U+0441><U+043A><U+0430> <U+041C><U+0438><U+0442><U+0440><U+043E><U+0432><U+0438><U+0446><U+0430>","Mitrovica|Mitrovicë","Opštine","Town|Municipal"
20787,120,"KO-","Kosovo",3,"Kosovska Mitrovica",8,"Leposavic","<U+041B><U+0435><U+043F><U+043E><U+0441><U+0430><U+0432><U+0438><U+045B>","Leposaviq","Opštine","Town|Municipal"
20788,120,"KO-","Kosovo",3,"Kosovska Mitrovica",9,"Srbica","<U+0421><U+0440><U+0431><U+0438><U+0446><U+0430>","Skënderaj","Opštine","Town|Municipal"
20789,120,"KO-","Kosovo",3,"Kosovska Mitrovica",10,"Vucitrn","<U+0412><U+0443><U+0447><U+0438><U+0442><U+0440><U+043D>","Vushtrri|Vushtrria","Opštine","Town|Municipal"
20790,120,"KO-","Kosovo",3,"Kosovska Mitrovica",11,"Zubin Potok","<U+0417><U+0443><U+0431><U+0438><U+043D> <U+041F><U+043E><U+0442><U+043E><U+043A>","Zubin Potoku","Opštine","Town|Municipal"
20791,120,"KO-","Kosovo",3,"Kosovska Mitrovica",12,"Zvecan","<U+0417><U+0432><U+0435><U+0447><U+0430><U+043D>","Zveçan","Opštine","Town|Municipal"
20792,120,"KO-","Kosovo",4,"Pecki",13,"Istok","<U+0418><U+0441><U+0442><U+043E><U+043A>","Istog|Burimi","Opštine","Town|Municipal"
20793,120,"KO-","Kosovo",4,"Pecki",14,"Klina","<U+041A><U+043B><U+0438><U+043D><U+0430>","Klinë","Opštine","Town|Municipal"
20794,120,"KO-","Kosovo",4,"Pecki",15,"Pec","<U+041F><U+0435><U+045B>","Pejë|Peja","Opštine","Town|Municipal"
20795,120,"KO-","Kosovo",5,"Pristina",16,"Glogovac","<U+0413><U+043B><U+043E><U+0433><U+043E><U+0432><U+0430><U+0446>","Gllogovc|Drenasi","Opštine","Town|Municipal"
20796,120,"KO-","Kosovo",5,"Pristina",17,"Kosovo Polje","<U+041A><U+043E><U+0441><U+043E><U+0432><U+043E> <U+041F><U+043E><U+0459><U+0435>","Fushë Kosovë","Opštine","Town|Municipal"
20797,120,"KO-","Kosovo",5,"Pristina",18,"Lipljan","<U+041B><U+0438><U+043F><U+0459><U+0430><U+043D>","Lipjan","Opštine","Town|Municipal"
20798,120,"KO-","Kosovo",5,"Pristina",19,"Novo Brdo","<U+041D><U+043E><U+0432><U+043E> <U+0411><U+0440><U+0434><U+043E>","Novobërda|Novobërdë","Opštine","Town|Municipal"
20799,120,"KO-","Kosovo",5,"Pristina",20,"Obilic","<U+041E><U+0431><U+0438><U+043B><U+0438><U+045B>","Obiliq|Kastrioti","Opštine","Town|Municipal"
20800,120,"KO-","Kosovo",5,"Pristina",21,"Podujevo","<U+041F><U+043E><U+0434><U+0443><U+0458><U+0435><U+0432><U+043E>","","Opštine","Town|Municipal"
20801,120,"KO-","Kosovo",5,"Pristina",22,"Priština","<U+041F><U+0440><U+0438><U+0448><U+0442><U+0438><U+043D><U+0430>","Prishtinë|Prishtina","Opštine","Town|Municipal"
20802,120,"KO-","Kosovo",6,"Prizren",23,"Dragaš","<U+0414><U+0440><U+0430><U+0433><U+0430><U+0448>","Dragash|Sharri","Opštine","Town|Municipal"
20803,120,"KO-","Kosovo",6,"Prizren",24,"Mališevo","<U+041C><U+0430><U+043B><U+0438><U+0448><U+0435><U+0432><U+043E>","Malishevë","Opštine","Town|Municipal"
20804,120,"KO-","Kosovo",6,"Prizren",25,"Prizren","<U+041F><U+0440><U+0438><U+0437><U+0440><U+0435><U+043D>","Prizreni","Opštine","Town|Municipal"
20805,120,"KO-","Kosovo",6,"Prizren",26,"Suva Reka","<U+0421><U+0443><U+0432><U+0430> <U+0420><U+0435><U+043A><U+0430>","Suharekë|Suhareka","Opštine","Town|Municipal"
20806,120,"KO-","Kosovo",7,"Uroševac",27,"Kacanik","<U+041A><U+0430><U+0447><U+0430><U+043D><U+0438><U+043A>","Kaçanik|Kaçaniku","Opštine","Town|Municipal"
20807,120,"KO-","Kosovo",7,"Uroševac",28,"Štimlje","<U+0428><U+0442><U+0438><U+043C><U+0459><U+0435>","","Opštine","Town|Municipal"
20808,120,"KO-","Kosovo",7,"Uroševac",29,"Štrpce","<U+0428><U+0442><U+0440><U+043F><U+0446><U+0435>","","Opštine","Town|Municipal"
20809,120,"KO-","Kosovo",7,"Uroševac",30,"Uroševac","<U+0423><U+0440><U+043E><U+0448><U+0435><U+0432><U+0430><U+0446>","Ferizaj|Ferizoviç","Opštine","Town|Municipal"
