"PID","ID_0","ISO","NAME_0","ID_1","NAME_1","NL_NAME_1","VARNAME_1","TYPE_1","ENGTYPE_1"
1726,120,"KO-","Kosovo",1,"Ðakovica","","","Okrug","District"
1727,120,"KO-","Kosovo",2,"Gnjilane","","","Okrug","District"
1728,120,"KO-","Kosovo",3,"Kosovska Mitrovica","","","Okrug","District"
1729,120,"KO-","Kosovo",4,"Pecki","<U+041F><U+0435><U+045B><U+043A><U+0438>","Pec","Okrug","District"
1730,120,"KO-","Kosovo",5,"Pristina","","","Okrug","District"
1731,120,"KO-","Kosovo",6,"Prizren","","","Okrug","District"
1732,120,"KO-","Kosovo",7,"Uroševac","","","Okrug","District"
