"PID","ID_0","ISO","NAME_0","ID_1","NAME_1","NL_NAME_1","VARNAME_1","TYPE_1","ENGTYPE_1"
3135,235,"TUV","Tuvalu",1,"Funafuti","","","Town Council","Town Council"
3136,235,"TUV","Tuvalu",2,"Nanumanga","","","Island Council","Island Council"
3137,235,"TUV","Tuvalu",3,"Nanumea","","","Island Council","Island Council"
3138,235,"TUV","Tuvalu",4,"Niutao","","","Island Council","Island Council"
3139,235,"TUV","Tuvalu",5,"Nui","","","Island Council","Island Council"
3140,235,"TUV","Tuvalu",6,"Nukufetau","","","Island Council","Island Council"
3141,235,"TUV","Tuvalu",7,"Nukulaelae","","","Island Council","Island Council"
3142,235,"TUV","Tuvalu",8,"Vaitupu","","","Island Council","Island Council"
