"PID","ID_0","ISO","NAME_0","ID_1","NAME_1","NL_NAME_1","VARNAME_1","TYPE_1","ENGTYPE_1"
2699,207,"SLB","Solomon Islands",1,"Choiseul","","Lauru","Province","Province"
2700,207,"SLB","Solomon Islands",2,"Guadalcanal","","","Province","Province"
2701,207,"SLB","Solomon Islands",3,"Isabel","","","Province","Province"
2702,207,"SLB","Solomon Islands",4,"Makira","","Makira and Ulawa","Province","Province"
2703,207,"SLB","Solomon Islands",5,"Malaita","","","Province","Province"
2704,207,"SLB","Solomon Islands",6,"Rennell and Bellona","","","Province","Province"
2705,207,"SLB","Solomon Islands",7,"Temotu","","Eastern Islands","Province","Province"
2706,207,"SLB","Solomon Islands",8,"Western","","","Province","Province"
