"PID","ID_0","ISO","NAME_0","ID_1","NAME_1","ID_2","NAME_2","NL_NAME_2","VARNAME_2","TYPE_2","ENGTYPE_2"
395,7,"AGO","Angola",16,"Namibe",138,"Camacuio","","Kamukuio","Município","Municpality|City Council"
396,7,"AGO","Angola",16,"Namibe",139,"Namibe","","","Município","Municpality|City Council"
397,7,"AGO","Angola",16,"Namibe",140,"Tombwa","","Tombua","Município","Municpality|City Council"
398,7,"AGO","Angola",16,"Namibe",141,"Virei","","","Município","Municpality|City Council"
399,7,"AGO","Angola",17,"Uíge",142,"Alto Cauale","","Kangola","Município","Municpality|City Council"
400,7,"AGO","Angola",17,"Uíge",143,"Ambuila","","","Município","Municpality|City Council"
401,7,"AGO","Angola",17,"Uíge",144,"Bembe","","","Município","Municpality|City Council"
402,7,"AGO","Angola",17,"Uíge",145,"Buengas","","","Município","Municpality|City Council"
403,7,"AGO","Angola",17,"Uíge",146,"Bungo","","","Município","Municpality|City Council"
404,7,"AGO","Angola",17,"Uíge",147,"Damba","","","Município","Municpality|City Council"
405,7,"AGO","Angola",17,"Uíge",148,"Maquela do Zombo","","","Município","Municpality|City Council"
406,7,"AGO","Angola",17,"Uíge",149,"Milunga","","","Município","Municpality|City Council"
407,7,"AGO","Angola",17,"Uíge",150,"Mucaba","","","Município","Municpality|City Council"
408,7,"AGO","Angola",17,"Uíge",151,"Negage","","","Município","Municpality|City Council"
409,7,"AGO","Angola",17,"Uíge",152,"Puri","","","Município","Municpality|City Council"
410,7,"AGO","Angola",17,"Uíge",153,"Quimbele","","Kimbele","Município","Municpality|City Council"
411,7,"AGO","Angola",17,"Uíge",154,"Quitexe","","Kitexe","Município","Municpality|City Council"
412,7,"AGO","Angola",17,"Uíge",155,"Sanza Pombo","","","Município","Municpality|City Council"
413,7,"AGO","Angola",17,"Uíge",156,"Songo","","","Município","Municpality|City Council"
414,7,"AGO","Angola",17,"Uíge",157,"Uíge","","Uige","Município","Municpality|City Council"
415,7,"AGO","Angola",18,"Zaire",158,"Cuimba","","Kuimba","Município","Municpality|City Council"
2077,7,"AGO","Angola",1,"Bengo",1,"Ambriz","","","Município","Municpality|City Council"
2078,7,"AGO","Angola",1,"Bengo",2,"Dande","","","Município","Municpality|City Council"
2079,7,"AGO","Angola",1,"Bengo",3,"Icolo e Bengo","","","Município","Municpality|City Council"
2080,7,"AGO","Angola",1,"Bengo",4,"Muxima","","Kissama","Município","Municpality|City Council"
2081,7,"AGO","Angola",1,"Bengo",5,"Nambuangongo","","","Município","Municpality|City Council"
2082,7,"AGO","Angola",2,"Benguela",6,"Baía Farta","","Baia Farta","Município","Municpality|City Council"
2083,7,"AGO","Angola",2,"Benguela",7,"Balombo","","","Município","Municpality|City Council"
2084,7,"AGO","Angola",2,"Benguela",8,"Benguela","","","Município","Municpality|City Council"
2085,7,"AGO","Angola",2,"Benguela",9,"Bocoio","","","Município","Municpality|City Council"
2086,7,"AGO","Angola",2,"Benguela",10,"Caiambambo","","Kaimbambo","Município","Municpality|City Council"
2087,7,"AGO","Angola",2,"Benguela",11,"Chongoroi","","","Município","Municpality|City Council"
2088,7,"AGO","Angola",2,"Benguela",12,"Cubal","","","Município","Municpality|City Council"
2089,7,"AGO","Angola",2,"Benguela",13,"Ganda","","Mariano Machado","Município","Municpality|City Council"
2090,7,"AGO","Angola",2,"Benguela",14,"Lobito","","","Município","Municpality|City Council"
2091,7,"AGO","Angola",3,"Bié",15,"Andulo","","","Município","Municpality|City Council"
2092,7,"AGO","Angola",3,"Bié",16,"Camacupa","","Kamakupa|General Machado","Município","Municpality|City Council"
2093,7,"AGO","Angola",3,"Bié",17,"Catabola","","Katabola","Município","Municpality|City Council"
2094,7,"AGO","Angola",3,"Bié",18,"Chinguar","","","Município","Municpality|City Council"
2095,7,"AGO","Angola",3,"Bié",19,"Chitembo","","","Município","Municpality|City Council"
2096,7,"AGO","Angola",3,"Bié",20,"Cuemba","","Kuemba|Neves Ferreira","Município","Municpality|City Council"
2097,7,"AGO","Angola",3,"Bié",21,"Cunhinga","","Kunhinga","Município","Municpality|City Council"
2098,7,"AGO","Angola",3,"Bié",22,"Kuito","","Kuito","Município","Municpality|City Council"
2099,7,"AGO","Angola",3,"Bié",23,"Nharea","","","Município","Municpality|City Council"
2100,7,"AGO","Angola",4,"Cabinda",24,"Belize","","","Município","Municpality|City Council"
2101,7,"AGO","Angola",4,"Cabinda",25,"Buco Zau","","","Município","Municpality|City Council"
2102,7,"AGO","Angola",4,"Cabinda",26,"Cabinda","","","Município","Municpality|City Council"
2103,7,"AGO","Angola",4,"Cabinda",27,"Landana","","","Município","Municpality|City Council"
2104,7,"AGO","Angola",5,"Cuando Cubango",28,"Calai","","Kalai","Município","Municpality|City Council"
2105,7,"AGO","Angola",5,"Cuando Cubango",29,"Cuangar","","","Município","Municpality|City Council"
2106,7,"AGO","Angola",5,"Cuando Cubango",30,"Cuchi","","Kuchi","Município","Municpality|City Council"
2107,7,"AGO","Angola",5,"Cuando Cubango",31,"Cuito Cuanavale","","Kuito Kuanavale","Município","Municpality|City Council"
2108,7,"AGO","Angola",5,"Cuando Cubango",32,"Dirico","","","Município","Municpality|City Council"
2109,7,"AGO","Angola",5,"Cuando Cubango",33,"Mavinga","","","Município","Municpality|City Council"
2110,7,"AGO","Angola",5,"Cuando Cubango",34,"Menongue","","","Município","Municpality|City Council"
2111,7,"AGO","Angola",5,"Cuando Cubango",35,"Nancova","","","Município","Municpality|City Council"
2112,7,"AGO","Angola",5,"Cuando Cubango",36,"Rivungo","","","Município","Municpality|City Council"
2113,7,"AGO","Angola",6,"Cuanza Norte",37,"Ambaca","","","Município","Municpality|City Council"
2114,7,"AGO","Angola",6,"Cuanza Norte",38,"Banga","","","Município","Municpality|City Council"
2115,7,"AGO","Angola",6,"Cuanza Norte",39,"Bolongongo","","","Município","Municpality|City Council"
2116,7,"AGO","Angola",6,"Cuanza Norte",40,"Bula Atumba","","","Município","Municpality|City Council"
2117,7,"AGO","Angola",6,"Cuanza Norte",41,"Cambambe","","Kambambe","Município","Municpality|City Council"
2118,7,"AGO","Angola",6,"Cuanza Norte",42,"Cazengo","","Kazengo","Município","Municpality|City Council"
2119,7,"AGO","Angola",6,"Cuanza Norte",43,"Dembos","","","Município","Municpality|City Council"
2120,7,"AGO","Angola",6,"Cuanza Norte",44,"Golungo Alto","","","Município","Municpality|City Council"
2121,7,"AGO","Angola",6,"Cuanza Norte",45,"Lucala","","Lukala","Município","Municpality|City Council"
2122,7,"AGO","Angola",6,"Cuanza Norte",46,"Ngonguembo","","","Município","Municpality|City Council"
2123,7,"AGO","Angola",6,"Cuanza Norte",47,"Pango Aluquém","","Pango-Aluquem","Município","Municpality|City Council"
2124,7,"AGO","Angola",6,"Cuanza Norte",48,"Quiculungo","","Kiculungo","Município","Municpality|City Council"
2125,7,"AGO","Angola",6,"Cuanza Norte",49,"Samba Cajú","","Samba Caju","Município","Municpality|City Council"
2126,7,"AGO","Angola",7,"Cuanza Sul",50,"Amboim","","","Município","Municpality|City Council"
2127,7,"AGO","Angola",7,"Cuanza Sul",51,"Cassongue","","Kassongue","Município","Municpality|City Council"
2128,7,"AGO","Angola",7,"Cuanza Sul",52,"Conda","","Konda","Município","Municpality|City Council"
2129,7,"AGO","Angola",7,"Cuanza Sul",53,"Ebo","","","Município","Municpality|City Council"
2130,7,"AGO","Angola",7,"Cuanza Sul",54,"Libolo","","","Município","Municpality|City Council"
2131,7,"AGO","Angola",7,"Cuanza Sul",55,"Mussende","","","Município","Municpality|City Council"
2132,7,"AGO","Angola",7,"Cuanza Sul",56,"Porto Amboim","","","Município","Municpality|City Council"
2133,7,"AGO","Angola",7,"Cuanza Sul",57,"Quibala","","Kibala","Município","Municpality|City Council"
2134,7,"AGO","Angola",7,"Cuanza Sul",58,"Quilenda","","Kilenda","Município","Municpality|City Council"
2135,7,"AGO","Angola",7,"Cuanza Sul",59,"Seles","","","Município","Municpality|City Council"
2136,7,"AGO","Angola",7,"Cuanza Sul",60,"Sumbe","","","Município","Municpality|City Council"
2137,7,"AGO","Angola",7,"Cuanza Sul",61,"Waku Kungo","","Waco Kungo","Município","Municpality|City Council"
2138,7,"AGO","Angola",8,"Cunene",62,"Cahama","","Kahama","Município","Municpality|City Council"
2139,7,"AGO","Angola",8,"Cunene",63,"Cuanhama","","Kwanyama","Município","Municpality|City Council"
2140,7,"AGO","Angola",8,"Cunene",64,"Curoca","","Kuroka","Município","Municpality|City Council"
2141,7,"AGO","Angola",8,"Cunene",65,"Cuvelai","","Kuvelai","Município","Municpality|City Council"
2142,7,"AGO","Angola",8,"Cunene",66,"Namakunde","","Namakunde","Município","Municpality|City Council"
2143,7,"AGO","Angola",8,"Cunene",67,"Ombadja","","","Município","Municpality|City Council"
2144,7,"AGO","Angola",9,"Huambo",68,"Bailundo","","","Município","Municpality|City Council"
2145,7,"AGO","Angola",9,"Huambo",69,"Caála","","Kaala","Município","Municpality|City Council"
2146,7,"AGO","Angola",9,"Huambo",70,"Catchiungo","","Kachiungo","Município","Municpality|City Council"
2147,7,"AGO","Angola",9,"Huambo",71,"Ekunha","","","Município","Municpality|City Council"
2148,7,"AGO","Angola",9,"Huambo",72,"Huambo","","","Município","Municpality|City Council"
2149,7,"AGO","Angola",9,"Huambo",73,"Londuimbale","","Londuimbali","Município","Municpality|City Council"
2150,7,"AGO","Angola",9,"Huambo",74,"Longonjo","","Longongo","Município","Municpality|City Council"
2151,7,"AGO","Angola",9,"Huambo",75,"Mungo","","","Município","Municpality|City Council"
2152,7,"AGO","Angola",9,"Huambo",76,"Tchicala-Tcholoanga","","Thicala-Thilohanga","Município","Municpality|City Council"
2153,7,"AGO","Angola",9,"Huambo",77,"Tchindjenje","","Chinjenje","Município","Municpality|City Council"
2154,7,"AGO","Angola",9,"Huambo",78,"Ukuma","","Ukuma","Município","Municpality|City Council"
2155,7,"AGO","Angola",10,"Huíla",79,"Caconda","","Kakonda","Município","Municpality|City Council"
2156,7,"AGO","Angola",10,"Huíla",80,"Caluquembe","","Kalukembe","Município","Municpality|City Council"
2157,7,"AGO","Angola",10,"Huíla",81,"Chibia","","","Município","Municpality|City Council"
2158,7,"AGO","Angola",10,"Huíla",82,"Chicomba","","","Município","Municpality|City Council"
2159,7,"AGO","Angola",10,"Huíla",83,"Chipindo","","","Município","Municpality|City Council"
2160,7,"AGO","Angola",10,"Huíla",84,"Gambos","","Chiange","Município","Municpality|City Council"
2161,7,"AGO","Angola",10,"Huíla",85,"Humpata","","","Município","Municpality|City Council"
2162,7,"AGO","Angola",10,"Huíla",86,"Jamba","","","Município","Municpality|City Council"
2163,7,"AGO","Angola",10,"Huíla",87,"Kuvango","","","Município","Municpality|City Council"
2164,7,"AGO","Angola",10,"Huíla",88,"Lubango","","","Município","Municpality|City Council"
2165,7,"AGO","Angola",10,"Huíla",89,"Matala","","","Município","Municpality|City Council"
2166,7,"AGO","Angola",10,"Huíla",90,"Quilengues","","Kilengue","Município","Municpality|City Council"
2167,7,"AGO","Angola",10,"Huíla",91,"Tchipungo","","","Município","Municpality|City Council"
2168,7,"AGO","Angola",11,"Luanda",92,"Cacuaco","","","Município","Municpality|City Council"
2169,7,"AGO","Angola",11,"Luanda",93,"Cazenga","","","Município","Municpality|City Council"
2170,7,"AGO","Angola",11,"Luanda",94,"Ingombota","","","Município","Municpality|City Council"
2171,7,"AGO","Angola",11,"Luanda",95,"Kilamba Kiaxi","","Kilamba Kiaxi","Município","Municpality|City Council"
2172,7,"AGO","Angola",11,"Luanda",96,"Maianga","","","Município","Municpality|City Council"
2173,7,"AGO","Angola",11,"Luanda",97,"Rangel","","","Município","Municpality|City Council"
2174,7,"AGO","Angola",11,"Luanda",98,"Samba","","","Município","Municpality|City Council"
2175,7,"AGO","Angola",11,"Luanda",99,"Sambizanga","","","Município","Municpality|City Council"
2176,7,"AGO","Angola",11,"Luanda",100,"Viana","","","Município","Municpality|City Council"
2177,7,"AGO","Angola",12,"Lunda Norte",101,"Cambulo","","Kambulo","Município","Municpality|City Council"
2178,7,"AGO","Angola",12,"Lunda Norte",102,"Capenda","","Kapenda Kamulemba","Município","Municpality|City Council"
2179,7,"AGO","Angola",12,"Lunda Norte",103,"Caungula","","Kaungula","Município","Municpality|City Council"
2180,7,"AGO","Angola",12,"Lunda Norte",104,"Chitato","","","Município","Municpality|City Council"
2181,7,"AGO","Angola",12,"Lunda Norte",105,"Cuango","","Kuango","Município","Municpality|City Council"
2182,7,"AGO","Angola",12,"Lunda Norte",106,"Cuilo","","Kuilo","Município","Municpality|City Council"
2183,7,"AGO","Angola",12,"Lunda Norte",107,"Lubalo","","","Município","Municpality|City Council"
2184,7,"AGO","Angola",12,"Lunda Norte",108,"Lucapa","","Lukapa","Município","Municpality|City Council"
2185,7,"AGO","Angola",12,"Lunda Norte",109,"Xá Muteba","","Xa-Muteba","Município","Municpality|City Council"
2186,7,"AGO","Angola",13,"Lunda Sul",110,"Cacolo","","Kakolo","Município","Municpality|City Council"
2187,7,"AGO","Angola",13,"Lunda Sul",111,"Dala","","","Município","Municpality|City Council"
2188,7,"AGO","Angola",13,"Lunda Sul",112,"Muconda","","Mukonda","Município","Municpality|City Council"
2189,7,"AGO","Angola",13,"Lunda Sul",113,"Saurimo","","","Município","Municpality|City Council"
2190,7,"AGO","Angola",14,"Malanje",114,"Cacuzo","","Kakuso","Município","Municpality|City Council"
2191,7,"AGO","Angola",14,"Malanje",115,"Calandula","","Kalandula","Município","Municpality|City Council"
2192,7,"AGO","Angola",14,"Malanje",116,"Cambundi-Catembo","","Kambundi-Katembo","Município","Municpality|City Council"
2193,7,"AGO","Angola",14,"Malanje",117,"Cangandala","","Kangandala","Município","Municpality|City Council"
2194,7,"AGO","Angola",14,"Malanje",118,"Caombo","","Kahombo","Município","Municpality|City Council"
2195,7,"AGO","Angola",14,"Malanje",119,"Cuaba Nzogo","","Kiuaba-Nzoji","Município","Municpality|City Council"
2196,7,"AGO","Angola",14,"Malanje",120,"Cunda-dia-Baza","","Kunda-ia-Baze","Município","Municpality|City Council"
2197,7,"AGO","Angola",14,"Malanje",121,"Luquembo","","Lukembo","Município","Municpality|City Council"
2198,7,"AGO","Angola",14,"Malanje",122,"Malanje","","Malange","Município","Municpality|City Council"
2199,7,"AGO","Angola",14,"Malanje",123,"Marimba","","","Município","Municpality|City Council"
2200,7,"AGO","Angola",14,"Malanje",124,"Massango","","","Município","Municpality|City Council"
2201,7,"AGO","Angola",14,"Malanje",125,"Mucari","","Mukari","Município","Municpality|City Council"
2202,7,"AGO","Angola",14,"Malanje",126,"Quela","","Kela","Município","Municpality|City Council"
2203,7,"AGO","Angola",14,"Malanje",127,"Quirima","","Kirima","Município","Municpality|City Council"
2204,7,"AGO","Angola",15,"Moxico",128,"Alto Zambeze","","","Município","Municpality|City Council"
2205,7,"AGO","Angola",15,"Moxico",129,"Camanongue","","Kamanongue","Município","Municpality|City Council"
2206,7,"AGO","Angola",15,"Moxico",130,"Cameia","","Kameia","Município","Municpality|City Council"
2207,7,"AGO","Angola",15,"Moxico",131,"Léua","","Leua","Município","Municpality|City Council"
2208,7,"AGO","Angola",15,"Moxico",132,"Luau","","","Município","Municpality|City Council"
2209,7,"AGO","Angola",15,"Moxico",133,"Lucano","","Luakano","Município","Municpality|City Council"
2210,7,"AGO","Angola",15,"Moxico",134,"Luchazes","","Luxazes","Município","Municpality|City Council"
2211,7,"AGO","Angola",15,"Moxico",135,"Lumbala-Nguimbo","","","Município","Municpality|City Council"
2212,7,"AGO","Angola",15,"Moxico",136,"Moxico","","","Município","Municpality|City Council"
2213,7,"AGO","Angola",16,"Namibe",137,"Bibala","","","Município","Municpality|City Council"
2214,7,"AGO","Angola",18,"Zaire",159,"M'Banza Congo","","Mbanza Kongo|M'Banza Kongo","Município","Municpality|City Council"
2215,7,"AGO","Angola",18,"Zaire",160,"N'Zeto","","Nzeto","Município","Municpality|City Council"
2216,7,"AGO","Angola",18,"Zaire",161,"Noqui","","","Município","Municpality|City Council"
2217,7,"AGO","Angola",18,"Zaire",162,"Soyo","","","Município","Municpality|City Council"
2218,7,"AGO","Angola",18,"Zaire",163,"Tomboco","","","Município","Municpality|City Council"
