"PID","ID_0","ISO","NAME_0","ID_1","NAME_1","NL_NAME_1","VARNAME_1","TYPE_1","ENGTYPE_1"
120,7,"AGO","Angola",1,"Bengo","","","Província","Province"
121,7,"AGO","Angola",2,"Benguela","","Benguella","Província","Province"
122,7,"AGO","Angola",3,"Bié","","","Província","Province"
123,7,"AGO","Angola",4,"Cabinda","","","Província","Province"
124,7,"AGO","Angola",5,"Cuando Cubango","","","Província","Province"
125,7,"AGO","Angola",6,"Cuanza Norte","","Cuanza-Nord|Kwanza Norte","Província","Province"
126,7,"AGO","Angola",7,"Cuanza Sul","","Cuanza-Sud|Kwanza Sul","Província","Province"
127,7,"AGO","Angola",8,"Cunene","","","Província","Province"
128,7,"AGO","Angola",9,"Huambo","","","Província","Province"
129,7,"AGO","Angola",10,"Huíla","","","Província","Province"
130,7,"AGO","Angola",11,"Luanda","","Loanda","Província","Province"
131,7,"AGO","Angola",12,"Lunda Norte","","","Província","Province"
132,7,"AGO","Angola",13,"Lunda Sul","","","Província","Province"
133,7,"AGO","Angola",14,"Malanje","","Malange","Província","Province"
134,7,"AGO","Angola",15,"Moxico","","","Província","Province"
135,7,"AGO","Angola",16,"Namibe","","Moçâmedes|Mossamedes","Província","Province"
136,7,"AGO","Angola",17,"Uíge","","","Província","Province"
137,7,"AGO","Angola",18,"Zaire","","","Província","Province"
