"PID","ID_0","ISO","NAME_0","ID_1","NAME_1","ID_2","NAME_2","ID_3","NAME_3","NL_NAME_3","VARNAME_3","TYPE_3","ENGTYPE_3"
724,7,"AGO","Angola",1,"Bengo",1,"Ambriz",1,"Ambriz","","","Commune","Commune"
725,7,"AGO","Angola",1,"Bengo",1,"Ambriz",2,"Bela Vista","","","Commune","Commune"
726,7,"AGO","Angola",1,"Bengo",1,"Ambriz",3,"Tabi","","","Commune","Commune"
727,7,"AGO","Angola",1,"Bengo",2,"Dande",4,"Barra do Dande","","","Commune","Commune"
728,7,"AGO","Angola",1,"Bengo",2,"Dande",5,"Caxito","","","Commune","Commune"
729,7,"AGO","Angola",1,"Bengo",2,"Dande",6,"Kikabo","","","Commune","Commune"
730,7,"AGO","Angola",1,"Bengo",2,"Dande",7,"Mabubas","","","Commune","Commune"
731,7,"AGO","Angola",1,"Bengo",2,"Dande",8,"Ucua","","","Commune","Commune"
732,7,"AGO","Angola",1,"Bengo",3,"Icolo e Bengo",9,"Bom Jesus","","","Commune","Commune"
733,7,"AGO","Angola",1,"Bengo",3,"Icolo e Bengo",10,"Calomboloca","","","Commune","Commune"
734,7,"AGO","Angola",1,"Bengo",3,"Icolo e Bengo",11,"Catete","","","Commune","Commune"
735,7,"AGO","Angola",1,"Bengo",3,"Icolo e Bengo",12,"Kabiri","","","Commune","Commune"
736,7,"AGO","Angola",1,"Bengo",4,"Muxima",13,"Dembo Chio","","","Commune","Commune"
737,7,"AGO","Angola",1,"Bengo",4,"Muxima",14,"Kixinje","","","Commune","Commune"
738,7,"AGO","Angola",1,"Bengo",4,"Muxima",15,"Mumbondo","","","Commune","Commune"
739,7,"AGO","Angola",1,"Bengo",4,"Muxima",16,"Muxima","","","Commune","Commune"
740,7,"AGO","Angola",1,"Bengo",5,"Nambuangongo",17,"Gombe","","","Commune","Commune"
741,7,"AGO","Angola",1,"Bengo",5,"Nambuangongo",18,"Kage","","","Commune","Commune"
742,7,"AGO","Angola",1,"Bengo",5,"Nambuangongo",19,"Kanacassala","","","Commune","Commune"
743,7,"AGO","Angola",1,"Bengo",5,"Nambuangongo",20,"Kicunzo","","","Commune","Commune"
744,7,"AGO","Angola",1,"Bengo",5,"Nambuangongo",21,"Kixico","","","Commune","Commune"
745,7,"AGO","Angola",1,"Bengo",5,"Nambuangongo",22,"Muxiluando","","","Commune","Commune"
746,7,"AGO","Angola",1,"Bengo",5,"Nambuangongo",23,"Zala","","","Commune","Commune"
747,7,"AGO","Angola",2,"Benguela",6,"Baía Farta",24,"Baia Farta","","","Commune","Commune"
748,7,"AGO","Angola",2,"Benguela",6,"Baía Farta",25,"Dombe Grande","","","Commune","Commune"
749,7,"AGO","Angola",2,"Benguela",6,"Baía Farta",26,"Ekimina","","","Commune","Commune"
750,7,"AGO","Angola",2,"Benguela",6,"Baía Farta",27,"Kalahanga","","","Commune","Commune"
751,7,"AGO","Angola",2,"Benguela",7,"Balombo",28,"Balombo","","","Commune","Commune"
752,7,"AGO","Angola",2,"Benguela",7,"Balombo",29,"Chindumbo","","","Commune","Commune"
753,7,"AGO","Angola",2,"Benguela",7,"Balombo",30,"Chingongo","","","Commune","Commune"
754,7,"AGO","Angola",2,"Benguela",8,"Benguela",31,"Benguela","","","Commune","Commune"
755,7,"AGO","Angola",2,"Benguela",9,"Bocoio",32,"Bocoio","","","Commune","Commune"
756,7,"AGO","Angola",2,"Benguela",9,"Bocoio",33,"Cavimbe","","","Commune","Commune"
757,7,"AGO","Angola",2,"Benguela",9,"Bocoio",34,"Chila","","","Commune","Commune"
758,7,"AGO","Angola",2,"Benguela",9,"Bocoio",35,"Monte Belo","","","Commune","Commune"
759,7,"AGO","Angola",2,"Benguela",9,"Bocoio",36,"Passe","","","Commune","Commune"
760,7,"AGO","Angola",2,"Benguela",10,"Caiambambo",37,"Cayavi","","","Commune","Commune"
761,7,"AGO","Angola",2,"Benguela",10,"Caiambambo",38,"Kaimbambo","","","Commune","Commune"
762,7,"AGO","Angola",2,"Benguela",10,"Caiambambo",39,"Kanhamela","","","Commune","Commune"
763,7,"AGO","Angola",2,"Benguela",10,"Caiambambo",40,"Katengue","","","Commune","Commune"
764,7,"AGO","Angola",2,"Benguela",10,"Caiambambo",41,"Wyiagombe","","","Commune","Commune"
765,7,"AGO","Angola",2,"Benguela",11,"Chongoroi",42,"Bolonguela","","","Commune","Commune"
766,7,"AGO","Angola",2,"Benguela",11,"Chongoroi",43,"Chongoroi","","","Commune","Commune"
767,7,"AGO","Angola",2,"Benguela",12,"Cubal",44,"Cubal","","","Commune","Commune"
768,7,"AGO","Angola",2,"Benguela",12,"Cubal",45,"Kapupa","","","Commune","Commune"
769,7,"AGO","Angola",2,"Benguela",12,"Cubal",46,"Lambala","","","Commune","Commune"
770,7,"AGO","Angola",2,"Benguela",12,"Cubal",47,"Quendo","","","Commune","Commune"
771,7,"AGO","Angola",2,"Benguela",13,"Ganda",48,"Babaera","","","Commune","Commune"
772,7,"AGO","Angola",2,"Benguela",13,"Ganda",49,"Chikuma","","","Commune","Commune"
773,7,"AGO","Angola",2,"Benguela",13,"Ganda",50,"Ebanga","","","Commune","Commune"
774,7,"AGO","Angola",2,"Benguela",13,"Ganda",51,"Ganda","","","Commune","Commune"
775,7,"AGO","Angola",2,"Benguela",13,"Ganda",52,"Kaseke","","","Commune","Commune"
776,7,"AGO","Angola",2,"Benguela",14,"Lobito",53,"Biopio","","","Commune","Commune"
777,7,"AGO","Angola",2,"Benguela",14,"Lobito",54,"Egito-Praia","","","Commune","Commune"
778,7,"AGO","Angola",2,"Benguela",14,"Lobito",55,"Kanjala","","","Commune","Commune"
779,7,"AGO","Angola",2,"Benguela",14,"Lobito",56,"Katumbela","","","Commune","Commune"
780,7,"AGO","Angola",2,"Benguela",14,"Lobito",57,"Lobito","","","Commune","Commune"
781,7,"AGO","Angola",3,"Bié",15,"Andulo",58,"Andulo","","","Commune","Commune"
782,7,"AGO","Angola",3,"Bié",15,"Andulo",59,"Chivaulo","","","Commune","Commune"
783,7,"AGO","Angola",3,"Bié",15,"Andulo",60,"Kalucinga","","","Commune","Commune"
784,7,"AGO","Angola",3,"Bié",15,"Andulo",61,"Kassumbe","","","Commune","Commune"
785,7,"AGO","Angola",3,"Bié",16,"Camacupa",62,"Kamakupa","","","Commune","Commune"
786,7,"AGO","Angola",3,"Bié",16,"Camacupa",63,"Kwanza","","","Commune","Commune"
787,7,"AGO","Angola",3,"Bié",16,"Camacupa",64,"Ringoma","","","Commune","Commune"
788,7,"AGO","Angola",3,"Bié",16,"Camacupa",65,"ST. Antonio da Muinha","","","Commune","Commune"
789,7,"AGO","Angola",3,"Bié",16,"Camacupa",66,"Umpulo","","","Commune","Commune"
790,7,"AGO","Angola",3,"Bié",17,"Catabola",67,"Chipeta","","","Commune","Commune"
791,7,"AGO","Angola",3,"Bié",17,"Catabola",68,"Chiuca","","","Commune","Commune"
792,7,"AGO","Angola",3,"Bié",17,"Catabola",69,"Kaiuera","","","Commune","Commune"
793,7,"AGO","Angola",3,"Bié",17,"Catabola",70,"Katabola","","","Commune","Commune"
794,7,"AGO","Angola",3,"Bié",18,"Chinguar",71,"Chinguar","","","Commune","Commune"
795,7,"AGO","Angola",3,"Bié",18,"Chinguar",72,"Kangote","","","Commune","Commune"
796,7,"AGO","Angola",3,"Bié",18,"Chinguar",73,"Kutato","","","Commune","Commune"
797,7,"AGO","Angola",3,"Bié",19,"Chitembo",74,"Cachingues","","","Commune","Commune"
798,7,"AGO","Angola",3,"Bié",19,"Chitembo",75,"Chitembo","","","Commune","Commune"
799,7,"AGO","Angola",3,"Bié",19,"Chitembo",76,"Malengue","","","Commune","Commune"
800,7,"AGO","Angola",3,"Bié",19,"Chitembo",77,"Mumbue","","","Commune","Commune"
801,7,"AGO","Angola",3,"Bié",19,"Chitembo",78,"Mutumbo","","","Commune","Commune"
802,7,"AGO","Angola",3,"Bié",19,"Chitembo",79,"Soma Kwanza","","","Commune","Commune"
803,7,"AGO","Angola",3,"Bié",20,"Cuemba",80,"Kuemba","","","Commune","Commune"
804,7,"AGO","Angola",3,"Bié",20,"Cuemba",81,"Luando","","","Commune","Commune"
805,7,"AGO","Angola",3,"Bié",20,"Cuemba",82,"Munhango","","","Commune","Commune"
806,7,"AGO","Angola",3,"Bié",20,"Cuemba",83,"Sachinemuna","","","Commune","Commune"
807,7,"AGO","Angola",3,"Bié",21,"Cunhinga",84,"Kunhinga","","","Commune","Commune"
808,7,"AGO","Angola",3,"Bié",22,"Kuito",85,"Cambandua","","","Commune","Commune"
809,7,"AGO","Angola",3,"Bié",22,"Kuito",86,"Chicala","","","Commune","Commune"
810,7,"AGO","Angola",3,"Bié",22,"Kuito",87,"Kuito","","","Commune","Commune"
811,7,"AGO","Angola",3,"Bié",22,"Kuito",88,"Trumba","","","Commune","Commune"
812,7,"AGO","Angola",3,"Bié",23,"Nharea",89,"Dando","","","Commune","Commune"
813,7,"AGO","Angola",3,"Bié",23,"Nharea",90,"Gamba","","","Commune","Commune"
814,7,"AGO","Angola",3,"Bié",23,"Nharea",91,"Kaiei","","","Commune","Commune"
815,7,"AGO","Angola",3,"Bié",23,"Nharea",92,"Lubia","","","Commune","Commune"
816,7,"AGO","Angola",3,"Bié",23,"Nharea",93,"Nharea","","","Commune","Commune"
817,7,"AGO","Angola",4,"Cabinda",24,"Belize",94,"Belize","","","Commune","Commune"
818,7,"AGO","Angola",4,"Cabinda",24,"Belize",95,"Luali","","","Commune","Commune"
819,7,"AGO","Angola",4,"Cabinda",24,"Belize",96,"Mikonje","","","Commune","Commune"
820,7,"AGO","Angola",4,"Cabinda",25,"Buco Zau",97,"Buco Zau","","","Commune","Commune"
821,7,"AGO","Angola",4,"Cabinda",25,"Buco Zau",98,"Nekuto","","","Commune","Commune"
822,7,"AGO","Angola",4,"Cabinda",25,"Buco Zau",99,"Nhuca","","","Commune","Commune"
823,7,"AGO","Angola",4,"Cabinda",26,"Cabinda",100,"Cabinda","","","Commune","Commune"
824,7,"AGO","Angola",4,"Cabinda",26,"Cabinda",101,"Malembo","","","Commune","Commune"
825,7,"AGO","Angola",4,"Cabinda",26,"Cabinda",102,"Tando Zinze","","","Commune","Commune"
826,7,"AGO","Angola",4,"Cabinda",27,"Landana",103,"Dinge","","","Commune","Commune"
827,7,"AGO","Angola",4,"Cabinda",27,"Landana",104,"Kakongo","","","Commune","Commune"
828,7,"AGO","Angola",4,"Cabinda",27,"Landana",105,"Massabi","","","Commune","Commune"
829,7,"AGO","Angola",5,"Cuando Cubango",28,"Calai",106,"kalai","","","Commune","Commune"
830,7,"AGO","Angola",5,"Cuando Cubango",28,"Calai",107,"Maue","","","Commune","Commune"
831,7,"AGO","Angola",5,"Cuando Cubango",29,"Cuangar",108,"Bondo","","","Commune","Commune"
832,7,"AGO","Angola",5,"Cuando Cubango",29,"Cuangar",109,"Cuangar","","","Commune","Commune"
833,7,"AGO","Angola",5,"Cuando Cubango",29,"Cuangar",110,"Savate","","","Commune","Commune"
834,7,"AGO","Angola",5,"Cuando Cubango",30,"Cuchi",111,"Chinguanja","","","Commune","Commune"
835,7,"AGO","Angola",5,"Cuando Cubango",30,"Cuchi",112,"Kuchi","","","Commune","Commune"
836,7,"AGO","Angola",5,"Cuando Cubango",30,"Cuchi",113,"Kutato","","","Commune","Commune"
837,7,"AGO","Angola",5,"Cuando Cubango",31,"Cuito Cuanavale",114,"Baixo Longa","","","Commune","Commune"
838,7,"AGO","Angola",5,"Cuando Cubango",31,"Cuito Cuanavale",115,"Kuito Kuanavale","","","Commune","Commune"
839,7,"AGO","Angola",5,"Cuando Cubango",31,"Cuito Cuanavale",116,"Longa","","","Commune","Commune"
840,7,"AGO","Angola",5,"Cuando Cubango",31,"Cuito Cuanavale",117,"Lupire","","","Commune","Commune"
841,7,"AGO","Angola",5,"Cuando Cubango",32,"Dirico",118,"Dirico","","","Commune","Commune"
842,7,"AGO","Angola",5,"Cuando Cubango",32,"Dirico",119,"Mucusso","","","Commune","Commune"
843,7,"AGO","Angola",5,"Cuando Cubango",32,"Dirico",120,"Xa-mavera","","","Commune","Commune"
844,7,"AGO","Angola",5,"Cuando Cubango",33,"Mavinga",121,"Kunjamba","","","Commune","Commune"
845,7,"AGO","Angola",5,"Cuando Cubango",33,"Mavinga",122,"Kutuile","","","Commune","Commune"
846,7,"AGO","Angola",5,"Cuando Cubango",33,"Mavinga",123,"Luengue","","","Commune","Commune"
847,7,"AGO","Angola",5,"Cuando Cubango",33,"Mavinga",124,"Mavinga","","","Commune","Commune"
848,7,"AGO","Angola",5,"Cuando Cubango",34,"Menongue",125,"Kaiundo","","","Commune","Commune"
849,7,"AGO","Angola",5,"Cuando Cubango",34,"Menongue",126,"Kueio","","","Commune","Commune"
850,7,"AGO","Angola",5,"Cuando Cubango",34,"Menongue",127,"Menongue","","","Commune","Commune"
851,7,"AGO","Angola",5,"Cuando Cubango",35,"Nancova",128,"Nancova","","","Commune","Commune"
852,7,"AGO","Angola",5,"Cuando Cubango",35,"Nancova",129,"Rito","","","Commune","Commune"
853,7,"AGO","Angola",5,"Cuando Cubango",36,"Rivungo",130,"Luiana","","","Commune","Commune"
854,7,"AGO","Angola",5,"Cuando Cubango",36,"Rivungo",131,"Neriquinha","","","Commune","Commune"
855,7,"AGO","Angola",5,"Cuando Cubango",36,"Rivungo",132,"Rivungo","","","Commune","Commune"
856,7,"AGO","Angola",6,"Cuanza Norte",37,"Ambaca",133,"Bindo","","","Commune","Commune"
857,7,"AGO","Angola",6,"Cuanza Norte",37,"Ambaca",134,"Kamabatela","","","Commune","Commune"
858,7,"AGO","Angola",6,"Cuanza Norte",37,"Ambaca",135,"Luinga","","","Commune","Commune"
859,7,"AGO","Angola",6,"Cuanza Norte",37,"Ambaca",136,"Maua","","","Commune","Commune"
860,7,"AGO","Angola",6,"Cuanza Norte",37,"Ambaca",137,"Tango","","","Commune","Commune"
861,7,"AGO","Angola",6,"Cuanza Norte",38,"Banga",138,"Aldeia Nova","","","Commune","Commune"
862,7,"AGO","Angola",6,"Cuanza Norte",38,"Banga",139,"Banga","","","Commune","Commune"
863,7,"AGO","Angola",6,"Cuanza Norte",38,"Banga",140,"Kaculo Kabassa","","","Commune","Commune"
864,7,"AGO","Angola",6,"Cuanza Norte",38,"Banga",141,"Kariamba","","","Commune","Commune"
865,7,"AGO","Angola",6,"Cuanza Norte",39,"Bolongongo",142,"Bolongongo","","","Commune","Commune"
866,7,"AGO","Angola",6,"Cuanza Norte",39,"Bolongongo",143,"Kikiemba","","","Commune","Commune"
867,7,"AGO","Angola",6,"Cuanza Norte",39,"Bolongongo",144,"Terreiro","","","Commune","Commune"
868,7,"AGO","Angola",6,"Cuanza Norte",40,"Bula Atumba",145,"Bula-Atumba","","","Commune","Commune"
869,7,"AGO","Angola",6,"Cuanza Norte",40,"Bula Atumba",146,"Kiaje","","","Commune","Commune"
870,7,"AGO","Angola",6,"Cuanza Norte",41,"Cambambe",147,"Danje ia Menha","","","Commune","Commune"
871,7,"AGO","Angola",6,"Cuanza Norte",41,"Cambambe",148,"Dondo","","","Commune","Commune"
872,7,"AGO","Angola",6,"Cuanza Norte",41,"Cambambe",149,"S. Pedro da Kilemba","","","Commune","Commune"
873,7,"AGO","Angola",6,"Cuanza Norte",41,"Cambambe",150,"Zenza do Itombe","","","Commune","Commune"
874,7,"AGO","Angola",6,"Cuanza Norte",42,"Cazengo",151,"Kanhoca","","","Commune","Commune"
875,7,"AGO","Angola",6,"Cuanza Norte",42,"Cazengo",152,"Ndalatando","","","Commune","Commune"
876,7,"AGO","Angola",6,"Cuanza Norte",43,"Dembos",153,"Kibaxe","","","Commune","Commune"
877,7,"AGO","Angola",6,"Cuanza Norte",43,"Dembos",154,"Paredes","","","Commune","Commune"
878,7,"AGO","Angola",6,"Cuanza Norte",43,"Dembos",155,"Piri","","","Commune","Commune"
879,7,"AGO","Angola",6,"Cuanza Norte",43,"Dembos",156,"S. Jose das Matas","","","Commune","Commune"
880,7,"AGO","Angola",6,"Cuanza Norte",44,"Golungo Alto",157,"Cerca","","","Commune","Commune"
881,7,"AGO","Angola",6,"Cuanza Norte",44,"Golungo Alto",158,"Golungo Alto","","","Commune","Commune"
882,7,"AGO","Angola",6,"Cuanza Norte",44,"Golungo Alto",159,"Kanbomdo","","","Commune","Commune"
883,7,"AGO","Angola",6,"Cuanza Norte",44,"Golungo Alto",160,"Kiluanje","","","Commune","Commune"
884,7,"AGO","Angola",6,"Cuanza Norte",45,"Lucala",161,"Kiangombe","","","Commune","Commune"
885,7,"AGO","Angola",6,"Cuanza Norte",45,"Lucala",162,"Lukala","","","Commune","Commune"
886,7,"AGO","Angola",6,"Cuanza Norte",46,"Ngonguembo",163,"Camame","","","Commune","Commune"
887,7,"AGO","Angola",6,"Cuanza Norte",46,"Ngonguembo",164,"Kilombo dos Dembos","","","Commune","Commune"
888,7,"AGO","Angola",6,"Cuanza Norte",47,"Pango Aluquém",165,"Kazua","","","Commune","Commune"
889,7,"AGO","Angola",6,"Cuanza Norte",47,"Pango Aluquém",166,"Pango-Aluquem","","","Commune","Commune"
890,7,"AGO","Angola",6,"Cuanza Norte",48,"Quiculungo",167,"Kiculungo","","","Commune","Commune"
891,7,"AGO","Angola",6,"Cuanza Norte",49,"Samba Cajú",168,"Samba Caju","","","Commune","Commune"
892,7,"AGO","Angola",6,"Cuanza Norte",49,"Samba Cajú",169,"Samba Lukala","","","Commune","Commune"
893,7,"AGO","Angola",7,"Cuanza Sul",50,"Amboim",170,"Assango","","","Commune","Commune"
894,7,"AGO","Angola",7,"Cuanza Sul",50,"Amboim",171,"Gabela","","","Commune","Commune"
895,7,"AGO","Angola",7,"Cuanza Sul",51,"Cassongue",172,"Atome","","","Commune","Commune"
896,7,"AGO","Angola",7,"Cuanza Sul",51,"Cassongue",173,"Dumbi","","","Commune","Commune"
897,7,"AGO","Angola",7,"Cuanza Sul",51,"Cassongue",174,"Kassongue","","","Commune","Commune"
898,7,"AGO","Angola",7,"Cuanza Sul",51,"Cassongue",175,"Pambangala","","","Commune","Commune"
899,7,"AGO","Angola",7,"Cuanza Sul",52,"Conda",176,"Konda","","","Commune","Commune"
900,7,"AGO","Angola",7,"Cuanza Sul",52,"Conda",177,"Kunju","","","Commune","Commune"
901,7,"AGO","Angola",7,"Cuanza Sul",53,"Ebo",178,"Conde","","","Commune","Commune"
902,7,"AGO","Angola",7,"Cuanza Sul",53,"Ebo",179,"Ebo","","","Commune","Commune"
903,7,"AGO","Angola",7,"Cuanza Sul",53,"Ebo",180,"Kassanje","","","Commune","Commune"
904,7,"AGO","Angola",7,"Cuanza Sul",54,"Libolo",181,"Kabuta","","","Commune","Commune"
905,7,"AGO","Angola",7,"Cuanza Sul",54,"Libolo",182,"Kalulo","","","Commune","Commune"
906,7,"AGO","Angola",7,"Cuanza Sul",54,"Libolo",183,"Kissongo","","","Commune","Commune"
907,7,"AGO","Angola",7,"Cuanza Sul",54,"Libolo",184,"Munenga","","","Commune","Commune"
908,7,"AGO","Angola",7,"Cuanza Sul",55,"Mussende",185,"Kienha","","","Commune","Commune"
909,7,"AGO","Angola",7,"Cuanza Sul",55,"Mussende",186,"Mussende","","","Commune","Commune"
910,7,"AGO","Angola",7,"Cuanza Sul",55,"Mussende",187,"Sao Lucas","","","Commune","Commune"
911,7,"AGO","Angola",7,"Cuanza Sul",56,"Porto Amboim",188,"Kapolo","","","Commune","Commune"
912,7,"AGO","Angola",7,"Cuanza Sul",56,"Porto Amboim",189,"Porto Amboim","","","Commune","Commune"
913,7,"AGO","Angola",7,"Cuanza Sul",57,"Quibala",190,"Kariango","","","Commune","Commune"
914,7,"AGO","Angola",7,"Cuanza Sul",57,"Quibala",191,"Kibala","","","Commune","Commune"
915,7,"AGO","Angola",7,"Cuanza Sul",57,"Quibala",192,"Lonhe","","","Commune","Commune"
916,7,"AGO","Angola",7,"Cuanza Sul",57,"Quibala",193,"Ndala Kachimbo","","","Commune","Commune"
917,7,"AGO","Angola",7,"Cuanza Sul",58,"Quilenda",194,"Kilenda","","","Commune","Commune"
918,7,"AGO","Angola",7,"Cuanza Sul",58,"Quilenda",195,"Kirimbo","","","Commune","Commune"
919,7,"AGO","Angola",7,"Cuanza Sul",59,"Seles",196,"Amboiva","","","Commune","Commune"
920,7,"AGO","Angola",7,"Cuanza Sul",59,"Seles",197,"Botera","","","Commune","Commune"
921,7,"AGO","Angola",7,"Cuanza Sul",59,"Seles",198,"Ucu-Seles","","","Commune","Commune"
922,7,"AGO","Angola",7,"Cuanza Sul",60,"Sumbe",199,"Gangula","","","Commune","Commune"
923,7,"AGO","Angola",7,"Cuanza Sul",60,"Sumbe",200,"Gungo","","","Commune","Commune"
924,7,"AGO","Angola",7,"Cuanza Sul",60,"Sumbe",201,"Kikombo","","","Commune","Commune"
925,7,"AGO","Angola",7,"Cuanza Sul",60,"Sumbe",202,"Sumbe","","","Commune","Commune"
926,7,"AGO","Angola",7,"Cuanza Sul",61,"Waku Kungo",203,"Kissanga Kungo","","","Commune","Commune"
927,7,"AGO","Angola",7,"Cuanza Sul",61,"Waku Kungo",204,"Sanga","","","Commune","Commune"
928,7,"AGO","Angola",7,"Cuanza Sul",61,"Waku Kungo",205,"Waco Kungo","","","Commune","Commune"
929,7,"AGO","Angola",8,"Cunene",62,"Cahama",206,"Kahama","","","Commune","Commune"
930,7,"AGO","Angola",8,"Cunene",62,"Cahama",207,"Otchinjau","","","Commune","Commune"
931,7,"AGO","Angola",8,"Cunene",63,"Cuanhama",208,"Evale","","","Commune","Commune"
932,7,"AGO","Angola",8,"Cunene",63,"Cuanhama",209,"Kafima","","","Commune","Commune"
933,7,"AGO","Angola",8,"Cunene",63,"Cuanhama",210,"Mongua","","","Commune","Commune"
934,7,"AGO","Angola",8,"Cunene",63,"Cuanhama",211,"Onjiva","","","Commune","Commune"
935,7,"AGO","Angola",8,"Cunene",63,"Cuanhama",212,"Oximolo","","","Commune","Commune"
936,7,"AGO","Angola",8,"Cunene",64,"Curoca",213,"Chitado","","","Commune","Commune"
937,7,"AGO","Angola",8,"Cunene",64,"Curoca",214,"Onkokwa","","","Commune","Commune"
938,7,"AGO","Angola",8,"Cunene",65,"Cuvelai",215,"Kalonga","","","Commune","Commune"
939,7,"AGO","Angola",8,"Cunene",65,"Cuvelai",216,"Kuvati","","","Commune","Commune"
940,7,"AGO","Angola",8,"Cunene",65,"Cuvelai",217,"Kuvelai","","","Commune","Commune"
941,7,"AGO","Angola",8,"Cunene",65,"Cuvelai",218,"Mupa","","","Commune","Commune"
942,7,"AGO","Angola",8,"Cunene",66,"Namakunde",219,"Namakunde","","","Commune","Commune"
943,7,"AGO","Angola",8,"Cunene",66,"Namakunde",220,"Shiede","","","Commune","Commune"
944,7,"AGO","Angola",8,"Cunene",67,"Ombadja",221,"Humbe","","","Commune","Commune"
945,7,"AGO","Angola",8,"Cunene",67,"Ombadja",222,"Mukope","","","Commune","Commune"
946,7,"AGO","Angola",8,"Cunene",67,"Ombadja",223,"Naulila","","","Commune","Commune"
947,7,"AGO","Angola",8,"Cunene",67,"Ombadja",224,"Ombala yo Mungu","","","Commune","Commune"
948,7,"AGO","Angola",8,"Cunene",67,"Ombadja",225,"Xangongo","","","Commune","Commune"
949,7,"AGO","Angola",9,"Huambo",68,"Bailundo",226,"Bailundo","","","Commune","Commune"
950,7,"AGO","Angola",9,"Huambo",68,"Bailundo",227,"Bimbe","","","Commune","Commune"
951,7,"AGO","Angola",9,"Huambo",68,"Bailundo",228,"Hengue","","","Commune","Commune"
952,7,"AGO","Angola",9,"Huambo",68,"Bailundo",229,"Lunge","","","Commune","Commune"
953,7,"AGO","Angola",9,"Huambo",68,"Bailundo",230,"Luvemba","","","Commune","Commune"
954,7,"AGO","Angola",9,"Huambo",69,"Caála",231,"Kaala","","","Commune","Commune"
955,7,"AGO","Angola",9,"Huambo",69,"Caála",232,"Kalenga","","","Commune","Commune"
956,7,"AGO","Angola",9,"Huambo",69,"Caála",233,"Kalima","","","Commune","Commune"
957,7,"AGO","Angola",9,"Huambo",69,"Caála",234,"Katata","","","Commune","Commune"
958,7,"AGO","Angola",9,"Huambo",70,"Catchiungo",235,"Chinhama","","","Commune","Commune"
959,7,"AGO","Angola",9,"Huambo",70,"Catchiungo",236,"Chiumbo","","","Commune","Commune"
960,7,"AGO","Angola",9,"Huambo",70,"Catchiungo",237,"Kachiungo","","","Commune","Commune"
961,7,"AGO","Angola",9,"Huambo",71,"Ekunha",238,"Ekunha","","","Commune","Commune"
962,7,"AGO","Angola",9,"Huambo",71,"Ekunha",239,"Tchipeio","","","Commune","Commune"
963,7,"AGO","Angola",9,"Huambo",72,"Huambo",240,"Chipipa","","","Commune","Commune"
964,7,"AGO","Angola",9,"Huambo",72,"Huambo",241,"Huambo","","","Commune","Commune"
965,7,"AGO","Angola",9,"Huambo",72,"Huambo",242,"Kalima","","","Commune","Commune"
966,7,"AGO","Angola",9,"Huambo",73,"Londuimbale",243,"Alto Uama","","","Commune","Commune"
967,7,"AGO","Angola",9,"Huambo",73,"Londuimbale",244,"Galanga","","","Commune","Commune"
968,7,"AGO","Angola",9,"Huambo",73,"Londuimbale",245,"Kumbila","","","Commune","Commune"
969,7,"AGO","Angola",9,"Huambo",73,"Londuimbale",246,"Londuimbali","","","Commune","Commune"
970,7,"AGO","Angola",9,"Huambo",73,"Londuimbale",247,"Ussoke","","","Commune","Commune"
971,7,"AGO","Angola",9,"Huambo",74,"Longonjo",248,"Chilata","","","Commune","Commune"
972,7,"AGO","Angola",9,"Huambo",74,"Longonjo",249,"Katabola","","","Commune","Commune"
973,7,"AGO","Angola",9,"Huambo",74,"Longonjo",250,"Lepi","","","Commune","Commune"
974,7,"AGO","Angola",9,"Huambo",74,"Longonjo",251,"Longonjo","","","Commune","Commune"
975,7,"AGO","Angola",9,"Huambo",75,"Mungo",252,"Kambuengo","","","Commune","Commune"
976,7,"AGO","Angola",9,"Huambo",75,"Mungo",253,"Mungo","","","Commune","Commune"
977,7,"AGO","Angola",9,"Huambo",76,"Tchicala-Tcholoanga",254,"Hungulo","","","Commune","Commune"
978,7,"AGO","Angola",9,"Huambo",76,"Tchicala-Tcholoanga",255,"Mbave","","","Commune","Commune"
979,7,"AGO","Angola",9,"Huambo",76,"Tchicala-Tcholoanga",256,"Sambo","","","Commune","Commune"
980,7,"AGO","Angola",9,"Huambo",76,"Tchicala-Tcholoanga",257,"Thicala-Thilohanga","","","Commune","Commune"
981,7,"AGO","Angola",9,"Huambo",77,"Tchindjenje",258,"Chiaca","","","Commune","Commune"
982,7,"AGO","Angola",9,"Huambo",77,"Tchindjenje",259,"Chinjenje","","","Commune","Commune"
983,7,"AGO","Angola",9,"Huambo",78,"Ukuma",260,"Kakoma","","","Commune","Commune"
984,7,"AGO","Angola",9,"Huambo",78,"Ukuma",261,"Mundundo","","","Commune","Commune"
985,7,"AGO","Angola",9,"Huambo",78,"Ukuma",262,"Ukuma","","","Commune","Commune"
986,7,"AGO","Angola",10,"Huíla",79,"Caconda",263,"Gungue","","","Commune","Commune"
987,7,"AGO","Angola",10,"Huíla",79,"Caconda",264,"Kakonda","","","Commune","Commune"
988,7,"AGO","Angola",10,"Huíla",79,"Caconda",265,"Kusse","","","Commune","Commune"
989,7,"AGO","Angola",10,"Huíla",79,"Caconda",266,"Uaba","","","Commune","Commune"
990,7,"AGO","Angola",10,"Huíla",80,"Caluquembe",267,"Kalepi","","","Commune","Commune"
991,7,"AGO","Angola",10,"Huíla",80,"Caluquembe",268,"Kalukembe","","","Commune","Commune"
992,7,"AGO","Angola",10,"Huíla",80,"Caluquembe",269,"Ngola","","","Commune","Commune"
993,7,"AGO","Angola",10,"Huíla",81,"Chibia",270,"Chibia","","","Commune","Commune"
994,7,"AGO","Angola",10,"Huíla",81,"Chibia",271,"Jau","","","Commune","Commune"
995,7,"AGO","Angola",10,"Huíla",81,"Chibia",272,"Kapunda Kavilongo","","","Commune","Commune"
996,7,"AGO","Angola",10,"Huíla",81,"Chibia",273,"Kihita","","","Commune","Commune"
997,7,"AGO","Angola",10,"Huíla",82,"Chicomba",274,"Chicomba","","","Commune","Commune"
998,7,"AGO","Angola",10,"Huíla",82,"Chicomba",275,"Cutenda","","","Commune","Commune"
999,7,"AGO","Angola",10,"Huíla",83,"Chipindo",276,"Bambi","","","Commune","Commune"
1000,7,"AGO","Angola",10,"Huíla",83,"Chipindo",277,"Chipindo","","","Commune","Commune"
1001,7,"AGO","Angola",10,"Huíla",84,"Gambos",278,"Chiange","","","Commune","Commune"
1002,7,"AGO","Angola",10,"Huíla",84,"Gambos",279,"Chimbemba","","","Commune","Commune"
1003,7,"AGO","Angola",10,"Huíla",85,"Humpata",280,"Humpata","","","Commune","Commune"
1004,7,"AGO","Angola",10,"Huíla",86,"Jamba",281,"Dongo","","","Commune","Commune"
1005,7,"AGO","Angola",10,"Huíla",86,"Jamba",282,"Jamba","","","Commune","Commune"
1006,7,"AGO","Angola",10,"Huíla",86,"Jamba",283,"Kassinga","","","Commune","Commune"
1007,7,"AGO","Angola",10,"Huíla",87,"Kuvango",284,"Galangue","","","Commune","Commune"
1008,7,"AGO","Angola",10,"Huíla",87,"Kuvango",285,"Kuvango","","","Commune","Commune"
1009,7,"AGO","Angola",10,"Huíla",87,"Kuvango",286,"Vikungo","","","Commune","Commune"
1010,7,"AGO","Angola",10,"Huíla",88,"Lubango",287,"Cacula","","","Commune","Commune"
1011,7,"AGO","Angola",10,"Huíla",88,"Lubango",288,"Hoque","","","Commune","Commune"
1012,7,"AGO","Angola",10,"Huíla",88,"Lubango",289,"Huila","","","Commune","Commune"
1013,7,"AGO","Angola",10,"Huíla",88,"Lubango",290,"Lubango","","","Commune","Commune"
1014,7,"AGO","Angola",10,"Huíla",89,"Matala",291,"Kapelongo","","","Commune","Commune"
1015,7,"AGO","Angola",10,"Huíla",89,"Matala",292,"Matala","","","Commune","Commune"
1016,7,"AGO","Angola",10,"Huíla",89,"Matala",293,"Mulondo","","","Commune","Commune"
1017,7,"AGO","Angola",10,"Huíla",90,"Quilengues",294,"Dinde","","","Commune","Commune"
1018,7,"AGO","Angola",10,"Huíla",90,"Quilengues",295,"Impulo","","","Commune","Commune"
1019,7,"AGO","Angola",10,"Huíla",90,"Quilengues",296,"Kilengue","","","Commune","Commune"
1020,7,"AGO","Angola",10,"Huíla",91,"Tchipungo",297,"Tchipungo","","","Commune","Commune"
1021,7,"AGO","Angola",11,"Luanda",92,"Cacuaco",298,"Cacuaco","","","Commune","Commune"
1022,7,"AGO","Angola",11,"Luanda",92,"Cacuaco",299,"Funda","","","Commune","Commune"
1023,7,"AGO","Angola",11,"Luanda",92,"Cacuaco",300,"Kikolo","","","Commune","Commune"
1024,7,"AGO","Angola",11,"Luanda",93,"Cazenga",301,"Cazenga","","","Commune","Commune"
1025,7,"AGO","Angola",11,"Luanda",93,"Cazenga",302,"Hoji Ya Henda","","","Commune","Commune"
1026,7,"AGO","Angola",11,"Luanda",93,"Cazenga",303,"Tala Hadi","","","Commune","Commune"
1027,7,"AGO","Angola",11,"Luanda",94,"Ingombota",304,"Ilha do Cabo","","","Commune","Commune"
1028,7,"AGO","Angola",11,"Luanda",94,"Ingombota",305,"Ingombota","","","Commune","Commune"
1029,7,"AGO","Angola",11,"Luanda",94,"Ingombota",306,"Kinanga","","","Commune","Commune"
1030,7,"AGO","Angola",11,"Luanda",94,"Ingombota",307,"Maculusso","","","Commune","Commune"
1031,7,"AGO","Angola",11,"Luanda",94,"Ingombota",308,"Patrice Lumumba","","","Commune","Commune"
1032,7,"AGO","Angola",11,"Luanda",95,"Kilamba Kiaxi",309,"Kilamba Kiaxi","","","Commune","Commune"
1033,7,"AGO","Angola",11,"Luanda",96,"Maianga",310,"Cassequel","","","Commune","Commune"
1034,7,"AGO","Angola",11,"Luanda",96,"Maianga",311,"Maianga","","","Commune","Commune"
1035,7,"AGO","Angola",11,"Luanda",96,"Maianga",312,"Prenda","","","Commune","Commune"
1036,7,"AGO","Angola",11,"Luanda",97,"Rangel",313,"Marcal","","","Commune","Commune"
1037,7,"AGO","Angola",11,"Luanda",97,"Rangel",314,"Rangel","","","Commune","Commune"
1038,7,"AGO","Angola",11,"Luanda",97,"Rangel",315,"Terra Nova","","","Commune","Commune"
1039,7,"AGO","Angola",11,"Luanda",98,"Samba",316,"Benfica","","","Commune","Commune"
1040,7,"AGO","Angola",11,"Luanda",98,"Samba",317,"Futungo de Belas","","","Commune","Commune"
1041,7,"AGO","Angola",11,"Luanda",98,"Samba",318,"Mussulo","","","Commune","Commune"
1042,7,"AGO","Angola",11,"Luanda",98,"Samba",319,"Samba","","","Commune","Commune"
1043,7,"AGO","Angola",11,"Luanda",99,"Sambizanga",320,"N'gola Kilwanji","","","Commune","Commune"
1044,7,"AGO","Angola",11,"Luanda",99,"Sambizanga",321,"Sambizanga","","","Commune","Commune"
1045,7,"AGO","Angola",11,"Luanda",100,"Viana",322,"Calumbo","","","Commune","Commune"
1046,7,"AGO","Angola",11,"Luanda",100,"Viana",323,"Viana Sede","","","Commune","Commune"
1047,7,"AGO","Angola",11,"Luanda",100,"Viana",324,"Viana","","","Commune","Commune"
1048,7,"AGO","Angola",12,"Lunda Norte",101,"Cambulo",325,"Kachimo","","","Commune","Commune"
1049,7,"AGO","Angola",12,"Lunda Norte",101,"Cambulo",326,"Kambulo","","","Commune","Commune"
1050,7,"AGO","Angola",12,"Lunda Norte",101,"Cambulo",327,"Kanzar","","","Commune","Commune"
1051,7,"AGO","Angola",12,"Lunda Norte",101,"Cambulo",328,"Luia","","","Commune","Commune"
1052,7,"AGO","Angola",12,"Lunda Norte",102,"Capenda",329,"Kapenda Kamulemba","","","Commune","Commune"
1053,7,"AGO","Angola",12,"Lunda Norte",102,"Capenda",330,"Xinge","","","Commune","Commune"
1054,7,"AGO","Angola",12,"Lunda Norte",103,"Caungula",331,"Camaxilo","","","Commune","Commune"
1055,7,"AGO","Angola",12,"Lunda Norte",103,"Caungula",332,"Kaungula","","","Commune","Commune"
1056,7,"AGO","Angola",12,"Lunda Norte",104,"Chitato",333,"Chitato","","","Commune","Commune"
1057,7,"AGO","Angola",12,"Lunda Norte",104,"Chitato",334,"Lovua","","","Commune","Commune"
1058,7,"AGO","Angola",12,"Lunda Norte",104,"Chitato",335,"Luachimo","","","Commune","Commune"
1059,7,"AGO","Angola",12,"Lunda Norte",105,"Cuango",336,"Cuango","","","Commune","Commune"
1060,7,"AGO","Angola",12,"Lunda Norte",105,"Cuango",337,"Luremo","","","Commune","Commune"
1061,7,"AGO","Angola",12,"Lunda Norte",106,"Cuilo",338,"Caluango","","","Commune","Commune"
1062,7,"AGO","Angola",12,"Lunda Norte",106,"Cuilo",339,"Cuilo","","","Commune","Commune"
1063,7,"AGO","Angola",12,"Lunda Norte",107,"Lubalo",340,"Luangue","","","Commune","Commune"
1064,7,"AGO","Angola",12,"Lunda Norte",107,"Lubalo",341,"Lubalo","","","Commune","Commune"
1065,7,"AGO","Angola",12,"Lunda Norte",107,"Lubalo",342,"Muvulage","","","Commune","Commune"
1066,7,"AGO","Angola",12,"Lunda Norte",108,"Lucapa",343,"Camissombo","","","Commune","Commune"
1067,7,"AGO","Angola",12,"Lunda Norte",108,"Lucapa",344,"Capaia","","","Commune","Commune"
1068,7,"AGO","Angola",12,"Lunda Norte",108,"Lucapa",345,"Lucapa","","","Commune","Commune"
1069,7,"AGO","Angola",12,"Lunda Norte",108,"Lucapa",346,"Xa-Cassau","","","Commune","Commune"
1070,7,"AGO","Angola",12,"Lunda Norte",109,"Xá Muteba",347,"Cassange","","","Commune","Commune"
1071,7,"AGO","Angola",12,"Lunda Norte",109,"Xá Muteba",348,"Iongo","","","Commune","Commune"
1072,7,"AGO","Angola",12,"Lunda Norte",109,"Xá Muteba",349,"Quitapa","","","Commune","Commune"
1073,7,"AGO","Angola",12,"Lunda Norte",109,"Xá Muteba",350,"XaMuteba","","","Commune","Commune"
1074,7,"AGO","Angola",13,"Lunda Sul",110,"Cacolo",351,"Alto-Chicapa","","","Commune","Commune"
1075,7,"AGO","Angola",13,"Lunda Sul",110,"Cacolo",352,"Cacolo","","","Commune","Commune"
1076,7,"AGO","Angola",13,"Lunda Sul",110,"Cacolo",353,"Cucumbi","","","Commune","Commune"
1077,7,"AGO","Angola",13,"Lunda Sul",110,"Cacolo",354,"Xassengue","","","Commune","Commune"
1078,7,"AGO","Angola",13,"Lunda Sul",111,"Dala",355,"Cazage","","","Commune","Commune"
1079,7,"AGO","Angola",13,"Lunda Sul",111,"Dala",356,"Dala","","","Commune","Commune"
1080,7,"AGO","Angola",13,"Lunda Sul",111,"Dala",357,"Luma Cassai","","","Commune","Commune"
1081,7,"AGO","Angola",13,"Lunda Sul",112,"Muconda",358,"Cassai","","","Commune","Commune"
1082,7,"AGO","Angola",13,"Lunda Sul",112,"Muconda",359,"Chiluange","","","Commune","Commune"
1083,7,"AGO","Angola",13,"Lunda Sul",112,"Muconda",360,"Muconda","","","Commune","Commune"
1084,7,"AGO","Angola",13,"Lunda Sul",112,"Muconda",361,"Muriege","","","Commune","Commune"
1085,7,"AGO","Angola",13,"Lunda Sul",113,"Saurimo",362,"Mona Quimbundo","","","Commune","Commune"
1086,7,"AGO","Angola",13,"Lunda Sul",113,"Saurimo",363,"Saurimo","","","Commune","Commune"
1087,7,"AGO","Angola",13,"Lunda Sul",113,"Saurimo",364,"Sombo","","","Commune","Commune"
1088,7,"AGO","Angola",14,"Malanje",114,"Cacuzo",365,"Cacuso","","","Commune","Commune"
1089,7,"AGO","Angola",14,"Malanje",114,"Cacuzo",366,"Kizenga","","","Commune","Commune"
1090,7,"AGO","Angola",14,"Malanje",114,"Cacuzo",367,"Lombe","","","Commune","Commune"
1091,7,"AGO","Angola",14,"Malanje",114,"Cacuzo",368,"Pungo-Andongo","","","Commune","Commune"
1092,7,"AGO","Angola",14,"Malanje",115,"Calandula",369,"Calandula","","","Commune","Commune"
1093,7,"AGO","Angola",14,"Malanje",115,"Calandula",370,"Kateco-Kangola","","","Commune","Commune"
1094,7,"AGO","Angola",14,"Malanje",115,"Calandula",371,"Kinge","","","Commune","Commune"
1095,7,"AGO","Angola",14,"Malanje",115,"Calandula",372,"Kota","","","Commune","Commune"
1096,7,"AGO","Angola",14,"Malanje",115,"Calandula",373,"Kuale","","","Commune","Commune"
1097,7,"AGO","Angola",14,"Malanje",116,"Cambundi-Catembo",374,"Dumba Kabango","","","Commune","Commune"
1098,7,"AGO","Angola",14,"Malanje",116,"Cambundi-Catembo",375,"Kambundi-Katembo","","","Commune","Commune"
1099,7,"AGO","Angola",14,"Malanje",116,"Cambundi-Catembo",376,"Tala-Mungongo","","","Commune","Commune"
1100,7,"AGO","Angola",14,"Malanje",117,"Cangandala",377,"Cangandala","","","Commune","Commune"
1101,7,"AGO","Angola",14,"Malanje",117,"Cangandala",378,"Caribo","","","Commune","Commune"
1102,7,"AGO","Angola",14,"Malanje",117,"Cangandala",379,"Kulamagia","","","Commune","Commune"
1103,7,"AGO","Angola",14,"Malanje",117,"Cangandala",380,"Mbembo","","","Commune","Commune"
1104,7,"AGO","Angola",14,"Malanje",118,"Caombo",381,"Bange-Angola","","","Commune","Commune"
1105,7,"AGO","Angola",14,"Malanje",118,"Caombo",382,"Kahombo","","","Commune","Commune"
1106,7,"AGO","Angola",14,"Malanje",118,"Caombo",383,"Kambo","","","Commune","Commune"
1107,7,"AGO","Angola",14,"Malanje",118,"Caombo",384,"Mikanda","","","Commune","Commune"
1108,7,"AGO","Angola",14,"Malanje",119,"Cuaba Nzogo",385,"Kiwaba-Ngozi","","","Commune","Commune"
1109,7,"AGO","Angola",14,"Malanje",119,"Cuaba Nzogo",386,"Mufuma","","","Commune","Commune"
1110,7,"AGO","Angola",14,"Malanje",120,"Cunda-dia-Baza",387,"Kunda-Dia-Baze","","","Commune","Commune"
1111,7,"AGO","Angola",14,"Malanje",120,"Cunda-dia-Baza",388,"Lemba","","","Commune","Commune"
1112,7,"AGO","Angola",14,"Malanje",120,"Cunda-dia-Baza",389,"Milando","","","Commune","Commune"
1113,7,"AGO","Angola",14,"Malanje",121,"Luquembo",390,"Dombo","","","Commune","Commune"
1114,7,"AGO","Angola",14,"Malanje",121,"Luquembo",391,"Kapunda","","","Commune","Commune"
1115,7,"AGO","Angola",14,"Malanje",121,"Luquembo",392,"Kimbango","","","Commune","Commune"
1116,7,"AGO","Angola",14,"Malanje",121,"Luquembo",393,"Luquembo","","","Commune","Commune"
1117,7,"AGO","Angola",14,"Malanje",122,"Malanje",394,"Cambaxe","","","Commune","Commune"
1118,7,"AGO","Angola",14,"Malanje",122,"Malanje",395,"Cambondo","","","Commune","Commune"
1119,7,"AGO","Angola",14,"Malanje",122,"Malanje",396,"Kangando","","","Commune","Commune"
1120,7,"AGO","Angola",14,"Malanje",122,"Malanje",397,"Kimbamba","","","Commune","Commune"
1121,7,"AGO","Angola",14,"Malanje",122,"Malanje",398,"Malanje","","","Commune","Commune"
1122,7,"AGO","Angola",14,"Malanje",122,"Malanje",399,"Ngola-Luige","","","Commune","Commune"
1123,7,"AGO","Angola",14,"Malanje",123,"Marimba",400,"Kabombo","","","Commune","Commune"
1124,7,"AGO","Angola",14,"Malanje",123,"Marimba",401,"Marimba","","","Commune","Commune"
1125,7,"AGO","Angola",14,"Malanje",123,"Marimba",402,"Tembo-Aluma","","","Commune","Commune"
1126,7,"AGO","Angola",14,"Malanje",124,"Massango",403,"Kihuhu","","","Commune","Commune"
1127,7,"AGO","Angola",14,"Malanje",124,"Massango",404,"Kinguengue","","","Commune","Commune"
1128,7,"AGO","Angola",14,"Malanje",124,"Massango",405,"Massango","","","Commune","Commune"
1129,7,"AGO","Angola",14,"Malanje",125,"Mucari",406,"Catala","","","Commune","Commune"
1130,7,"AGO","Angola",14,"Malanje",125,"Mucari",407,"Caxinga","","","Commune","Commune"
1131,7,"AGO","Angola",14,"Malanje",125,"Mucari",408,"Mucari","","","Commune","Commune"
1132,7,"AGO","Angola",14,"Malanje",125,"Mucari",409,"Muquixi","","","Commune","Commune"
1133,7,"AGO","Angola",14,"Malanje",126,"Quela",410,"Moma","","","Commune","Commune"
1134,7,"AGO","Angola",14,"Malanje",126,"Quela",411,"Quela","","","Commune","Commune"
1135,7,"AGO","Angola",14,"Malanje",126,"Quela",412,"Xandele","","","Commune","Commune"
1136,7,"AGO","Angola",14,"Malanje",127,"Quirima",413,"Quirima","","","Commune","Commune"
1137,7,"AGO","Angola",14,"Malanje",127,"Quirima",414,"Sautari","","","Commune","Commune"
1138,7,"AGO","Angola",15,"Moxico",128,"Alto Zambeze",415,"Alto Zambeze","","","Commune","Commune"
1139,7,"AGO","Angola",15,"Moxico",128,"Alto Zambeze",416,"Caianda","","","Commune","Commune"
1140,7,"AGO","Angola",15,"Moxico",128,"Alto Zambeze",417,"Calunda","","","Commune","Commune"
1141,7,"AGO","Angola",15,"Moxico",128,"Alto Zambeze",418,"Kaquengue","","","Commune","Commune"
1142,7,"AGO","Angola",15,"Moxico",128,"Alto Zambeze",419,"Kavungo","","","Commune","Commune"
1143,7,"AGO","Angola",15,"Moxico",128,"Alto Zambeze",420,"Lovua","","","Commune","Commune"
1144,7,"AGO","Angola",15,"Moxico",128,"Alto Zambeze",421,"Lumbala","","","Commune","Commune"
1145,7,"AGO","Angola",15,"Moxico",128,"Alto Zambeze",422,"Mucondo","","","Commune","Commune"
1146,7,"AGO","Angola",15,"Moxico",129,"Camanongue",423,"Camanongue","","","Commune","Commune"
1147,7,"AGO","Angola",15,"Moxico",130,"Cameia",424,"Kameia","","","Commune","Commune"
1148,7,"AGO","Angola",15,"Moxico",131,"Léua",425,"Leua","","","Commune","Commune"
1149,7,"AGO","Angola",15,"Moxico",131,"Léua",426,"Liangongo","","","Commune","Commune"
1150,7,"AGO","Angola",15,"Moxico",132,"Luau",427,"Luau","","","Commune","Commune"
1151,7,"AGO","Angola",15,"Moxico",133,"Lucano",428,"Lago-Dilolo","","","Commune","Commune"
1152,7,"AGO","Angola",15,"Moxico",133,"Lucano",429,"Luacano","","","Commune","Commune"
1153,7,"AGO","Angola",15,"Moxico",134,"Luchazes",430,"Cangombe","","","Commune","Commune"
1154,7,"AGO","Angola",15,"Moxico",134,"Luchazes",431,"Cassamba","","","Commune","Commune"
1155,7,"AGO","Angola",15,"Moxico",134,"Luchazes",432,"Luchazes","","","Commune","Commune"
1156,7,"AGO","Angola",15,"Moxico",134,"Luchazes",433,"Muie","","","Commune","Commune"
1157,7,"AGO","Angola",15,"Moxico",134,"Luchazes",434,"Tempue","","","Commune","Commune"
1158,7,"AGO","Angola",15,"Moxico",135,"Lumbala-Nguimbo",435,"Chiume","","","Commune","Commune"
1159,7,"AGO","Angola",15,"Moxico",135,"Lumbala-Nguimbo",436,"Lumbala-Nguimbo","","","Commune","Commune"
1160,7,"AGO","Angola",15,"Moxico",135,"Lumbala-Nguimbo",437,"Lutembo","","","Commune","Commune"
1161,7,"AGO","Angola",15,"Moxico",135,"Lumbala-Nguimbo",438,"Luvuei","","","Commune","Commune"
1162,7,"AGO","Angola",15,"Moxico",135,"Lumbala-Nguimbo",439,"Mussuma","","","Commune","Commune"
1163,7,"AGO","Angola",15,"Moxico",135,"Lumbala-Nguimbo",440,"Ninda","","","Commune","Commune"
1164,7,"AGO","Angola",15,"Moxico",135,"Lumbala-Nguimbo",441,"Sessa","","","Commune","Commune"
1165,7,"AGO","Angola",15,"Moxico",136,"Moxico",442,"Kangumbe","","","Commune","Commune"
1166,7,"AGO","Angola",15,"Moxico",136,"Moxico",443,"Lucusse","","","Commune","Commune"
1167,7,"AGO","Angola",15,"Moxico",136,"Moxico",444,"Luena","","","Commune","Commune"
1168,7,"AGO","Angola",15,"Moxico",136,"Moxico",445,"Lutuai","","","Commune","Commune"
1169,7,"AGO","Angola",16,"Namibe",137,"Bibala",446,"Bibala","","","Commune","Commune"
1170,7,"AGO","Angola",16,"Namibe",137,"Bibala",447,"Caitou","","","Commune","Commune"
1171,7,"AGO","Angola",16,"Namibe",137,"Bibala",448,"Lola","","","Commune","Commune"
1172,7,"AGO","Angola",16,"Namibe",137,"Bibala",449,"Munhino","","","Commune","Commune"
1173,7,"AGO","Angola",16,"Namibe",138,"Camacuio",450,"Camacuio","","","Commune","Commune"
1174,7,"AGO","Angola",16,"Namibe",138,"Camacuio",451,"Chingo","","","Commune","Commune"
1175,7,"AGO","Angola",16,"Namibe",138,"Camacuio",452,"Chinquite","","","Commune","Commune"
1176,7,"AGO","Angola",16,"Namibe",139,"Namibe",453,"Bentiaba","","","Commune","Commune"
1177,7,"AGO","Angola",16,"Namibe",139,"Namibe",454,"Lucira","","","Commune","Commune"
1178,7,"AGO","Angola",16,"Namibe",139,"Namibe",455,"Namibe","","","Commune","Commune"
1179,7,"AGO","Angola",16,"Namibe",140,"Tombwa",456,"Baia dos Tigres","","","Commune","Commune"
1180,7,"AGO","Angola",16,"Namibe",140,"Tombwa",457,"Tombua","","","Commune","Commune"
1181,7,"AGO","Angola",16,"Namibe",141,"Virei",458,"Cahinde","","","Commune","Commune"
1182,7,"AGO","Angola",16,"Namibe",141,"Virei",459,"Virei","","","Commune","Commune"
1183,7,"AGO","Angola",17,"Uíge",142,"Alto Cauale",460,"Bengo","","","Commune","Commune"
1184,7,"AGO","Angola",17,"Uíge",142,"Alto Cauale",461,"Caiongo","","","Commune","Commune"
1185,7,"AGO","Angola",17,"Uíge",142,"Alto Cauale",462,"Kangola","","","Commune","Commune"
1186,7,"AGO","Angola",17,"Uíge",143,"Ambuila",463,"Kimpetelu","","","Commune","Commune"
1187,7,"AGO","Angola",17,"Uíge",143,"Ambuila",464,"Sede Mantoyo","","","Commune","Commune"
1188,7,"AGO","Angola",17,"Uíge",144,"Bembe",465,"Bembe","","","Commune","Commune"
1189,7,"AGO","Angola",17,"Uíge",144,"Bembe",466,"Lucunga","","","Commune","Commune"
1190,7,"AGO","Angola",17,"Uíge",144,"Bembe",467,"Mabaia","","","Commune","Commune"
1191,7,"AGO","Angola",17,"Uíge",145,"Buengas",468,"Buengas","","","Commune","Commune"
1192,7,"AGO","Angola",17,"Uíge",145,"Buengas",469,"Camboso","","","Commune","Commune"
1193,7,"AGO","Angola",17,"Uíge",145,"Buengas",470,"Quimbianda","","","Commune","Commune"
1194,7,"AGO","Angola",17,"Uíge",146,"Bungo",471,"Bungo","","","Commune","Commune"
1195,7,"AGO","Angola",17,"Uíge",147,"Damba",472,"Damba","","","Commune","Commune"
1196,7,"AGO","Angola",17,"Uíge",147,"Damba",473,"Lemboa","","","Commune","Commune"
1197,7,"AGO","Angola",17,"Uíge",147,"Damba",474,"N'soso","","","Commune","Commune"
1198,7,"AGO","Angola",17,"Uíge",147,"Damba",475,"Nkama-Ntambu","","","Commune","Commune"
1199,7,"AGO","Angola",17,"Uíge",147,"Damba",476,"Nkuso","","","Commune","Commune"
1200,7,"AGO","Angola",17,"Uíge",148,"Maquela do Zombo",477,"Beu","","","Commune","Commune"
1201,7,"AGO","Angola",17,"Uíge",148,"Maquela do Zombo",478,"Kibocolu","","","Commune","Commune"
1202,7,"AGO","Angola",17,"Uíge",148,"Maquela do Zombo",479,"Kuilu Futa","","","Commune","Commune"
1203,7,"AGO","Angola",17,"Uíge",148,"Maquela do Zombo",480,"Maquela do Zombo","","","Commune","Commune"
1204,7,"AGO","Angola",17,"Uíge",148,"Maquela do Zombo",481,"Sakandika","","","Commune","Commune"
1205,7,"AGO","Angola",17,"Uíge",149,"Milunga",482,"Macocola","","","Commune","Commune"
1206,7,"AGO","Angola",17,"Uíge",149,"Milunga",483,"Macolo","","","Commune","Commune"
1207,7,"AGO","Angola",17,"Uíge",149,"Milunga",484,"Massau","","","Commune","Commune"
1208,7,"AGO","Angola",17,"Uíge",149,"Milunga",485,"Milunga","","","Commune","Commune"
1209,7,"AGO","Angola",17,"Uíge",150,"Mucaba",486,"Quinzala","","","Commune","Commune"
1210,7,"AGO","Angola",17,"Uíge",150,"Mucaba",487,"Uando","","","Commune","Commune"
1211,7,"AGO","Angola",17,"Uíge",151,"Negage",488,"Dimuca","","","Commune","Commune"
1212,7,"AGO","Angola",17,"Uíge",151,"Negage",489,"Kisseke","","","Commune","Commune"
1213,7,"AGO","Angola",17,"Uíge",151,"Negage",490,"Negage","","","Commune","Commune"
1214,7,"AGO","Angola",17,"Uíge",152,"Puri",491,"Puri","","","Commune","Commune"
1215,7,"AGO","Angola",17,"Uíge",153,"Quimbele",492,"Alto-Zaza","","","Commune","Commune"
1216,7,"AGO","Angola",17,"Uíge",153,"Quimbele",493,"Cuango","","","Commune","Commune"
1217,7,"AGO","Angola",17,"Uíge",153,"Quimbele",494,"Icoca","","","Commune","Commune"
1218,7,"AGO","Angola",17,"Uíge",153,"Quimbele",495,"Quimbele","","","Commune","Commune"
1219,7,"AGO","Angola",17,"Uíge",154,"Quitexe",496,"Cambambe","","","Commune","Commune"
1220,7,"AGO","Angola",17,"Uíge",154,"Quitexe",497,"Quifuafua","","","Commune","Commune"
1221,7,"AGO","Angola",17,"Uíge",154,"Quitexe",498,"Quitende","","","Commune","Commune"
1222,7,"AGO","Angola",17,"Uíge",154,"Quitexe",499,"Quitexe","","","Commune","Commune"
1223,7,"AGO","Angola",17,"Uíge",155,"Sanza Pombo",500,"Alfandega","","","Commune","Commune"
1224,7,"AGO","Angola",17,"Uíge",155,"Sanza Pombo",501,"Cuilo Pombo","","","Commune","Commune"
1225,7,"AGO","Angola",17,"Uíge",155,"Sanza Pombo",502,"Sanza Pombo","","","Commune","Commune"
1226,7,"AGO","Angola",17,"Uíge",155,"Sanza Pombo",503,"Uamba","","","Commune","Commune"
1227,7,"AGO","Angola",17,"Uíge",156,"Songo",504,"Kinvuenga","","","Commune","Commune"
1228,7,"AGO","Angola",17,"Uíge",156,"Songo",505,"Songo","","","Commune","Commune"
1229,7,"AGO","Angola",17,"Uíge",157,"Uíge",506,"Uige","","","Commune","Commune"
1230,7,"AGO","Angola",18,"Zaire",158,"Cuimba",507,"Buela","","","Commune","Commune"
1231,7,"AGO","Angola",18,"Zaire",158,"Cuimba",508,"Serra da Kanda","","","Commune","Commune"
1232,7,"AGO","Angola",18,"Zaire",159,"M'Banza Congo",509,"Kiende","","","Commune","Commune"
1233,7,"AGO","Angola",18,"Zaire",159,"M'Banza Congo",510,"Luvo","","","Commune","Commune"
1234,7,"AGO","Angola",18,"Zaire",159,"M'Banza Congo",511,"Madimba","","","Commune","Commune"
1235,7,"AGO","Angola",18,"Zaire",159,"M'Banza Congo",512,"Mbanza Congo","","","Commune","Commune"
1236,7,"AGO","Angola",18,"Zaire",160,"N'Zeto",513,"Kindege","","","Commune","Commune"
1237,7,"AGO","Angola",18,"Zaire",160,"N'Zeto",514,"Musserra","","","Commune","Commune"
1238,7,"AGO","Angola",18,"Zaire",160,"N'Zeto",515,"Nzeto","","","Commune","Commune"
1239,7,"AGO","Angola",18,"Zaire",160,"N'Zeto",516,"Quibala Norte","","","Commune","Commune"
1240,7,"AGO","Angola",18,"Zaire",161,"Noqui",517,"Lufico","","","Commune","Commune"
1241,7,"AGO","Angola",18,"Zaire",161,"Noqui",518,"Lulendo","","","Commune","Commune"
1242,7,"AGO","Angola",18,"Zaire",161,"Noqui",519,"Noqui","","","Commune","Commune"
1243,7,"AGO","Angola",18,"Zaire",162,"Soyo",520,"Kelo","","","Commune","Commune"
1244,7,"AGO","Angola",18,"Zaire",162,"Soyo",521,"Pedra do Feitico","","","Commune","Commune"
1245,7,"AGO","Angola",18,"Zaire",162,"Soyo",522,"Soyo","","","Commune","Commune"
1246,7,"AGO","Angola",18,"Zaire",162,"Soyo",523,"Sumba","","","Commune","Commune"
1247,7,"AGO","Angola",18,"Zaire",163,"Tomboco",524,"Kingombe","","","Commune","Commune"
1248,7,"AGO","Angola",18,"Zaire",163,"Tomboco",525,"Kinzau","","","Commune","Commune"
1249,7,"AGO","Angola",18,"Zaire",163,"Tomboco",526,"Quiximba","","","Commune","Commune"
1250,7,"AGO","Angola",18,"Zaire",163,"Tomboco",527,"Tomboco","","","Commune","Commune"
