"PID","ID_0","ISO","NAME_0","ID_1","NAME_1","ID_2","NAME_2","NL_NAME_2","VARNAME_2","TYPE_2","ENGTYPE_2"
15671,83,"GAB","Gabon",1,"Estuaire",1,"Komo-Mondah","","Ntoum","Département","Department"
15672,83,"GAB","Gabon",1,"Estuaire",2,"Komo","","Kango","Département","Department"
15673,83,"GAB","Gabon",1,"Estuaire",3,"Noya","","Cocobeach","Département","Department"
15674,83,"GAB","Gabon",2,"Haut-Ogooué",4,"Léboumbi-Leyou","","Mouanda","Département","Department"
15675,83,"GAB","Gabon",2,"Haut-Ogooué",5,"Léconi-Djoué","","Onga","Département","Department"
15676,83,"GAB","Gabon",2,"Haut-Ogooué",6,"Lékoko","","Bakoumba","Département","Department"
15677,83,"GAB","Gabon",2,"Haut-Ogooué",7,"Mpassa","","Franceville","Département","Department"
15678,83,"GAB","Gabon",2,"Haut-Ogooué",8,"Plateaux","","Lekoni","Département","Department"
15679,83,"GAB","Gabon",2,"Haut-Ogooué",9,"Sébé-Brikolo","","Okondja","Département","Department"
15680,83,"GAB","Gabon",3,"Moyen-Ogooué",10,"Abanga-Bigné","","Ndjole","Département","Department"
15681,83,"GAB","Gabon",3,"Moyen-Ogooué",11,"Ogooué et des Lacs","","Lambar.","Département","Department"
15682,83,"GAB","Gabon",4,"Ngounié",12,"Boumi-lowetsi","","Boumi-Louetsi|Mbigou","Département","Department"
15683,83,"GAB","Gabon",4,"Ngounié",13,"Dola","","Ndende","Département","Department"
15684,83,"GAB","Gabon",4,"Ngounié",14,"Douya Onoye","","Douya-Onoy|Mouila","Département","Department"
15685,83,"GAB","Gabon",4,"Ngounié",15,"Louetsi-Wano","","Lebamba","Département","Department"
15686,83,"GAB","Gabon",4,"Ngounié",16,"Ndolou","","Mandji","Département","Department"
15687,83,"GAB","Gabon",4,"Ngounié",17,"Ogoulou","","Mimongo","Département","Department"
15688,83,"GAB","Gabon",4,"Ngounié",18,"Tsamba Mangotsi","","Tsamba-Magotsi|Foug.","Département","Department"
15689,83,"GAB","Gabon",5,"Nyanga",19,"Basse Banio","","Basse-Banio|Mayumba","Département","Department"
15690,83,"GAB","Gabon",5,"Nyanga",20,"Douigny","","Douigni|Moabi","Département","Department"
15691,83,"GAB","Gabon",5,"Nyanga",21,"Haute-Banio","","Ndindi","Département","Department"
15692,83,"GAB","Gabon",5,"Nyanga",22,"Mougoutsi","","Tchibanga","Département","Department"
15693,83,"GAB","Gabon",6,"Ogooué-Ivindo",23,"Ivindo","","Makokou","Département","Department"
15694,83,"GAB","Gabon",6,"Ogooué-Ivindo",24,"Lopé","","Booue","Département","Department"
15695,83,"GAB","Gabon",6,"Ogooué-Ivindo",25,"Mvoung","","Oveng","Département","Department"
15696,83,"GAB","Gabon",6,"Ogooué-Ivindo",26,"Zadié","","Mekambo","Département","Department"
15697,83,"GAB","Gabon",7,"Ogooué-Lolo",27,"Lolo Bouenguidi","","Lolo-Bouenguidi|Koula.","Département","Department"
15698,83,"GAB","Gabon",7,"Ogooué-Lolo",28,"Lombo-Bouenguidi","","Pana","Département","Department"
15699,83,"GAB","Gabon",7,"Ogooué-Lolo",29,"Mouloudnou","","Mouloundou|Latoursville","Département","Department"
15700,83,"GAB","Gabon",8,"Ogooué-Maritime",30,"Bendjé","","Port Gentil","Département","Department"
15701,83,"GAB","Gabon",8,"Ogooué-Maritime",31,"Étimboué","","Omboue","Département","Department"
15702,83,"GAB","Gabon",8,"Ogooué-Maritime",32,"Ndougou","","Gamba","Département","Department"
15703,83,"GAB","Gabon",9,"Wouleu-Ntem",33,"Haut-Como","","Haut-Komo|Medouneu","Département","Department"
15704,83,"GAB","Gabon",9,"Wouleu-Ntem",34,"Haut-Ntem","","Minvoul","Département","Department"
15705,83,"GAB","Gabon",9,"Wouleu-Ntem",35,"Ntem","","Bitam","Département","Department"
15706,83,"GAB","Gabon",9,"Wouleu-Ntem",36,"Okano","","Mitzik","Département","Department"
15707,83,"GAB","Gabon",9,"Wouleu-Ntem",37,"Woleu","","Oyem","Département","Department"
