"PID","ID_0","ISO","NAME_0","ID_1","NAME_1","NL_NAME_1","VARNAME_1","TYPE_1","ENGTYPE_1"
1241,83,"GAB","Gabon",1,"Estuaire","","","Province","Province"
1242,83,"GAB","Gabon",2,"Haut-Ogooué","","","Province","Province"
1243,83,"GAB","Gabon",3,"Moyen-Ogooué","","","Province","Province"
1244,83,"GAB","Gabon",4,"Ngounié","","N'Gounié","Province","Province"
1245,83,"GAB","Gabon",5,"Nyanga","","","Province","Province"
1246,83,"GAB","Gabon",6,"Ogooué-Ivindo","","","Province","Province"
1247,83,"GAB","Gabon",7,"Ogooué-Lolo","","","Province","Province"
1248,83,"GAB","Gabon",8,"Ogooué-Maritime","","","Province","Province"
1249,83,"GAB","Gabon",9,"Wouleu-Ntem","","Woleu-Ntem","Province","Province"
