"PID","ID_0","ISO","NAME_0","ID_1","NAME_1","ID_2","NAME_2","ID_3","NAME_3","NL_NAME_3","VARNAME_3","TYPE_3","ENGTYPE_3"
22065,47,"CHL","Chile",1,"Aisén del General Carlos Ibáñez del Campo",1,"Aisén",1,"Aisen","","","Comuna","Municipality"
22066,47,"CHL","Chile",1,"Aisén del General Carlos Ibáñez del Campo",1,"Aisén",2,"Cisnes","","","Comuna","Municipality"
22067,47,"CHL","Chile",1,"Aisén del General Carlos Ibáñez del Campo",1,"Aisén",3,"Guaitecas","","","Comuna","Municipality"
22068,47,"CHL","Chile",1,"Aisén del General Carlos Ibáñez del Campo",2,"Capitán Prat",4,"Cochrane","","","Comuna","Municipality"
22069,47,"CHL","Chile",1,"Aisén del General Carlos Ibáñez del Campo",2,"Capitán Prat",5,"O'Higgins","","","Comuna","Municipality"
22070,47,"CHL","Chile",1,"Aisén del General Carlos Ibáñez del Campo",2,"Capitán Prat",6,"Tortel","","","Comuna","Municipality"
22071,47,"CHL","Chile",1,"Aisén del General Carlos Ibáñez del Campo",3,"Coihaique",7,"Coihaique","","","Comuna","Municipality"
22072,47,"CHL","Chile",1,"Aisén del General Carlos Ibáñez del Campo",3,"Coihaique",8,"Lago Verde","","","Comuna","Municipality"
22073,47,"CHL","Chile",1,"Aisén del General Carlos Ibáñez del Campo",4,"General Carrera",9,"Chile Chico","","","Comuna","Municipality"
22074,47,"CHL","Chile",1,"Aisén del General Carlos Ibáñez del Campo",4,"General Carrera",10,"Rio Ibanez","","","Comuna","Municipality"
22075,47,"CHL","Chile",2,"Antofagasta",5,"Antofagasta",11,"Antofagasta","","","Comuna","Municipality"
22076,47,"CHL","Chile",2,"Antofagasta",5,"Antofagasta",12,"Mejillones","","","Comuna","Municipality"
22077,47,"CHL","Chile",2,"Antofagasta",5,"Antofagasta",13,"Sierra Gorda","","","Comuna","Municipality"
22078,47,"CHL","Chile",2,"Antofagasta",5,"Antofagasta",14,"Taltal","","","Comuna","Municipality"
22079,47,"CHL","Chile",2,"Antofagasta",6,"El Loa",15,"Calama","","","Comuna","Municipality"
22080,47,"CHL","Chile",2,"Antofagasta",6,"El Loa",16,"Ollague","","","Comuna","Municipality"
22081,47,"CHL","Chile",2,"Antofagasta",6,"El Loa",17,"San Pedro de Atacama","","","Comuna","Municipality"
22082,47,"CHL","Chile",2,"Antofagasta",7,"Tocopilla",18,"Maria Elena","","","Comuna","Municipality"
22083,47,"CHL","Chile",2,"Antofagasta",7,"Tocopilla",19,"Tocopilla","","","Comuna","Municipality"
22084,47,"CHL","Chile",3,"Araucanía",8,"Cautín",20,"Carahue","","","Comuna","Municipality"
22085,47,"CHL","Chile",3,"Araucanía",8,"Cautín",21,"Cunco","","","Comuna","Municipality"
22086,47,"CHL","Chile",3,"Araucanía",8,"Cautín",22,"Curarrehue","","","Comuna","Municipality"
22087,47,"CHL","Chile",3,"Araucanía",8,"Cautín",23,"Freire","","","Comuna","Municipality"
22088,47,"CHL","Chile",3,"Araucanía",8,"Cautín",24,"Galvarino","","","Comuna","Municipality"
22089,47,"CHL","Chile",3,"Araucanía",8,"Cautín",25,"Golbea","","","Comuna","Municipality"
22090,47,"CHL","Chile",3,"Araucanía",8,"Cautín",26,"Lautaro","","","Comuna","Municipality"
22091,47,"CHL","Chile",3,"Araucanía",8,"Cautín",27,"Loncoche","","","Comuna","Municipality"
22092,47,"CHL","Chile",3,"Araucanía",8,"Cautín",28,"Melipeuco","","","Comuna","Municipality"
22093,47,"CHL","Chile",3,"Araucanía",8,"Cautín",29,"Nueva Imperial","","","Comuna","Municipality"
22094,47,"CHL","Chile",3,"Araucanía",8,"Cautín",30,"Perquenco","","","Comuna","Municipality"
22095,47,"CHL","Chile",3,"Araucanía",8,"Cautín",31,"Pitrufquen","","","Comuna","Municipality"
22096,47,"CHL","Chile",3,"Araucanía",8,"Cautín",32,"Pucon","","","Comuna","Municipality"
22097,47,"CHL","Chile",3,"Araucanía",8,"Cautín",33,"Saavedra","","","Comuna","Municipality"
22098,47,"CHL","Chile",3,"Araucanía",8,"Cautín",34,"Temuco","","","Comuna","Municipality"
22099,47,"CHL","Chile",3,"Araucanía",8,"Cautín",35,"Teodoro Schmidt","","","Comuna","Municipality"
22100,47,"CHL","Chile",3,"Araucanía",8,"Cautín",36,"Tolten","","","Comuna","Municipality"
22101,47,"CHL","Chile",3,"Araucanía",8,"Cautín",37,"Vilcun","","","Comuna","Municipality"
22102,47,"CHL","Chile",3,"Araucanía",8,"Cautín",38,"Villarrica","","","Comuna","Municipality"
22103,47,"CHL","Chile",3,"Araucanía",9,"Malleco",39,"Angol","","","Comuna","Municipality"
22104,47,"CHL","Chile",3,"Araucanía",9,"Malleco",40,"Collipulli","","","Comuna","Municipality"
22105,47,"CHL","Chile",3,"Araucanía",9,"Malleco",41,"Curacautin","","","Comuna","Municipality"
22106,47,"CHL","Chile",3,"Araucanía",9,"Malleco",42,"Ercilla","","","Comuna","Municipality"
22107,47,"CHL","Chile",3,"Araucanía",9,"Malleco",43,"Lonquimay","","","Comuna","Municipality"
22108,47,"CHL","Chile",3,"Araucanía",9,"Malleco",44,"Los Sauces","","","Comuna","Municipality"
22109,47,"CHL","Chile",3,"Araucanía",9,"Malleco",45,"Lumaco","","","Comuna","Municipality"
22110,47,"CHL","Chile",3,"Araucanía",9,"Malleco",46,"Puren","","","Comuna","Municipality"
22111,47,"CHL","Chile",3,"Araucanía",9,"Malleco",47,"Renaico","","","Comuna","Municipality"
22112,47,"CHL","Chile",3,"Araucanía",9,"Malleco",48,"Traiguen","","","Comuna","Municipality"
22113,47,"CHL","Chile",3,"Araucanía",9,"Malleco",49,"Victoria","","","Comuna","Municipality"
22114,47,"CHL","Chile",4,"Atacama",10,"Chañaral",50,"Chanaral","","","Comuna","Municipality"
22115,47,"CHL","Chile",4,"Atacama",10,"Chañaral",51,"Diego de Almagro","","","Comuna","Municipality"
22116,47,"CHL","Chile",4,"Atacama",11,"Copiapó",52,"Caldera","","","Comuna","Municipality"
22117,47,"CHL","Chile",4,"Atacama",11,"Copiapó",53,"Copiapo","","","Comuna","Municipality"
22118,47,"CHL","Chile",4,"Atacama",11,"Copiapó",54,"Tierra Amarilla","","","Comuna","Municipality"
22119,47,"CHL","Chile",4,"Atacama",12,"Huasco",55,"Alto del Carmen","","","Comuna","Municipality"
22120,47,"CHL","Chile",4,"Atacama",12,"Huasco",56,"Freirina","","","Comuna","Municipality"
22121,47,"CHL","Chile",4,"Atacama",12,"Huasco",57,"Huasco","","","Comuna","Municipality"
22122,47,"CHL","Chile",4,"Atacama",12,"Huasco",58,"Vallenar","","","Comuna","Municipality"
22123,47,"CHL","Chile",5,"Bío-Bío",13,"Arauco",59,"Arauco","","","Comuna","Municipality"
22124,47,"CHL","Chile",5,"Bío-Bío",13,"Arauco",60,"Canete","","","Comuna","Municipality"
22125,47,"CHL","Chile",5,"Bío-Bío",13,"Arauco",61,"Contulmo","","","Comuna","Municipality"
22126,47,"CHL","Chile",5,"Bío-Bío",13,"Arauco",62,"Curanilahue","","","Comuna","Municipality"
22127,47,"CHL","Chile",5,"Bío-Bío",13,"Arauco",63,"Lebu","","","Comuna","Municipality"
22128,47,"CHL","Chile",5,"Bío-Bío",13,"Arauco",64,"Los Alamos","","","Comuna","Municipality"
22129,47,"CHL","Chile",5,"Bío-Bío",13,"Arauco",65,"Tirua","","","Comuna","Municipality"
22130,47,"CHL","Chile",5,"Bío-Bío",14,"Biobío",66,"Antuco","","","Comuna","Municipality"
22131,47,"CHL","Chile",5,"Bío-Bío",14,"Biobío",67,"Cabrero","","","Comuna","Municipality"
22132,47,"CHL","Chile",5,"Bío-Bío",14,"Biobío",68,"Laja","","","Comuna","Municipality"
22133,47,"CHL","Chile",5,"Bío-Bío",14,"Biobío",69,"Los Angeles","","","Comuna","Municipality"
22134,47,"CHL","Chile",5,"Bío-Bío",14,"Biobío",70,"Mulchen","","","Comuna","Municipality"
22135,47,"CHL","Chile",5,"Bío-Bío",14,"Biobío",71,"Nacimiento","","","Comuna","Municipality"
22136,47,"CHL","Chile",5,"Bío-Bío",14,"Biobío",72,"Negrete","","","Comuna","Municipality"
22137,47,"CHL","Chile",5,"Bío-Bío",14,"Biobío",73,"Quilago","","","Comuna","Municipality"
22138,47,"CHL","Chile",5,"Bío-Bío",14,"Biobío",74,"Quillego","","","Comuna","Municipality"
22139,47,"CHL","Chile",5,"Bío-Bío",14,"Biobío",75,"Rosendo","","","Comuna","Municipality"
22140,47,"CHL","Chile",5,"Bío-Bío",14,"Biobío",76,"Santa Barbara","","","Comuna","Municipality"
22141,47,"CHL","Chile",5,"Bío-Bío",14,"Biobío",77,"Tucapel","","","Comuna","Municipality"
22142,47,"CHL","Chile",5,"Bío-Bío",14,"Biobío",78,"Yumbel","","","Comuna","Municipality"
22143,47,"CHL","Chile",5,"Bío-Bío",15,"Concepción",79,"Concepcion","","","Comuna","Municipality"
22144,47,"CHL","Chile",5,"Bío-Bío",15,"Concepción",80,"Coronel","","","Comuna","Municipality"
22145,47,"CHL","Chile",5,"Bío-Bío",15,"Concepción",81,"Florida","","","Comuna","Municipality"
22146,47,"CHL","Chile",5,"Bío-Bío",15,"Concepción",82,"Hualqui","","","Comuna","Municipality"
22147,47,"CHL","Chile",5,"Bío-Bío",15,"Concepción",83,"Lota","","","Comuna","Municipality"
22148,47,"CHL","Chile",5,"Bío-Bío",15,"Concepción",84,"Penco","","","Comuna","Municipality"
22149,47,"CHL","Chile",5,"Bío-Bío",15,"Concepción",85,"Santa Juana","","","Comuna","Municipality"
22150,47,"CHL","Chile",5,"Bío-Bío",15,"Concepción",86,"Talcahuano","","","Comuna","Municipality"
22151,47,"CHL","Chile",5,"Bío-Bío",15,"Concepción",87,"Tome","","","Comuna","Municipality"
22152,47,"CHL","Chile",5,"Bío-Bío",16,"Ñuble",88,"Bulnes","","","Comuna","Municipality"
22153,47,"CHL","Chile",5,"Bío-Bío",16,"Ñuble",89,"Chillan","","","Comuna","Municipality"
22154,47,"CHL","Chile",5,"Bío-Bío",16,"Ñuble",90,"Cobquecura","","","Comuna","Municipality"
22155,47,"CHL","Chile",5,"Bío-Bío",16,"Ñuble",91,"Coelemu","","","Comuna","Municipality"
22156,47,"CHL","Chile",5,"Bío-Bío",16,"Ñuble",92,"Coihueco","","","Comuna","Municipality"
22157,47,"CHL","Chile",5,"Bío-Bío",16,"Ñuble",93,"El Carmen","","","Comuna","Municipality"
22158,47,"CHL","Chile",5,"Bío-Bío",16,"Ñuble",94,"Ninhue","","","Comuna","Municipality"
22159,47,"CHL","Chile",5,"Bío-Bío",16,"Ñuble",95,"Niquen","","","Comuna","Municipality"
22160,47,"CHL","Chile",5,"Bío-Bío",16,"Ñuble",96,"Pemuco","","","Comuna","Municipality"
22161,47,"CHL","Chile",5,"Bío-Bío",16,"Ñuble",97,"Pinto","","","Comuna","Municipality"
22162,47,"CHL","Chile",5,"Bío-Bío",16,"Ñuble",98,"Portezuelo","","","Comuna","Municipality"
22163,47,"CHL","Chile",5,"Bío-Bío",16,"Ñuble",99,"Quillon","","","Comuna","Municipality"
22164,47,"CHL","Chile",5,"Bío-Bío",16,"Ñuble",100,"Quirihue","","","Comuna","Municipality"
22165,47,"CHL","Chile",5,"Bío-Bío",16,"Ñuble",101,"Ranquil","","","Comuna","Municipality"
22166,47,"CHL","Chile",5,"Bío-Bío",16,"Ñuble",102,"San Carlos","","","Comuna","Municipality"
22167,47,"CHL","Chile",5,"Bío-Bío",16,"Ñuble",103,"San Fabian","","","Comuna","Municipality"
22168,47,"CHL","Chile",5,"Bío-Bío",16,"Ñuble",104,"San Ignacio","","","Comuna","Municipality"
22169,47,"CHL","Chile",5,"Bío-Bío",16,"Ñuble",105,"San Nicolas","","","Comuna","Municipality"
22170,47,"CHL","Chile",5,"Bío-Bío",16,"Ñuble",106,"Trehuaco","","","Comuna","Municipality"
22171,47,"CHL","Chile",5,"Bío-Bío",16,"Ñuble",107,"Yungay","","","Comuna","Municipality"
22172,47,"CHL","Chile",6,"Coquimbo",17,"Choapa",108,"Illapel","","","Comuna","Municipality"
22173,47,"CHL","Chile",6,"Coquimbo",17,"Choapa",109,"Los Vilos","","","Comuna","Municipality"
22174,47,"CHL","Chile",6,"Coquimbo",17,"Choapa",110,"Mincha","","","Comuna","Municipality"
22175,47,"CHL","Chile",6,"Coquimbo",17,"Choapa",111,"Salamanca","","","Comuna","Municipality"
22176,47,"CHL","Chile",6,"Coquimbo",18,"Elqui",112,"Andacollo","","","Comuna","Municipality"
22177,47,"CHL","Chile",6,"Coquimbo",18,"Elqui",113,"Coquimbo","","","Comuna","Municipality"
22178,47,"CHL","Chile",6,"Coquimbo",18,"Elqui",114,"La Higuera","","","Comuna","Municipality"
22179,47,"CHL","Chile",6,"Coquimbo",18,"Elqui",115,"La Serena","","","Comuna","Municipality"
22180,47,"CHL","Chile",6,"Coquimbo",18,"Elqui",116,"Paiguano","","","Comuna","Municipality"
22181,47,"CHL","Chile",6,"Coquimbo",18,"Elqui",117,"Vicuna","","","Comuna","Municipality"
22182,47,"CHL","Chile",6,"Coquimbo",19,"Limarí",118,"Combarbala","","","Comuna","Municipality"
22183,47,"CHL","Chile",6,"Coquimbo",19,"Limarí",119,"Monte Patria","","","Comuna","Municipality"
22184,47,"CHL","Chile",6,"Coquimbo",19,"Limarí",120,"Ovalle","","","Comuna","Municipality"
22185,47,"CHL","Chile",6,"Coquimbo",19,"Limarí",121,"Punitaqui","","","Comuna","Municipality"
22186,47,"CHL","Chile",6,"Coquimbo",19,"Limarí",122,"Rio Hurtado","","","Comuna","Municipality"
22187,47,"CHL","Chile",7,"Libertador General Bernardo O'Higgins",20,"Cachapoal",123,"Codegua","","","Comuna","Municipality"
22188,47,"CHL","Chile",7,"Libertador General Bernardo O'Higgins",20,"Cachapoal",124,"Coinco","","","Comuna","Municipality"
22189,47,"CHL","Chile",7,"Libertador General Bernardo O'Higgins",20,"Cachapoal",125,"Coltauco","","","Comuna","Municipality"
22190,47,"CHL","Chile",7,"Libertador General Bernardo O'Higgins",20,"Cachapoal",126,"Donihue","","","Comuna","Municipality"
22191,47,"CHL","Chile",7,"Libertador General Bernardo O'Higgins",20,"Cachapoal",127,"Graneros","","","Comuna","Municipality"
22192,47,"CHL","Chile",7,"Libertador General Bernardo O'Higgins",20,"Cachapoal",128,"Las Cabras","","","Comuna","Municipality"
22193,47,"CHL","Chile",7,"Libertador General Bernardo O'Higgins",20,"Cachapoal",129,"Machali","","","Comuna","Municipality"
22194,47,"CHL","Chile",7,"Libertador General Bernardo O'Higgins",20,"Cachapoal",130,"Malloa","","","Comuna","Municipality"
22195,47,"CHL","Chile",7,"Libertador General Bernardo O'Higgins",20,"Cachapoal",131,"Mostazal","","","Comuna","Municipality"
22196,47,"CHL","Chile",7,"Libertador General Bernardo O'Higgins",20,"Cachapoal",132,"Olivar","","","Comuna","Municipality"
22197,47,"CHL","Chile",7,"Libertador General Bernardo O'Higgins",20,"Cachapoal",133,"Peumo","","","Comuna","Municipality"
22198,47,"CHL","Chile",7,"Libertador General Bernardo O'Higgins",20,"Cachapoal",134,"Pichidegua","","","Comuna","Municipality"
22199,47,"CHL","Chile",7,"Libertador General Bernardo O'Higgins",20,"Cachapoal",135,"Quinta de Tilcoco","","","Comuna","Municipality"
22200,47,"CHL","Chile",7,"Libertador General Bernardo O'Higgins",20,"Cachapoal",136,"Rancagua","","","Comuna","Municipality"
22201,47,"CHL","Chile",7,"Libertador General Bernardo O'Higgins",20,"Cachapoal",137,"Rengo","","","Comuna","Municipality"
22202,47,"CHL","Chile",7,"Libertador General Bernardo O'Higgins",20,"Cachapoal",138,"Requinao","","","Comuna","Municipality"
22203,47,"CHL","Chile",7,"Libertador General Bernardo O'Higgins",20,"Cachapoal",139,"San Vicente","","","Comuna","Municipality"
22204,47,"CHL","Chile",7,"Libertador General Bernardo O'Higgins",21,"Cardenal Caro",140,"La Estrella","","","Comuna","Municipality"
22205,47,"CHL","Chile",7,"Libertador General Bernardo O'Higgins",21,"Cardenal Caro",141,"Litueche","","","Comuna","Municipality"
22206,47,"CHL","Chile",7,"Libertador General Bernardo O'Higgins",21,"Cardenal Caro",142,"Marchihue","","","Comuna","Municipality"
22207,47,"CHL","Chile",7,"Libertador General Bernardo O'Higgins",21,"Cardenal Caro",143,"Navidad","","","Comuna","Municipality"
22208,47,"CHL","Chile",7,"Libertador General Bernardo O'Higgins",21,"Cardenal Caro",144,"Paredones","","","Comuna","Municipality"
22209,47,"CHL","Chile",7,"Libertador General Bernardo O'Higgins",21,"Cardenal Caro",145,"Pichilemu","","","Comuna","Municipality"
22210,47,"CHL","Chile",7,"Libertador General Bernardo O'Higgins",22,"Colchagua",146,"Chepica","","","Comuna","Municipality"
22211,47,"CHL","Chile",7,"Libertador General Bernardo O'Higgins",22,"Colchagua",147,"Chimbarongo","","","Comuna","Municipality"
22212,47,"CHL","Chile",7,"Libertador General Bernardo O'Higgins",22,"Colchagua",148,"Lolol","","","Comuna","Municipality"
22213,47,"CHL","Chile",7,"Libertador General Bernardo O'Higgins",22,"Colchagua",149,"Nancagua","","","Comuna","Municipality"
22214,47,"CHL","Chile",7,"Libertador General Bernardo O'Higgins",22,"Colchagua",150,"Palmilla","","","Comuna","Municipality"
22215,47,"CHL","Chile",7,"Libertador General Bernardo O'Higgins",22,"Colchagua",151,"Peralillo","","","Comuna","Municipality"
22216,47,"CHL","Chile",7,"Libertador General Bernardo O'Higgins",22,"Colchagua",152,"Placilla","","","Comuna","Municipality"
22217,47,"CHL","Chile",7,"Libertador General Bernardo O'Higgins",22,"Colchagua",153,"Pumanque","","","Comuna","Municipality"
22218,47,"CHL","Chile",7,"Libertador General Bernardo O'Higgins",22,"Colchagua",154,"San Fernando","","","Comuna","Municipality"
22219,47,"CHL","Chile",7,"Libertador General Bernardo O'Higgins",22,"Colchagua",155,"Santa Cruz","","","Comuna","Municipality"
22220,47,"CHL","Chile",8,"Los Lagos",23,"Chiloé",156,"Ancud","","","Comuna","Municipality"
22221,47,"CHL","Chile",8,"Los Lagos",23,"Chiloé",157,"Castro","","","Comuna","Municipality"
22222,47,"CHL","Chile",8,"Los Lagos",23,"Chiloé",158,"Chonchi","","","Comuna","Municipality"
22223,47,"CHL","Chile",8,"Los Lagos",23,"Chiloé",159,"Curaco de Velez","","","Comuna","Municipality"
22224,47,"CHL","Chile",8,"Los Lagos",23,"Chiloé",160,"Dalcahue","","","Comuna","Municipality"
22225,47,"CHL","Chile",8,"Los Lagos",23,"Chiloé",161,"Puqueldon","","","Comuna","Municipality"
22226,47,"CHL","Chile",8,"Los Lagos",23,"Chiloé",162,"Queilen","","","Comuna","Municipality"
22227,47,"CHL","Chile",8,"Los Lagos",23,"Chiloé",163,"Quellon","","","Comuna","Municipality"
22228,47,"CHL","Chile",8,"Los Lagos",23,"Chiloé",164,"Quemchi","","","Comuna","Municipality"
22229,47,"CHL","Chile",8,"Los Lagos",23,"Chiloé",165,"Quinchao","","","Comuna","Municipality"
22230,47,"CHL","Chile",8,"Los Lagos",24,"Llanquihue",166,"Calbuco","","","Comuna","Municipality"
22231,47,"CHL","Chile",8,"Los Lagos",24,"Llanquihue",167,"Cochamo","","","Comuna","Municipality"
22232,47,"CHL","Chile",8,"Los Lagos",24,"Llanquihue",168,"Fresia","","","Comuna","Municipality"
22233,47,"CHL","Chile",8,"Los Lagos",24,"Llanquihue",169,"Frutillar","","","Comuna","Municipality"
22234,47,"CHL","Chile",8,"Los Lagos",24,"Llanquihue",170,"LLanquihue","","","Comuna","Municipality"
22235,47,"CHL","Chile",8,"Los Lagos",24,"Llanquihue",171,"Los Muermos","","","Comuna","Municipality"
22236,47,"CHL","Chile",8,"Los Lagos",24,"Llanquihue",172,"Maullin","","","Comuna","Municipality"
22237,47,"CHL","Chile",8,"Los Lagos",24,"Llanquihue",173,"Puerto Montt","","","Comuna","Municipality"
22238,47,"CHL","Chile",8,"Los Lagos",24,"Llanquihue",174,"Puerto Varas","","","Comuna","Municipality"
22239,47,"CHL","Chile",8,"Los Lagos",25,"Osorno",175,"Entre Lagos","","","Comuna","Municipality"
22240,47,"CHL","Chile",8,"Los Lagos",25,"Osorno",176,"Osorno","","","Comuna","Municipality"
22241,47,"CHL","Chile",8,"Los Lagos",25,"Osorno",177,"Puerto Octay","","","Comuna","Municipality"
22242,47,"CHL","Chile",8,"Los Lagos",25,"Osorno",178,"Purranque","","","Comuna","Municipality"
22243,47,"CHL","Chile",8,"Los Lagos",25,"Osorno",179,"Rio Negro","","","Comuna","Municipality"
22244,47,"CHL","Chile",8,"Los Lagos",25,"Osorno",180,"San Juan de la Costa","","","Comuna","Municipality"
22245,47,"CHL","Chile",8,"Los Lagos",25,"Osorno",181,"San Pablo","","","Comuna","Municipality"
22246,47,"CHL","Chile",8,"Los Lagos",26,"Palena",182,"Chaiten","","","Comuna","Municipality"
22247,47,"CHL","Chile",8,"Los Lagos",26,"Palena",183,"Futaleufu","","","Comuna","Municipality"
22248,47,"CHL","Chile",8,"Los Lagos",26,"Palena",184,"Hualaihue","","","Comuna","Municipality"
22249,47,"CHL","Chile",8,"Los Lagos",26,"Palena",185,"Palena","","","Comuna","Municipality"
22250,47,"CHL","Chile",8,"Los Lagos",27,"Valdivia",186,"Corral","","","Comuna","Municipality"
22251,47,"CHL","Chile",8,"Los Lagos",27,"Valdivia",187,"Futrono","","","Comuna","Municipality"
22252,47,"CHL","Chile",8,"Los Lagos",27,"Valdivia",188,"Lago Ranco","","","Comuna","Municipality"
22253,47,"CHL","Chile",8,"Los Lagos",27,"Valdivia",189,"Lanco","","","Comuna","Municipality"
22254,47,"CHL","Chile",8,"Los Lagos",27,"Valdivia",190,"Los Lagos","","","Comuna","Municipality"
22255,47,"CHL","Chile",8,"Los Lagos",27,"Valdivia",191,"Mafil","","","Comuna","Municipality"
22256,47,"CHL","Chile",8,"Los Lagos",27,"Valdivia",192,"Mariquina","","","Comuna","Municipality"
22257,47,"CHL","Chile",8,"Los Lagos",27,"Valdivia",193,"Paillaco","","","Comuna","Municipality"
22258,47,"CHL","Chile",8,"Los Lagos",27,"Valdivia",194,"Panguipulli","","","Comuna","Municipality"
22259,47,"CHL","Chile",8,"Los Lagos",27,"Valdivia",195,"Rio Bueno","","","Comuna","Municipality"
22260,47,"CHL","Chile",8,"Los Lagos",27,"Valdivia",196,"Valdivia","","","Comuna","Municipality"
22261,47,"CHL","Chile",9,"Magallanes y Antártica Chilena",28,"Antártica Chilena",197,"Navarino","","","Comuna","Municipality"
22262,47,"CHL","Chile",9,"Magallanes y Antártica Chilena",29,"Capitán Prat",198,"Natales","","","Comuna","Municipality"
22263,47,"CHL","Chile",9,"Magallanes y Antártica Chilena",30,"Chacabuco",199,"n.a. ( 295)","","","Comuna","Municipality"
22264,47,"CHL","Chile",9,"Magallanes y Antártica Chilena",31,"Magallanes",200,"Punta Arenas","","","Comuna","Municipality"
22265,47,"CHL","Chile",9,"Magallanes y Antártica Chilena",31,"Magallanes",201,"Rio Verde","","","Comuna","Municipality"
22266,47,"CHL","Chile",9,"Magallanes y Antártica Chilena",32,"Tierra del Fuego",202,"Primavera","","","Comuna","Municipality"
22267,47,"CHL","Chile",9,"Magallanes y Antártica Chilena",32,"Tierra del Fuego",203,"Timaukel","","","Comuna","Municipality"
22268,47,"CHL","Chile",9,"Magallanes y Antártica Chilena",33,"Última Esperanza",204,"Torres de Paine","","","Comuna","Municipality"
22269,47,"CHL","Chile",10,"Maule",34,"Cauquenes",205,"Cauquenes","","","Comuna","Municipality"
22270,47,"CHL","Chile",10,"Maule",34,"Cauquenes",206,"Chanco","","","Comuna","Municipality"
22271,47,"CHL","Chile",10,"Maule",34,"Cauquenes",207,"Pelluhue","","","Comuna","Municipality"
22272,47,"CHL","Chile",10,"Maule",35,"Curicó",208,"Curico","","","Comuna","Municipality"
22273,47,"CHL","Chile",10,"Maule",35,"Curicó",209,"Hualane","","","Comuna","Municipality"
22274,47,"CHL","Chile",10,"Maule",35,"Curicó",210,"Licanten","","","Comuna","Municipality"
22275,47,"CHL","Chile",10,"Maule",35,"Curicó",211,"Molina","","","Comuna","Municipality"
22276,47,"CHL","Chile",10,"Maule",35,"Curicó",212,"Rauco","","","Comuna","Municipality"
22277,47,"CHL","Chile",10,"Maule",35,"Curicó",213,"Romeral","","","Comuna","Municipality"
22278,47,"CHL","Chile",10,"Maule",35,"Curicó",214,"Sagrada Familia","","","Comuna","Municipality"
22279,47,"CHL","Chile",10,"Maule",35,"Curicó",215,"Teno","","","Comuna","Municipality"
22280,47,"CHL","Chile",10,"Maule",35,"Curicó",216,"Vichuquen","","","Comuna","Municipality"
22281,47,"CHL","Chile",10,"Maule",36,"Linares",217,"Colbun","","","Comuna","Municipality"
22282,47,"CHL","Chile",10,"Maule",36,"Linares",218,"Linares","","","Comuna","Municipality"
22283,47,"CHL","Chile",10,"Maule",36,"Linares",219,"Longavi","","","Comuna","Municipality"
22284,47,"CHL","Chile",10,"Maule",36,"Linares",220,"Parral","","","Comuna","Municipality"
22285,47,"CHL","Chile",10,"Maule",36,"Linares",221,"Retiro","","","Comuna","Municipality"
22286,47,"CHL","Chile",10,"Maule",36,"Linares",222,"San Javier","","","Comuna","Municipality"
22287,47,"CHL","Chile",10,"Maule",36,"Linares",223,"Villa Alegre","","","Comuna","Municipality"
22288,47,"CHL","Chile",10,"Maule",36,"Linares",224,"Yerbas buenas","","","Comuna","Municipality"
22289,47,"CHL","Chile",10,"Maule",37,"Talca",225,"Constitucion","","","Comuna","Municipality"
22290,47,"CHL","Chile",10,"Maule",37,"Talca",226,"Curepto","","","Comuna","Municipality"
22291,47,"CHL","Chile",10,"Maule",37,"Talca",227,"Empedrado","","","Comuna","Municipality"
22292,47,"CHL","Chile",10,"Maule",37,"Talca",228,"Maule","","","Comuna","Municipality"
22293,47,"CHL","Chile",10,"Maule",37,"Talca",229,"Pelarco","","","Comuna","Municipality"
22294,47,"CHL","Chile",10,"Maule",37,"Talca",230,"Pencahue","","","Comuna","Municipality"
22295,47,"CHL","Chile",10,"Maule",37,"Talca",231,"Rio Claro","","","Comuna","Municipality"
22296,47,"CHL","Chile",10,"Maule",37,"Talca",232,"San Clemente","","","Comuna","Municipality"
22297,47,"CHL","Chile",10,"Maule",37,"Talca",233,"Talca","","","Comuna","Municipality"
22298,47,"CHL","Chile",11,"Región Metropolitana de Santiago",38,"Chacabuco",234,"Colina","","","Comuna","Municipality"
22299,47,"CHL","Chile",11,"Región Metropolitana de Santiago",38,"Chacabuco",235,"n.a. ( 70)","","","Comuna","Municipality"
22300,47,"CHL","Chile",11,"Región Metropolitana de Santiago",39,"Cordillera",236,"Pirque","","","Comuna","Municipality"
22301,47,"CHL","Chile",11,"Región Metropolitana de Santiago",39,"Cordillera",237,"Puente Alto","","","Comuna","Municipality"
22302,47,"CHL","Chile",11,"Región Metropolitana de Santiago",39,"Cordillera",238,"San Jode de Maipo","","","Comuna","Municipality"
22303,47,"CHL","Chile",11,"Región Metropolitana de Santiago",40,"Maipo",239,"Buin","","","Comuna","Municipality"
22304,47,"CHL","Chile",11,"Región Metropolitana de Santiago",40,"Maipo",240,"Calera de Tango","","","Comuna","Municipality"
22305,47,"CHL","Chile",11,"Región Metropolitana de Santiago",40,"Maipo",241,"Paine","","","Comuna","Municipality"
22306,47,"CHL","Chile",11,"Región Metropolitana de Santiago",40,"Maipo",242,"San Bernardo","","","Comuna","Municipality"
22307,47,"CHL","Chile",11,"Región Metropolitana de Santiago",41,"Melipilla",243,"Alhue","","","Comuna","Municipality"
22308,47,"CHL","Chile",11,"Región Metropolitana de Santiago",41,"Melipilla",244,"Curacavi","","","Comuna","Municipality"
22309,47,"CHL","Chile",11,"Región Metropolitana de Santiago",41,"Melipilla",245,"Maria Pinto","","","Comuna","Municipality"
22310,47,"CHL","Chile",11,"Región Metropolitana de Santiago",41,"Melipilla",246,"Melipilla","","","Comuna","Municipality"
22311,47,"CHL","Chile",11,"Región Metropolitana de Santiago",41,"Melipilla",247,"San Pedro","","","Comuna","Municipality"
22312,47,"CHL","Chile",11,"Región Metropolitana de Santiago",42,"Santiago",248,"Santiago","","","Comuna","Municipality"
22313,47,"CHL","Chile",11,"Región Metropolitana de Santiago",43,"Talagante",249,"El Monte","","","Comuna","Municipality"
22314,47,"CHL","Chile",11,"Región Metropolitana de Santiago",43,"Talagante",250,"Isla de Maipo","","","Comuna","Municipality"
22315,47,"CHL","Chile",11,"Región Metropolitana de Santiago",43,"Talagante",251,"Penaflor","","","Comuna","Municipality"
22316,47,"CHL","Chile",11,"Región Metropolitana de Santiago",43,"Talagante",252,"Talagante","","","Comuna","Municipality"
22317,47,"CHL","Chile",12,"Tarapacá",44,"Arica",253,"Arica","","","Comuna","Municipality"
22318,47,"CHL","Chile",12,"Tarapacá",44,"Arica",254,"Camarones","","","Comuna","Municipality"
22319,47,"CHL","Chile",12,"Tarapacá",45,"Iquique",255,"Camina","","","Comuna","Municipality"
22320,47,"CHL","Chile",12,"Tarapacá",45,"Iquique",256,"Colchane","","","Comuna","Municipality"
22321,47,"CHL","Chile",12,"Tarapacá",45,"Iquique",257,"Huara","","","Comuna","Municipality"
22322,47,"CHL","Chile",12,"Tarapacá",45,"Iquique",258,"Iquique","","","Comuna","Municipality"
22323,47,"CHL","Chile",12,"Tarapacá",45,"Iquique",259,"Pica","","","Comuna","Municipality"
22324,47,"CHL","Chile",12,"Tarapacá",45,"Iquique",260,"Pozo Almonte","","","Comuna","Municipality"
22325,47,"CHL","Chile",12,"Tarapacá",46,"Parinacota",261,"General Lagos","","","Comuna","Municipality"
22326,47,"CHL","Chile",12,"Tarapacá",46,"Parinacota",262,"Putre","","","Comuna","Municipality"
22327,47,"CHL","Chile",13,"Valparaíso",47,"ísla de Pascua",263,"Ocean Islands","","","Comuna","Municipality"
22328,47,"CHL","Chile",13,"Valparaíso",48,"Los Andes",264,"Calle Larga","","","Comuna","Municipality"
22329,47,"CHL","Chile",13,"Valparaíso",48,"Los Andes",265,"Los Andes","","","Comuna","Municipality"
22330,47,"CHL","Chile",13,"Valparaíso",48,"Los Andes",266,"Rinconada","","","Comuna","Municipality"
22331,47,"CHL","Chile",13,"Valparaíso",48,"Los Andes",267,"San Esteban","","","Comuna","Municipality"
22332,47,"CHL","Chile",13,"Valparaíso",49,"Petorca",268,"Cabildo","","","Comuna","Municipality"
22333,47,"CHL","Chile",13,"Valparaíso",49,"Petorca",269,"La Ligua","","","Comuna","Municipality"
22334,47,"CHL","Chile",13,"Valparaíso",49,"Petorca",270,"Papudo","","","Comuna","Municipality"
22335,47,"CHL","Chile",13,"Valparaíso",49,"Petorca",271,"Petorca","","","Comuna","Municipality"
22336,47,"CHL","Chile",13,"Valparaíso",49,"Petorca",272,"Zapallar","","","Comuna","Municipality"
22337,47,"CHL","Chile",13,"Valparaíso",50,"Quillota",273,"Calera","","","Comuna","Municipality"
22338,47,"CHL","Chile",13,"Valparaíso",50,"Quillota",274,"Hijuelas","","","Comuna","Municipality"
22339,47,"CHL","Chile",13,"Valparaíso",50,"Quillota",275,"La Cruz","","","Comuna","Municipality"
22340,47,"CHL","Chile",13,"Valparaíso",50,"Quillota",276,"Limache","","","Comuna","Municipality"
22341,47,"CHL","Chile",13,"Valparaíso",50,"Quillota",277,"Nogales","","","Comuna","Municipality"
22342,47,"CHL","Chile",13,"Valparaíso",50,"Quillota",278,"Olmue","","","Comuna","Municipality"
22343,47,"CHL","Chile",13,"Valparaíso",50,"Quillota",279,"Quillota","","","Comuna","Municipality"
22344,47,"CHL","Chile",13,"Valparaíso",51,"San Antonio",280,"Algarrobo","","","Comuna","Municipality"
22345,47,"CHL","Chile",13,"Valparaíso",51,"San Antonio",281,"Cartagena","","","Comuna","Municipality"
22346,47,"CHL","Chile",13,"Valparaíso",51,"San Antonio",282,"El Quisco","","","Comuna","Municipality"
22347,47,"CHL","Chile",13,"Valparaíso",51,"San Antonio",283,"El Tabo","","","Comuna","Municipality"
22348,47,"CHL","Chile",13,"Valparaíso",51,"San Antonio",284,"San Antonio","","","Comuna","Municipality"
22349,47,"CHL","Chile",13,"Valparaíso",51,"San Antonio",285,"Santo Domingo","","","Comuna","Municipality"
22350,47,"CHL","Chile",13,"Valparaíso",52,"San Felipe de Aconcagua",286,"Catemu","","","Comuna","Municipality"
22351,47,"CHL","Chile",13,"Valparaíso",52,"San Felipe de Aconcagua",287,"Llaillay","","","Comuna","Municipality"
22352,47,"CHL","Chile",13,"Valparaíso",52,"San Felipe de Aconcagua",288,"Panquehue","","","Comuna","Municipality"
22353,47,"CHL","Chile",13,"Valparaíso",52,"San Felipe de Aconcagua",289,"Putaendo","","","Comuna","Municipality"
22354,47,"CHL","Chile",13,"Valparaíso",52,"San Felipe de Aconcagua",290,"San Felipe","","","Comuna","Municipality"
22355,47,"CHL","Chile",13,"Valparaíso",52,"San Felipe de Aconcagua",291,"Santa Maria","","","Comuna","Municipality"
22356,47,"CHL","Chile",13,"Valparaíso",53,"Valparaíso",292,"Casa Blanca","","","Comuna","Municipality"
22357,47,"CHL","Chile",13,"Valparaíso",53,"Valparaíso",293,"Puchuncavi","","","Comuna","Municipality"
22358,47,"CHL","Chile",13,"Valparaíso",53,"Valparaíso",294,"Quilpue","","","Comuna","Municipality"
22359,47,"CHL","Chile",13,"Valparaíso",53,"Valparaíso",295,"Quintero","","","Comuna","Municipality"
22360,47,"CHL","Chile",13,"Valparaíso",53,"Valparaíso",296,"Valparaiso","","","Comuna","Municipality"
22361,47,"CHL","Chile",13,"Valparaíso",53,"Valparaíso",297,"Villa Alemana","","","Comuna","Municipality"
22362,47,"CHL","Chile",13,"Valparaíso",53,"Valparaíso",298,"Vina del Mar","","","Comuna","Municipality"
