"PID","ID_0","ISO","NAME_0","ID_1","NAME_1","NL_NAME_1","VARNAME_1","TYPE_1","ENGTYPE_1"
1369,97,"GNB","Guinea-Bissau",1,"Bafatá","","","Região","Region"
1370,97,"GNB","Guinea-Bissau",2,"Biombo","","","Região","Region"
1371,97,"GNB","Guinea-Bissau",3,"Bissau","","","Sector Autónomo","Autonomous Sector"
1372,97,"GNB","Guinea-Bissau",4,"Bolama","","Bolama-Bijagcs","Região","Region"
1373,97,"GNB","Guinea-Bissau",5,"Cacheu","","","Região","Region"
1374,97,"GNB","Guinea-Bissau",6,"Gabú","","","Região","Region"
1375,97,"GNB","Guinea-Bissau",7,"Oio","","","Região","Region"
1376,97,"GNB","Guinea-Bissau",8,"Quinara","","Buba","Região","Region"
1377,97,"GNB","Guinea-Bissau",9,"Tombali","","","Região","Region"
