"PID","ID_0","ISO","NAME_0","ID_1","NAME_1","ID_2","NAME_2","NL_NAME_2","VARNAME_2","TYPE_2","ENGTYPE_2"
16417,97,"GNB","Guinea-Bissau",1,"Bafatá",1,"Bafata","","","Sector","Sector"
16418,97,"GNB","Guinea-Bissau",1,"Bafatá",2,"Bambadinca","","","Sector","Sector"
16419,97,"GNB","Guinea-Bissau",1,"Bafatá",3,"Contuboel","","","Sector","Sector"
16420,97,"GNB","Guinea-Bissau",1,"Bafatá",4,"Galomaro","","","Sector","Sector"
16421,97,"GNB","Guinea-Bissau",1,"Bafatá",5,"Gamamundo","","","Sector","Sector"
16422,97,"GNB","Guinea-Bissau",1,"Bafatá",6,"Xitole","","","Sector","Sector"
16423,97,"GNB","Guinea-Bissau",2,"Biombo",7,"Prabis","","","Sector","Sector"
16424,97,"GNB","Guinea-Bissau",2,"Biombo",8,"Quinhamel","","","Sector","Sector"
16425,97,"GNB","Guinea-Bissau",2,"Biombo",9,"Safim","","","Sector","Sector"
16426,97,"GNB","Guinea-Bissau",3,"Bissau",10,"Bissau","","","Sector","Sector"
16427,97,"GNB","Guinea-Bissau",4,"Bolama",11,"Bolama","","","Sector","Sector"
16428,97,"GNB","Guinea-Bissau",4,"Bolama",12,"Bubaque","","","Sector","Sector"
16429,97,"GNB","Guinea-Bissau",4,"Bolama",13,"Caravela","","Uno","Sector","Sector"
16430,97,"GNB","Guinea-Bissau",5,"Cacheu",14,"Bigene","","","Sector","Sector"
16431,97,"GNB","Guinea-Bissau",5,"Cacheu",15,"Bula","","","Sector","Sector"
16432,97,"GNB","Guinea-Bissau",5,"Cacheu",16,"Cacheu","","","Sector","Sector"
16433,97,"GNB","Guinea-Bissau",5,"Cacheu",17,"Caio","","","Sector","Sector"
16434,97,"GNB","Guinea-Bissau",5,"Cacheu",18,"Canghungo","","","Sector","Sector"
16435,97,"GNB","Guinea-Bissau",5,"Cacheu",19,"Sao Domingos","","","Sector","Sector"
16436,97,"GNB","Guinea-Bissau",6,"Gabú",20,"Boe","","","Sector","Sector"
16437,97,"GNB","Guinea-Bissau",6,"Gabú",21,"Gabu","","","Sector","Sector"
16438,97,"GNB","Guinea-Bissau",6,"Gabú",22,"Piche","","","Sector","Sector"
16439,97,"GNB","Guinea-Bissau",6,"Gabú",23,"Pirada","","","Sector","Sector"
16440,97,"GNB","Guinea-Bissau",6,"Gabú",24,"Sonaco","","","Sector","Sector"
16441,97,"GNB","Guinea-Bissau",7,"Oio",25,"Bissora","","","Sector","Sector"
16442,97,"GNB","Guinea-Bissau",7,"Oio",26,"Farim","","","Sector","Sector"
16443,97,"GNB","Guinea-Bissau",7,"Oio",27,"Mansaba","","","Sector","Sector"
16444,97,"GNB","Guinea-Bissau",7,"Oio",28,"Mansoa","","","Sector","Sector"
16445,97,"GNB","Guinea-Bissau",7,"Oio",29,"Nhacra","","","Sector","Sector"
16446,97,"GNB","Guinea-Bissau",8,"Quinara",30,"Buba","","","Sector","Sector"
16447,97,"GNB","Guinea-Bissau",8,"Quinara",31,"Empada","","","Sector","Sector"
16448,97,"GNB","Guinea-Bissau",8,"Quinara",32,"Fulacunda","","Buba","Sector","Sector"
16449,97,"GNB","Guinea-Bissau",8,"Quinara",33,"Tite","","","Sector","Sector"
16450,97,"GNB","Guinea-Bissau",9,"Tombali",34,"Bedanda","","","Sector","Sector"
16451,97,"GNB","Guinea-Bissau",9,"Tombali",35,"Cacine","","","Sector","Sector"
16452,97,"GNB","Guinea-Bissau",9,"Tombali",36,"Catio","","Tombali","Sector","Sector"
16453,97,"GNB","Guinea-Bissau",9,"Tombali",37,"Quebo","","","Sector","Sector"
