"PID","ID_0","ISO","NAME_0","ID_1","NAME_1","NL_NAME_1","VARNAME_1","TYPE_1","ENGTYPE_1"
1631,113,"JAM","Jamaica",1,"Clarendon","","","Parish","Parish"
1632,113,"JAM","Jamaica",2,"Hanover","","","Parish","Parish"
1633,113,"JAM","Jamaica",3,"Kingston","","Kingston and Port Royal","Parish","Parish"
1634,113,"JAM","Jamaica",4,"Manchester","","","Parish","Parish"
1635,113,"JAM","Jamaica",5,"Portland","","","Parish","Parish"
1636,113,"JAM","Jamaica",6,"Saint Andrew","","","Parish","Parish"
1637,113,"JAM","Jamaica",7,"Saint Ann","","","Parish","Parish"
1638,113,"JAM","Jamaica",8,"Saint Catherine","","","Parish","Parish"
1639,113,"JAM","Jamaica",9,"Saint Elizabeth","","","Parish","Parish"
1640,113,"JAM","Jamaica",10,"Saint James","","","Parish","Parish"
1641,113,"JAM","Jamaica",11,"Saint Mary","","","Parish","Parish"
1642,113,"JAM","Jamaica",12,"Saint Thomas","","","Parish","Parish"
1643,113,"JAM","Jamaica",13,"Trelawny","","","Parish","Parish"
1644,113,"JAM","Jamaica",14,"Westmoreland","","","Parish","Parish"
