"PID","ID_0","ISO","NAME_0","ID_1","NAME_1","ID_2","NAME_2","NL_NAME_2","VARNAME_2","TYPE_2","ENGTYPE_2"
25694,173,"PAN","Panama",1,"Bocas del Toro",1,"Bocas del Toro","","","Distrito","District"
25695,173,"PAN","Panama",1,"Bocas del Toro",2,"Changuinola","","","Distrito","District"
25696,173,"PAN","Panama",1,"Bocas del Toro",3,"Chiriquí Grande","","","Distrito","District"
25697,173,"PAN","Panama",2,"Chiriquí",4,"Alanje","","","Distrito","District"
25698,173,"PAN","Panama",2,"Chiriquí",5,"Barú","","","Distrito","District"
25699,173,"PAN","Panama",2,"Chiriquí",6,"Boquerón","","","Distrito","District"
25700,173,"PAN","Panama",2,"Chiriquí",7,"Boquete","","","Distrito","District"
25701,173,"PAN","Panama",2,"Chiriquí",8,"Bugaba","","","Distrito","District"
25702,173,"PAN","Panama",2,"Chiriquí",9,"David","","","Distrito","District"
25703,173,"PAN","Panama",2,"Chiriquí",10,"Dolega","","","Distrito","District"
25704,173,"PAN","Panama",2,"Chiriquí",11,"Gualaca","","","Distrito","District"
25705,173,"PAN","Panama",2,"Chiriquí",12,"Remedios","","","Distrito","District"
25706,173,"PAN","Panama",2,"Chiriquí",13,"Renacimiento","","","Distrito","District"
25707,173,"PAN","Panama",2,"Chiriquí",14,"San Félix","","","Distrito","District"
25708,173,"PAN","Panama",2,"Chiriquí",15,"San Lorenzo","","","Distrito","District"
25709,173,"PAN","Panama",2,"Chiriquí",16,"Tolé","","","Distrito","District"
25710,173,"PAN","Panama",3,"Coclé",17,"Aguadulce","","","Distrito","District"
25711,173,"PAN","Panama",3,"Coclé",18,"Antón","","","Distrito","District"
25712,173,"PAN","Panama",3,"Coclé",19,"La Pintada","","","Distrito","District"
26667,173,"PAN","Panama",3,"Coclé",20,"Natá","","","Distrito","District"
26668,173,"PAN","Panama",3,"Coclé",21,"Olá","","","Distrito","District"
26669,173,"PAN","Panama",3,"Coclé",22,"Penonomé","","","Distrito","District"
26670,173,"PAN","Panama",4,"Colón",23,"Chagres","","","Distrito","District"
26671,173,"PAN","Panama",4,"Colón",24,"Colón","","","Distrito","District"
26672,173,"PAN","Panama",4,"Colón",25,"Donoso","","","Distrito","District"
26673,173,"PAN","Panama",4,"Colón",26,"Portobelo","","","Distrito","District"
26674,173,"PAN","Panama",4,"Colón",27,"Santa Isabel","","","Distrito","District"
26675,173,"PAN","Panama",4,"Colón",28,"Waterbody","","","Water body","Water body"
26676,173,"PAN","Panama",5,"Darién",29,"Chepigana","","","Distrito","District"
26677,173,"PAN","Panama",5,"Darién",30,"Pinogana","","","Comarca Indígena","Indigenous Territory"
26678,173,"PAN","Panama",6,"Emberá",31,"Cémaco","","","Distrito","District"
26679,173,"PAN","Panama",6,"Emberá",32,"Sambú","","","Distrito","District"
26680,173,"PAN","Panama",7,"Herrera",33,"Chitré","","","Distrito","District"
26681,173,"PAN","Panama",7,"Herrera",34,"Las Minas","","","Distrito","District"
26682,173,"PAN","Panama",7,"Herrera",35,"Los Pozos","","","Distrito","District"
26683,173,"PAN","Panama",7,"Herrera",36,"Ocú","","","Distrito","District"
26684,173,"PAN","Panama",7,"Herrera",37,"Parita","","","Distrito","District"
26685,173,"PAN","Panama",7,"Herrera",38,"Pesé","","","Distrito","District"
26686,173,"PAN","Panama",7,"Herrera",39,"Santa María","","","Distrito","District"
26687,173,"PAN","Panama",8,"Kuna Yala",40,"Kuna Yala","","","Comarca Indígena","Indigenous Territory"
26688,173,"PAN","Panama",9,"Los Santos",41,"Guararé","","","Distrito","District"
26689,173,"PAN","Panama",9,"Los Santos",42,"Las Tablas","","","Distrito","District"
26690,173,"PAN","Panama",9,"Los Santos",43,"Los Santos","","","Distrito","District"
26691,173,"PAN","Panama",9,"Los Santos",44,"Macaracas","","","Distrito","District"
26692,173,"PAN","Panama",9,"Los Santos",45,"Pedasí","","","Distrito","District"
26693,173,"PAN","Panama",9,"Los Santos",46,"Pocrí","","","Distrito","District"
26694,173,"PAN","Panama",9,"Los Santos",47,"Tonosí","","","Distrito","District"
26695,173,"PAN","Panama",10,"Ngöbe Buglé",48,"Besiko","","","Distrito","District"
26696,173,"PAN","Panama",10,"Ngöbe Buglé",49,"Kankintú","","","Distrito","District"
26697,173,"PAN","Panama",10,"Ngöbe Buglé",50,"Kusapín","","","Distrito","District"
26698,173,"PAN","Panama",10,"Ngöbe Buglé",51,"Mironó","","","Distrito","District"
26699,173,"PAN","Panama",10,"Ngöbe Buglé",52,"Müna","","","Distrito","District"
26700,173,"PAN","Panama",10,"Ngöbe Buglé",53,"Nole Duima","","","Distrito","District"
26701,173,"PAN","Panama",10,"Ngöbe Buglé",54,"Ñürüm","","","Distrito","District"
26702,173,"PAN","Panama",11,"Panamá",55,"Arraiján","","","Distrito","District"
26703,173,"PAN","Panama",11,"Panamá",56,"Balboa","","","Distrito","District"
26704,173,"PAN","Panama",11,"Panamá",57,"Capira","","","Distrito","District"
26705,173,"PAN","Panama",11,"Panamá",58,"Chame","","","Distrito","District"
26706,173,"PAN","Panama",11,"Panamá",59,"Chepo","","","Comarca Indígena","Indigenous Territory"
26707,173,"PAN","Panama",11,"Panamá",60,"Chimán","","","Distrito","District"
26708,173,"PAN","Panama",11,"Panamá",61,"La Chorrera","","","Distrito","District"
26709,173,"PAN","Panama",11,"Panamá",62,"Panamá","","","Distrito","District"
26710,173,"PAN","Panama",11,"Panamá",63,"San Carlos","","","Distrito","District"
26711,173,"PAN","Panama",11,"Panamá",64,"San Miguelito","","","Distrito","District"
26712,173,"PAN","Panama",11,"Panamá",65,"Taboga","","","Distrito","District"
26713,173,"PAN","Panama",11,"Panamá",66,"Waterbody","","","Water body","Water body"
26714,173,"PAN","Panama",12,"Veraguas",67,"Atalaya","","","Distrito","District"
26715,173,"PAN","Panama",12,"Veraguas",68,"Calobre","","","Distrito","District"
26716,173,"PAN","Panama",12,"Veraguas",69,"Cañazas","","","Distrito","District"
26717,173,"PAN","Panama",12,"Veraguas",70,"La Mesa","","","Distrito","District"
26718,173,"PAN","Panama",12,"Veraguas",71,"Las Palmas","","","Distrito","District"
26719,173,"PAN","Panama",12,"Veraguas",72,"Montijo","","","Distrito","District"
26720,173,"PAN","Panama",12,"Veraguas",73,"Río de Jesús","","","Distrito","District"
26721,173,"PAN","Panama",12,"Veraguas",74,"San Francisco","","","Distrito","District"
26722,173,"PAN","Panama",12,"Veraguas",75,"Santa Fe","","","Distrito","District"
26723,173,"PAN","Panama",12,"Veraguas",76,"Santiago","","","Distrito","District"
26724,173,"PAN","Panama",12,"Veraguas",77,"Soná","","","Distrito","District"
