"PID","ID_0","ISO","NAME_0","ID_1","NAME_1","NL_NAME_1","VARNAME_1","TYPE_1","ENGTYPE_1"
524,173,"PAN","Panama",1,"Bocas del Toro","","","Provincia","Province"
525,173,"PAN","Panama",2,"Chiriquí","","","Provincia","Province"
526,173,"PAN","Panama",3,"Coclé","","","Provincia","Province"
811,173,"PAN","Panama",4,"Colón","","","Provincia","Province"
812,173,"PAN","Panama",5,"Darién","","","Provincia","Province"
813,173,"PAN","Panama",6,"Emberá","","Emberá-Wounaan","Comarca Indígena","Indigenous Territory"
814,173,"PAN","Panama",7,"Herrera","","","Provincia","Province"
815,173,"PAN","Panama",8,"Kuna Yala","","","Comarca Indígena","Indigenous Territory"
816,173,"PAN","Panama",9,"Los Santos","","","Provincia","Province"
817,173,"PAN","Panama",10,"Ngöbe Buglé","","","Comarca Indígena","Indigenous Territory"
818,173,"PAN","Panama",11,"Panamá","","Panam ","Provincia","Province"
819,173,"PAN","Panama",12,"Veraguas","","","Provincia","Province"
