"PID","ID_0","ISO","NAME_0","ID_1","NAME_1","ID_2","NAME_2","ID_3","NAME_3","NL_NAME_3","VARNAME_3","TYPE_3","ENGTYPE_3"
45405,173,"PAN","Panama",9,"Los Santos",42,"Las Tablas",285,"El Pedregoso","","","Corregimiento","Municipality"
45406,173,"PAN","Panama",9,"Los Santos",42,"Las Tablas",286,"La Laja","","","Corregimiento","Municipality"
45407,173,"PAN","Panama",9,"Los Santos",42,"Las Tablas",287,"La Miel","","","Corregimiento","Municipality"
45408,173,"PAN","Panama",9,"Los Santos",42,"Las Tablas",288,"La Palma","","","Corregimiento","Municipality"
45409,173,"PAN","Panama",9,"Los Santos",42,"Las Tablas",289,"La Tiza","","","Corregimiento","Municipality"
45410,173,"PAN","Panama",9,"Los Santos",42,"Las Tablas",290,"Las Palmitas","","","Corregimiento","Municipality"
45411,173,"PAN","Panama",9,"Los Santos",42,"Las Tablas",291,"Las Tablas Abajo","","","Corregimiento","Municipality"
45412,173,"PAN","Panama",9,"Los Santos",42,"Las Tablas",292,"Las Tablas","","","Corregimiento","Municipality"
45413,173,"PAN","Panama",9,"Los Santos",42,"Las Tablas",293,"Nuario","","","Corregimiento","Municipality"
45414,173,"PAN","Panama",9,"Los Santos",42,"Las Tablas",294,"Palmira","","","Corregimiento","Municipality"
45415,173,"PAN","Panama",9,"Los Santos",42,"Las Tablas",295,"Peña Blanca","","","Corregimiento","Municipality"
45416,173,"PAN","Panama",9,"Los Santos",42,"Las Tablas",296,"Río Hondo","","","Corregimiento","Municipality"
45417,173,"PAN","Panama",9,"Los Santos",42,"Las Tablas",297,"San José","","","Corregimiento","Municipality"
45418,173,"PAN","Panama",9,"Los Santos",42,"Las Tablas",298,"San Miguel","","","Corregimiento","Municipality"
45419,173,"PAN","Panama",9,"Los Santos",42,"Las Tablas",299,"Santo Domingo","","","Corregimiento","Municipality"
45420,173,"PAN","Panama",9,"Los Santos",42,"Las Tablas",300,"Sesteadero","","","Corregimiento","Municipality"
45421,173,"PAN","Panama",9,"Los Santos",42,"Las Tablas",301,"Valle Rico","","","Corregimiento","Municipality"
45422,173,"PAN","Panama",9,"Los Santos",42,"Las Tablas",302,"Vallerriquito","","","Corregimiento","Municipality"
45423,173,"PAN","Panama",9,"Los Santos",43,"Los Santos",303,"Agua Buena","","","Corregimiento","Municipality"
45424,173,"PAN","Panama",9,"Los Santos",44,"Macaracas",323,"La Mesa","","","Corregimiento","Municipality"
45425,173,"PAN","Panama",9,"Los Santos",44,"Macaracas",324,"Las Palmas","","","Corregimiento","Municipality"
45426,173,"PAN","Panama",9,"Los Santos",44,"Macaracas",325,"Llano de Piedra","","","Corregimiento","Municipality"
45427,173,"PAN","Panama",9,"Los Santos",44,"Macaracas",326,"Macaracas","","","Corregimiento","Municipality"
45428,173,"PAN","Panama",9,"Los Santos",44,"Macaracas",327,"Mogollón","","","Corregimiento","Municipality"
45429,173,"PAN","Panama",9,"Los Santos",45,"Pedasí",328,"Los Asientos","","","Corregimiento","Municipality"
45430,173,"PAN","Panama",9,"Los Santos",45,"Pedasí",329,"Mariabé","","","Corregimiento","Municipality"
45431,173,"PAN","Panama",9,"Los Santos",45,"Pedasí",330,"Oria Arriba","","","Corregimiento","Municipality"
45432,173,"PAN","Panama",9,"Los Santos",45,"Pedasí",331,"Pedasí","","","Corregimiento","Municipality"
45433,173,"PAN","Panama",9,"Los Santos",45,"Pedasí",332,"Purio","","","Corregimiento","Municipality"
45434,173,"PAN","Panama",9,"Los Santos",46,"Pocrí",333,"El Cañafístulo","","","Corregimiento","Municipality"
45435,173,"PAN","Panama",9,"Los Santos",46,"Pocrí",334,"Lajamina","","","Corregimiento","Municipality"
45436,173,"PAN","Panama",9,"Los Santos",46,"Pocrí",335,"Paraíso","","","Corregimiento","Municipality"
45437,173,"PAN","Panama",9,"Los Santos",46,"Pocrí",336,"Paritilla","","","Corregimiento","Municipality"
45438,173,"PAN","Panama",9,"Los Santos",46,"Pocrí",337,"Pocrí","","","Corregimiento","Municipality"
45439,173,"PAN","Panama",9,"Los Santos",47,"Tonosí",338,"Altos de Güera","","","Corregimiento","Municipality"
45440,173,"PAN","Panama",9,"Los Santos",47,"Tonosí",339,"Cambutal","","","Corregimiento","Municipality"
45441,173,"PAN","Panama",9,"Los Santos",47,"Tonosí",340,"Cañas","","","Corregimiento","Municipality"
45442,173,"PAN","Panama",9,"Los Santos",47,"Tonosí",341,"El Bebedero","","","Corregimiento","Municipality"
45443,173,"PAN","Panama",9,"Los Santos",47,"Tonosí",342,"El Cacao","","","Corregimiento","Municipality"
49561,173,"PAN","Panama",1,"Bocas del Toro",1,"Bocas del Toro",1,"Bastimentos","","","Corregimiento","Municipality"
49562,173,"PAN","Panama",1,"Bocas del Toro",1,"Bocas del Toro",2,"Bocas del Toro","","","Corregimiento","Municipality"
49563,173,"PAN","Panama",1,"Bocas del Toro",1,"Bocas del Toro",3,"Cauchero","","","Corregimiento","Municipality"
49564,173,"PAN","Panama",1,"Bocas del Toro",1,"Bocas del Toro",4,"Punta Laurel","","","Corregimiento","Municipality"
49565,173,"PAN","Panama",1,"Bocas del Toro",1,"Bocas del Toro",5,"Tierra Oscura","","","Corregimiento","Municipality"
49566,173,"PAN","Panama",1,"Bocas del Toro",2,"Changuinola",6,"Almirante","","","Corregimiento","Municipality"
49567,173,"PAN","Panama",1,"Bocas del Toro",2,"Changuinola",7,"Changuinola","","","Corregimiento","Municipality"
49568,173,"PAN","Panama",1,"Bocas del Toro",2,"Changuinola",8,"Guabito","","","Corregimiento","Municipality"
49569,173,"PAN","Panama",1,"Bocas del Toro",2,"Changuinola",9,"Teribe","","","Corregimiento","Municipality"
49570,173,"PAN","Panama",1,"Bocas del Toro",2,"Changuinola",10,"Valle del Risco","","","Corregimiento","Municipality"
49571,173,"PAN","Panama",1,"Bocas del Toro",3,"Chiriquí Grande",11,"Chiriquí Grande","","","Corregimiento","Municipality"
49572,173,"PAN","Panama",1,"Bocas del Toro",3,"Chiriquí Grande",12,"Miramar","","","Corregimiento","Municipality"
49573,173,"PAN","Panama",1,"Bocas del Toro",3,"Chiriquí Grande",13,"Punta Peña","","","Corregimiento","Municipality"
49574,173,"PAN","Panama",1,"Bocas del Toro",3,"Chiriquí Grande",14,"Punta Robalo","","","Corregimiento","Municipality"
49575,173,"PAN","Panama",1,"Bocas del Toro",3,"Chiriquí Grande",15,"Rambala","","","Corregimiento","Municipality"
49576,173,"PAN","Panama",2,"Chiriquí",4,"Alanje",16,"Alanje","","","Corregimiento","Municipality"
49577,173,"PAN","Panama",2,"Chiriquí",4,"Alanje",17,"Divalá","","","Corregimiento","Municipality"
49578,173,"PAN","Panama",2,"Chiriquí",4,"Alanje",18,"El Tejar","","","Corregimiento","Municipality"
49579,173,"PAN","Panama",2,"Chiriquí",4,"Alanje",19,"Guarumal","","","Corregimiento","Municipality"
49580,173,"PAN","Panama",2,"Chiriquí",4,"Alanje",20,"Palo Grande","","","Corregimiento","Municipality"
49581,173,"PAN","Panama",2,"Chiriquí",4,"Alanje",21,"Querévalo","","","Corregimiento","Municipality"
49582,173,"PAN","Panama",2,"Chiriquí",4,"Alanje",22,"Santo Tomás","","","Corregimiento","Municipality"
49583,173,"PAN","Panama",2,"Chiriquí",5,"Barú",23,"Baco","","","Corregimiento","Municipality"
49584,173,"PAN","Panama",2,"Chiriquí",5,"Barú",24,"Limones","","","Corregimiento","Municipality"
49585,173,"PAN","Panama",2,"Chiriquí",5,"Barú",25,"Progreso","","","Corregimiento","Municipality"
49586,173,"PAN","Panama",2,"Chiriquí",5,"Barú",26,"Puerto Armuelles","","","Corregimiento","Municipality"
49587,173,"PAN","Panama",2,"Chiriquí",5,"Barú",27,"Rodolfo Aguilar Delgado","","","Corregimiento","Municipality"
49588,173,"PAN","Panama",2,"Chiriquí",6,"Boquerón",28,"Bágala","","","Corregimiento","Municipality"
49589,173,"PAN","Panama",2,"Chiriquí",6,"Boquerón",29,"Boquerón","","","Corregimiento","Municipality"
49590,173,"PAN","Panama",2,"Chiriquí",6,"Boquerón",30,"Cordillera","","","Corregimiento","Municipality"
49591,173,"PAN","Panama",2,"Chiriquí",6,"Boquerón",31,"Guabal","","","Corregimiento","Municipality"
49592,173,"PAN","Panama",2,"Chiriquí",6,"Boquerón",32,"Guayabal","","","Corregimiento","Municipality"
49593,173,"PAN","Panama",2,"Chiriquí",6,"Boquerón",33,"Paraíso","","","Corregimiento","Municipality"
49594,173,"PAN","Panama",2,"Chiriquí",6,"Boquerón",34,"Pedregal","","","Corregimiento","Municipality"
49595,173,"PAN","Panama",2,"Chiriquí",6,"Boquerón",35,"Tijeras","","","Corregimiento","Municipality"
49596,173,"PAN","Panama",2,"Chiriquí",7,"Boquete",36,"Alto Boquete","","","Corregimiento","Municipality"
49597,173,"PAN","Panama",2,"Chiriquí",7,"Boquete",37,"Bajo Boquete","","","Corregimiento","Municipality"
49598,173,"PAN","Panama",2,"Chiriquí",7,"Boquete",38,"Caldera","","","Corregimiento","Municipality"
49599,173,"PAN","Panama",2,"Chiriquí",7,"Boquete",39,"Jaramillo","","","Corregimiento","Municipality"
49600,173,"PAN","Panama",2,"Chiriquí",7,"Boquete",40,"Los Naranjos","","","Corregimiento","Municipality"
49601,173,"PAN","Panama",2,"Chiriquí",7,"Boquete",41,"Palmira","","","Corregimiento","Municipality"
49602,173,"PAN","Panama",2,"Chiriquí",8,"Bugaba",42,"Aserrío de Gariché","","","Corregimiento","Municipality"
49603,173,"PAN","Panama",2,"Chiriquí",8,"Bugaba",43,"Bugaba","","","Corregimiento","Municipality"
49604,173,"PAN","Panama",2,"Chiriquí",8,"Bugaba",44,"Cerro Punta","","","Corregimiento","Municipality"
49605,173,"PAN","Panama",2,"Chiriquí",8,"Bugaba",45,"El Bongo","","","Corregimiento","Municipality"
49606,173,"PAN","Panama",2,"Chiriquí",8,"Bugaba",46,"Gómez","","","Corregimiento","Municipality"
49607,173,"PAN","Panama",2,"Chiriquí",8,"Bugaba",47,"La Concepción","","","Corregimiento","Municipality"
49608,173,"PAN","Panama",2,"Chiriquí",8,"Bugaba",48,"La Estrella","","","Corregimiento","Municipality"
49609,173,"PAN","Panama",2,"Chiriquí",8,"Bugaba",49,"San Andrés","","","Corregimiento","Municipality"
49610,173,"PAN","Panama",2,"Chiriquí",8,"Bugaba",50,"Santa Marta","","","Corregimiento","Municipality"
49611,173,"PAN","Panama",2,"Chiriquí",8,"Bugaba",51,"Santa Rosa","","","Corregimiento","Municipality"
49612,173,"PAN","Panama",2,"Chiriquí",8,"Bugaba",52,"Santo Domingo","","","Corregimiento","Municipality"
49613,173,"PAN","Panama",2,"Chiriquí",8,"Bugaba",53,"Sortová","","","Corregimiento","Municipality"
49614,173,"PAN","Panama",2,"Chiriquí",8,"Bugaba",54,"Volcán","","","Corregimiento","Municipality"
49615,173,"PAN","Panama",2,"Chiriquí",9,"David",55,"Bijagual","","","Corregimiento","Municipality"
49616,173,"PAN","Panama",2,"Chiriquí",9,"David",56,"Chiriquí","","","Corregimiento","Municipality"
49617,173,"PAN","Panama",2,"Chiriquí",9,"David",57,"Cochea","","","Corregimiento","Municipality"
49618,173,"PAN","Panama",2,"Chiriquí",9,"David",58,"David","","","Corregimiento","Municipality"
49619,173,"PAN","Panama",2,"Chiriquí",9,"David",59,"Guacá","","","Corregimiento","Municipality"
49620,173,"PAN","Panama",2,"Chiriquí",9,"David",60,"Las Lomas","","","Corregimiento","Municipality"
49621,173,"PAN","Panama",2,"Chiriquí",9,"David",61,"Pedregal","","","Corregimiento","Municipality"
49622,173,"PAN","Panama",2,"Chiriquí",9,"David",62,"San Carlos","","","Corregimiento","Municipality"
49623,173,"PAN","Panama",2,"Chiriquí",9,"David",63,"San Pablo Nuevo","","","Corregimiento","Municipality"
49624,173,"PAN","Panama",2,"Chiriquí",9,"David",64,"San Pablo Viejo","","","Corregimiento","Municipality"
49625,173,"PAN","Panama",2,"Chiriquí",10,"Dolega",65,"Dolega","","","Corregimiento","Municipality"
49626,173,"PAN","Panama",2,"Chiriquí",10,"Dolega",66,"Dos Ríos","","","Corregimiento","Municipality"
49627,173,"PAN","Panama",2,"Chiriquí",10,"Dolega",67,"Los Anastacios","","","Corregimiento","Municipality"
49628,173,"PAN","Panama",2,"Chiriquí",10,"Dolega",68,"Potrerillos Abajo","","","Corregimiento","Municipality"
49629,173,"PAN","Panama",2,"Chiriquí",10,"Dolega",69,"Potrerillos","","","Corregimiento","Municipality"
49630,173,"PAN","Panama",2,"Chiriquí",10,"Dolega",70,"Rovira","","","Corregimiento","Municipality"
49631,173,"PAN","Panama",2,"Chiriquí",10,"Dolega",71,"Tinajas","","","Corregimiento","Municipality"
49632,173,"PAN","Panama",2,"Chiriquí",11,"Gualaca",72,"Gualaca","","","Corregimiento","Municipality"
49633,173,"PAN","Panama",2,"Chiriquí",11,"Gualaca",73,"Hornito","","","Corregimiento","Municipality"
49634,173,"PAN","Panama",2,"Chiriquí",11,"Gualaca",74,"Los Angeles","","","Corregimiento","Municipality"
49635,173,"PAN","Panama",2,"Chiriquí",11,"Gualaca",75,"Paja de Sombrero","","","Corregimiento","Municipality"
49636,173,"PAN","Panama",2,"Chiriquí",11,"Gualaca",76,"Rincón","","","Corregimiento","Municipality"
49637,173,"PAN","Panama",2,"Chiriquí",12,"Remedios",77,"El Nancito","","","Corregimiento","Municipality"
49638,173,"PAN","Panama",2,"Chiriquí",12,"Remedios",78,"El Porvenir","","","Corregimiento","Municipality"
49639,173,"PAN","Panama",2,"Chiriquí",12,"Remedios",79,"El Puerto","","","Corregimiento","Municipality"
49640,173,"PAN","Panama",2,"Chiriquí",12,"Remedios",80,"Remedios","","","Corregimiento","Municipality"
49641,173,"PAN","Panama",2,"Chiriquí",12,"Remedios",81,"Santa Lucía","","","Corregimiento","Municipality"
49642,173,"PAN","Panama",2,"Chiriquí",13,"Renacimiento",82,"Breñón","","","Corregimiento","Municipality"
49643,173,"PAN","Panama",2,"Chiriquí",13,"Renacimiento",83,"Cañas Gordas","","","Corregimiento","Municipality"
49644,173,"PAN","Panama",2,"Chiriquí",13,"Renacimiento",84,"Monte Lirio","","","Corregimiento","Municipality"
49645,173,"PAN","Panama",2,"Chiriquí",13,"Renacimiento",85,"Plaza Caisán","","","Corregimiento","Municipality"
49646,173,"PAN","Panama",2,"Chiriquí",13,"Renacimiento",86,"Río Sereno","","","Corregimiento","Municipality"
49647,173,"PAN","Panama",2,"Chiriquí",13,"Renacimiento",87,"Santa Cruz","","","Corregimiento","Municipality"
49648,173,"PAN","Panama",2,"Chiriquí",14,"San Félix",88,"Juay","","","Corregimiento","Municipality"
49649,173,"PAN","Panama",2,"Chiriquí",14,"San Félix",89,"La Lajas","","","Corregimiento","Municipality"
49650,173,"PAN","Panama",2,"Chiriquí",14,"San Félix",90,"Lajas Adentro","","","Corregimiento","Municipality"
49651,173,"PAN","Panama",2,"Chiriquí",14,"San Félix",91,"San Félix","","","Corregimiento","Municipality"
49652,173,"PAN","Panama",2,"Chiriquí",14,"San Félix",92,"Santa Cruz","","","Corregimiento","Municipality"
49653,173,"PAN","Panama",2,"Chiriquí",15,"San Lorenzo",93,"Boca Chica","","","Corregimiento","Municipality"
49654,173,"PAN","Panama",2,"Chiriquí",15,"San Lorenzo",94,"Boca del Monte","","","Corregimiento","Municipality"
49655,173,"PAN","Panama",2,"Chiriquí",15,"San Lorenzo",95,"Horconcitos","","","Corregimiento","Municipality"
49656,173,"PAN","Panama",2,"Chiriquí",15,"San Lorenzo",96,"San Juan","","","Corregimiento","Municipality"
49657,173,"PAN","Panama",2,"Chiriquí",15,"San Lorenzo",97,"San Lorenzo","","","Corregimiento","Municipality"
49658,173,"PAN","Panama",2,"Chiriquí",16,"Tolé",98,"Bella Vista","","","Corregimiento","Municipality"
49659,173,"PAN","Panama",2,"Chiriquí",16,"Tolé",99,"Cerro Viejo","","","Corregimiento","Municipality"
49660,173,"PAN","Panama",2,"Chiriquí",16,"Tolé",100,"El Cristo","","","Corregimiento","Municipality"
49661,173,"PAN","Panama",2,"Chiriquí",16,"Tolé",101,"Justo Fidel Palacios","","","Corregimiento","Municipality"
49662,173,"PAN","Panama",2,"Chiriquí",16,"Tolé",102,"Lajas de Tolé","","","Corregimiento","Municipality"
49663,173,"PAN","Panama",2,"Chiriquí",16,"Tolé",103,"Potrero de Caña","","","Corregimiento","Municipality"
49664,173,"PAN","Panama",2,"Chiriquí",16,"Tolé",104,"Quebrada de Piedra","","","Corregimiento","Municipality"
49665,173,"PAN","Panama",2,"Chiriquí",16,"Tolé",105,"Tolé","","","Corregimiento","Municipality"
49666,173,"PAN","Panama",2,"Chiriquí",16,"Tolé",106,"Veladero","","","Corregimiento","Municipality"
49667,173,"PAN","Panama",3,"Coclé",17,"Aguadulce",107,"Aguadulce","","","Corregimiento","Municipality"
49668,173,"PAN","Panama",3,"Coclé",17,"Aguadulce",108,"Barrios Unidos","","","Corregimiento","Municipality"
49669,173,"PAN","Panama",3,"Coclé",17,"Aguadulce",109,"El Cristo","","","Corregimiento","Municipality"
49670,173,"PAN","Panama",3,"Coclé",17,"Aguadulce",110,"El Roble","","","Corregimiento","Municipality"
49671,173,"PAN","Panama",3,"Coclé",17,"Aguadulce",111,"Pocrí","","","Corregimiento","Municipality"
49672,173,"PAN","Panama",3,"Coclé",18,"Antón",112,"Antón","","","Corregimiento","Municipality"
49673,173,"PAN","Panama",3,"Coclé",18,"Antón",113,"Caballero","","","Corregimiento","Municipality"
49674,173,"PAN","Panama",3,"Coclé",18,"Antón",114,"Cabuya","","","Corregimiento","Municipality"
49675,173,"PAN","Panama",3,"Coclé",18,"Antón",115,"El Chirú","","","Corregimiento","Municipality"
49676,173,"PAN","Panama",3,"Coclé",18,"Antón",116,"El Retiro","","","Corregimiento","Municipality"
49677,173,"PAN","Panama",3,"Coclé",18,"Antón",117,"El Valle","","","Corregimiento","Municipality"
49678,173,"PAN","Panama",3,"Coclé",18,"Antón",118,"Juan Diaz","","","Corregimiento","Municipality"
49679,173,"PAN","Panama",3,"Coclé",18,"Antón",119,"Río Hato","","","Corregimiento","Municipality"
49680,173,"PAN","Panama",3,"Coclé",18,"Antón",120,"San Juan de Dios","","","Corregimiento","Municipality"
49681,173,"PAN","Panama",3,"Coclé",18,"Antón",121,"Santa Rita","","","Corregimiento","Municipality"
49682,173,"PAN","Panama",3,"Coclé",19,"La Pintada",122,"El Harino","","","Corregimiento","Municipality"
49683,173,"PAN","Panama",3,"Coclé",19,"La Pintada",123,"El Potrero","","","Corregimiento","Municipality"
49684,173,"PAN","Panama",3,"Coclé",19,"La Pintada",124,"La Pintada","","","Corregimiento","Municipality"
49685,173,"PAN","Panama",3,"Coclé",19,"La Pintada",125,"Las Lomas","","","Corregimiento","Municipality"
49686,173,"PAN","Panama",3,"Coclé",19,"La Pintada",126,"Llano Grande","","","Corregimiento","Municipality"
49687,173,"PAN","Panama",3,"Coclé",19,"La Pintada",127,"Piedras Gordas","","","Corregimiento","Municipality"
49688,173,"PAN","Panama",3,"Coclé",20,"Natá",128,"Capellania","","","Corregimiento","Municipality"
49689,173,"PAN","Panama",3,"Coclé",20,"Natá",129,"El Caño","","","Corregimiento","Municipality"
49690,173,"PAN","Panama",3,"Coclé",20,"Natá",130,"Guzmán","","","Corregimiento","Municipality"
49691,173,"PAN","Panama",3,"Coclé",20,"Natá",131,"Las Huacas","","","Corregimiento","Municipality"
49692,173,"PAN","Panama",3,"Coclé",20,"Natá",132,"Natá","","","Corregimiento","Municipality"
49693,173,"PAN","Panama",3,"Coclé",20,"Natá",133,"Toza","","","Corregimiento","Municipality"
49694,173,"PAN","Panama",3,"Coclé",21,"Olá",134,"El Copé","","","Corregimiento","Municipality"
49695,173,"PAN","Panama",3,"Coclé",21,"Olá",135,"El Palmar","","","Corregimiento","Municipality"
49696,173,"PAN","Panama",3,"Coclé",21,"Olá",136,"El Picacho","","","Corregimiento","Municipality"
49697,173,"PAN","Panama",3,"Coclé",21,"Olá",137,"La Pava","","","Corregimiento","Municipality"
49698,173,"PAN","Panama",3,"Coclé",21,"Olá",138,"Olá","","","Corregimiento","Municipality"
49699,173,"PAN","Panama",3,"Coclé",22,"Penonomé",139,"Cañaveral","","","Corregimiento","Municipality"
49700,173,"PAN","Panama",3,"Coclé",22,"Penonomé",140,"Chiguirí Arriba","","","Corregimiento","Municipality"
49701,173,"PAN","Panama",3,"Coclé",22,"Penonomé",141,"Coclé","","","Corregimiento","Municipality"
49702,173,"PAN","Panama",3,"Coclé",22,"Penonomé",142,"El Coco","","","Corregimiento","Municipality"
49703,173,"PAN","Panama",3,"Coclé",22,"Penonomé",143,"Pajonal","","","Corregimiento","Municipality"
49704,173,"PAN","Panama",3,"Coclé",22,"Penonomé",144,"Penonomé","","","Corregimiento","Municipality"
49705,173,"PAN","Panama",3,"Coclé",22,"Penonomé",145,"Río Grande","","","Corregimiento","Municipality"
49706,173,"PAN","Panama",3,"Coclé",22,"Penonomé",146,"Río Indio","","","Corregimiento","Municipality"
49707,173,"PAN","Panama",3,"Coclé",22,"Penonomé",147,"Toabré","","","Corregimiento","Municipality"
49708,173,"PAN","Panama",3,"Coclé",22,"Penonomé",148,"Tulu","","","Corregimiento","Municipality"
49709,173,"PAN","Panama",4,"Colón",23,"Chagres",149,"Achiote","","","Corregimiento","Municipality"
49710,173,"PAN","Panama",4,"Colón",23,"Chagres",150,"El Guabo","","","Corregimiento","Municipality"
49711,173,"PAN","Panama",4,"Colón",23,"Chagres",151,"La Encantada","","","Corregimiento","Municipality"
49712,173,"PAN","Panama",4,"Colón",23,"Chagres",152,"Nuevo Chagres","","","Corregimiento","Municipality"
49713,173,"PAN","Panama",4,"Colón",23,"Chagres",153,"Palmas Bellas","","","Corregimiento","Municipality"
49714,173,"PAN","Panama",4,"Colón",23,"Chagres",154,"Piña","","","Corregimiento","Municipality"
49715,173,"PAN","Panama",4,"Colón",23,"Chagres",155,"Salud","","","Corregimiento","Municipality"
49716,173,"PAN","Panama",4,"Colón",24,"Colón",156,"Barrio Norte","","","Corregimiento","Municipality"
49717,173,"PAN","Panama",4,"Colón",24,"Colón",157,"Barrio Sur","","","Corregimiento","Municipality"
49718,173,"PAN","Panama",4,"Colón",24,"Colón",158,"Buena Vista","","","Corregimiento","Municipality"
49719,173,"PAN","Panama",4,"Colón",24,"Colón",159,"Cativá","","","Corregimiento","Municipality"
49720,173,"PAN","Panama",4,"Colón",24,"Colón",160,"Ciricito","","","Corregimiento","Municipality"
49721,173,"PAN","Panama",4,"Colón",24,"Colón",161,"Cristóbal","","","Corregimiento","Municipality"
49722,173,"PAN","Panama",4,"Colón",24,"Colón",162,"Escobal","","","Corregimiento","Municipality"
49723,173,"PAN","Panama",4,"Colón",24,"Colón",163,"Limón","","","Corregimiento","Municipality"
49724,173,"PAN","Panama",4,"Colón",24,"Colón",164,"Nueva Providencia","","","Corregimiento","Municipality"
49725,173,"PAN","Panama",4,"Colón",24,"Colón",165,"Puerto Pilón","","","Corregimiento","Municipality"
49726,173,"PAN","Panama",4,"Colón",24,"Colón",166,"Sabanitas","","","Corregimiento","Municipality"
49727,173,"PAN","Panama",4,"Colón",24,"Colón",167,"Salamanca","","","Corregimiento","Municipality"
49728,173,"PAN","Panama",4,"Colón",24,"Colón",168,"San Juan","","","Corregimiento","Municipality"
49729,173,"PAN","Panama",4,"Colón",24,"Colón",169,"Santa Rosa","","","Corregimiento","Municipality"
49730,173,"PAN","Panama",4,"Colón",25,"Donoso",170,"Coclé del Norte","","","Corregimiento","Municipality"
49731,173,"PAN","Panama",4,"Colón",25,"Donoso",171,"El Guásimo","","","Corregimiento","Municipality"
49732,173,"PAN","Panama",4,"Colón",25,"Donoso",172,"Gobea","","","Corregimiento","Municipality"
49733,173,"PAN","Panama",4,"Colón",25,"Donoso",173,"Miguel de la Borda","","","Corregimiento","Municipality"
49734,173,"PAN","Panama",4,"Colón",25,"Donoso",174,"Río Indio","","","Corregimiento","Municipality"
49735,173,"PAN","Panama",4,"Colón",25,"Donoso",175,"San José del General","","","Corregimiento","Municipality"
49736,173,"PAN","Panama",4,"Colón",26,"Portobelo",176,"Cacique","","","Corregimiento","Municipality"
49737,173,"PAN","Panama",4,"Colón",26,"Portobelo",177,"Garrote","","","Corregimiento","Municipality"
49738,173,"PAN","Panama",4,"Colón",26,"Portobelo",178,"Isla Grande","","","Corregimiento","Municipality"
49739,173,"PAN","Panama",4,"Colón",26,"Portobelo",179,"María Chiquita","","","Corregimiento","Municipality"
49740,173,"PAN","Panama",4,"Colón",26,"Portobelo",180,"Portobelo","","","Corregimiento","Municipality"
49741,173,"PAN","Panama",4,"Colón",27,"Santa Isabel",181,"Cuango","","","Corregimiento","Municipality"
49742,173,"PAN","Panama",4,"Colón",27,"Santa Isabel",182,"Miramar","","","Corregimiento","Municipality"
49743,173,"PAN","Panama",4,"Colón",27,"Santa Isabel",183,"Nombre de Dios","","","Corregimiento","Municipality"
49744,173,"PAN","Panama",4,"Colón",27,"Santa Isabel",184,"Palenque","","","Corregimiento","Municipality"
49745,173,"PAN","Panama",4,"Colón",27,"Santa Isabel",185,"Palmira","","","Corregimiento","Municipality"
49746,173,"PAN","Panama",4,"Colón",27,"Santa Isabel",186,"Playa Chiquita","","","Corregimiento","Municipality"
49747,173,"PAN","Panama",4,"Colón",27,"Santa Isabel",187,"Santa Isabel","","","Corregimiento","Municipality"
49748,173,"PAN","Panama",4,"Colón",27,"Santa Isabel",188,"Viento Frío","","","Corregimiento","Municipality"
49749,173,"PAN","Panama",4,"Colón",28,"Waterbody",189,"Waterbody","","","Water body","Water body"
49750,173,"PAN","Panama",5,"Darién",29,"Chepigana",190,"Agua Fría","","","Corregimiento","Municipality"
49751,173,"PAN","Panama",5,"Darién",29,"Chepigana",191,"Camogantí","","","Corregimiento","Municipality"
49752,173,"PAN","Panama",5,"Darién",29,"Chepigana",192,"Chepigana","","","Corregimiento","Municipality"
49753,173,"PAN","Panama",5,"Darién",29,"Chepigana",193,"Cucunatí","","","Corregimiento","Municipality"
49754,173,"PAN","Panama",5,"Darién",29,"Chepigana",194,"Garachiné","","","Corregimiento","Municipality"
49755,173,"PAN","Panama",5,"Darién",29,"Chepigana",195,"Jaqué","","","Corregimiento","Municipality"
49756,173,"PAN","Panama",5,"Darién",29,"Chepigana",196,"La Palma","","","Corregimiento","Municipality"
49757,173,"PAN","Panama",5,"Darién",29,"Chepigana",197,"Puerto Piña","","","Corregimiento","Municipality"
49758,173,"PAN","Panama",5,"Darién",29,"Chepigana",198,"Río Congo Arriba","","","Corregimiento","Municipality"
49759,173,"PAN","Panama",5,"Darién",29,"Chepigana",199,"Río Congo","","","Corregimiento","Municipality"
49760,173,"PAN","Panama",5,"Darién",29,"Chepigana",200,"Río Iglesias","","","Corregimiento","Municipality"
49761,173,"PAN","Panama",5,"Darién",29,"Chepigana",201,"Sambú","","","Corregimiento","Municipality"
49762,173,"PAN","Panama",5,"Darién",29,"Chepigana",202,"Santa Fé","","","Corregimiento","Municipality"
49763,173,"PAN","Panama",5,"Darién",29,"Chepigana",203,"Setegantí","","","Corregimiento","Municipality"
49764,173,"PAN","Panama",5,"Darién",29,"Chepigana",204,"Taimatí","","","Corregimiento","Municipality"
49765,173,"PAN","Panama",5,"Darién",29,"Chepigana",205,"Tucutí","","","Corregimiento","Municipality"
49766,173,"PAN","Panama",5,"Darién",30,"Pinogana",206,"Boca de Cupé","","","Corregimiento","Municipality"
49767,173,"PAN","Panama",5,"Darién",30,"Pinogana",207,"El Real de Santa María","","","Corregimiento","Municipality"
49768,173,"PAN","Panama",5,"Darién",30,"Pinogana",208,"Kuna de Wargandí","","","Comarca Indígena","Indigenous Territory"
49769,173,"PAN","Panama",5,"Darién",30,"Pinogana",209,"Metetí","","","Corregimiento","Municipality"
49770,173,"PAN","Panama",5,"Darién",30,"Pinogana",210,"Paya","","","Corregimiento","Municipality"
49771,173,"PAN","Panama",5,"Darién",30,"Pinogana",211,"Pinogana","","","Corregimiento","Municipality"
49772,173,"PAN","Panama",5,"Darién",30,"Pinogana",212,"Púcuro","","","Corregimiento","Municipality"
49773,173,"PAN","Panama",5,"Darién",30,"Pinogana",213,"Yape","","","Corregimiento","Municipality"
49774,173,"PAN","Panama",5,"Darién",30,"Pinogana",214,"Yaviza","","","Corregimiento","Municipality"
49775,173,"PAN","Panama",6,"Emberá",31,"Cémaco",215,"Cirilo Guainora","","","Corregimiento","Municipality"
49776,173,"PAN","Panama",6,"Emberá",31,"Cémaco",216,"Lajas Blancas","","","Corregimiento","Municipality"
49777,173,"PAN","Panama",6,"Emberá",31,"Cémaco",217,"Manuel Ortega","","","Corregimiento","Municipality"
49778,173,"PAN","Panama",6,"Emberá",32,"Sambú",218,"Jingurudó","","","Corregimiento","Municipality"
49779,173,"PAN","Panama",6,"Emberá",32,"Sambú",219,"Río Sábalo","","","Corregimiento","Municipality"
49780,173,"PAN","Panama",7,"Herrera",33,"Chitré",220,"Chitré","","","Corregimiento","Municipality"
49781,173,"PAN","Panama",7,"Herrera",33,"Chitré",221,"La Arena","","","Corregimiento","Municipality"
49782,173,"PAN","Panama",7,"Herrera",33,"Chitré",222,"Llano Bonito","","","Corregimiento","Municipality"
49783,173,"PAN","Panama",7,"Herrera",33,"Chitré",223,"Monagrillo","","","Corregimiento","Municipality"
49784,173,"PAN","Panama",7,"Herrera",33,"Chitré",224,"San Juan Bautista","","","Corregimiento","Municipality"
49785,173,"PAN","Panama",7,"Herrera",34,"Las Minas",225,"Chepo","","","Corregimiento","Municipality"
49786,173,"PAN","Panama",7,"Herrera",34,"Las Minas",226,"Chumical","","","Corregimiento","Municipality"
49787,173,"PAN","Panama",7,"Herrera",34,"Las Minas",227,"El Toro","","","Corregimiento","Municipality"
49788,173,"PAN","Panama",7,"Herrera",34,"Las Minas",228,"Las Minas","","","Corregimiento","Municipality"
49789,173,"PAN","Panama",7,"Herrera",34,"Las Minas",229,"Leones","","","Corregimiento","Municipality"
49790,173,"PAN","Panama",7,"Herrera",34,"Las Minas",230,"Quebrada del Rosario","","","Corregimiento","Municipality"
49791,173,"PAN","Panama",7,"Herrera",35,"Los Pozos",231,"Capurí","","","Corregimiento","Municipality"
49792,173,"PAN","Panama",7,"Herrera",35,"Los Pozos",232,"El Calabacito","","","Corregimiento","Municipality"
49793,173,"PAN","Panama",7,"Herrera",35,"Los Pozos",233,"El Cedro","","","Corregimiento","Municipality"
49794,173,"PAN","Panama",7,"Herrera",35,"Los Pozos",234,"La Arena","","","Corregimiento","Municipality"
49795,173,"PAN","Panama",7,"Herrera",35,"Los Pozos",235,"La Pitalosa","","","Corregimiento","Municipality"
49796,173,"PAN","Panama",7,"Herrera",35,"Los Pozos",236,"Los Cerritos","","","Corregimiento","Municipality"
49797,173,"PAN","Panama",7,"Herrera",35,"Los Pozos",237,"Los Cerros de Paja","","","Corregimiento","Municipality"
49798,173,"PAN","Panama",7,"Herrera",35,"Los Pozos",238,"Los Pozos","","","Corregimiento","Municipality"
49799,173,"PAN","Panama",7,"Herrera",36,"Ocú",239,"Cerro Largo","","","Corregimiento","Municipality"
49800,173,"PAN","Panama",7,"Herrera",36,"Ocú",240,"El Tijera","","","Corregimiento","Municipality"
49801,173,"PAN","Panama",7,"Herrera",36,"Ocú",241,"Llano Grande","","","Corregimiento","Municipality"
49802,173,"PAN","Panama",7,"Herrera",36,"Ocú",242,"Los Llanos","","","Corregimiento","Municipality"
49803,173,"PAN","Panama",7,"Herrera",36,"Ocú",243,"Ocú","","","Corregimiento","Municipality"
49804,173,"PAN","Panama",7,"Herrera",36,"Ocú",244,"Peñas Chatas","","","Corregimiento","Municipality"
49805,173,"PAN","Panama",7,"Herrera",37,"Parita",245,"Cabuya","","","Corregimiento","Municipality"
49806,173,"PAN","Panama",7,"Herrera",37,"Parita",246,"Llano de la Cruz","","","Corregimiento","Municipality"
49807,173,"PAN","Panama",7,"Herrera",37,"Parita",247,"Los Castillos","","","Corregimiento","Municipality"
49808,173,"PAN","Panama",7,"Herrera",37,"Parita",248,"París","","","Corregimiento","Municipality"
49809,173,"PAN","Panama",7,"Herrera",37,"Parita",249,"Parita","","","Corregimiento","Municipality"
49810,173,"PAN","Panama",7,"Herrera",37,"Parita",250,"Portobelillo","","","Corregimiento","Municipality"
49811,173,"PAN","Panama",7,"Herrera",37,"Parita",251,"Potuga","","","Corregimiento","Municipality"
49812,173,"PAN","Panama",7,"Herrera",38,"Pesé",252,"El Barrero","","","Corregimiento","Municipality"
49813,173,"PAN","Panama",7,"Herrera",38,"Pesé",253,"El Ciruelo","","","Corregimiento","Municipality"
49814,173,"PAN","Panama",7,"Herrera",38,"Pesé",254,"El Pájaro","","","Corregimiento","Municipality"
49815,173,"PAN","Panama",7,"Herrera",38,"Pesé",255,"El Pedregoso","","","Corregimiento","Municipality"
49816,173,"PAN","Panama",7,"Herrera",38,"Pesé",256,"Las Cabras","","","Corregimiento","Municipality"
49817,173,"PAN","Panama",7,"Herrera",38,"Pesé",257,"Pesé","","","Corregimiento","Municipality"
49818,173,"PAN","Panama",7,"Herrera",38,"Pesé",258,"Rincón Hondo","","","Corregimiento","Municipality"
49819,173,"PAN","Panama",7,"Herrera",38,"Pesé",259,"Sabanagrande","","","Corregimiento","Municipality"
49820,173,"PAN","Panama",7,"Herrera",39,"Santa María",260,"Chupampa","","","Corregimiento","Municipality"
49821,173,"PAN","Panama",7,"Herrera",39,"Santa María",261,"El Limón","","","Corregimiento","Municipality"
49822,173,"PAN","Panama",7,"Herrera",39,"Santa María",262,"El Rincón","","","Corregimiento","Municipality"
49823,173,"PAN","Panama",7,"Herrera",39,"Santa María",263,"Los Canelos","","","Corregimiento","Municipality"
49824,173,"PAN","Panama",7,"Herrera",39,"Santa María",264,"Santa María","","","Corregimiento","Municipality"
49825,173,"PAN","Panama",8,"Kuna Yala",40,"Kuna Yala",265,"Ailigandí","","","Corregimiento","Municipality"
49826,173,"PAN","Panama",8,"Kuna Yala",40,"Kuna Yala",266,"Narganá","","","Corregimiento","Municipality"
49827,173,"PAN","Panama",8,"Kuna Yala",40,"Kuna Yala",267,"Puerto Obaldía","","","Corregimiento","Municipality"
49828,173,"PAN","Panama",8,"Kuna Yala",40,"Kuna Yala",268,"Tubualá","","","Corregimiento","Municipality"
49829,173,"PAN","Panama",9,"Los Santos",41,"Guararé",269,"El Espinal","","","Corregimiento","Municipality"
49830,173,"PAN","Panama",9,"Los Santos",41,"Guararé",270,"El Hato","","","Corregimiento","Municipality"
49831,173,"PAN","Panama",9,"Los Santos",41,"Guararé",271,"El Macano","","","Corregimiento","Municipality"
49832,173,"PAN","Panama",9,"Los Santos",41,"Guararé",272,"Guararé Arriba","","","Corregimiento","Municipality"
49833,173,"PAN","Panama",9,"Los Santos",41,"Guararé",273,"Guararé","","","Corregimiento","Municipality"
49834,173,"PAN","Panama",9,"Los Santos",41,"Guararé",274,"La Enea","","","Corregimiento","Municipality"
49835,173,"PAN","Panama",9,"Los Santos",41,"Guararé",275,"La Pasera","","","Corregimiento","Municipality"
49836,173,"PAN","Panama",9,"Los Santos",41,"Guararé",276,"Las Trancas","","","Corregimiento","Municipality"
49837,173,"PAN","Panama",9,"Los Santos",41,"Guararé",277,"Llano Abajo","","","Corregimiento","Municipality"
49838,173,"PAN","Panama",9,"Los Santos",41,"Guararé",278,"Perales","","","Corregimiento","Municipality"
49839,173,"PAN","Panama",9,"Los Santos",42,"Las Tablas",279,"Bajo Corral","","","Corregimiento","Municipality"
49840,173,"PAN","Panama",9,"Los Santos",42,"Las Tablas",280,"Bayano","","","Corregimiento","Municipality"
49841,173,"PAN","Panama",9,"Los Santos",42,"Las Tablas",281,"El Carate","","","Corregimiento","Municipality"
49842,173,"PAN","Panama",9,"Los Santos",42,"Las Tablas",282,"El Cocal","","","Corregimiento","Municipality"
49843,173,"PAN","Panama",9,"Los Santos",42,"Las Tablas",283,"El Manantial","","","Corregimiento","Municipality"
49844,173,"PAN","Panama",9,"Los Santos",42,"Las Tablas",284,"El Muñoz","","","Corregimiento","Municipality"
49845,173,"PAN","Panama",9,"Los Santos",43,"Los Santos",304,"El Guásimo","","","Corregimiento","Municipality"
49846,173,"PAN","Panama",9,"Los Santos",43,"Los Santos",305,"La Colorada","","","Corregimiento","Municipality"
49847,173,"PAN","Panama",9,"Los Santos",43,"Los Santos",306,"La Espigadilla","","","Corregimiento","Municipality"
49848,173,"PAN","Panama",9,"Los Santos",43,"Los Santos",307,"La Villa de Los Santos","","","Corregimiento","Municipality"
49849,173,"PAN","Panama",9,"Los Santos",43,"Los Santos",308,"Las Cruces","","","Corregimiento","Municipality"
49850,173,"PAN","Panama",9,"Los Santos",43,"Los Santos",309,"Las Guabas","","","Corregimiento","Municipality"
49851,173,"PAN","Panama",9,"Los Santos",43,"Los Santos",310,"Llano Largo","","","Corregimiento","Municipality"
49852,173,"PAN","Panama",9,"Los Santos",43,"Los Santos",311,"Los Angeles","","","Corregimiento","Municipality"
49853,173,"PAN","Panama",9,"Los Santos",43,"Los Santos",312,"Los Olivos","","","Corregimiento","Municipality"
49854,173,"PAN","Panama",9,"Los Santos",43,"Los Santos",313,"Sabanagrande","","","Corregimiento","Municipality"
49855,173,"PAN","Panama",9,"Los Santos",43,"Los Santos",314,"Santa Ana","","","Corregimiento","Municipality"
49856,173,"PAN","Panama",9,"Los Santos",43,"Los Santos",315,"Tres Quebradas","","","Corregimiento","Municipality"
49857,173,"PAN","Panama",9,"Los Santos",43,"Los Santos",316,"Villa Lourdes","","","Corregimiento","Municipality"
49858,173,"PAN","Panama",9,"Los Santos",44,"Macaracas",317,"Bahía Honda","","","Corregimiento","Municipality"
49859,173,"PAN","Panama",9,"Los Santos",44,"Macaracas",318,"Bajos de Güera","","","Corregimiento","Municipality"
49860,173,"PAN","Panama",9,"Los Santos",44,"Macaracas",319,"Chupá","","","Corregimiento","Municipality"
49861,173,"PAN","Panama",9,"Los Santos",44,"Macaracas",320,"Corozal","","","Corregimiento","Municipality"
49862,173,"PAN","Panama",9,"Los Santos",44,"Macaracas",321,"El Cedro","","","Corregimiento","Municipality"
49863,173,"PAN","Panama",9,"Los Santos",44,"Macaracas",322,"Espino Amarillo","","","Corregimiento","Municipality"
49864,173,"PAN","Panama",9,"Los Santos",47,"Tonosí",343,"El Cortezo","","","Corregimiento","Municipality"
49865,173,"PAN","Panama",9,"Los Santos",47,"Tonosí",344,"Flores","","","Corregimiento","Municipality"
49866,173,"PAN","Panama",9,"Los Santos",47,"Tonosí",345,"Guánico","","","Corregimiento","Municipality"
49867,173,"PAN","Panama",9,"Los Santos",47,"Tonosí",346,"La Tronosa","","","Corregimiento","Municipality"
49868,173,"PAN","Panama",9,"Los Santos",47,"Tonosí",347,"Tonosí","","","Corregimiento","Municipality"
49869,173,"PAN","Panama",10,"Ngöbe Buglé",48,"Besiko",348,"Boca De Balsa","","","Corregimiento","Municipality"
49870,173,"PAN","Panama",10,"Ngöbe Buglé",48,"Besiko",349,"Camarón Arriba","","","Corregimiento","Municipality"
49871,173,"PAN","Panama",10,"Ngöbe Buglé",48,"Besiko",350,"Cerro Banco","","","Corregimiento","Municipality"
49872,173,"PAN","Panama",10,"Ngöbe Buglé",48,"Besiko",351,"Cerro De Patena","","","Corregimiento","Municipality"
49873,173,"PAN","Panama",10,"Ngöbe Buglé",48,"Besiko",352,"Emplanada de Chorcha","","","Corregimiento","Municipality"
49874,173,"PAN","Panama",10,"Ngöbe Buglé",48,"Besiko",353,"Nämnoni","","","Corregimiento","Municipality"
49875,173,"PAN","Panama",10,"Ngöbe Buglé",48,"Besiko",354,"Niba","","","Corregimiento","Municipality"
49876,173,"PAN","Panama",10,"Ngöbe Buglé",48,"Besiko",355,"Soloy","","","Corregimiento","Municipality"
49877,173,"PAN","Panama",10,"Ngöbe Buglé",49,"Kankintú",356,"Bisira","","","Corregimiento","Municipality"
49878,173,"PAN","Panama",10,"Ngöbe Buglé",49,"Kankintú",357,"Büri","","","Corregimiento","Municipality"
49879,173,"PAN","Panama",10,"Ngöbe Buglé",49,"Kankintú",358,"Guariviara","","","Corregimiento","Municipality"
49880,173,"PAN","Panama",10,"Ngöbe Buglé",49,"Kankintú",359,"Guoroní","","","Corregimiento","Municipality"
49881,173,"PAN","Panama",10,"Ngöbe Buglé",49,"Kankintú",360,"Kankintú","","","Corregimiento","Municipality"
49882,173,"PAN","Panama",10,"Ngöbe Buglé",49,"Kankintú",361,"Mününi","","","Corregimiento","Municipality"
49883,173,"PAN","Panama",10,"Ngöbe Buglé",49,"Kankintú",362,"Piedra Roja","","","Corregimiento","Municipality"
49884,173,"PAN","Panama",10,"Ngöbe Buglé",49,"Kankintú",363,"Tuwai","","","Corregimiento","Municipality"
49885,173,"PAN","Panama",10,"Ngöbe Buglé",50,"Kusapín",364,"Bahía Azul","","","Corregimiento","Municipality"
49886,173,"PAN","Panama",10,"Ngöbe Buglé",50,"Kusapín",365,"Calavébora o Santa Catalina","","","Corregimiento","Municipality"
49887,173,"PAN","Panama",10,"Ngöbe Buglé",50,"Kusapín",366,"Kusapín","","","Corregimiento","Municipality"
49888,173,"PAN","Panama",10,"Ngöbe Buglé",50,"Kusapín",367,"Loma Yuca","","","Corregimiento","Municipality"
49889,173,"PAN","Panama",10,"Ngöbe Buglé",50,"Kusapín",368,"Río Chiriquí","","","Corregimiento","Municipality"
49890,173,"PAN","Panama",10,"Ngöbe Buglé",50,"Kusapín",369,"Tobobe","","","Corregimiento","Municipality"
49891,173,"PAN","Panama",10,"Ngöbe Buglé",50,"Kusapín",370,"Valle Bonito","","","Corregimiento","Municipality"
49892,173,"PAN","Panama",10,"Ngöbe Buglé",51,"Mironó",371,"Cascabel","","","Corregimiento","Municipality"
49893,173,"PAN","Panama",10,"Ngöbe Buglé",51,"Mironó",372,"Hato Corotú","","","Corregimiento","Municipality"
49894,173,"PAN","Panama",10,"Ngöbe Buglé",51,"Mironó",373,"Hato Culantro","","","Corregimiento","Municipality"
49895,173,"PAN","Panama",10,"Ngöbe Buglé",51,"Mironó",374,"Hato Jobo","","","Corregimiento","Municipality"
49896,173,"PAN","Panama",10,"Ngöbe Buglé",51,"Mironó",375,"Hato Julí","","","Corregimiento","Municipality"
49897,173,"PAN","Panama",10,"Ngöbe Buglé",51,"Mironó",376,"Hato Pilón","","","Corregimiento","Municipality"
49898,173,"PAN","Panama",10,"Ngöbe Buglé",51,"Mironó",377,"Quebrada de Loro","","","Corregimiento","Municipality"
49899,173,"PAN","Panama",10,"Ngöbe Buglé",51,"Mironó",378,"Salto Dupí","","","Corregimiento","Municipality"
49900,173,"PAN","Panama",10,"Ngöbe Buglé",52,"Müna",379,"Alto Caballero","","","Corregimiento","Municipality"
49901,173,"PAN","Panama",10,"Ngöbe Buglé",52,"Müna",380,"Bakama","","","Corregimiento","Municipality"
49902,173,"PAN","Panama",10,"Ngöbe Buglé",52,"Müna",381,"Cerro Caña","","","Corregimiento","Municipality"
49903,173,"PAN","Panama",10,"Ngöbe Buglé",52,"Müna",382,"Cerro Puerco","","","Corregimiento","Municipality"
49904,173,"PAN","Panama",10,"Ngöbe Buglé",52,"Müna",383,"Chichica","","","Corregimiento","Municipality"
49905,173,"PAN","Panama",10,"Ngöbe Buglé",52,"Müna",384,"Krüa","","","Corregimiento","Municipality"
49906,173,"PAN","Panama",10,"Ngöbe Buglé",52,"Müna",385,"Maraca","","","Corregimiento","Municipality"
49907,173,"PAN","Panama",10,"Ngöbe Buglé",52,"Müna",386,"Nibra","","","Corregimiento","Municipality"
49908,173,"PAN","Panama",10,"Ngöbe Buglé",52,"Müna",387,"Peña Blanca","","","Corregimiento","Municipality"
49909,173,"PAN","Panama",10,"Ngöbe Buglé",52,"Müna",388,"Roka","","","Corregimiento","Municipality"
49910,173,"PAN","Panama",10,"Ngöbe Buglé",52,"Müna",389,"Sitio Prado","","","Corregimiento","Municipality"
49911,173,"PAN","Panama",10,"Ngöbe Buglé",52,"Müna",390,"Umani","","","Corregimiento","Municipality"
49912,173,"PAN","Panama",10,"Ngöbe Buglé",53,"Nole Duima",391,"Cerro Iglesias","","","Corregimiento","Municipality"
49913,173,"PAN","Panama",10,"Ngöbe Buglé",53,"Nole Duima",392,"Hato Chamí","","","Corregimiento","Municipality"
49914,173,"PAN","Panama",10,"Ngöbe Buglé",53,"Nole Duima",393,"Jädeberi","","","Corregimiento","Municipality"
49915,173,"PAN","Panama",10,"Ngöbe Buglé",53,"Nole Duima",394,"Lajero","","","Corregimiento","Municipality"
49916,173,"PAN","Panama",10,"Ngöbe Buglé",53,"Nole Duima",395,"Susama","","","Corregimiento","Municipality"
49917,173,"PAN","Panama",10,"Ngöbe Buglé",54,"Ñürüm",396,"Agua De Salud","","","Corregimiento","Municipality"
49918,173,"PAN","Panama",10,"Ngöbe Buglé",54,"Ñürüm",397,"Alto de Jesús","","","Corregimiento","Municipality"
49919,173,"PAN","Panama",10,"Ngöbe Buglé",54,"Ñürüm",398,"Buenos Aires","","","Corregimiento","Municipality"
49920,173,"PAN","Panama",10,"Ngöbe Buglé",54,"Ñürüm",399,"Cerro Pelado","","","Corregimiento","Municipality"
49921,173,"PAN","Panama",10,"Ngöbe Buglé",54,"Ñürüm",400,"El Bale","","","Corregimiento","Municipality"
49922,173,"PAN","Panama",10,"Ngöbe Buglé",54,"Ñürüm",401,"El Paredón","","","Corregimiento","Municipality"
49923,173,"PAN","Panama",10,"Ngöbe Buglé",54,"Ñürüm",402,"El Piro","","","Corregimiento","Municipality"
49924,173,"PAN","Panama",10,"Ngöbe Buglé",54,"Ñürüm",403,"Guayabito","","","Corregimiento","Municipality"
49925,173,"PAN","Panama",10,"Ngöbe Buglé",54,"Ñürüm",404,"Güibale","","","Corregimiento","Municipality"
49926,173,"PAN","Panama",11,"Panamá",55,"Arraiján",405,"Arraiján","","","Corregimiento","Municipality"
49927,173,"PAN","Panama",11,"Panamá",55,"Arraiján",406,"Juan Demóstenes Arosemena","","","Corregimiento","Municipality"
49928,173,"PAN","Panama",11,"Panamá",55,"Arraiján",407,"Nuevo Emperador","","","Corregimiento","Municipality"
49929,173,"PAN","Panama",11,"Panamá",55,"Arraiján",408,"Santa Clara","","","Corregimiento","Municipality"
49930,173,"PAN","Panama",11,"Panamá",55,"Arraiján",409,"Veracruz","","","Corregimiento","Municipality"
49931,173,"PAN","Panama",11,"Panamá",55,"Arraiján",410,"Vista Alegre","","","Corregimiento","Municipality"
49932,173,"PAN","Panama",11,"Panamá",56,"Balboa",411,"La Ensenada","","","Corregimiento","Municipality"
49933,173,"PAN","Panama",11,"Panamá",56,"Balboa",412,"La Esmeralda","","","Corregimiento","Municipality"
49934,173,"PAN","Panama",11,"Panamá",56,"Balboa",413,"La Guinea","","","Corregimiento","Municipality"
49935,173,"PAN","Panama",11,"Panamá",56,"Balboa",414,"Pedro González","","","Corregimiento","Municipality"
49936,173,"PAN","Panama",11,"Panamá",56,"Balboa",415,"Saboga","","","Corregimiento","Municipality"
49937,173,"PAN","Panama",11,"Panamá",56,"Balboa",416,"San Miguel","","","Corregimiento","Municipality"
49938,173,"PAN","Panama",11,"Panamá",57,"Capira",417,"Caimito","","","Corregimiento","Municipality"
49939,173,"PAN","Panama",11,"Panamá",57,"Capira",418,"Campana","","","Corregimiento","Municipality"
49940,173,"PAN","Panama",11,"Panamá",57,"Capira",419,"Capira","","","Corregimiento","Municipality"
49941,173,"PAN","Panama",11,"Panamá",57,"Capira",420,"Cermeño","","","Corregimiento","Municipality"
49942,173,"PAN","Panama",11,"Panamá",57,"Capira",421,"Cirí de los Sotos","","","Corregimiento","Municipality"
49943,173,"PAN","Panama",11,"Panamá",57,"Capira",422,"Cirí Grande","","","Corregimiento","Municipality"
49944,173,"PAN","Panama",11,"Panamá",57,"Capira",423,"El Cacao","","","Corregimiento","Municipality"
49945,173,"PAN","Panama",11,"Panamá",57,"Capira",424,"La Trinidad","","","Corregimiento","Municipality"
49946,173,"PAN","Panama",11,"Panamá",57,"Capira",425,"Las Ollas Arriba","","","Corregimiento","Municipality"
49947,173,"PAN","Panama",11,"Panamá",57,"Capira",426,"Lídice","","","Corregimiento","Municipality"
49948,173,"PAN","Panama",11,"Panamá",57,"Capira",427,"Santa Rosa","","","Corregimiento","Municipality"
49949,173,"PAN","Panama",11,"Panamá",57,"Capira",428,"Villa Carmen","","","Corregimiento","Municipality"
49950,173,"PAN","Panama",11,"Panamá",57,"Capira",429,"Villa Rosario","","","Corregimiento","Municipality"
49951,173,"PAN","Panama",11,"Panamá",58,"Chame",430,"Bejuco","","","Corregimiento","Municipality"
49952,173,"PAN","Panama",11,"Panamá",58,"Chame",431,"Buenos Aires","","","Corregimiento","Municipality"
49953,173,"PAN","Panama",11,"Panamá",58,"Chame",432,"Cabuya","","","Corregimiento","Municipality"
49954,173,"PAN","Panama",11,"Panamá",58,"Chame",433,"Chame","","","Corregimiento","Municipality"
49955,173,"PAN","Panama",11,"Panamá",58,"Chame",434,"Chicá","","","Corregimiento","Municipality"
49956,173,"PAN","Panama",11,"Panamá",58,"Chame",435,"El Libano","","","Corregimiento","Municipality"
49957,173,"PAN","Panama",11,"Panamá",58,"Chame",436,"Las Lajas","","","Corregimiento","Municipality"
49958,173,"PAN","Panama",11,"Panamá",58,"Chame",437,"Nueva Gorgona","","","Corregimiento","Municipality"
49959,173,"PAN","Panama",11,"Panamá",58,"Chame",438,"Punta Chame","","","Corregimiento","Municipality"
49960,173,"PAN","Panama",11,"Panamá",58,"Chame",439,"Sajalices","","","Corregimiento","Municipality"
49961,173,"PAN","Panama",11,"Panamá",58,"Chame",440,"Sorá","","","Corregimiento","Municipality"
49962,173,"PAN","Panama",11,"Panamá",59,"Chepo",441,"Cañita","","","Corregimiento","Municipality"
49963,173,"PAN","Panama",11,"Panamá",59,"Chepo",442,"Chepillo","","","Corregimiento","Municipality"
49964,173,"PAN","Panama",11,"Panamá",59,"Chepo",443,"Chepo","","","Corregimiento","Municipality"
49965,173,"PAN","Panama",11,"Panamá",59,"Chepo",444,"El Llano","","","Corregimiento","Municipality"
49966,173,"PAN","Panama",11,"Panamá",59,"Chepo",445,"Kuna de Madungandí","","","Comarca Indígena","Indigenous Territory"
49967,173,"PAN","Panama",11,"Panamá",59,"Chepo",446,"Las Margaritas","","","Corregimiento","Municipality"
49968,173,"PAN","Panama",11,"Panamá",59,"Chepo",447,"Santa Cruz de Chinina","","","Corregimiento","Municipality"
49969,173,"PAN","Panama",11,"Panamá",59,"Chepo",448,"Tortí","","","Corregimiento","Municipality"
49970,173,"PAN","Panama",11,"Panamá",60,"Chimán",449,"Brujas","","","Corregimiento","Municipality"
49971,173,"PAN","Panama",11,"Panamá",60,"Chimán",450,"Chimán","","","Corregimiento","Municipality"
49972,173,"PAN","Panama",11,"Panamá",60,"Chimán",451,"Gonzalo Vasquez","","","Corregimiento","Municipality"
49973,173,"PAN","Panama",11,"Panamá",60,"Chimán",452,"Pasiga","","","Corregimiento","Municipality"
49974,173,"PAN","Panama",11,"Panamá",60,"Chimán",453,"Unión Santeña","","","Corregimiento","Municipality"
49975,173,"PAN","Panama",11,"Panamá",61,"La Chorrera",454,"Amador","","","Corregimiento","Municipality"
49976,173,"PAN","Panama",11,"Panamá",61,"La Chorrera",455,"Arosemena","","","Corregimiento","Municipality"
49977,173,"PAN","Panama",11,"Panamá",61,"La Chorrera",456,"Barrio Balboa","","","Corregimiento","Municipality"
49978,173,"PAN","Panama",11,"Panamá",61,"La Chorrera",457,"Barrio Colón","","","Corregimiento","Municipality"
49979,173,"PAN","Panama",11,"Panamá",61,"La Chorrera",458,"El Arado","","","Corregimiento","Municipality"
49980,173,"PAN","Panama",11,"Panamá",61,"La Chorrera",459,"El Coco","","","Corregimiento","Municipality"
49981,173,"PAN","Panama",11,"Panamá",61,"La Chorrera",460,"Feuillet","","","Corregimiento","Municipality"
49982,173,"PAN","Panama",11,"Panamá",61,"La Chorrera",461,"Guadalupe","","","Corregimiento","Municipality"
49983,173,"PAN","Panama",11,"Panamá",61,"La Chorrera",462,"Herrera","","","Corregimiento","Municipality"
49984,173,"PAN","Panama",11,"Panamá",61,"La Chorrera",463,"Hurtado","","","Corregimiento","Municipality"
49985,173,"PAN","Panama",11,"Panamá",61,"La Chorrera",464,"Iturralde","","","Corregimiento","Municipality"
49986,173,"PAN","Panama",11,"Panamá",61,"La Chorrera",465,"La Represa","","","Corregimiento","Municipality"
49987,173,"PAN","Panama",11,"Panamá",61,"La Chorrera",466,"Los Díaz","","","Corregimiento","Municipality"
49988,173,"PAN","Panama",11,"Panamá",61,"La Chorrera",467,"Mendoza","","","Corregimiento","Municipality"
49989,173,"PAN","Panama",11,"Panamá",61,"La Chorrera",468,"Obaldía","","","Corregimiento","Municipality"
49990,173,"PAN","Panama",11,"Panamá",61,"La Chorrera",469,"Playa Leona","","","Corregimiento","Municipality"
49991,173,"PAN","Panama",11,"Panamá",61,"La Chorrera",470,"Puerto Caimito","","","Corregimiento","Municipality"
49992,173,"PAN","Panama",11,"Panamá",61,"La Chorrera",471,"Santa Rita","","","Corregimiento","Municipality"
49993,173,"PAN","Panama",11,"Panamá",62,"Panamá",472,"Ancón","","","Corregimiento","Municipality"
49994,173,"PAN","Panama",11,"Panamá",62,"Panamá",473,"Bella Vista","","","Corregimiento","Municipality"
49995,173,"PAN","Panama",11,"Panamá",62,"Panamá",474,"Betania","","","Corregimiento","Municipality"
49996,173,"PAN","Panama",11,"Panamá",62,"Panamá",475,"Chilibre","","","Corregimiento","Municipality"
49997,173,"PAN","Panama",11,"Panamá",62,"Panamá",476,"Curundú","","","Corregimiento","Municipality"
49998,173,"PAN","Panama",11,"Panamá",62,"Panamá",477,"El Chorrillo","","","Corregimiento","Municipality"
49999,173,"PAN","Panama",11,"Panamá",62,"Panamá",478,"Juan Díaz","","","Corregimiento","Municipality"
50000,173,"PAN","Panama",11,"Panamá",62,"Panamá",479,"La Exposición o Calidonia","","","Corregimiento","Municipality"
50001,173,"PAN","Panama",11,"Panamá",62,"Panamá",480,"Las Cumbres","","","Corregimiento","Municipality"
50002,173,"PAN","Panama",11,"Panamá",62,"Panamá",481,"Pacora","","","Corregimiento","Municipality"
50003,173,"PAN","Panama",11,"Panamá",62,"Panamá",482,"Parque Lefevre","","","Corregimiento","Municipality"
50004,173,"PAN","Panama",11,"Panamá",62,"Panamá",483,"Pedregal","","","Corregimiento","Municipality"
50005,173,"PAN","Panama",11,"Panamá",62,"Panamá",484,"Pueblo Nuevo","","","Corregimiento","Municipality"
50006,173,"PAN","Panama",11,"Panamá",62,"Panamá",485,"Río Abajo","","","Corregimiento","Municipality"
50007,173,"PAN","Panama",11,"Panamá",62,"Panamá",486,"San Felipe","","","Corregimiento","Municipality"
50008,173,"PAN","Panama",11,"Panamá",62,"Panamá",487,"San Francisco","","","Corregimiento","Municipality"
50009,173,"PAN","Panama",11,"Panamá",62,"Panamá",488,"San Martín","","","Corregimiento","Municipality"
50010,173,"PAN","Panama",11,"Panamá",62,"Panamá",489,"Santa Ana","","","Corregimiento","Municipality"
50011,173,"PAN","Panama",11,"Panamá",62,"Panamá",490,"Tocumen","","","Corregimiento","Municipality"
50012,173,"PAN","Panama",11,"Panamá",63,"San Carlos",491,"El Espino","","","Corregimiento","Municipality"
50013,173,"PAN","Panama",11,"Panamá",63,"San Carlos",492,"El Higo","","","Corregimiento","Municipality"
50014,173,"PAN","Panama",11,"Panamá",63,"San Carlos",493,"Guayabito","","","Corregimiento","Municipality"
50015,173,"PAN","Panama",11,"Panamá",63,"San Carlos",494,"La Ermita","","","Corregimiento","Municipality"
50016,173,"PAN","Panama",11,"Panamá",63,"San Carlos",495,"La Laguna","","","Corregimiento","Municipality"
50017,173,"PAN","Panama",11,"Panamá",63,"San Carlos",496,"Las Uvas","","","Corregimiento","Municipality"
50018,173,"PAN","Panama",11,"Panamá",63,"San Carlos",497,"Los Llanitos","","","Corregimiento","Municipality"
50019,173,"PAN","Panama",11,"Panamá",63,"San Carlos",498,"San Carlos","","","Corregimiento","Municipality"
50020,173,"PAN","Panama",11,"Panamá",63,"San Carlos",499,"San José","","","Corregimiento","Municipality"
50021,173,"PAN","Panama",11,"Panamá",64,"San Miguelito",500,"Amelia Denis de Icaza","","","Corregimiento","Municipality"
50022,173,"PAN","Panama",11,"Panamá",64,"San Miguelito",501,"Arnulfo Arias","","","Corregimiento","Municipality"
50023,173,"PAN","Panama",11,"Panamá",64,"San Miguelito",502,"Belisario Frías","","","Corregimiento","Municipality"
50024,173,"PAN","Panama",11,"Panamá",64,"San Miguelito",503,"Belisario Porras","","","Corregimiento","Municipality"
50025,173,"PAN","Panama",11,"Panamá",64,"San Miguelito",504,"José Domingo Espinar","","","Corregimiento","Municipality"
50026,173,"PAN","Panama",11,"Panamá",64,"San Miguelito",505,"Mateo Iturralde","","","Corregimiento","Municipality"
50027,173,"PAN","Panama",11,"Panamá",64,"San Miguelito",506,"Omar Torrijos","","","Corregimiento","Municipality"
50028,173,"PAN","Panama",11,"Panamá",64,"San Miguelito",507,"Rufina Alfaro","","","Corregimiento","Municipality"
50029,173,"PAN","Panama",11,"Panamá",64,"San Miguelito",508,"Victoriano Lorenzo","","","Corregimiento","Municipality"
50030,173,"PAN","Panama",11,"Panamá",65,"Taboga",509,"Otoque Occidente","","","Corregimiento","Municipality"
50031,173,"PAN","Panama",11,"Panamá",65,"Taboga",510,"Otoque Oriente","","","Corregimiento","Municipality"
50032,173,"PAN","Panama",11,"Panamá",65,"Taboga",511,"Taboga","","","Corregimiento","Municipality"
50033,173,"PAN","Panama",11,"Panamá",66,"Waterbody",512,"Waterbody","","","Water body","Water body"
50034,173,"PAN","Panama",12,"Veraguas",67,"Atalaya",513,"Atalaya","","","Corregimiento","Municipality"
50035,173,"PAN","Panama",12,"Veraguas",67,"Atalaya",514,"El Barrito","","","Corregimiento","Municipality"
50036,173,"PAN","Panama",12,"Veraguas",67,"Atalaya",515,"La Carrillo","","","Corregimiento","Municipality"
50037,173,"PAN","Panama",12,"Veraguas",67,"Atalaya",516,"La Montañuela","","","Corregimiento","Municipality"
50038,173,"PAN","Panama",12,"Veraguas",67,"Atalaya",517,"San Antonio","","","Corregimiento","Municipality"
50039,173,"PAN","Panama",12,"Veraguas",68,"Calobre",518,"Barnizal","","","Corregimiento","Municipality"
50040,173,"PAN","Panama",12,"Veraguas",68,"Calobre",519,"Calobre","","","Corregimiento","Municipality"
50041,173,"PAN","Panama",12,"Veraguas",68,"Calobre",520,"Chitra","","","Corregimiento","Municipality"
50042,173,"PAN","Panama",12,"Veraguas",68,"Calobre",521,"El Cocla","","","Corregimiento","Municipality"
50043,173,"PAN","Panama",12,"Veraguas",68,"Calobre",522,"El Potrero","","","Corregimiento","Municipality"
50044,173,"PAN","Panama",12,"Veraguas",68,"Calobre",523,"La Laguna","","","Corregimiento","Municipality"
50045,173,"PAN","Panama",12,"Veraguas",68,"Calobre",524,"La Raya de Calobre","","","Corregimiento","Municipality"
50046,173,"PAN","Panama",12,"Veraguas",68,"Calobre",525,"La Tetilla","","","Corregimiento","Municipality"
50047,173,"PAN","Panama",12,"Veraguas",68,"Calobre",526,"La Yeguada","","","Corregimiento","Municipality"
50048,173,"PAN","Panama",12,"Veraguas",68,"Calobre",527,"Las Guías","","","Corregimiento","Municipality"
50049,173,"PAN","Panama",12,"Veraguas",68,"Calobre",528,"Monjarás","","","Corregimiento","Municipality"
50050,173,"PAN","Panama",12,"Veraguas",68,"Calobre",529,"San José","","","Corregimiento","Municipality"
50051,173,"PAN","Panama",12,"Veraguas",69,"Cañazas",530,"Cañazas","","","Corregimiento","Municipality"
50052,173,"PAN","Panama",12,"Veraguas",69,"Cañazas",531,"Cerro de Plata","","","Corregimiento","Municipality"
50053,173,"PAN","Panama",12,"Veraguas",69,"Cañazas",532,"El Picador","","","Corregimiento","Municipality"
50054,173,"PAN","Panama",12,"Veraguas",69,"Cañazas",533,"Los Valles","","","Corregimiento","Municipality"
50055,173,"PAN","Panama",12,"Veraguas",69,"Cañazas",534,"San José","","","Corregimiento","Municipality"
50056,173,"PAN","Panama",12,"Veraguas",69,"Cañazas",535,"San Marcelo","","","Corregimiento","Municipality"
50057,173,"PAN","Panama",12,"Veraguas",70,"La Mesa",536,"Bisvalles","","","Corregimiento","Municipality"
50058,173,"PAN","Panama",12,"Veraguas",70,"La Mesa",537,"Boró","","","Corregimiento","Municipality"
50059,173,"PAN","Panama",12,"Veraguas",70,"La Mesa",538,"La Mesa","","","Corregimiento","Municipality"
50060,173,"PAN","Panama",12,"Veraguas",70,"La Mesa",539,"Llano Grande","","","Corregimiento","Municipality"
50061,173,"PAN","Panama",12,"Veraguas",70,"La Mesa",540,"San Bartolo","","","Corregimiento","Municipality"
50062,173,"PAN","Panama",12,"Veraguas",71,"Las Palmas",541,"Cerro de Casa","","","Corregimiento","Municipality"
50063,173,"PAN","Panama",12,"Veraguas",71,"Las Palmas",542,"Corozal","","","Corregimiento","Municipality"
50064,173,"PAN","Panama",12,"Veraguas",71,"Las Palmas",543,"El María","","","Corregimiento","Municipality"
50065,173,"PAN","Panama",12,"Veraguas",71,"Las Palmas",544,"El Prado","","","Corregimiento","Municipality"
50066,173,"PAN","Panama",12,"Veraguas",71,"Las Palmas",545,"El Rincón","","","Corregimiento","Municipality"
50067,173,"PAN","Panama",12,"Veraguas",71,"Las Palmas",546,"Las Palmas","","","Corregimiento","Municipality"
50068,173,"PAN","Panama",12,"Veraguas",71,"Las Palmas",547,"Lolá","","","Corregimiento","Municipality"
50069,173,"PAN","Panama",12,"Veraguas",71,"Las Palmas",548,"Pixvae","","","Corregimiento","Municipality"
50070,173,"PAN","Panama",12,"Veraguas",71,"Las Palmas",549,"Puerto Vidal","","","Corregimiento","Municipality"
50071,173,"PAN","Panama",12,"Veraguas",71,"Las Palmas",550,"San Martín de Porres","","","Corregimiento","Municipality"
50072,173,"PAN","Panama",12,"Veraguas",71,"Las Palmas",551,"Viguí","","","Corregimiento","Municipality"
50073,173,"PAN","Panama",12,"Veraguas",71,"Las Palmas",552,"Zapotillo","","","Corregimiento","Municipality"
50074,173,"PAN","Panama",12,"Veraguas",72,"Montijo",553,"Arenas","","","Corregimiento","Municipality"
50075,173,"PAN","Panama",12,"Veraguas",72,"Montijo",554,"Gobernadora","","","Corregimiento","Municipality"
50076,173,"PAN","Panama",12,"Veraguas",72,"Montijo",555,"La Garceana","","","Corregimiento","Municipality"
50077,173,"PAN","Panama",12,"Veraguas",72,"Montijo",556,"Leones","","","Corregimiento","Municipality"
50078,173,"PAN","Panama",12,"Veraguas",72,"Montijo",557,"Llano de Catival","","","Corregimiento","Municipality"
50079,173,"PAN","Panama",12,"Veraguas",72,"Montijo",558,"Montijo","","","Corregimiento","Municipality"
50080,173,"PAN","Panama",12,"Veraguas",72,"Montijo",559,"Pilón","","","Corregimiento","Municipality"
50081,173,"PAN","Panama",12,"Veraguas",72,"Montijo",560,"Quebro","","","Corregimiento","Municipality"
50082,173,"PAN","Panama",12,"Veraguas",72,"Montijo",561,"Tebario","","","Corregimiento","Municipality"
50083,173,"PAN","Panama",12,"Veraguas",73,"Río de Jesús",562,"Catorce de Noviembre","","","Corregimiento","Municipality"
50084,173,"PAN","Panama",12,"Veraguas",73,"Río de Jesús",563,"Las Huacas","","","Corregimiento","Municipality"
50085,173,"PAN","Panama",12,"Veraguas",73,"Río de Jesús",564,"Los Castillos","","","Corregimiento","Municipality"
50086,173,"PAN","Panama",12,"Veraguas",73,"Río de Jesús",565,"Río de Jesús","","","Corregimiento","Municipality"
50087,173,"PAN","Panama",12,"Veraguas",73,"Río de Jesús",566,"Utira","","","Corregimiento","Municipality"
50088,173,"PAN","Panama",12,"Veraguas",74,"San Francisco",567,"Corral Falso","","","Corregimiento","Municipality"
50089,173,"PAN","Panama",12,"Veraguas",74,"San Francisco",568,"Los Hatillos","","","Corregimiento","Municipality"
50090,173,"PAN","Panama",12,"Veraguas",74,"San Francisco",569,"Remance","","","Corregimiento","Municipality"
50091,173,"PAN","Panama",12,"Veraguas",74,"San Francisco",570,"San Francisco","","","Corregimiento","Municipality"
50092,173,"PAN","Panama",12,"Veraguas",74,"San Francisco",571,"San Juan","","","Corregimiento","Municipality"
50093,173,"PAN","Panama",12,"Veraguas",75,"Santa Fe",572,"Calovébora","","","Corregimiento","Municipality"
50094,173,"PAN","Panama",12,"Veraguas",75,"Santa Fe",573,"El Alto","","","Corregimiento","Municipality"
50095,173,"PAN","Panama",12,"Veraguas",75,"Santa Fe",574,"El Cuay","","","Corregimiento","Municipality"
50096,173,"PAN","Panama",12,"Veraguas",75,"Santa Fe",575,"El Pantano","","","Corregimiento","Municipality"
50097,173,"PAN","Panama",12,"Veraguas",75,"Santa Fe",576,"Gatú o Gatucito","","","Corregimiento","Municipality"
50098,173,"PAN","Panama",12,"Veraguas",75,"Santa Fe",577,"Río Luis","","","Corregimiento","Municipality"
50099,173,"PAN","Panama",12,"Veraguas",75,"Santa Fe",578,"Santa Fe","","","Corregimiento","Municipality"
50100,173,"PAN","Panama",12,"Veraguas",76,"Santiago",579,"Canto del Llano","","","Corregimiento","Municipality"
50101,173,"PAN","Panama",12,"Veraguas",76,"Santiago",580,"La Colorada","","","Corregimiento","Municipality"
50102,173,"PAN","Panama",12,"Veraguas",76,"Santiago",581,"La Peña","","","Corregimiento","Municipality"
50103,173,"PAN","Panama",12,"Veraguas",76,"Santiago",582,"La Raya de Santa María","","","Corregimiento","Municipality"
50104,173,"PAN","Panama",12,"Veraguas",76,"Santiago",583,"Los Algarrobos","","","Corregimiento","Municipality"
50105,173,"PAN","Panama",12,"Veraguas",76,"Santiago",584,"Ponuga","","","Corregimiento","Municipality"
50106,173,"PAN","Panama",12,"Veraguas",76,"Santiago",585,"San Pedro del Espino","","","Corregimiento","Municipality"
50107,173,"PAN","Panama",12,"Veraguas",76,"Santiago",586,"Santiago","","","Corregimiento","Municipality"
50108,173,"PAN","Panama",12,"Veraguas",77,"Soná",587,"Bahía Honda","","","Corregimiento","Municipality"
50109,173,"PAN","Panama",12,"Veraguas",77,"Soná",588,"Calidonia","","","Corregimiento","Municipality"
50110,173,"PAN","Panama",12,"Veraguas",77,"Soná",589,"Cativé","","","Corregimiento","Municipality"
50111,173,"PAN","Panama",12,"Veraguas",77,"Soná",590,"El Marañón","","","Corregimiento","Municipality"
50112,173,"PAN","Panama",12,"Veraguas",77,"Soná",591,"Guarumal","","","Corregimiento","Municipality"
50113,173,"PAN","Panama",12,"Veraguas",77,"Soná",592,"La Soledad","","","Corregimiento","Municipality"
50114,173,"PAN","Panama",12,"Veraguas",77,"Soná",593,"Quebrada de Oro","","","Corregimiento","Municipality"
50115,173,"PAN","Panama",12,"Veraguas",77,"Soná",594,"Río Grande","","","Corregimiento","Municipality"
50116,173,"PAN","Panama",12,"Veraguas",77,"Soná",595,"Rodeo Viejo","","","Corregimiento","Municipality"
50117,173,"PAN","Panama",12,"Veraguas",77,"Soná",596,"Soná","","","Corregimiento","Municipality"
