"PID","ID_0","ISO","NAME_0","ID_1","NAME_1","NL_NAME_1","VARNAME_1","TYPE_1","ENGTYPE_1"
712,46,"TCD","Chad",1,"Batha","","","Préfecture","Prefecture"
713,46,"TCD","Chad",2,"Bet","","Bet|B.E.T.","Préfecture","Préfecture"
714,46,"TCD","Chad",3,"Chari-Baguirmi","","","Préfecture","Prefecture"
715,46,"TCD","Chad",4,"Guéra","","Guera|Baguirmi","Préfecture","Prefecture"
716,46,"TCD","Chad",5,"Hadjer-Lamis","","","Préfecture","Prefecture"
717,46,"TCD","Chad",6,"Kanem","","","Préfecture","Prefecture"
718,46,"TCD","Chad",7,"Lac","","","Préfecture","Prefecture"
861,46,"TCD","Chad",8,"Logone Occidental","","Logone-Occidental","Préfecture","Prefecture"
862,46,"TCD","Chad",9,"Logone Oriental","","Logone-Oriental","Préfecture","Prefecture"
863,46,"TCD","Chad",10,"Mandoul","","","Préfecture","Prefecture"
864,46,"TCD","Chad",11,"Mayo-Kebbi Est","","","Préfecture","Prefecture"
865,46,"TCD","Chad",12,"Mayo-Kebbi Ouest","","","Préfecture","Prefecture"
866,46,"TCD","Chad",13,"Moyen-Chari","","","Préfecture","Prefecture"
867,46,"TCD","Chad",14,"Ouaddaï","","Ouaddai|Ouadaï","Préfecture","Prefecture"
868,46,"TCD","Chad",15,"Salamat","","","Préfecture","Prefecture"
869,46,"TCD","Chad",16,"Tandjilé","","Tandjile","Préfecture","Prefecture"
870,46,"TCD","Chad",17,"Ville de N'Djamena","","N'Djamena","Préfecture","Prefecture"
871,46,"TCD","Chad",18,"Wadi Fira","","Biltine","Préfecture","Prefecture"
