"PID","ID_0","ISO","NAME_0","ID_1","NAME_1","ID_2","NAME_2","ID_3","NAME_3","NL_NAME_3","VARNAME_3","TYPE_3","ENGTYPE_3"
21717,46,"TCD","Chad",1,"Batha",1,"Batha Est",1,"Dhok/Dopdop","","","Sub-prefecture","Sub-prefecture"
21718,46,"TCD","Chad",1,"Batha",1,"Batha Est",2,"Kouka-Adjob","","","Sub-prefecture","Sub-prefecture"
21719,46,"TCD","Chad",1,"Batha",1,"Batha Est",3,"Massalat-Oum-Hadjer","","","Sub-prefecture","Sub-prefecture"
21720,46,"TCD","Chad",1,"Batha",1,"Batha Est",4,"Mesmedje","","","Sub-prefecture","Sub-prefecture"
21721,46,"TCD","Chad",1,"Batha",1,"Batha Est",5,"Ratanine-Har-Djombo","","","Sub-prefecture","Sub-prefecture"
21722,46,"TCD","Chad",1,"Batha",1,"Batha Est",6,"Sedamis-Mr-Mn-Assine","","","Sub-prefecture","Sub-prefecture"
21723,46,"TCD","Chad",1,"Batha",1,"Batha Est",7,"Zioud-Amsak","","","Sub-prefecture","Sub-prefecture"
21724,46,"TCD","Chad",1,"Batha",2,"Batha Oues",8,"Fitri","","","Sub-prefecture","Sub-prefecture"
21725,46,"TCD","Chad",1,"Batha",2,"Batha Oues",9,"Kouka-Ati","","","Sub-prefecture","Sub-prefecture"
21726,46,"TCD","Chad",1,"Batha",2,"Batha Oues",10,"Medego","","","Sub-prefecture","Sub-prefecture"
21727,46,"TCD","Chad",1,"Batha",2,"Batha Oues",11,"Salamat","","","Sub-prefecture","Sub-prefecture"
21728,46,"TCD","Chad",1,"Batha",3,"Fitri",12,"Djaatne","","","Sub-prefecture","Sub-prefecture"
21729,46,"TCD","Chad",1,"Batha",3,"Fitri",13,"Khozam","","","Sub-prefecture","Sub-prefecture"
21730,46,"TCD","Chad",1,"Batha",3,"Fitri",14,"Ouled-Himed","","","Sub-prefecture","Sub-prefecture"
21731,46,"TCD","Chad",1,"Batha",3,"Fitri",15,"Ouled-Rachid","","","Sub-prefecture","Sub-prefecture"
21732,46,"TCD","Chad",2,"Bet",4,"Borkou",16,"Borkou","","","Sub-prefecture","Sub-prefecture"
21733,46,"TCD","Chad",2,"Bet",5,"Ennedi Est",17,"Ennedi Est","","","Sub-prefecture","Sub-prefecture"
21734,46,"TCD","Chad",2,"Bet",6,"Ennedi Ouest",18,"Ennedi Ouest","","","Sub-prefecture","Sub-prefecture"
21735,46,"TCD","Chad",2,"Bet",7,"Tibesti",19,"Tibesti","","","Sub-prefecture","Sub-prefecture"
21736,46,"TCD","Chad",3,"Chari-Baguirmi",8,"Baguirmi",20,"Batha-Lairi","","","Sub-prefecture","Sub-prefecture"
21737,46,"TCD","Chad",3,"Chari-Baguirmi",8,"Baguirmi",21,"Bougoumene","","","Sub-prefecture","Sub-prefecture"
21738,46,"TCD","Chad",3,"Chari-Baguirmi",8,"Baguirmi",22,"Deredia","","","Sub-prefecture","Sub-prefecture"
21739,46,"TCD","Chad",3,"Chari-Baguirmi",8,"Baguirmi",23,"Dourbali/Abouguerne","","","Sub-prefecture","Sub-prefecture"
21740,46,"TCD","Chad",3,"Chari-Baguirmi",8,"Baguirmi",24,"Mai-Ache","","","Sub-prefecture","Sub-prefecture"
21741,46,"TCD","Chad",3,"Chari-Baguirmi",8,"Baguirmi",25,"Mandjafa","","","Sub-prefecture","Sub-prefecture"
21742,46,"TCD","Chad",3,"Chari-Baguirmi",8,"Baguirmi",26,"Massenya","","","Sub-prefecture","Sub-prefecture"
21743,46,"TCD","Chad",3,"Chari-Baguirmi",9,"Loug Chari",27,"Ba-Illi","","","Sub-prefecture","Sub-prefecture"
21744,46,"TCD","Chad",3,"Chari-Baguirmi",9,"Loug Chari",28,"Bogomoro","","","Sub-prefecture","Sub-prefecture"
21745,46,"TCD","Chad",3,"Chari-Baguirmi",9,"Loug Chari",29,"Bousso","","","Sub-prefecture","Sub-prefecture"
21746,46,"TCD","Chad",3,"Chari-Baguirmi",9,"Loug Chari",30,"Miltou-Gourgara","","","Sub-prefecture","Sub-prefecture"
21747,46,"TCD","Chad",4,"Guéra",10,"Barh Signaka",31,"Bidio","","","Sub-prefecture","Sub-prefecture"
21748,46,"TCD","Chad",4,"Guéra",10,"Barh Signaka",32,"Dadjo-I","","","Sub-prefecture","Sub-prefecture"
21749,46,"TCD","Chad",4,"Guéra",10,"Barh Signaka",33,"Djonkor-Aboutelfane","","","Sub-prefecture","Sub-prefecture"
21750,46,"TCD","Chad",4,"Guéra",10,"Barh Signaka",34,"Koffa","","","Sub-prefecture","Sub-prefecture"
21751,46,"TCD","Chad",4,"Guéra",10,"Barh Signaka",35,"Yalnass","","","Sub-prefecture","Sub-prefecture"
21752,46,"TCD","Chad",4,"Guéra",11,"Bitkine",36,"Bitkine","","","Sub-prefecture","Sub-prefecture"
21753,46,"TCD","Chad",4,"Guéra",11,"Bitkine",37,"Dangaleat","","","Sub-prefecture","Sub-prefecture"
21754,46,"TCD","Chad",4,"Guéra",11,"Bitkine",38,"Djonkor-Guera","","","Sub-prefecture","Sub-prefecture"
21755,46,"TCD","Chad",4,"Guéra",11,"Bitkine",39,"Kenga","","","Sub-prefecture","Sub-prefecture"
21756,46,"TCD","Chad",4,"Guéra",11,"Bitkine",40,"Sara-Arabe","","","Sub-prefecture","Sub-prefecture"
21757,46,"TCD","Chad",4,"Guéra",12,"Guéra",41,"Daguela","","","Sub-prefecture","Sub-prefecture"
21758,46,"TCD","Chad",4,"Guéra",12,"Guéra",42,"Dekakire","","","Sub-prefecture","Sub-prefecture"
21759,46,"TCD","Chad",4,"Guéra",12,"Guéra",43,"Gogmi","","","Sub-prefecture","Sub-prefecture"
21760,46,"TCD","Chad",4,"Guéra",12,"Guéra",44,"Melfi","","","Sub-prefecture","Sub-prefecture"
21761,46,"TCD","Chad",4,"Guéra",12,"Guéra",45,"Mokofi","","","Sub-prefecture","Sub-prefecture"
21762,46,"TCD","Chad",4,"Guéra",12,"Guéra",46,"Mousmare","","","Sub-prefecture","Sub-prefecture"
21763,46,"TCD","Chad",4,"Guéra",12,"Guéra",47,"Sorki","","","Sub-prefecture","Sub-prefecture"
21764,46,"TCD","Chad",4,"Guéra",13,"Mangalmé",48,"Dadjo-Ii","","","Sub-prefecture","Sub-prefecture"
21765,46,"TCD","Chad",4,"Guéra",13,"Mangalmé",49,"Moubi-Goz","","","Sub-prefecture","Sub-prefecture"
21766,46,"TCD","Chad",4,"Guéra",13,"Mangalmé",50,"Moubi-Hadaba","","","Sub-prefecture","Sub-prefecture"
21767,46,"TCD","Chad",4,"Guéra",13,"Mangalmé",51,"Moubi-Zarga","","","Sub-prefecture","Sub-prefecture"
21768,46,"TCD","Chad",5,"Hadjer-Lamis",14,"Dababa",52,"Amladoba","","","Sub-prefecture","Sub-prefecture"
21769,46,"TCD","Chad",5,"Hadjer-Lamis",14,"Dababa",53,"Bokoro/Tania","","","Sub-prefecture","Sub-prefecture"
21770,46,"TCD","Chad",5,"Hadjer-Lamis",14,"Dababa",54,"Dababa","","","Sub-prefecture","Sub-prefecture"
21771,46,"TCD","Chad",5,"Hadjer-Lamis",14,"Dababa",55,"Mayakne","","","Sub-prefecture","Sub-prefecture"
21772,46,"TCD","Chad",5,"Hadjer-Lamis",14,"Dababa",56,"Moito","","","Sub-prefecture","Sub-prefecture"
21773,46,"TCD","Chad",5,"Hadjer-Lamis",14,"Dababa",57,"Yessie/Ngama","","","Sub-prefecture","Sub-prefecture"
21774,46,"TCD","Chad",5,"Hadjer-Lamis",15,"Dagana",58,"Massakory","","","Sub-prefecture","Sub-prefecture"
21775,46,"TCD","Chad",5,"Hadjer-Lamis",16,"Haraze Al Biar",59,"Afrouk","","","Sub-prefecture","Sub-prefecture"
21776,46,"TCD","Chad",5,"Hadjer-Lamis",16,"Haraze Al Biar",60,"Mani","","","Sub-prefecture","Sub-prefecture"
21777,46,"TCD","Chad",5,"Hadjer-Lamis",16,"Haraze Al Biar",61,"Massaguet","","","Sub-prefecture","Sub-prefecture"
21778,46,"TCD","Chad",6,"Kanem",17,"Barh El Gazel",62,"Michemire","","","Sub-prefecture","Sub-prefecture"
21779,46,"TCD","Chad",6,"Kanem",17,"Barh El Gazel",63,"Moussoro","","","Sub-prefecture","Sub-prefecture"
21780,46,"TCD","Chad",6,"Kanem",17,"Barh El Gazel",64,"Salal","","","Sub-prefecture","Sub-prefecture"
21781,46,"TCD","Chad",6,"Kanem",18,"Kanem",65,"Amdobak","","","Sub-prefecture","Sub-prefecture"
21782,46,"TCD","Chad",6,"Kanem",18,"Kanem",66,"Dokora","","","Sub-prefecture","Sub-prefecture"
21783,46,"TCD","Chad",6,"Kanem",18,"Kanem",67,"Illili","","","Sub-prefecture","Sub-prefecture"
21784,46,"TCD","Chad",6,"Kanem",18,"Kanem",68,"Moal","","","Sub-prefecture","Sub-prefecture"
21785,46,"TCD","Chad",6,"Kanem",18,"Kanem",69,"Mondo","","","Sub-prefecture","Sub-prefecture"
21786,46,"TCD","Chad",6,"Kanem",18,"Kanem",70,"Motoa","","","Sub-prefecture","Sub-prefecture"
21787,46,"TCD","Chad",6,"Kanem",18,"Kanem",71,"Mourzigui","","","Sub-prefecture","Sub-prefecture"
21788,46,"TCD","Chad",6,"Kanem",18,"Kanem",72,"Sultanat","","","Sub-prefecture","Sub-prefecture"
21789,46,"TCD","Chad",6,"Kanem",19,"Nokou",73,"Nokou","","","Sub-prefecture","Sub-prefecture"
21790,46,"TCD","Chad",6,"Kanem",19,"Nokou",74,"Ntiona","","","Sub-prefecture","Sub-prefecture"
21791,46,"TCD","Chad",6,"Kanem",19,"Nokou",75,"Rig-Rig","","","Sub-prefecture","Sub-prefecture"
21792,46,"TCD","Chad",7,"Lac",20,"Mamdi",76,"Bol","","","Sub-prefecture","Sub-prefecture"
21793,46,"TCD","Chad",7,"Lac",21,"Wayi",77,"Ngouri","","","Sub-prefecture","Sub-prefecture"
21794,46,"TCD","Chad",8,"Logone Occidental",22,"Dodjé",78,"Beinamar","","","Sub-prefecture","Sub-prefecture"
21795,46,"TCD","Chad",8,"Logone Occidental",22,"Dodjé",79,"Beissa","","","Sub-prefecture","Sub-prefecture"
21796,46,"TCD","Chad",8,"Logone Occidental",22,"Dodjé",80,"Lao-Kassi","","","Sub-prefecture","Sub-prefecture"
21797,46,"TCD","Chad",8,"Logone Occidental",22,"Dodjé",81,"Tapol","","","Sub-prefecture","Sub-prefecture"
21798,46,"TCD","Chad",8,"Logone Occidental",23,"Lac Wey",82,"Bah","","","Sub-prefecture","Sub-prefecture"
21799,46,"TCD","Chad",8,"Logone Occidental",23,"Lac Wey",83,"Bao","","","Sub-prefecture","Sub-prefecture"
21800,46,"TCD","Chad",8,"Logone Occidental",23,"Lac Wey",84,"Biramanda","","","Sub-prefecture","Sub-prefecture"
21801,46,"TCD","Chad",8,"Logone Occidental",23,"Lac Wey",85,"Dadjile","","","Sub-prefecture","Sub-prefecture"
21802,46,"TCD","Chad",8,"Logone Occidental",23,"Lac Wey",86,"Deli","","","Sub-prefecture","Sub-prefecture"
21803,46,"TCD","Chad",8,"Logone Occidental",23,"Lac Wey",87,"Dodinda","","","Sub-prefecture","Sub-prefecture"
21804,46,"TCD","Chad",8,"Logone Occidental",23,"Lac Wey",88,"Kaga","","","Sub-prefecture","Sub-prefecture"
21805,46,"TCD","Chad",8,"Logone Occidental",23,"Lac Wey",89,"Krim-Krim","","","Sub-prefecture","Sub-prefecture"
21806,46,"TCD","Chad",8,"Logone Occidental",23,"Lac Wey",90,"Mbalkabra","","","Sub-prefecture","Sub-prefecture"
21807,46,"TCD","Chad",8,"Logone Occidental",23,"Lac Wey",91,"Mballa","","","Sub-prefecture","Sub-prefecture"
21808,46,"TCD","Chad",8,"Logone Occidental",23,"Lac Wey",92,"Moundou/Koutou","","","Sub-prefecture","Sub-prefecture"
21809,46,"TCD","Chad",8,"Logone Occidental",23,"Lac Wey",93,"Ngondong","","","Sub-prefecture","Sub-prefecture"
21810,46,"TCD","Chad",8,"Logone Occidental",23,"Lac Wey",94,"Tagoro","","","Sub-prefecture","Sub-prefecture"
21811,46,"TCD","Chad",8,"Logone Occidental",24,"Ngourkosso",95,"Bebalem","","","Sub-prefecture","Sub-prefecture"
21812,46,"TCD","Chad",8,"Logone Occidental",24,"Ngourkosso",96,"Beladjia","","","Sub-prefecture","Sub-prefecture"
21813,46,"TCD","Chad",8,"Logone Occidental",24,"Ngourkosso",97,"Benoye","","","Sub-prefecture","Sub-prefecture"
21814,46,"TCD","Chad",8,"Logone Occidental",24,"Ngourkosso",98,"Besseye","","","Sub-prefecture","Sub-prefecture"
21815,46,"TCD","Chad",8,"Logone Occidental",24,"Ngourkosso",99,"Bourou","","","Sub-prefecture","Sub-prefecture"
21816,46,"TCD","Chad",8,"Logone Occidental",24,"Ngourkosso",100,"Gore-Loc","","","Sub-prefecture","Sub-prefecture"
21817,46,"TCD","Chad",8,"Logone Occidental",24,"Ngourkosso",101,"Koutoutou","","","Sub-prefecture","Sub-prefecture"
21818,46,"TCD","Chad",8,"Logone Occidental",24,"Ngourkosso",102,"Manso","","","Sub-prefecture","Sub-prefecture"
21819,46,"TCD","Chad",8,"Logone Occidental",24,"Ngourkosso",103,"Mbaouroye","","","Sub-prefecture","Sub-prefecture"
21820,46,"TCD","Chad",8,"Logone Occidental",24,"Ngourkosso",104,"Saar","","","Sub-prefecture","Sub-prefecture"
21821,46,"TCD","Chad",8,"Logone Occidental",24,"Ngourkosso",105,"Tchaouen/Saoua","","","Sub-prefecture","Sub-prefecture"
21822,46,"TCD","Chad",9,"Logone Oriental",25,"Lanya",106,"Bebedjia","","","Sub-prefecture","Sub-prefecture"
21823,46,"TCD","Chad",9,"Logone Oriental",25,"Lanya",107,"Beboni","","","Sub-prefecture","Sub-prefecture"
21824,46,"TCD","Chad",9,"Logone Oriental",25,"Lanya",108,"Bero","","","Sub-prefecture","Sub-prefecture"
21825,46,"TCD","Chad",9,"Logone Oriental",25,"Lanya",109,"Kome/Ndobele","","","Sub-prefecture","Sub-prefecture"
21826,46,"TCD","Chad",9,"Logone Oriental",25,"Lanya",110,"Mbikou","","","Sub-prefecture","Sub-prefecture"
21827,46,"TCD","Chad",9,"Logone Oriental",25,"Lanya",111,"Miandoum","","","Sub-prefecture","Sub-prefecture"
21828,46,"TCD","Chad",9,"Logone Oriental",26,"Monts de Lam",112,"Andoum","","","Sub-prefecture","Sub-prefecture"
21829,46,"TCD","Chad",9,"Logone Oriental",26,"Monts de Lam",113,"Bessao","","","Sub-prefecture","Sub-prefecture"
21830,46,"TCD","Chad",9,"Logone Oriental",26,"Monts de Lam",114,"Gadjibian","","","Sub-prefecture","Sub-prefecture"
21831,46,"TCD","Chad",9,"Logone Oriental",26,"Monts de Lam",115,"Loumbogo","","","Sub-prefecture","Sub-prefecture"
21832,46,"TCD","Chad",9,"Logone Oriental",26,"Monts de Lam",116,"Mbaissaye","","","Sub-prefecture","Sub-prefecture"
21833,46,"TCD","Chad",9,"Logone Oriental",26,"Monts de Lam",117,"Mbouroum","","","Sub-prefecture","Sub-prefecture"
21834,46,"TCD","Chad",9,"Logone Oriental",26,"Monts de Lam",118,"Mont-De-Lam","","","Sub-prefecture","Sub-prefecture"
21835,46,"TCD","Chad",9,"Logone Oriental",26,"Monts de Lam",119,"Oudoumian","","","Sub-prefecture","Sub-prefecture"
21836,46,"TCD","Chad",9,"Logone Oriental",26,"Monts de Lam",120,"Pandzangue","","","Sub-prefecture","Sub-prefecture"
21837,46,"TCD","Chad",9,"Logone Oriental",26,"Monts de Lam",121,"Pao","","","Sub-prefecture","Sub-prefecture"
21838,46,"TCD","Chad",9,"Logone Oriental",27,"Nya Pendé",122,"Bekan","","","Sub-prefecture","Sub-prefecture"
21839,46,"TCD","Chad",9,"Logone Oriental",27,"Nya Pendé",123,"Boro","","","Sub-prefecture","Sub-prefecture"
21840,46,"TCD","Chad",9,"Logone Oriental",27,"Nya Pendé",124,"Boye-Bessao","","","Sub-prefecture","Sub-prefecture"
21841,46,"TCD","Chad",9,"Logone Oriental",27,"Nya Pendé",125,"Gore","","","Sub-prefecture","Sub-prefecture"
21842,46,"TCD","Chad",9,"Logone Oriental",27,"Nya Pendé",126,"Kaba-Donia","","","Sub-prefecture","Sub-prefecture"
21843,46,"TCD","Chad",9,"Logone Oriental",27,"Nya Pendé",127,"Kaba-Roangar","","","Sub-prefecture","Sub-prefecture"
21844,46,"TCD","Chad",9,"Logone Oriental",27,"Nya Pendé",128,"Mbaikoro","","","Sub-prefecture","Sub-prefecture"
21845,46,"TCD","Chad",9,"Logone Oriental",27,"Nya Pendé",129,"Miladi","","","Sub-prefecture","Sub-prefecture"
21846,46,"TCD","Chad",9,"Logone Oriental",27,"Nya Pendé",130,"Timberi","","","Sub-prefecture","Sub-prefecture"
21847,46,"TCD","Chad",9,"Logone Oriental",27,"Nya Pendé",131,"Yamodo","","","Sub-prefecture","Sub-prefecture"
21848,46,"TCD","Chad",9,"Logone Oriental",28,"Pendé",132,"Beboto","","","Sub-prefecture","Sub-prefecture"
21849,46,"TCD","Chad",9,"Logone Oriental",28,"Pendé",133,"Beti","","","Sub-prefecture","Sub-prefecture"
21850,46,"TCD","Chad",9,"Logone Oriental",28,"Pendé",134,"Bodo","","","Sub-prefecture","Sub-prefecture"
21851,46,"TCD","Chad",9,"Logone Oriental",28,"Pendé",135,"Doba","","","Sub-prefecture","Sub-prefecture"
21852,46,"TCD","Chad",9,"Logone Oriental",28,"Pendé",136,"Kara/Maibo-Goulaye","","","Sub-prefecture","Sub-prefecture"
21853,46,"TCD","Chad",9,"Logone Oriental",28,"Pendé",137,"Maibo-Mbaye","","","Sub-prefecture","Sub-prefecture"
21854,46,"TCD","Chad",9,"Logone Oriental",28,"Pendé",138,"Mango","","","Sub-prefecture","Sub-prefecture"
21855,46,"TCD","Chad",9,"Logone Oriental",28,"Pendé",139,"Nankesse","","","Sub-prefecture","Sub-prefecture"
21856,46,"TCD","Chad",9,"Logone Oriental",28,"Pendé",140,"Nassian","","","Sub-prefecture","Sub-prefecture"
21857,46,"TCD","Chad",9,"Logone Oriental",28,"Pendé",141,"Sama","","","Sub-prefecture","Sub-prefecture"
21858,46,"TCD","Chad",10,"Mandoul",29,"Barh Sara",142,"Beboro","","","Sub-prefecture","Sub-prefecture"
21859,46,"TCD","Chad",10,"Mandoul",29,"Barh Sara",143,"Begara","","","Sub-prefecture","Sub-prefecture"
21860,46,"TCD","Chad",10,"Mandoul",29,"Barh Sara",144,"Bekamba-Moissala","","","Sub-prefecture","Sub-prefecture"
21861,46,"TCD","Chad",10,"Mandoul",29,"Barh Sara",145,"Bekourou","","","Sub-prefecture","Sub-prefecture"
21862,46,"TCD","Chad",10,"Mandoul",29,"Barh Sara",146,"Bengoro","","","Sub-prefecture","Sub-prefecture"
21863,46,"TCD","Chad",10,"Mandoul",29,"Barh Sara",147,"Bessara","","","Sub-prefecture","Sub-prefecture"
21864,46,"TCD","Chad",10,"Mandoul",29,"Barh Sara",148,"Dembo","","","Sub-prefecture","Sub-prefecture"
21865,46,"TCD","Chad",10,"Mandoul",29,"Barh Sara",149,"Dilingala","","","Sub-prefecture","Sub-prefecture"
21866,46,"TCD","Chad",10,"Mandoul",29,"Barh Sara",150,"Doubadene","","","Sub-prefecture","Sub-prefecture"
21867,46,"TCD","Chad",10,"Mandoul",29,"Barh Sara",151,"Gabian","","","Sub-prefecture","Sub-prefecture"
21868,46,"TCD","Chad",10,"Mandoul",29,"Barh Sara",152,"Gon","","","Sub-prefecture","Sub-prefecture"
21869,46,"TCD","Chad",10,"Mandoul",29,"Barh Sara",153,"Koldaga","","","Sub-prefecture","Sub-prefecture"
21870,46,"TCD","Chad",10,"Mandoul",29,"Barh Sara",154,"Moissala","","","Sub-prefecture","Sub-prefecture"
21871,46,"TCD","Chad",10,"Mandoul",29,"Barh Sara",155,"Nadili","","","Sub-prefecture","Sub-prefecture"
21872,46,"TCD","Chad",10,"Mandoul",29,"Barh Sara",156,"Ngalo","","","Sub-prefecture","Sub-prefecture"
21873,46,"TCD","Chad",10,"Mandoul",29,"Barh Sara",157,"Takoua","","","Sub-prefecture","Sub-prefecture"
21874,46,"TCD","Chad",10,"Mandoul",30,"Mandoul Occidental",158,"Bangoul","","","Sub-prefecture","Sub-prefecture"
21875,46,"TCD","Chad",10,"Mandoul",30,"Mandoul Occidental",159,"Bebo-Pen","","","Sub-prefecture","Sub-prefecture"
21876,46,"TCD","Chad",10,"Mandoul",30,"Mandoul Occidental",160,"Bedjondo","","","Sub-prefecture","Sub-prefecture"
21877,46,"TCD","Chad",10,"Mandoul",30,"Mandoul Occidental",161,"Bekamba-Koumra","","","Sub-prefecture","Sub-prefecture"
21878,46,"TCD","Chad",10,"Mandoul",30,"Mandoul Occidental",162,"Nderguigui","","","Sub-prefecture","Sub-prefecture"
21879,46,"TCD","Chad",10,"Mandoul",30,"Mandoul Occidental",163,"Peni-Tchad","","","Sub-prefecture","Sub-prefecture"
21880,46,"TCD","Chad",10,"Mandoul",30,"Mandoul Occidental",164,"Yomi","","","Sub-prefecture","Sub-prefecture"
21881,46,"TCD","Chad",10,"Mandoul",31,"Mandoul Oriental",165,"Bedaya","","","Sub-prefecture","Sub-prefecture"
21882,46,"TCD","Chad",10,"Mandoul",31,"Mandoul Oriental",166,"Bessada","","","Sub-prefecture","Sub-prefecture"
21883,46,"TCD","Chad",10,"Mandoul",31,"Mandoul Oriental",167,"Dobo","","","Sub-prefecture","Sub-prefecture"
21884,46,"TCD","Chad",10,"Mandoul",31,"Mandoul Oriental",168,"Goundi","","","Sub-prefecture","Sub-prefecture"
21885,46,"TCD","Chad",10,"Mandoul",31,"Mandoul Oriental",169,"Koumra","","","Sub-prefecture","Sub-prefecture"
21886,46,"TCD","Chad",10,"Mandoul",31,"Mandoul Oriental",170,"Mahim-Toki","","","Sub-prefecture","Sub-prefecture"
21887,46,"TCD","Chad",10,"Mandoul",31,"Mandoul Oriental",171,"Matekaga","","","Sub-prefecture","Sub-prefecture"
21888,46,"TCD","Chad",10,"Mandoul",31,"Mandoul Oriental",172,"Mouroum-Goulaye","","","Sub-prefecture","Sub-prefecture"
21889,46,"TCD","Chad",10,"Mandoul",31,"Mandoul Oriental",173,"Ngangara","","","Sub-prefecture","Sub-prefecture"
21890,46,"TCD","Chad",11,"Mayo-Kebbi Est",32,"Kabbia",174,"Berem","","","Sub-prefecture","Sub-prefecture"
21891,46,"TCD","Chad",11,"Mayo-Kebbi Est",32,"Kabbia",175,"Djarao","","","Sub-prefecture","Sub-prefecture"
21892,46,"TCD","Chad",11,"Mayo-Kebbi Est",32,"Kabbia",176,"Domo","","","Sub-prefecture","Sub-prefecture"
21893,46,"TCD","Chad",11,"Mayo-Kebbi Est",32,"Kabbia",177,"Gounou-Gaya","","","Sub-prefecture","Sub-prefecture"
21894,46,"TCD","Chad",11,"Mayo-Kebbi Est",32,"Kabbia",178,"Gounou","","","Sub-prefecture","Sub-prefecture"
21895,46,"TCD","Chad",11,"Mayo-Kebbi Est",32,"Kabbia",179,"Leo-Mbassa","","","Sub-prefecture","Sub-prefecture"
21896,46,"TCD","Chad",11,"Mayo-Kebbi Est",32,"Kabbia",180,"Tagal","","","Sub-prefecture","Sub-prefecture"
21897,46,"TCD","Chad",11,"Mayo-Kebbi Est",33,"Mayo-Boneye",181,"Bongor","","","Sub-prefecture","Sub-prefecture"
21898,46,"TCD","Chad",11,"Mayo-Kebbi Est",33,"Mayo-Boneye",182,"Djoumane","","","Sub-prefecture","Sub-prefecture"
21899,46,"TCD","Chad",11,"Mayo-Kebbi Est",33,"Mayo-Boneye",183,"Ere","","","Sub-prefecture","Sub-prefecture"
21900,46,"TCD","Chad",11,"Mayo-Kebbi Est",33,"Mayo-Boneye",184,"Ham","","","Sub-prefecture","Sub-prefecture"
21901,46,"TCD","Chad",11,"Mayo-Kebbi Est",33,"Mayo-Boneye",185,"Katoa","","","Sub-prefecture","Sub-prefecture"
21902,46,"TCD","Chad",11,"Mayo-Kebbi Est",33,"Mayo-Boneye",186,"Kim","","","Sub-prefecture","Sub-prefecture"
21903,46,"TCD","Chad",11,"Mayo-Kebbi Est",33,"Mayo-Boneye",187,"Kolobo","","","Sub-prefecture","Sub-prefecture"
21904,46,"TCD","Chad",11,"Mayo-Kebbi Est",33,"Mayo-Boneye",188,"Koumi","","","Sub-prefecture","Sub-prefecture"
21905,46,"TCD","Chad",11,"Mayo-Kebbi Est",33,"Mayo-Boneye",189,"Magao","","","Sub-prefecture","Sub-prefecture"
21906,46,"TCD","Chad",11,"Mayo-Kebbi Est",33,"Mayo-Boneye",190,"Mitau","","","Sub-prefecture","Sub-prefecture"
21907,46,"TCD","Chad",11,"Mayo-Kebbi Est",33,"Mayo-Boneye",191,"Mogroum","","","Sub-prefecture","Sub-prefecture"
21908,46,"TCD","Chad",11,"Mayo-Kebbi Est",33,"Mayo-Boneye",192,"Ngam","","","Sub-prefecture","Sub-prefecture"
21909,46,"TCD","Chad",11,"Mayo-Kebbi Est",33,"Mayo-Boneye",193,"Teleme","","","Sub-prefecture","Sub-prefecture"
21910,46,"TCD","Chad",11,"Mayo-Kebbi Est",33,"Mayo-Boneye",194,"Tougoude","","","Sub-prefecture","Sub-prefecture"
21911,46,"TCD","Chad",11,"Mayo-Kebbi Est",33,"Mayo-Boneye",195,"Toura","","","Sub-prefecture","Sub-prefecture"
21912,46,"TCD","Chad",11,"Mayo-Kebbi Est",34,"Mont Illi",196,"Fianga","","","Sub-prefecture","Sub-prefecture"
21913,46,"TCD","Chad",11,"Mayo-Kebbi Est",34,"Mont Illi",197,"Gami","","","Sub-prefecture","Sub-prefecture"
21914,46,"TCD","Chad",11,"Mayo-Kebbi Est",34,"Mont Illi",198,"Kera","","","Sub-prefecture","Sub-prefecture"
21915,46,"TCD","Chad",11,"Mayo-Kebbi Est",34,"Mont Illi",199,"Malboum/Hollom","","","Sub-prefecture","Sub-prefecture"
21916,46,"TCD","Chad",11,"Mayo-Kebbi Est",34,"Mont Illi",200,"Tikem","","","Sub-prefecture","Sub-prefecture"
21917,46,"TCD","Chad",11,"Mayo-Kebbi Est",34,"Mont Illi",201,"Youe","","","Sub-prefecture","Sub-prefecture"
21918,46,"TCD","Chad",12,"Mayo-Kebbi Ouest",35,"Lac Léré",202,"Binder","","","Sub-prefecture","Sub-prefecture"
21919,46,"TCD","Chad",12,"Mayo-Kebbi Ouest",35,"Lac Léré",203,"Bipare","","","Sub-prefecture","Sub-prefecture"
21920,46,"TCD","Chad",12,"Mayo-Kebbi Ouest",35,"Lac Léré",204,"Guegou","","","Sub-prefecture","Sub-prefecture"
21921,46,"TCD","Chad",12,"Mayo-Kebbi Ouest",35,"Lac Léré",205,"Lagon","","","Sub-prefecture","Sub-prefecture"
21922,46,"TCD","Chad",12,"Mayo-Kebbi Ouest",35,"Lac Léré",206,"Lere-Tchad","","","Sub-prefecture","Sub-prefecture"
21923,46,"TCD","Chad",12,"Mayo-Kebbi Ouest",36,"Mayo-Dallah",207,"Dari","","","Sub-prefecture","Sub-prefecture"
21924,46,"TCD","Chad",12,"Mayo-Kebbi Ouest",36,"Mayo-Dallah",208,"Doue","","","Sub-prefecture","Sub-prefecture"
21925,46,"TCD","Chad",12,"Mayo-Kebbi Ouest",36,"Mayo-Dallah",209,"Erde-Pala","","","Sub-prefecture","Sub-prefecture"
21926,46,"TCD","Chad",12,"Mayo-Kebbi Ouest",36,"Mayo-Dallah",210,"Gagal","","","Sub-prefecture","Sub-prefecture"
21927,46,"TCD","Chad",12,"Mayo-Kebbi Ouest",36,"Mayo-Dallah",211,"Gouey-Goudoum","","","Sub-prefecture","Sub-prefecture"
21928,46,"TCD","Chad",12,"Mayo-Kebbi Ouest",36,"Mayo-Dallah",212,"Gouin","","","Sub-prefecture","Sub-prefecture"
21929,46,"TCD","Chad",12,"Mayo-Kebbi Ouest",36,"Mayo-Dallah",213,"Goumadji","","","Sub-prefecture","Sub-prefecture"
21930,46,"TCD","Chad",12,"Mayo-Kebbi Ouest",36,"Mayo-Dallah",214,"Keuni","","","Sub-prefecture","Sub-prefecture"
21931,46,"TCD","Chad",12,"Mayo-Kebbi Ouest",36,"Mayo-Dallah",215,"Korbo/Kordo","","","Sub-prefecture","Sub-prefecture"
21932,46,"TCD","Chad",12,"Mayo-Kebbi Ouest",36,"Mayo-Dallah",216,"Lame","","","Sub-prefecture","Sub-prefecture"
21933,46,"TCD","Chad",12,"Mayo-Kebbi Ouest",36,"Mayo-Dallah",217,"Salamata","","","Sub-prefecture","Sub-prefecture"
21934,46,"TCD","Chad",12,"Mayo-Kebbi Ouest",36,"Mayo-Dallah",218,"Tagobo-Foulbe","","","Sub-prefecture","Sub-prefecture"
21935,46,"TCD","Chad",12,"Mayo-Kebbi Ouest",36,"Mayo-Dallah",219,"Torrok","","","Sub-prefecture","Sub-prefecture"
21936,46,"TCD","Chad",13,"Moyen-Chari",37,"Barh Köh",220,"Balimba","","","Sub-prefecture","Sub-prefecture"
21937,46,"TCD","Chad",13,"Moyen-Chari",37,"Barh Köh",221,"Banda","","","Sub-prefecture","Sub-prefecture"
21938,46,"TCD","Chad",13,"Moyen-Chari",37,"Barh Köh",222,"Djoli","","","Sub-prefecture","Sub-prefecture"
21939,46,"TCD","Chad",13,"Moyen-Chari",37,"Barh Köh",223,"Kokaga","","","Sub-prefecture","Sub-prefecture"
21940,46,"TCD","Chad",13,"Moyen-Chari",37,"Barh Köh",224,"Korbol","","","Sub-prefecture","Sub-prefecture"
21941,46,"TCD","Chad",13,"Moyen-Chari",37,"Barh Köh",225,"Koumogo","","","Sub-prefecture","Sub-prefecture"
21942,46,"TCD","Chad",13,"Moyen-Chari",37,"Barh Köh",226,"Moussafoyo","","","Sub-prefecture","Sub-prefecture"
21943,46,"TCD","Chad",13,"Moyen-Chari",37,"Barh Köh",227,"Niellim","","","Sub-prefecture","Sub-prefecture"
21944,46,"TCD","Chad",13,"Moyen-Chari",37,"Barh Köh",228,"Sarh","","","Sub-prefecture","Sub-prefecture"
21945,46,"TCD","Chad",13,"Moyen-Chari",38,"Grande Sido",229,"Maro","","","Sub-prefecture","Sub-prefecture"
21946,46,"TCD","Chad",13,"Moyen-Chari",39,"Lac Iro",230,"Alako","","","Sub-prefecture","Sub-prefecture"
21947,46,"TCD","Chad",13,"Moyen-Chari",39,"Lac Iro",231,"Bale","","","Sub-prefecture","Sub-prefecture"
21948,46,"TCD","Chad",13,"Moyen-Chari",39,"Lac Iro",232,"Baltoubaye","","","Sub-prefecture","Sub-prefecture"
21949,46,"TCD","Chad",13,"Moyen-Chari",39,"Lac Iro",233,"Bohobe","","","Sub-prefecture","Sub-prefecture"
21950,46,"TCD","Chad",13,"Moyen-Chari",39,"Lac Iro",234,"Boum-Kebir","","","Sub-prefecture","Sub-prefecture"
21951,46,"TCD","Chad",13,"Moyen-Chari",39,"Lac Iro",235,"Dindje","","","Sub-prefecture","Sub-prefecture"
21952,46,"TCD","Chad",13,"Moyen-Chari",39,"Lac Iro",236,"Koskobo","","","Sub-prefecture","Sub-prefecture"
21953,46,"TCD","Chad",13,"Moyen-Chari",39,"Lac Iro",237,"Kotongoro","","","Sub-prefecture","Sub-prefecture"
21954,46,"TCD","Chad",13,"Moyen-Chari",39,"Lac Iro",238,"Kyabe","","","Sub-prefecture","Sub-prefecture"
21955,46,"TCD","Chad",13,"Moyen-Chari",39,"Lac Iro",239,"Marabe","","","Sub-prefecture","Sub-prefecture"
21956,46,"TCD","Chad",13,"Moyen-Chari",39,"Lac Iro",240,"Moufa","","","Sub-prefecture","Sub-prefecture"
21957,46,"TCD","Chad",13,"Moyen-Chari",39,"Lac Iro",241,"Ndjokou","","","Sub-prefecture","Sub-prefecture"
21958,46,"TCD","Chad",13,"Moyen-Chari",39,"Lac Iro",242,"Simegotobe","","","Sub-prefecture","Sub-prefecture"
21959,46,"TCD","Chad",13,"Moyen-Chari",39,"Lac Iro",243,"Singako","","","Sub-prefecture","Sub-prefecture"
21960,46,"TCD","Chad",14,"Ouaddaï",40,"Assoungha",244,"Barde","","","Sub-prefecture","Sub-prefecture"
21961,46,"TCD","Chad",14,"Ouaddaï",40,"Assoungha",245,"Guergne","","","Sub-prefecture","Sub-prefecture"
21962,46,"TCD","Chad",14,"Ouaddaï",40,"Assoungha",246,"Kado","","","Sub-prefecture","Sub-prefecture"
21963,46,"TCD","Chad",14,"Ouaddaï",40,"Assoungha",247,"Mabrone","","","Sub-prefecture","Sub-prefecture"
21964,46,"TCD","Chad",14,"Ouaddaï",40,"Assoungha",248,"Molou","","","Sub-prefecture","Sub-prefecture"
21965,46,"TCD","Chad",14,"Ouaddaï",40,"Assoungha",249,"Troane","","","Sub-prefecture","Sub-prefecture"
21966,46,"TCD","Chad",14,"Ouaddaï",41,"Djourf Al Ahmar",250,"Abker","","","Sub-prefecture","Sub-prefecture"
21967,46,"TCD","Chad",14,"Ouaddaï",41,"Djourf Al Ahmar",251,"Bakhat","","","Sub-prefecture","Sub-prefecture"
21968,46,"TCD","Chad",14,"Ouaddaï",41,"Djourf Al Ahmar",252,"Bandala","","","Sub-prefecture","Sub-prefecture"
21969,46,"TCD","Chad",14,"Ouaddaï",41,"Djourf Al Ahmar",253,"Birguit","","","Sub-prefecture","Sub-prefecture"
21970,46,"TCD","Chad",14,"Ouaddaï",41,"Djourf Al Ahmar",254,"Dadjo","","","Sub-prefecture","Sub-prefecture"
21971,46,"TCD","Chad",14,"Ouaddaï",41,"Djourf Al Ahmar",255,"Kadjeske-Am-Dam","","","Sub-prefecture","Sub-prefecture"
21972,46,"TCD","Chad",14,"Ouaddaï",41,"Djourf Al Ahmar",256,"Kognere","","","Sub-prefecture","Sub-prefecture"
21973,46,"TCD","Chad",14,"Ouaddaï",41,"Djourf Al Ahmar",257,"Korio","","","Sub-prefecture","Sub-prefecture"
21974,46,"TCD","Chad",14,"Ouaddaï",41,"Djourf Al Ahmar",258,"Massalat-Am-Dam","","","Sub-prefecture","Sub-prefecture"
21975,46,"TCD","Chad",14,"Ouaddaï",42,"Ouara",259,"Bourtail","","","Sub-prefecture","Sub-prefecture"
21976,46,"TCD","Chad",14,"Ouaddaï",42,"Ouara",260,"Guerri","","","Sub-prefecture","Sub-prefecture"
21977,46,"TCD","Chad",14,"Ouaddaï",42,"Ouara",261,"Kachimel-Abeche","","","Sub-prefecture","Sub-prefecture"
21978,46,"TCD","Chad",14,"Ouaddaï",42,"Ouara",262,"Mandjobo","","","Sub-prefecture","Sub-prefecture"
21979,46,"TCD","Chad",14,"Ouaddaï",42,"Ouara",263,"Marfa","","","Sub-prefecture","Sub-prefecture"
21980,46,"TCD","Chad",14,"Ouaddaï",42,"Ouara",264,"Ouadi-Chok-Abougouda","","","Sub-prefecture","Sub-prefecture"
21981,46,"TCD","Chad",14,"Ouaddaï",42,"Ouara",265,"Ouadi-Hamra","","","Sub-prefecture","Sub-prefecture"
21982,46,"TCD","Chad",14,"Ouaddaï",43,"Sila",266,"Barh-Azoum-Goz-Beida","","","Sub-prefecture","Sub-prefecture"
21983,46,"TCD","Chad",14,"Ouaddaï",43,"Sila",267,"Fongoro","","","Sub-prefecture","Sub-prefecture"
21984,46,"TCD","Chad",14,"Ouaddaï",43,"Sila",268,"Goz-Beida","","","Sub-prefecture","Sub-prefecture"
21985,46,"TCD","Chad",14,"Ouaddaï",43,"Sila",269,"Kadjeske-Goz-Beida","","","Sub-prefecture","Sub-prefecture"
21986,46,"TCD","Chad",14,"Ouaddaï",43,"Sila",270,"Koloye","","","Sub-prefecture","Sub-prefecture"
21987,46,"TCD","Chad",14,"Ouaddaï",43,"Sila",271,"Mourro","","","Sub-prefecture","Sub-prefecture"
21988,46,"TCD","Chad",14,"Ouaddaï",43,"Sila",272,"Ouadi-Habile","","","Sub-prefecture","Sub-prefecture"
21989,46,"TCD","Chad",14,"Ouaddaï",43,"Sila",273,"Ouadi-Kadja","","","Sub-prefecture","Sub-prefecture"
21990,46,"TCD","Chad",14,"Ouaddaï",43,"Sila",274,"Signar","","","Sub-prefecture","Sub-prefecture"
21991,46,"TCD","Chad",15,"Salamat",44,"Aboudeïa",275,"Autochtone","","","Sub-prefecture","Sub-prefecture"
21992,46,"TCD","Chad",15,"Salamat",44,"Aboudeïa",276,"Rachid","","","Sub-prefecture","Sub-prefecture"
21993,46,"TCD","Chad",15,"Salamat",44,"Aboudeïa",277,"Torom","","","Sub-prefecture","Sub-prefecture"
21994,46,"TCD","Chad",15,"Salamat",44,"Aboudeïa",278,"Yalnas-Abou-Deia","","","Sub-prefecture","Sub-prefecture"
21995,46,"TCD","Chad",15,"Salamat",45,"Barh Azoum",279,"Am-Timan","","","Sub-prefecture","Sub-prefecture"
21996,46,"TCD","Chad",15,"Salamat",45,"Barh Azoum",280,"Barh-Azoum-Am-Timan","","","Sub-prefecture","Sub-prefecture"
21997,46,"TCD","Chad",15,"Salamat",45,"Barh Azoum",281,"Dagal","","","Sub-prefecture","Sub-prefecture"
21998,46,"TCD","Chad",15,"Salamat",45,"Barh Azoum",282,"Dar-Salim","","","Sub-prefecture","Sub-prefecture"
21999,46,"TCD","Chad",15,"Salamat",45,"Barh Azoum",283,"Hemat-Am-Timan","","","Sub-prefecture","Sub-prefecture"
22000,46,"TCD","Chad",15,"Salamat",45,"Barh Azoum",284,"Kibet-Angreb","","","Sub-prefecture","Sub-prefecture"
22001,46,"TCD","Chad",15,"Salamat",45,"Barh Azoum",285,"Kibet-Soum-Soum","","","Sub-prefecture","Sub-prefecture"
22002,46,"TCD","Chad",15,"Salamat",45,"Barh Azoum",286,"Salamat-Am-Timan","","","Sub-prefecture","Sub-prefecture"
22003,46,"TCD","Chad",15,"Salamat",46,"Haraze Mangueigne",287,"Doudeye","","","Sub-prefecture","Sub-prefecture"
22004,46,"TCD","Chad",15,"Salamat",46,"Haraze Mangueigne",288,"Hemat-Haraze","","","Sub-prefecture","Sub-prefecture"
22005,46,"TCD","Chad",15,"Salamat",46,"Haraze Mangueigne",289,"Kouga-Tchad","","","Sub-prefecture","Sub-prefecture"
22006,46,"TCD","Chad",15,"Salamat",46,"Haraze Mangueigne",290,"Mangueigne","","","Sub-prefecture","Sub-prefecture"
22007,46,"TCD","Chad",16,"Tandjilé",47,"Béré",291,"Bere-Tchad","","","Sub-prefecture","Sub-prefecture"
22008,46,"TCD","Chad",16,"Tandjilé",47,"Béré",292,"Delbian","","","Sub-prefecture","Sub-prefecture"
22009,46,"TCD","Chad",16,"Tandjilé",47,"Béré",293,"Tamion-Ngolo","","","Sub-prefecture","Sub-prefecture"
22010,46,"TCD","Chad",16,"Tandjilé",47,"Béré",294,"Tchoa","","","Sub-prefecture","Sub-prefecture"
22011,46,"TCD","Chad",16,"Tandjilé",48,"Tandjilé Est",295,"Darbe","","","Sub-prefecture","Sub-prefecture"
22012,46,"TCD","Chad",16,"Tandjilé",48,"Tandjilé Est",296,"Deressia","","","Sub-prefecture","Sub-prefecture"
22013,46,"TCD","Chad",16,"Tandjilé",48,"Tandjilé Est",297,"Dormon","","","Sub-prefecture","Sub-prefecture"
22014,46,"TCD","Chad",16,"Tandjilé",48,"Tandjilé Est",298,"Gabri-Ngolo","","","Sub-prefecture","Sub-prefecture"
22015,46,"TCD","Chad",16,"Tandjilé",48,"Tandjilé Est",299,"Goulaye","","","Sub-prefecture","Sub-prefecture"
22016,46,"TCD","Chad",16,"Tandjilé",48,"Tandjilé Est",300,"Kabalaye","","","Sub-prefecture","Sub-prefecture"
22017,46,"TCD","Chad",16,"Tandjilé",48,"Tandjilé Est",301,"Kariade-Boum","","","Sub-prefecture","Sub-prefecture"
22018,46,"TCD","Chad",16,"Tandjilé",48,"Tandjilé Est",302,"Kimre","","","Sub-prefecture","Sub-prefecture"
22019,46,"TCD","Chad",16,"Tandjilé",48,"Tandjilé Est",303,"Koro-Tchad","","","Sub-prefecture","Sub-prefecture"
22020,46,"TCD","Chad",16,"Tandjilé",48,"Tandjilé Est",304,"Lai","","","Sub-prefecture","Sub-prefecture"
22021,46,"TCD","Chad",16,"Tandjilé",48,"Tandjilé Est",305,"Mouroum-Touloum","","","Sub-prefecture","Sub-prefecture"
22022,46,"TCD","Chad",16,"Tandjilé",48,"Tandjilé Est",306,"Ndam","","","Sub-prefecture","Sub-prefecture"
22023,46,"TCD","Chad",16,"Tandjilé",48,"Tandjilé Est",307,"Ngamongo","","","Sub-prefecture","Sub-prefecture"
22024,46,"TCD","Chad",16,"Tandjilé",48,"Tandjilé Est",308,"Ninga","","","Sub-prefecture","Sub-prefecture"
22025,46,"TCD","Chad",16,"Tandjilé",48,"Tandjilé Est",309,"Soumraye","","","Sub-prefecture","Sub-prefecture"
22026,46,"TCD","Chad",16,"Tandjilé",48,"Tandjilé Est",310,"Tchaguine-Ngolo","","","Sub-prefecture","Sub-prefecture"
22027,46,"TCD","Chad",16,"Tandjilé",48,"Tandjilé Est",311,"Tchedoum","","","Sub-prefecture","Sub-prefecture"
22028,46,"TCD","Chad",16,"Tandjilé",49,"Tandjilé Ouest",312,"Bagaye","","","Sub-prefecture","Sub-prefecture"
22029,46,"TCD","Chad",16,"Tandjilé",49,"Tandjilé Ouest",313,"Kelo","","","Sub-prefecture","Sub-prefecture"
22030,46,"TCD","Chad",16,"Tandjilé",49,"Tandjilé Ouest",314,"Kolon","","","Sub-prefecture","Sub-prefecture"
22031,46,"TCD","Chad",16,"Tandjilé",49,"Tandjilé Ouest",315,"Lele","","","Sub-prefecture","Sub-prefecture"
22032,46,"TCD","Chad",16,"Tandjilé",49,"Tandjilé Ouest",316,"Marba","","","Sub-prefecture","Sub-prefecture"
22033,46,"TCD","Chad",16,"Tandjilé",49,"Tandjilé Ouest",317,"Mesme","","","Sub-prefecture","Sub-prefecture"
22034,46,"TCD","Chad",17,"Ville de N'Djamena",50,"N'Djamena",318,"El-Fass","","","Sub-prefecture","Sub-prefecture"
22035,46,"TCD","Chad",17,"Ville de N'Djamena",50,"N'Djamena",319,"Kadada","","","Sub-prefecture","Sub-prefecture"
22036,46,"TCD","Chad",17,"Ville de N'Djamena",50,"N'Djamena",320,"Madiago","","","Sub-prefecture","Sub-prefecture"
22037,46,"TCD","Chad",17,"Ville de N'Djamena",50,"N'Djamena",321,"Ndjamena","","","Sub-prefecture","Sub-prefecture"
22038,46,"TCD","Chad",18,"Wadi Fira",51,"Biltine",322,"Abou-Charib-I","","","Sub-prefecture","Sub-prefecture"
22039,46,"TCD","Chad",18,"Wadi Fira",51,"Biltine",323,"Abou-Charib-Ii","","","Sub-prefecture","Sub-prefecture"
22040,46,"TCD","Chad",18,"Wadi Fira",51,"Biltine",324,"Arada","","","Sub-prefecture","Sub-prefecture"
22041,46,"TCD","Chad",18,"Wadi Fira",51,"Biltine",325,"Kodoye-I","","","Sub-prefecture","Sub-prefecture"
22042,46,"TCD","Chad",18,"Wadi Fira",51,"Biltine",326,"Kodoye-Ii","","","Sub-prefecture","Sub-prefecture"
22043,46,"TCD","Chad",18,"Wadi Fira",51,"Biltine",327,"Mimi","","","Sub-prefecture","Sub-prefecture"
22044,46,"TCD","Chad",18,"Wadi Fira",51,"Biltine",328,"Ouled-Djema","","","Sub-prefecture","Sub-prefecture"
22045,46,"TCD","Chad",18,"Wadi Fira",52,"Dar Tama",329,"Bali","","","Sub-prefecture","Sub-prefecture"
22046,46,"TCD","Chad",18,"Wadi Fira",52,"Dar Tama",330,"Birak","","","Sub-prefecture","Sub-prefecture"
22047,46,"TCD","Chad",18,"Wadi Fira",52,"Dar Tama",331,"Djimeze","","","Sub-prefecture","Sub-prefecture"
22048,46,"TCD","Chad",18,"Wadi Fira",52,"Dar Tama",332,"Fare","","","Sub-prefecture","Sub-prefecture"
22049,46,"TCD","Chad",18,"Wadi Fira",52,"Dar Tama",333,"Gnere","","","Sub-prefecture","Sub-prefecture"
22050,46,"TCD","Chad",18,"Wadi Fira",52,"Dar Tama",334,"Guereda","","","Sub-prefecture","Sub-prefecture"
22051,46,"TCD","Chad",18,"Wadi Fira",52,"Dar Tama",335,"Kassine","","","Sub-prefecture","Sub-prefecture"
22052,46,"TCD","Chad",18,"Wadi Fira",52,"Dar Tama",336,"Kolonga","","","Sub-prefecture","Sub-prefecture"
22053,46,"TCD","Chad",18,"Wadi Fira",52,"Dar Tama",337,"Koursigue","","","Sub-prefecture","Sub-prefecture"
22054,46,"TCD","Chad",18,"Wadi Fira",52,"Dar Tama",338,"Lima","","","Sub-prefecture","Sub-prefecture"
22055,46,"TCD","Chad",18,"Wadi Fira",52,"Dar Tama",339,"Mabraone","","","Sub-prefecture","Sub-prefecture"
22056,46,"TCD","Chad",18,"Wadi Fira",52,"Dar Tama",340,"Moore","","","Sub-prefecture","Sub-prefecture"
22057,46,"TCD","Chad",18,"Wadi Fira",52,"Dar Tama",341,"Ouli-Koure","","","Sub-prefecture","Sub-prefecture"
22058,46,"TCD","Chad",18,"Wadi Fira",52,"Dar Tama",342,"Troa","","","Sub-prefecture","Sub-prefecture"
22059,46,"TCD","Chad",18,"Wadi Fira",53,"Kobé",343,"Dourene","","","Sub-prefecture","Sub-prefecture"
22060,46,"TCD","Chad",18,"Wadi Fira",53,"Kobé",344,"Gourouf","","","Sub-prefecture","Sub-prefecture"
22061,46,"TCD","Chad",18,"Wadi Fira",53,"Kobé",345,"Kapka-Bakaore","","","Sub-prefecture","Sub-prefecture"
22062,46,"TCD","Chad",18,"Wadi Fira",53,"Kobé",346,"Kobe-Nord-Est","","","Sub-prefecture","Sub-prefecture"
22063,46,"TCD","Chad",18,"Wadi Fira",53,"Kobé",347,"Kobe-Nord-Ouest","","","Sub-prefecture","Sub-prefecture"
22064,46,"TCD","Chad",18,"Wadi Fira",53,"Kobé",348,"Kobe-Sud","","","Sub-prefecture","Sub-prefecture"
