"PID","ID_0","ISO","NAME_0","ID_1","NAME_1","ID_2","NAME_2","NL_NAME_2","VARNAME_2","TYPE_2","ENGTYPE_2"
10638,46,"TCD","Chad",14,"Ouaddaï",42,"Ouara","","Abeche|Abéché","Department","Department"
10639,46,"TCD","Chad",14,"Ouaddaï",43,"Sila","","Goz-Beida|Goz Béïda","Department","Department"
10640,46,"TCD","Chad",15,"Salamat",44,"Aboudeïa","","Abou Deia","Department","Department"
10641,46,"TCD","Chad",15,"Salamat",45,"Barh Azoum","","Am Timan","Department","Department"
10642,46,"TCD","Chad",15,"Salamat",46,"Haraze Mangueigne","","","Department","Department"
10643,46,"TCD","Chad",16,"Tandjilé",47,"Béré","","Bere","Department","Department"
10644,46,"TCD","Chad",16,"Tandjilé",48,"Tandjilé Est","","Lai","Department","Department"
10645,46,"TCD","Chad",16,"Tandjilé",49,"Tandjilé Ouest","","Kelo|Kélo","Department","Department"
10646,46,"TCD","Chad",17,"Ville de N'Djamena",50,"N'Djamena","","Ndjamena","Department","Department"
10647,46,"TCD","Chad",18,"Wadi Fira",51,"Biltine","","","Department","Department"
10648,46,"TCD","Chad",18,"Wadi Fira",52,"Dar Tama","","Guereda|Guéréda","Department","Department"
10649,46,"TCD","Chad",18,"Wadi Fira",53,"Kobé","","Iriba","Department","Department"
11656,46,"TCD","Chad",1,"Batha",1,"Batha Est","","Oum-Hadjer","Department","Department"
11657,46,"TCD","Chad",1,"Batha",2,"Batha Oues","","Ati","Department","Department"
11658,46,"TCD","Chad",1,"Batha",3,"Fitri","","Djedaa","Department","Department"
11659,46,"TCD","Chad",2,"Bet",4,"Borkou","","","Department","Department"
11660,46,"TCD","Chad",2,"Bet",5,"Ennedi Est","","","Department","Department"
11661,46,"TCD","Chad",2,"Bet",6,"Ennedi Ouest","","","Department","Department"
11662,46,"TCD","Chad",2,"Bet",7,"Tibesti","","","Department","Department"
11663,46,"TCD","Chad",3,"Chari-Baguirmi",8,"Baguirmi","","Massenya","Department","Department"
11664,46,"TCD","Chad",3,"Chari-Baguirmi",9,"Loug Chari","","Bousso","Department","Department"
11665,46,"TCD","Chad",4,"Guéra",10,"Barh Signaka","","Mongo","Department","Department"
11666,46,"TCD","Chad",4,"Guéra",11,"Bitkine","","","Department","Department"
11667,46,"TCD","Chad",4,"Guéra",12,"Guéra","","Melfi","Department","Department"
11668,46,"TCD","Chad",4,"Guéra",13,"Mangalmé","","Mangalme","Department","Department"
11669,46,"TCD","Chad",5,"Hadjer-Lamis",14,"Dababa","","Bokoro","Department","Department"
11670,46,"TCD","Chad",5,"Hadjer-Lamis",15,"Dagana","","Massakory","Department","Department"
11671,46,"TCD","Chad",5,"Hadjer-Lamis",16,"Haraze Al Biar","","Ndjamena","Department","Department"
11672,46,"TCD","Chad",6,"Kanem",17,"Barh El Gazel","","Moussoro","Department","Department"
11673,46,"TCD","Chad",6,"Kanem",18,"Kanem","","Mao","Department","Department"
11674,46,"TCD","Chad",6,"Kanem",19,"Nokou","","","Department","Department"
11675,46,"TCD","Chad",7,"Lac",20,"Mamdi","","Bol","Department","Department"
11676,46,"TCD","Chad",7,"Lac",21,"Wayi","","Ngouri","Department","Department"
11677,46,"TCD","Chad",8,"Logone Occidental",22,"Dodjé","","Beinamar","Department","Department"
11678,46,"TCD","Chad",8,"Logone Occidental",23,"Lac Wey","","Moundou","Department","Department"
11679,46,"TCD","Chad",8,"Logone Occidental",24,"Ngourkosso","","Benoye|Benoyé","Department","Department"
11680,46,"TCD","Chad",9,"Logone Oriental",25,"Lanya","","Bebedjia","Department","Department"
11681,46,"TCD","Chad",9,"Logone Oriental",26,"Monts de Lam","","Baibokoum","Department","Department"
11682,46,"TCD","Chad",9,"Logone Oriental",27,"Nya Pendé","","La Nya Pendé|Goré","Department","Department"
11683,46,"TCD","Chad",9,"Logone Oriental",28,"Pendé","","Doba|La Pendé","Department","Department"
11684,46,"TCD","Chad",10,"Mandoul",29,"Barh Sara","","Moïssala|Moissala","Department","Department"
11685,46,"TCD","Chad",10,"Mandoul",30,"Mandoul Occidental","","Bédjondo","Department","Department"
11686,46,"TCD","Chad",10,"Mandoul",31,"Mandoul Oriental","","Koumra","Department","Department"
11687,46,"TCD","Chad",11,"Mayo-Kebbi Est",32,"Kabbia","","Gounou-Gaya","Department","Department"
11688,46,"TCD","Chad",11,"Mayo-Kebbi Est",33,"Mayo-Boneye","","Bongor","Department","Department"
11689,46,"TCD","Chad",11,"Mayo-Kebbi Est",34,"Mont Illi","","Fianga","Department","Department"
11690,46,"TCD","Chad",12,"Mayo-Kebbi Ouest",35,"Lac Léré","","Lere|Léré","Department","Department"
11691,46,"TCD","Chad",12,"Mayo-Kebbi Ouest",36,"Mayo-Dallah","","Pala","Department","Department"
11692,46,"TCD","Chad",13,"Moyen-Chari",37,"Barh Köh","","Sarh","Department","Department"
11693,46,"TCD","Chad",13,"Moyen-Chari",38,"Grande Sido","","Maro","Department","Department"
11694,46,"TCD","Chad",13,"Moyen-Chari",39,"Lac Iro","","Kyabe|Kyabé","Department","Department"
11695,46,"TCD","Chad",14,"Ouaddaï",40,"Assoungha","","Adre|Adré","Department","Department"
11696,46,"TCD","Chad",14,"Ouaddaï",41,"Djourf Al Ahmar","","Am-Dam","Department","Department"
