"PID","ID_0","ISO","NAME_0","ID_1","NAME_1","NL_NAME_1","VARNAME_1","TYPE_1","ENGTYPE_1"
3293,243,"UZB","Uzbekistan",1,"Andijon","","Andijan|Andizhan","Wiloyat","Region"
3294,243,"UZB","Uzbekistan",2,"Bukhoro","","Bukhara|Buxoro|Mawarranahr|Transoxania|Turan","Wiloyat","Region"
3295,243,"UZB","Uzbekistan",3,"Ferghana","","Farghona|Farg`ona|Fergana","Wiloyat","Region"
3296,243,"UZB","Uzbekistan",4,"Jizzakh","","Dzhizak|Jizzax","Wiloyat","Region"
3297,243,"UZB","Uzbekistan",5,"Karakalpakstan","","Qoraqalpog`iston autonomous republic|Kara-Kalpakia|Qoraqalpoghiston|Qoraqalpog`iston|Qoraqalpoghiston Respublikasi","Repuplikasi","Automonous Region"
3298,243,"UZB","Uzbekistan",6,"Kashkadarya","","Kashka-Dar'ya|Kashkadar|Kashkadar'ya|Qashqadaryo","Wiloyat","Region"
3299,243,"UZB","Uzbekistan",7,"Khorezm","","Khiva|Khwarazm|Khorazm|Xorazm","Wiloyat","Region"
3300,243,"UZB","Uzbekistan",8,"Namangan","","","Wiloyat","Region"
3301,243,"UZB","Uzbekistan",9,"Navoi","","Navoiy|Navoiy","Wiloyat","Region"
3302,243,"UZB","Uzbekistan",10,"Samarkand","","Samarqand","Wiloyat","Region"
3303,243,"UZB","Uzbekistan",11,"Sirdaryo","","Syr-Dar'ya","Wiloyat","Region"
3304,243,"UZB","Uzbekistan",12,"Surkhandarya","","Sukhan-Dar'ya|Surxondaryo|Surkhan-Dar'ya","Wiloyat","Region"
3305,243,"UZB","Uzbekistan",13,"Tashkent City","","","Shahar","City"
3306,243,"UZB","Uzbekistan",14,"Tashkent","","Taschkent|Toshkent","Wiloyat","Region"
