"PID","ID_0","ISO","NAME_0","ID_1","NAME_1","ID_2","NAME_2","NL_NAME_2","VARNAME_2","TYPE_2","ENGTYPE_2"
40906,243,"UZB","Uzbekistan",1,"Andijon",1,"Andijon","","Andijan","District","District"
40907,243,"UZB","Uzbekistan",1,"Andijon",2,"Asaka","","","District","District"
40908,243,"UZB","Uzbekistan",1,"Andijon",3,"Baliqchi","","Baliqchi","District","District"
40909,243,"UZB","Uzbekistan",1,"Andijon",4,"Bo'zsuv","","Boz","District","District"
40910,243,"UZB","Uzbekistan",1,"Andijon",5,"Buloqboshi","","Buloqboshi","District","District"
40911,243,"UZB","Uzbekistan",1,"Andijon",6,"Izboskan","","Izboskan","District","District"
40912,243,"UZB","Uzbekistan",1,"Andijon",7,"Jalolquduq","","Jalalkuduk","District","District"
40913,243,"UZB","Uzbekistan",1,"Andijon",8,"Marhamat","","","District","District"
40914,243,"UZB","Uzbekistan",1,"Andijon",9,"Oltinko'l","","Oltinkol","District","District"
40915,243,"UZB","Uzbekistan",1,"Andijon",10,"Paxtaobod","","Pakhtaabad","District","District"
40916,243,"UZB","Uzbekistan",1,"Andijon",11,"Qo'rg'ontepa","","Kurgontepa","District","District"
40917,243,"UZB","Uzbekistan",1,"Andijon",12,"Shahrixon","","Shakhrihon","City","City"
40918,243,"UZB","Uzbekistan",1,"Andijon",13,"Ulug'nor","","Ulugnor","District","District"
40919,243,"UZB","Uzbekistan",1,"Andijon",14,"Xo'jaobod","","Khodjaobad","District","District"
40920,243,"UZB","Uzbekistan",2,"Bukhoro",15,"Buxoro","","Bukhara","District","District"
40921,243,"UZB","Uzbekistan",2,"Bukhoro",16,"G'ijduvon","","Gijduvan","District","District"
40922,243,"UZB","Uzbekistan",2,"Bukhoro",17,"Jondor","","","District","District"
40923,243,"UZB","Uzbekistan",2,"Bukhoro",18,"Kogon","","Kagan","City","City"
40924,243,"UZB","Uzbekistan",2,"Bukhoro",19,"Olot","","Alat","District","District"
40925,243,"UZB","Uzbekistan",2,"Bukhoro",20,"Peshku","","Peshku","District","District"
40926,243,"UZB","Uzbekistan",2,"Bukhoro",21,"Qorako'l","","Karakul","District","District"
40927,243,"UZB","Uzbekistan",2,"Bukhoro",22,"Qorovulbozor","","Karaulbazar","District","District"
40928,243,"UZB","Uzbekistan",2,"Bukhoro",23,"Romitan","","Romitan","District","District"
40929,243,"UZB","Uzbekistan",2,"Bukhoro",24,"Shofirkon","","Shafirkan","District","District"
40930,243,"UZB","Uzbekistan",2,"Bukhoro",25,"Vobkent","","Vabkent","District","District"
40931,243,"UZB","Uzbekistan",3,"Ferghana",26,"Beshariq","","Beshariq","District","District"
40932,243,"UZB","Uzbekistan",3,"Ferghana",27,"Bog'dod","","Baghdad","District","District"
40933,243,"UZB","Uzbekistan",3,"Ferghana",28,"Buvayda","","","District","District"
40934,243,"UZB","Uzbekistan",3,"Ferghana",29,"Dang'ara","","Dangara","District","District"
40935,243,"UZB","Uzbekistan",3,"Ferghana",30,"Farg'ona","","Fergana","District","District"
40936,243,"UZB","Uzbekistan",3,"Ferghana",31,"Furqat","","","District","District"
40937,243,"UZB","Uzbekistan",3,"Ferghana",32,"O'zbekiston","","Uzbekistan","District","District"
40938,243,"UZB","Uzbekistan",3,"Ferghana",33,"Oltiariq","","Altyariq","District","District"
40939,243,"UZB","Uzbekistan",3,"Ferghana",34,"Oxunboboev","","Okhunboboev","District","District"
40940,243,"UZB","Uzbekistan",3,"Ferghana",35,"Quva","","Quva","City","City"
40941,243,"UZB","Uzbekistan",3,"Ferghana",36,"Rishton","","","District","District"
40942,243,"UZB","Uzbekistan",3,"Ferghana",37,"Toshloq","","Tashlaq","District","District"
40943,243,"UZB","Uzbekistan",3,"Ferghana",38,"Uchko'prik","","Uchkuprik","District","District"
40944,243,"UZB","Uzbekistan",3,"Ferghana",39,"Yozyovon","","Yazyavan","District","District"
40945,243,"UZB","Uzbekistan",4,"Jizzakh",40,"Arnasoy","","Arnasay","District","District"
40946,243,"UZB","Uzbekistan",4,"Jizzakh",41,"Baxmal","","Bakhmal","District","District"
40947,243,"UZB","Uzbekistan",4,"Jizzakh",42,"Do'stlik","","Dustlik","District","District"
40948,243,"UZB","Uzbekistan",4,"Jizzakh",43,"Forish","","","District","District"
40949,243,"UZB","Uzbekistan",4,"Jizzakh",44,"G'allaorol","","Gallaorol","District","District"
40950,243,"UZB","Uzbekistan",4,"Jizzakh",45,"Jizzax","","","District","District"
40951,243,"UZB","Uzbekistan",4,"Jizzakh",46,"Mirzacho'l","","Mirzachul","District","District"
40952,243,"UZB","Uzbekistan",4,"Jizzakh",47,"Paxtakor","","Pakhtakor","District","District"
40953,243,"UZB","Uzbekistan",4,"Jizzakh",48,"Yangiobod","","Yangiabad","District","District"
40954,243,"UZB","Uzbekistan",4,"Jizzakh",49,"Zafarobod","","","District","District"
40955,243,"UZB","Uzbekistan",4,"Jizzakh",50,"Zarbdor","","Zarbdar","District","District"
40956,243,"UZB","Uzbekistan",4,"Jizzakh",51,"Zomin","","Zaamin","District","District"
40957,243,"UZB","Uzbekistan",5,"Karakalpakstan",52,"Amudaryo","","","District","District"
40958,243,"UZB","Uzbekistan",5,"Karakalpakstan",53,"Aral Sea","","","Waterbody","Waterbody"
40959,243,"UZB","Uzbekistan",5,"Karakalpakstan",54,"Beruniy","","","City","City"
40960,243,"UZB","Uzbekistan",5,"Karakalpakstan",55,"Chimboy","","Chimbay","City","City"
40961,243,"UZB","Uzbekistan",5,"Karakalpakstan",56,"Ellikqala","","","District","District"
40962,243,"UZB","Uzbekistan",5,"Karakalpakstan",57,"Kegeyli","","","District","District"
40963,243,"UZB","Uzbekistan",5,"Karakalpakstan",58,"Mo'ynoq","","Muynoq","District","District"
40964,243,"UZB","Uzbekistan",5,"Karakalpakstan",59,"Nukus","","","District","District"
40965,243,"UZB","Uzbekistan",5,"Karakalpakstan",60,"Qanliko'l","","","District","District"
40966,243,"UZB","Uzbekistan",5,"Karakalpakstan",61,"Qo'ng'irot","","","City","City"
40967,243,"UZB","Uzbekistan",5,"Karakalpakstan",62,"Qorao'zak","","","District","District"
40968,243,"UZB","Uzbekistan",5,"Karakalpakstan",63,"Shumanay","","","District","District"
40969,243,"UZB","Uzbekistan",5,"Karakalpakstan",64,"Taxtako'pir","","Taxtakopir","District","District"
40970,243,"UZB","Uzbekistan",5,"Karakalpakstan",65,"To'rtko'l","","","City","City"
40971,243,"UZB","Uzbekistan",5,"Karakalpakstan",66,"Xo'jayli","","","District","District"
40972,243,"UZB","Uzbekistan",6,"Kashkadarya",67,"Chiroqchi","","","District","District"
40973,243,"UZB","Uzbekistan",6,"Kashkadarya",68,"Dehqonobod","","Dehkanabad","District","District"
40974,243,"UZB","Uzbekistan",6,"Kashkadarya",69,"G'uzor","","Guzar","District","District"
40975,243,"UZB","Uzbekistan",6,"Kashkadarya",70,"Kasbi","","","District","District"
40976,243,"UZB","Uzbekistan",6,"Kashkadarya",71,"Kitob","","","District","District"
40977,243,"UZB","Uzbekistan",6,"Kashkadarya",72,"Koson","","","District","District"
40978,243,"UZB","Uzbekistan",6,"Kashkadarya",73,"Muborak","","","District","District"
40979,243,"UZB","Uzbekistan",6,"Kashkadarya",74,"Nishon","","","District","District"
40980,243,"UZB","Uzbekistan",6,"Kashkadarya",75,"Qamashi","","Kamashi","District","District"
40981,243,"UZB","Uzbekistan",6,"Kashkadarya",76,"Qarshi","","Karshi","District","District"
40982,243,"UZB","Uzbekistan",6,"Kashkadarya",77,"Shahrisabz","","","City","City"
40983,243,"UZB","Uzbekistan",6,"Kashkadarya",78,"Usmon Yusupov","","Mirishkor","District","District"
40984,243,"UZB","Uzbekistan",6,"Kashkadarya",79,"Yakkabog'","","Yakkabog
","District","District"
40985,243,"UZB","Uzbekistan",7,"Khorezm",80,"Bog'ot","","Bagat","District","District"
40986,243,"UZB","Uzbekistan",7,"Khorezm",81,"Gurlan","","Gurlen","District","District"
40987,243,"UZB","Uzbekistan",7,"Khorezm",82,"Hazorasp","","Khazarasp","District","District"
40988,243,"UZB","Uzbekistan",7,"Khorezm",83,"Qo'shko'pir","","Koshkupyr","District","District"
40989,243,"UZB","Uzbekistan",7,"Khorezm",84,"Shovot","","Shavat","District","District"
40990,243,"UZB","Uzbekistan",7,"Khorezm",85,"Urganch","","Urgench","District","District"
40991,243,"UZB","Uzbekistan",7,"Khorezm",86,"Xiva","","Khiva","City","City"
40992,243,"UZB","Uzbekistan",7,"Khorezm",87,"Xonqa","","Khanka","District","District"
40993,243,"UZB","Uzbekistan",7,"Khorezm",88,"Yangiariq","","Yangiaryk","District","District"
40994,243,"UZB","Uzbekistan",7,"Khorezm",89,"Yangibozor","","Yangibazar","District","District"
40995,243,"UZB","Uzbekistan",8,"Namangan",90,"Chortoq","","Chartak","City","City"
40996,243,"UZB","Uzbekistan",8,"Namangan",91,"Chust","","","District","District"
40997,243,"UZB","Uzbekistan",8,"Namangan",92,"Kosonsoy","","Kasansay","City","City"
40998,243,"UZB","Uzbekistan",8,"Namangan",93,"Mingbuloq","","Mingbulak","District","District"
40999,243,"UZB","Uzbekistan",8,"Namangan",94,"Namangan","","","City","City"
41000,243,"UZB","Uzbekistan",8,"Namangan",95,"Norin","","Naryn","District","District"
41001,243,"UZB","Uzbekistan",8,"Namangan",96,"Pop","","Pap","District","District"
41002,243,"UZB","Uzbekistan",8,"Namangan",97,"To'raqo'rg'on","","Turakurgan","District","District"
41003,243,"UZB","Uzbekistan",8,"Namangan",98,"Uchqo'rg'on","","Uchkurgan","District","District"
41004,243,"UZB","Uzbekistan",8,"Namangan",99,"Uychi","","","District","District"
41005,243,"UZB","Uzbekistan",8,"Namangan",100,"Yagiqo'rg'on","","Yangikurgan","District","District"
41006,243,"UZB","Uzbekistan",9,"Navoi",101,"Karmana","","Karmana","District","District"
41007,243,"UZB","Uzbekistan",9,"Navoi",102,"Konimex","","Kanimekh","District","District"
41008,243,"UZB","Uzbekistan",9,"Navoi",103,"Navbahor","","Navbakhor","District","District"
41009,243,"UZB","Uzbekistan",9,"Navoi",104,"Nurota","","Nurata","District","District"
41010,243,"UZB","Uzbekistan",9,"Navoi",105,"Qiziltepa","","Kyzyltepa","District","District"
41011,243,"UZB","Uzbekistan",9,"Navoi",106,"Tomdi","","Tamdy","District","District"
41012,243,"UZB","Uzbekistan",9,"Navoi",107,"Uchquduq","","Uchkuduk","City","City"
41013,243,"UZB","Uzbekistan",9,"Navoi",108,"Xatirchi","","Khatyrchi","District","District"
41014,243,"UZB","Uzbekistan",10,"Samarkand",109,"Bulung'ur","","Bulungur","District","District"
41015,243,"UZB","Uzbekistan",10,"Samarkand",110,"Ishtixon","","Ishtikhon","District","District"
41016,243,"UZB","Uzbekistan",10,"Samarkand",111,"Jomboy","","","District","District"
41017,243,"UZB","Uzbekistan",10,"Samarkand",112,"Kattaqo'rg'on","","Kattakurgan","City","City"
41018,243,"UZB","Uzbekistan",10,"Samarkand",113,"Narpay","","","District","District"
41019,243,"UZB","Uzbekistan",10,"Samarkand",114,"Nurobod","","","District","District"
41020,243,"UZB","Uzbekistan",10,"Samarkand",115,"Oqdaryo","","Oqdarya","District","District"
41021,243,"UZB","Uzbekistan",10,"Samarkand",116,"Pastdarg'om","","Pastdargom","District","District"
41022,243,"UZB","Uzbekistan",10,"Samarkand",117,"Paxtachi
","","Pakhtachi","District","District"
41023,243,"UZB","Uzbekistan",10,"Samarkand",118,"Payariq","","","District","District"
41024,243,"UZB","Uzbekistan",10,"Samarkand",119,"Qo'shrabot
","","Koshrabot","District","District"
41025,243,"UZB","Uzbekistan",10,"Samarkand",120,"Samarqand","","","City","City"
41026,243,"UZB","Uzbekistan",10,"Samarkand",121,"Toyloq","","","District","District"
41027,243,"UZB","Uzbekistan",10,"Samarkand",122,"Urgut","","","City","City"
41028,243,"UZB","Uzbekistan",11,"Sirdaryo",123,"Boyovut","","Bayaut","District","District"
41029,243,"UZB","Uzbekistan",11,"Sirdaryo",124,"Guliston","","Gulistan","District","District"
41030,243,"UZB","Uzbekistan",11,"Sirdaryo",125,"Mirzaobod","","Mirzaabad","District","District"
41031,243,"UZB","Uzbekistan",11,"Sirdaryo",126,"Oqoltin","","Akaltyn","District","District"
41032,243,"UZB","Uzbekistan",11,"Sirdaryo",127,"Sayxunobod","","Saikhunabad","District","District"
41033,243,"UZB","Uzbekistan",11,"Sirdaryo",128,"Sharof Rashidov","","Sardoba","District","District"
41034,243,"UZB","Uzbekistan",11,"Sirdaryo",129,"Sirdaryo","","","City","City"
41035,243,"UZB","Uzbekistan",11,"Sirdaryo",130,"Xovos","","Khavast","District","District"
41036,243,"UZB","Uzbekistan",12,"Surkhandarya",131,"Angor","","","District","District"
41037,243,"UZB","Uzbekistan",12,"Surkhandarya",132,"Bandixon","","Bandikhon","District","District"
41038,243,"UZB","Uzbekistan",12,"Surkhandarya",133,"Boysun","","","District","District"
41039,243,"UZB","Uzbekistan",12,"Surkhandarya",134,"Denov","","Denau","City","City"
41040,243,"UZB","Uzbekistan",12,"Surkhandarya",135,"Jarqo'rg'on","","Jarkurghon","District","District"
41041,243,"UZB","Uzbekistan",12,"Surkhandarya",136,"Muzrabot
","","","District","District"
41042,243,"UZB","Uzbekistan",12,"Surkhandarya",137,"Oltinsoy","","","District","District"
41043,243,"UZB","Uzbekistan",12,"Surkhandarya",138,"Qiziriq","","Kizirik","District","District"
41044,243,"UZB","Uzbekistan",12,"Surkhandarya",139,"Qumqo'rg'on","","Kumkurghon","District","District"
41045,243,"UZB","Uzbekistan",12,"Surkhandarya",140,"Sariosiyo","","","District","District"
41046,243,"UZB","Uzbekistan",12,"Surkhandarya",141,"Sherobod","","","District","District"
41047,243,"UZB","Uzbekistan",12,"Surkhandarya",142,"Sho'rchi","","Shurchi","District","District"
41048,243,"UZB","Uzbekistan",12,"Surkhandarya",143,"Termiz","","","District","District"
41049,243,"UZB","Uzbekistan",12,"Surkhandarya",144,"Uzun","","","District","District"
41050,243,"UZB","Uzbekistan",13,"Tashkent City",145,"Tashkent City","","","City","City"
41051,243,"UZB","Uzbekistan",14,"Tashkent",146,"Bekobod","","Bekabad","District","District"
41052,243,"UZB","Uzbekistan",14,"Tashkent",147,"Bo'ka","","Buka","District","District"
41053,243,"UZB","Uzbekistan",14,"Tashkent",148,"Bo'stonliq","","Bostanliq","District","District"
41054,243,"UZB","Uzbekistan",14,"Tashkent",149,"Chinoz","","Chinaz","District","District"
41055,243,"UZB","Uzbekistan",14,"Tashkent",150,"O'rtachirchiq","","Orta Chirchiq","District","District"
41056,243,"UZB","Uzbekistan",14,"Tashkent",151,"Ohangaron","","Okhangaron","District","District"
41057,243,"UZB","Uzbekistan",14,"Tashkent",152,"Oqqo'rg'on","","Oqqurgan","District","District"
41058,243,"UZB","Uzbekistan",14,"Tashkent",153,"Parkent","","","District","District"
41059,243,"UZB","Uzbekistan",14,"Tashkent",154,"Piskent","","","District","District"
41060,243,"UZB","Uzbekistan",14,"Tashkent",155,"Qibray","","","District","District"
41061,243,"UZB","Uzbekistan",14,"Tashkent",156,"Quyichirchiq","","Quyi Chirchiq","District","District"
41062,243,"UZB","Uzbekistan",14,"Tashkent",157,"Toshkent","","Tashkent","District","District"
41063,243,"UZB","Uzbekistan",14,"Tashkent",158,"Yangiyo'l","","Yangiyol","City","City"
41064,243,"UZB","Uzbekistan",14,"Tashkent",159,"Yuqorichirchiq","","Yukori Chirchiq","District","District"
41065,243,"UZB","Uzbekistan",14,"Tashkent",160,"Zangiota","","Zangiata","District","District"
