"PID","ID_0","ISO","NAME_0","ID_1","NAME_1","NL_NAME_1","VARNAME_1","TYPE_1","ENGTYPE_1"
1871,143,"MUS","Mauritius",1,"Black River","","","District","District"
1872,143,"MUS","Mauritius",2,"Coco Island","","","",""
1873,143,"MUS","Mauritius",3,"Flacq","","","District","District"
1874,143,"MUS","Mauritius",4,"Grand Port","","","District","District"
1875,143,"MUS","Mauritius",5,"Moka","","","District","District"
1876,143,"MUS","Mauritius",6,"North Island","","","",""
1877,143,"MUS","Mauritius",7,"Pamplemousses","","","District","District"
1878,143,"MUS","Mauritius",8,"Plaines Wilhems","","","District","District"
1879,143,"MUS","Mauritius",9,"Port Louis","","","District","District"
1880,143,"MUS","Mauritius",10,"Rivière du Rempart","","","District","District"
1881,143,"MUS","Mauritius",11,"Rodriguez","","","",""
1882,143,"MUS","Mauritius",12,"Savanne","","","District","District"
