"PID","ID_0","ISO","NAME_0","ID_1","NAME_1","NL_NAME_1","VARNAME_1","TYPE_1","ENGTYPE_1"
2041,156,"NRU","Nauru",1,"Aiwo","","","District","District"
2042,156,"NRU","Nauru",2,"Anabar","","","District","District"
2043,156,"NRU","Nauru",3,"Anetan","","","District","District"
2044,156,"NRU","Nauru",4,"Anibare","","","District","District"
2045,156,"NRU","Nauru",5,"Baiti","","","District","District"
2046,156,"NRU","Nauru",6,"Boe","","","District","District"
2047,156,"NRU","Nauru",7,"Buada","","","District","District"
2048,156,"NRU","Nauru",8,"Denigomodu","","","District","District"
2049,156,"NRU","Nauru",9,"Ewa","","","District","District"
2050,156,"NRU","Nauru",10,"Ijuw","","","District","District"
2051,156,"NRU","Nauru",11,"Meneng","","","District","District"
2052,156,"NRU","Nauru",12,"Nibok","","","District","District"
2053,156,"NRU","Nauru",13,"Uaboe","","","District","District"
2054,156,"NRU","Nauru",14,"Yaren","","","District","District"
