"PID","ID_0","ISO","NAME_0","ID_1","NAME_1","NL_NAME_1","VARNAME_1","TYPE_1","ENGTYPE_1"
304,18,"BHR","Bahrain",1,"Capital","","Muhafazat al-'Asimah","Muhafazah","Governorate"
305,18,"BHR","Bahrain",2,"Central","","al-Muhafazah al-Wustah","Muhafazah","Governorate"
306,18,"BHR","Bahrain",3,"Muharraq","","Muhafazat al-Muharaq","Muhafazah","Governorate"
307,18,"BHR","Bahrain",4,"Northern","","al-Muhafazah ash-Shamaliyah","Muhafazah","Governorate"
308,18,"BHR","Bahrain",5,"Southern","","al-Muhafazah al-Janobiyah","Muhafazah","Governorate"
