"PID","ID_0","ISO","NAME_0","ID_1","NAME_1","ID_2","NAME_2","ID_3","NAME_3","NL_NAME_3","VARNAME_3","TYPE_3","ENGTYPE_3"
32495,99,"HTI","Haiti",1,"Centre",1,"Cerca La Source",1,"Cerca La Source","","","",""
32496,99,"HTI","Haiti",1,"Centre",1,"Cerca La Source",2,"Thomasique","","","",""
32497,99,"HTI","Haiti",1,"Centre",2,"Hinche",3,"Cerca-Carvajal","","","",""
32498,99,"HTI","Haiti",1,"Centre",2,"Hinche",4,"Hinche","","","",""
32499,99,"HTI","Haiti",1,"Centre",2,"Hinche",5,"Maïssade","","","",""
32500,99,"HTI","Haiti",1,"Centre",2,"Hinche",6,"Thomonde","","","",""
32501,99,"HTI","Haiti",1,"Centre",3,"Lascahobas",7,"Belladère","","","",""
32502,99,"HTI","Haiti",1,"Centre",3,"Lascahobas",8,"Lascahobas","","","",""
32503,99,"HTI","Haiti",1,"Centre",3,"Lascahobas",9,"Savanette","","","",""
32504,99,"HTI","Haiti",1,"Centre",4,"Mirebalais",10,"Boucan-Carré","","","",""
32505,99,"HTI","Haiti",1,"Centre",4,"Mirebalais",11,"Mirebalais","","","",""
32506,99,"HTI","Haiti",1,"Centre",4,"Mirebalais",12,"Saut-d'Eau","","","",""
32507,99,"HTI","Haiti",2,"Grand'Anse",5,"Anse d'Hainault",13,"Anse d'Hainaul","","","",""
32508,99,"HTI","Haiti",2,"Grand'Anse",5,"Anse d'Hainault",14,"Dame Marie","","","",""
32509,99,"HTI","Haiti",2,"Grand'Anse",5,"Anse d'Hainault",15,"Irois","","","",""
32510,99,"HTI","Haiti",2,"Grand'Anse",6,"Corail",16,"Beaumont","","","",""
32511,99,"HTI","Haiti",2,"Grand'Anse",6,"Corail",17,"Corail","","","",""
32512,99,"HTI","Haiti",2,"Grand'Anse",6,"Corail",18,"Pestel","","","",""
32513,99,"HTI","Haiti",2,"Grand'Anse",6,"Corail",19,"Roseaux","","","",""
32514,99,"HTI","Haiti",2,"Grand'Anse",7,"Jérémie",20,"Abricots","","","",""
32515,99,"HTI","Haiti",2,"Grand'Anse",7,"Jérémie",21,"Bonbon","","","",""
32516,99,"HTI","Haiti",2,"Grand'Anse",7,"Jérémie",22,"Chambellan","","","",""
32517,99,"HTI","Haiti",2,"Grand'Anse",7,"Jérémie",23,"Jérémie","","","",""
32518,99,"HTI","Haiti",2,"Grand'Anse",7,"Jérémie",24,"Moron","","","",""
32519,99,"HTI","Haiti",3,"L'Artibonite",8,"Dessalines",25,"Desdunes","","","",""
32520,99,"HTI","Haiti",3,"L'Artibonite",8,"Dessalines",26,"Dessalines","","","",""
32521,99,"HTI","Haiti",3,"L'Artibonite",8,"Dessalines",27,"Grande Saline","","","",""
32522,99,"HTI","Haiti",3,"L'Artibonite",8,"Dessalines",28,"Petite Rivière de l'Artibonite","","","",""
32523,99,"HTI","Haiti",3,"L'Artibonite",9,"Gros-Morne",29,"Anse Rouge","","","",""
32524,99,"HTI","Haiti",3,"L'Artibonite",9,"Gros-Morne",30,"Gros-Morne","","","",""
32525,99,"HTI","Haiti",3,"L'Artibonite",9,"Gros-Morne",31,"Terre-Neuve","","","",""
32526,99,"HTI","Haiti",3,"L'Artibonite",10,"les Gonaïves",32,"Ennery","","","",""
32527,99,"HTI","Haiti",3,"L'Artibonite",10,"les Gonaïves",33,"Estère","","","",""
32528,99,"HTI","Haiti",3,"L'Artibonite",10,"les Gonaïves",34,"Gonaïves","","","",""
32529,99,"HTI","Haiti",3,"L'Artibonite",11,"Marmelade",35,"Marmelade","","","",""
32530,99,"HTI","Haiti",3,"L'Artibonite",11,"Marmelade",36,"Saint Michel de l'Attalaye","","","",""
32531,99,"HTI","Haiti",3,"L'Artibonite",12,"Saint-Marc",37,"La Chapelle","","","",""
32532,99,"HTI","Haiti",3,"L'Artibonite",12,"Saint-Marc",38,"Saint-Marc","","","",""
32533,99,"HTI","Haiti",3,"L'Artibonite",12,"Saint-Marc",39,"Verettes","","","",""
32534,99,"HTI","Haiti",4,"Nippes",13,"l'Anse-à-Veau",40,"Anse-à-Veau","","","",""
32535,99,"HTI","Haiti",4,"Nippes",13,"l'Anse-à-Veau",41,"Asile","","","",""
32536,99,"HTI","Haiti",4,"Nippes",13,"l'Anse-à-Veau",42,"Baraderes","","","",""
32537,99,"HTI","Haiti",4,"Nippes",13,"l'Anse-à-Veau",43,"Petit Trou de Nippes","","","",""
32538,99,"HTI","Haiti",4,"Nippes",14,"Miragoâne",44,"Miragoâne","","","",""
32539,99,"HTI","Haiti",4,"Nippes",14,"Miragoâne",45,"Petite Rivière de Nippes","","","",""
32540,99,"HTI","Haiti",5,"Nord-Est",15,"Fort-Liberté",46,"Fort-Liberté","","","",""
32541,99,"HTI","Haiti",5,"Nord-Est",15,"Fort-Liberté",47,"Perches","","","",""
32542,99,"HTI","Haiti",5,"Nord-Est",15,"Fort-Liberté",48,"Terrier","","","",""
32543,99,"HTI","Haiti",5,"Nord-Est",16,"le Trou-du-Nord",49,"Caracol","","","",""
32544,99,"HTI","Haiti",5,"Nord-Est",16,"le Trou-du-Nord",50,"Sainte Suzanne","","","",""
32545,99,"HTI","Haiti",5,"Nord-Est",16,"le Trou-du-Nord",51,"Terrier Rouge","","","",""
32546,99,"HTI","Haiti",5,"Nord-Est",16,"le Trou-du-Nord",52,"Trou du Nord","","","",""
32547,99,"HTI","Haiti",5,"Nord-Est",17,"Ouanaminthe",53,"Capotille","","","",""
32548,99,"HTI","Haiti",5,"Nord-Est",17,"Ouanaminthe",54,"Mont-Organisé","","","",""
32549,99,"HTI","Haiti",5,"Nord-Est",17,"Ouanaminthe",55,"Ounaminthe","","","",""
32550,99,"HTI","Haiti",5,"Nord-Est",18,"Vallières",56,"Carice","","","",""
32551,99,"HTI","Haiti",5,"Nord-Est",18,"Vallières",57,"Mombin Crochu","","","",""
32552,99,"HTI","Haiti",5,"Nord-Est",18,"Vallières",58,"Vallières","","","",""
32553,99,"HTI","Haiti",6,"Nord-Ouest",19,"Môle Saint-Nicolas",59,"Baie de Henne","","","",""
32554,99,"HTI","Haiti",6,"Nord-Ouest",19,"Môle Saint-Nicolas",60,"Bombardopolis","","","",""
32555,99,"HTI","Haiti",6,"Nord-Ouest",19,"Môle Saint-Nicolas",61,"Jean-Rabel","","","",""
32556,99,"HTI","Haiti",6,"Nord-Ouest",19,"Môle Saint-Nicolas",62,"Môle Saint Nicholas","","","",""
32557,99,"HTI","Haiti",6,"Nord-Ouest",20,"Port-de-Paix",63,"Bassin Bleu","","","",""
32558,99,"HTI","Haiti",6,"Nord-Ouest",20,"Port-de-Paix",64,"La Tortue","","","",""
32559,99,"HTI","Haiti",6,"Nord-Ouest",20,"Port-de-Paix",65,"Port-de-Paix","","","",""
32560,99,"HTI","Haiti",6,"Nord-Ouest",20,"Port-de-Paix",66,"Water body","","","",""
32561,99,"HTI","Haiti",6,"Nord-Ouest",21,"Saint-Louis du Nord",67,"Anse-à-Foleur","","","",""
32562,99,"HTI","Haiti",6,"Nord-Ouest",21,"Saint-Louis du Nord",68,"Saint-Louis du Nord","","","",""
32563,99,"HTI","Haiti",7,"Nord",22,"Borgne",69,"Borgne","","","",""
32564,99,"HTI","Haiti",7,"Nord",22,"Borgne",70,"La Victoire","","","",""
32565,99,"HTI","Haiti",7,"Nord",22,"Borgne",71,"Pignon","","","",""
32566,99,"HTI","Haiti",7,"Nord",22,"Borgne",72,"Port-Margot","","","",""
32567,99,"HTI","Haiti",7,"Nord",22,"Borgne",73,"Ranquitte","","","",""
32568,99,"HTI","Haiti",7,"Nord",23,"Grande-Rivière du Nord",74,"Bahon","","","",""
32569,99,"HTI","Haiti",7,"Nord",23,"Grande-Rivière du Nord",75,"Grand Rivière du Nord","","","",""
32570,99,"HTI","Haiti",7,"Nord",24,"l'Acul-du-Nord",76,"Acul du Nord","","","",""
32571,99,"HTI","Haiti",7,"Nord",24,"l'Acul-du-Nord",77,"Milot","","","",""
32572,99,"HTI","Haiti",7,"Nord",24,"l'Acul-du-Nord",78,"Plaine du Nord","","","",""
32573,99,"HTI","Haiti",7,"Nord",25,"le Cap-Haïtien",79,"Cap-Haïtien","","","",""
32574,99,"HTI","Haiti",7,"Nord",25,"le Cap-Haïtien",80,"Limonade","","","",""
32575,99,"HTI","Haiti",7,"Nord",25,"le Cap-Haïtien",81,"Quartier Morin","","","",""
32576,99,"HTI","Haiti",7,"Nord",26,"le Limbé",82,"Bas Limbé","","","",""
32577,99,"HTI","Haiti",7,"Nord",26,"le Limbé",83,"Limbé","","","",""
32578,99,"HTI","Haiti",7,"Nord",27,"Plaisance",84,"Pilate","","","",""
32579,99,"HTI","Haiti",7,"Nord",27,"Plaisance",85,"Plaisance","","","",""
32580,99,"HTI","Haiti",7,"Nord",28,"Saint-Raphaël",86,"Dondon","","","",""
32581,99,"HTI","Haiti",7,"Nord",28,"Saint-Raphaël",87,"Saint-Saint-Raphaël","","","",""
32582,99,"HTI","Haiti",8,"Ouest",29,"Croix-des-Bouquets",88,"Cornillon","","","",""
32583,99,"HTI","Haiti",8,"Ouest",29,"Croix-des-Bouquets",89,"Croix-des Bouquets","","","",""
32584,99,"HTI","Haiti",8,"Ouest",29,"Croix-des-Bouquets",90,"Fonds-Verettes","","","",""
32585,99,"HTI","Haiti",8,"Ouest",29,"Croix-des-Bouquets",91,"Ganthier","","","",""
32586,99,"HTI","Haiti",8,"Ouest",29,"Croix-des-Bouquets",92,"Thomazeau","","","",""
32587,99,"HTI","Haiti",8,"Ouest",30,"l'Arcahaie",93,"Arcahaie","","","",""
32588,99,"HTI","Haiti",8,"Ouest",30,"l'Arcahaie",94,"Cabaret","","","",""
32589,99,"HTI","Haiti",8,"Ouest",31,"La Gonâve",95,"Anse-à-Galets","","","",""
32590,99,"HTI","Haiti",8,"Ouest",31,"La Gonâve",96,"Pointe-à-Raquette","","","",""
32591,99,"HTI","Haiti",8,"Ouest",32,"Léogâne",97,"Grand-Goâve","","","",""
32592,99,"HTI","Haiti",8,"Ouest",32,"Léogâne",98,"Léogâne","","","",""
32593,99,"HTI","Haiti",8,"Ouest",32,"Léogâne",99,"Petit-Goâve","","","",""
32594,99,"HTI","Haiti",8,"Ouest",33,"Port-au-Prince",100,"Carrefour","","","",""
32595,99,"HTI","Haiti",8,"Ouest",33,"Port-au-Prince",101,"Delmas","","","",""
32596,99,"HTI","Haiti",8,"Ouest",33,"Port-au-Prince",102,"Grenier","","","",""
32597,99,"HTI","Haiti",8,"Ouest",33,"Port-au-Prince",103,"Kenscoff","","","",""
32598,99,"HTI","Haiti",8,"Ouest",33,"Port-au-Prince",104,"Pétion-Ville","","","",""
32599,99,"HTI","Haiti",8,"Ouest",33,"Port-au-Prince",105,"Port-au-Prince","","","",""
32600,99,"HTI","Haiti",9,"Sud-Est",34,"Bainet",106,"Bainet","","","",""
32601,99,"HTI","Haiti",9,"Sud-Est",34,"Bainet",107,"Côtes-de-Fer","","","",""
32602,99,"HTI","Haiti",9,"Sud-Est",34,"Bainet",108,"La Vallée","","","",""
32603,99,"HTI","Haiti",9,"Sud-Est",35,"Belle-Anse",109,"Anse-à-Pitre","","","",""
32604,99,"HTI","Haiti",9,"Sud-Est",35,"Belle-Anse",110,"Belle-Anse","","","",""
32605,99,"HTI","Haiti",9,"Sud-Est",35,"Belle-Anse",111,"Grand-Gosier","","","",""
32606,99,"HTI","Haiti",9,"Sud-Est",35,"Belle-Anse",112,"Thiotte","","","",""
32607,99,"HTI","Haiti",9,"Sud-Est",36,"Jacmel",113,"Cayes Jacmel","","","",""
32608,99,"HTI","Haiti",9,"Sud-Est",36,"Jacmel",114,"Jacmel","","","",""
32609,99,"HTI","Haiti",9,"Sud-Est",36,"Jacmel",115,"Marigot","","","",""
32610,99,"HTI","Haiti",10,"Sud",37,"Aquin",116,"Aquin","","","",""
32611,99,"HTI","Haiti",10,"Sud",37,"Aquin",117,"Cavaillon","","","",""
32612,99,"HTI","Haiti",10,"Sud",37,"Aquin",118,"Saint-Louis du Sud","","","",""
32613,99,"HTI","Haiti",10,"Sud",38,"les Cayes",119,"Camp-Perrin","","","",""
32614,99,"HTI","Haiti",10,"Sud",38,"les Cayes",120,"Cayes","","","",""
32615,99,"HTI","Haiti",10,"Sud",38,"les Cayes",121,"Chantal","","","",""
32616,99,"HTI","Haiti",10,"Sud",38,"les Cayes",122,"Ile à Vache","","","",""
32617,99,"HTI","Haiti",10,"Sud",38,"les Cayes",123,"Maniche","","","",""
32618,99,"HTI","Haiti",10,"Sud",38,"les Cayes",124,"Torbeck","","","",""
32619,99,"HTI","Haiti",10,"Sud",39,"les Chardonnières",125,"Anglais","","","",""
32620,99,"HTI","Haiti",10,"Sud",39,"les Chardonnières",126,"Chardonnières","","","",""
32621,99,"HTI","Haiti",10,"Sud",39,"les Chardonnières",127,"Tiburon","","","",""
32622,99,"HTI","Haiti",10,"Sud",40,"les Côteaux",128,"Côteaux","","","",""
32623,99,"HTI","Haiti",10,"Sud",40,"les Côteaux",129,"Port-à-Piment","","","",""
32624,99,"HTI","Haiti",10,"Sud",40,"les Côteaux",130,"Roche-à-Bateau","","","",""
32625,99,"HTI","Haiti",10,"Sud",41,"Port-Salut",131,"Arniquet","","","",""
32626,99,"HTI","Haiti",10,"Sud",41,"Port-Salut",132,"Port-Salut","","","",""
32627,99,"HTI","Haiti",10,"Sud",41,"Port-Salut",133,"Saint-Jean du Sud","","","",""
