"PID","ID_0","ISO","NAME_0","ID_1","NAME_1","NL_NAME_1","VARNAME_1","TYPE_1","ENGTYPE_1"
1388,99,"HTI","Haiti",1,"Centre","","Plateau Central","Département","Department"
1389,99,"HTI","Haiti",2,"Grand'Anse","","Grande-Asne|Grande Anse","Département","Department"
1390,99,"HTI","Haiti",3,"L'Artibonite","","Artibonite","Département","Department"
1391,99,"HTI","Haiti",4,"Nippes","","","Département","Department"
1392,99,"HTI","Haiti",5,"Nord-Est","","","Département","Department"
1393,99,"HTI","Haiti",6,"Nord-Ouest","","","Département","Department"
1394,99,"HTI","Haiti",7,"Nord","","","Département","Department"
1395,99,"HTI","Haiti",8,"Ouest","","","Département","Department"
1396,99,"HTI","Haiti",9,"Sud-Est","","","Département","Department"
1397,99,"HTI","Haiti",10,"Sud","","","Département","Department"
