"PID","ID_0","ISO","NAME_0","ID_1","NAME_1","ID_2","NAME_2","NL_NAME_2","VARNAME_2","TYPE_2","ENGTYPE_2"
16570,99,"HTI","Haiti",1,"Centre",1,"Cerca La Source","","","",""
16571,99,"HTI","Haiti",1,"Centre",2,"Hinche","","","",""
16572,99,"HTI","Haiti",1,"Centre",3,"Lascahobas","","","",""
16573,99,"HTI","Haiti",1,"Centre",4,"Mirebalais","","","",""
16574,99,"HTI","Haiti",2,"Grand'Anse",5,"Anse d'Hainault","","","",""
16575,99,"HTI","Haiti",2,"Grand'Anse",6,"Corail","","","",""
16576,99,"HTI","Haiti",2,"Grand'Anse",7,"Jérémie","","","",""
16577,99,"HTI","Haiti",3,"L'Artibonite",8,"Dessalines","","","",""
16578,99,"HTI","Haiti",3,"L'Artibonite",9,"Gros-Morne","","","",""
16579,99,"HTI","Haiti",3,"L'Artibonite",10,"les Gonaïves","","Gonaïves","",""
16580,99,"HTI","Haiti",3,"L'Artibonite",11,"Marmelade","","","",""
16581,99,"HTI","Haiti",3,"L'Artibonite",12,"Saint-Marc","","","",""
16582,99,"HTI","Haiti",4,"Nippes",13,"l'Anse-à-Veau","","Anse-à-Veau","",""
16583,99,"HTI","Haiti",4,"Nippes",14,"Miragoâne","","","",""
16584,99,"HTI","Haiti",5,"Nord-Est",15,"Fort-Liberté","","","",""
16585,99,"HTI","Haiti",5,"Nord-Est",16,"le Trou-du-Nord","","Trou du Nord","",""
16586,99,"HTI","Haiti",5,"Nord-Est",17,"Ouanaminthe","","Ounaminthe","",""
16587,99,"HTI","Haiti",5,"Nord-Est",18,"Vallières","","","",""
16588,99,"HTI","Haiti",6,"Nord-Ouest",19,"Môle Saint-Nicolas","","","",""
16589,99,"HTI","Haiti",6,"Nord-Ouest",20,"Port-de-Paix","","","",""
16590,99,"HTI","Haiti",6,"Nord-Ouest",21,"Saint-Louis du Nord","","","",""
16591,99,"HTI","Haiti",7,"Nord",22,"Borgne","","","",""
16592,99,"HTI","Haiti",7,"Nord",23,"Grande-Rivière du Nord","","Grand Rivière du Nord","",""
16593,99,"HTI","Haiti",7,"Nord",24,"l'Acul-du-Nord","","Acul du Nord","",""
16594,99,"HTI","Haiti",7,"Nord",25,"le Cap-Haïtien","","Cap-Haïtien","",""
16595,99,"HTI","Haiti",7,"Nord",26,"le Limbé","","Limbé","",""
16596,99,"HTI","Haiti",7,"Nord",27,"Plaisance","","","",""
16597,99,"HTI","Haiti",7,"Nord",28,"Saint-Raphaël","","","",""
16598,99,"HTI","Haiti",8,"Ouest",29,"Croix-des-Bouquets","","","",""
16599,99,"HTI","Haiti",8,"Ouest",30,"l'Arcahaie","","Arcahaie","",""
16600,99,"HTI","Haiti",8,"Ouest",31,"La Gonâve","","La Gonave","",""
16601,99,"HTI","Haiti",8,"Ouest",32,"Léogâne","","","",""
16602,99,"HTI","Haiti",8,"Ouest",33,"Port-au-Prince","","","",""
16603,99,"HTI","Haiti",9,"Sud-Est",34,"Bainet","","","",""
16604,99,"HTI","Haiti",9,"Sud-Est",35,"Belle-Anse","","","",""
16605,99,"HTI","Haiti",9,"Sud-Est",36,"Jacmel","","","",""
16606,99,"HTI","Haiti",10,"Sud",37,"Aquin","","","",""
16607,99,"HTI","Haiti",10,"Sud",38,"les Cayes","","Cayes","",""
16608,99,"HTI","Haiti",10,"Sud",39,"les Chardonnières","","Chardonnières","",""
16609,99,"HTI","Haiti",10,"Sud",40,"les Côteaux","","Côteaux","",""
16610,99,"HTI","Haiti",10,"Sud",41,"Port-Salut","","","",""
