"PID","ID_0","ISO","NAME_0","ID_1","NAME_1","ID_2","NAME_2","NL_NAME_2","VARNAME_2","TYPE_2","ENGTYPE_2"
26138,168,"NOR","Norway",1,"Akershus",1,"Ås","","","Kommuner","Municipality"
26139,168,"NOR","Norway",1,"Akershus",2,"Asker","","","Kommuner","Municipality"
26140,168,"NOR","Norway",1,"Akershus",3,"Aurskog-Høland","","","Kommuner","Municipality"
26141,168,"NOR","Norway",1,"Akershus",4,"Bærum","","","Kommuner","Municipality"
26142,168,"NOR","Norway",1,"Akershus",5,"Eidsvoll","","","Kommuner","Municipality"
26143,168,"NOR","Norway",1,"Akershus",6,"Enebakk","","","Kommuner","Municipality"
26144,168,"NOR","Norway",1,"Akershus",7,"Fet","","","Kommuner","Municipality"
26145,168,"NOR","Norway",1,"Akershus",8,"Frogn","","","Kommuner","Municipality"
26146,168,"NOR","Norway",1,"Akershus",9,"Gjerdrum","","","Kommuner","Municipality"
26147,168,"NOR","Norway",1,"Akershus",10,"Hurdal","","","Kommuner","Municipality"
26148,168,"NOR","Norway",1,"Akershus",11,"Lørenskog","","","Kommuner","Municipality"
26149,168,"NOR","Norway",1,"Akershus",12,"Nannestad","","","Kommuner","Municipality"
26150,168,"NOR","Norway",1,"Akershus",13,"Nesodden","","","Kommuner","Municipality"
26151,168,"NOR","Norway",1,"Akershus",14,"Nittedal","","","Kommuner","Municipality"
26152,168,"NOR","Norway",1,"Akershus",15,"Oppegård","","","Kommuner","Municipality"
26153,168,"NOR","Norway",1,"Akershus",16,"Rælingen","","","Kommuner","Municipality"
26154,168,"NOR","Norway",1,"Akershus",17,"Skedsmo","","","Kommuner","Municipality"
26155,168,"NOR","Norway",1,"Akershus",18,"Ski","","","Kommuner","Municipality"
26156,168,"NOR","Norway",1,"Akershus",19,"Sørum","","","Kommuner","Municipality"
26157,168,"NOR","Norway",1,"Akershus",20,"Ullensaker","","","Kommuner","Municipality"
26158,168,"NOR","Norway",1,"Akershus",21,"Vestby","","","Kommuner","Municipality"
26159,168,"NOR","Norway",2,"Ãstfold",22,"Aremark","","","Kommuner","Municipality"
26160,168,"NOR","Norway",2,"Ãstfold",23,"Askim","","","Kommuner","Municipality"
26161,168,"NOR","Norway",2,"Ãstfold",24,"Borge","","","Kommuner","Municipality"
26162,168,"NOR","Norway",2,"Ãstfold",25,"Eidsberg","","","Kommuner","Municipality"
26163,168,"NOR","Norway",2,"Ãstfold",26,"Fredrikstad","","","Kommuner","Municipality"
26164,168,"NOR","Norway",2,"Ãstfold",27,"Halden","","","Kommuner","Municipality"
26165,168,"NOR","Norway",2,"Ãstfold",28,"Hobøl","","","Kommuner","Municipality"
26166,168,"NOR","Norway",2,"Ãstfold",29,"Hvaler","","","Kommuner","Municipality"
26167,168,"NOR","Norway",2,"Ãstfold",30,"Kraakeroey","","","Kommuner","Municipality"
26168,168,"NOR","Norway",2,"Ãstfold",31,"Marker","","","Kommuner","Municipality"
26169,168,"NOR","Norway",2,"Ãstfold",32,"Moss","","","Kommuner","Municipality"
26170,168,"NOR","Norway",2,"Ãstfold",33,"Onsoey","","","Kommuner","Municipality"
26171,168,"NOR","Norway",2,"Ãstfold",34,"Råde","","","Kommuner","Municipality"
26172,168,"NOR","Norway",2,"Ãstfold",35,"Rakkestad","","","Kommuner","Municipality"
26173,168,"NOR","Norway",2,"Ãstfold",36,"Rolvsoey","","","Kommuner","Municipality"
26174,168,"NOR","Norway",2,"Ãstfold",37,"Rømskog","","","Kommuner","Municipality"
26175,168,"NOR","Norway",2,"Ãstfold",38,"Rygge","","","Kommuner","Municipality"
26176,168,"NOR","Norway",2,"Ãstfold",39,"Sarpsborg","","","Kommuner","Municipality"
26177,168,"NOR","Norway",2,"Ãstfold",40,"Skiptvet","","Skiptvedt","Kommuner","Municipality"
26178,168,"NOR","Norway",2,"Ãstfold",41,"Spydeberg","","","Kommuner","Municipality"
26179,168,"NOR","Norway",2,"Ãstfold",42,"Trøgstad","","","Kommuner","Municipality"
26180,168,"NOR","Norway",2,"Ãstfold",43,"Våler","","","Kommuner","Municipality"
26181,168,"NOR","Norway",3,"Aust-Agder",44,"Åmli","","","Kommuner","Municipality"
26182,168,"NOR","Norway",3,"Aust-Agder",45,"Arendal","","","Kommuner","Municipality"
26183,168,"NOR","Norway",3,"Aust-Agder",46,"Birkenes","","","Kommuner","Municipality"
26184,168,"NOR","Norway",3,"Aust-Agder",47,"Bygland","","","Kommuner","Municipality"
26185,168,"NOR","Norway",3,"Aust-Agder",48,"Bykle","","","Kommuner","Municipality"
26186,168,"NOR","Norway",3,"Aust-Agder",49,"Evje og Hornnes","","","Kommuner","Municipality"
26187,168,"NOR","Norway",3,"Aust-Agder",50,"Froland","","","Kommuner","Municipality"
26188,168,"NOR","Norway",3,"Aust-Agder",51,"Gjerstad","","","Kommuner","Municipality"
26189,168,"NOR","Norway",3,"Aust-Agder",52,"Grimstad","","","Kommuner","Municipality"
26190,168,"NOR","Norway",3,"Aust-Agder",53,"Iveland","","","Kommuner","Municipality"
26191,168,"NOR","Norway",3,"Aust-Agder",54,"Lillesand","","","Kommuner","Municipality"
26192,168,"NOR","Norway",3,"Aust-Agder",55,"Risør","","","Kommuner","Municipality"
26193,168,"NOR","Norway",3,"Aust-Agder",56,"Tvedestrand","","","Kommuner","Municipality"
26194,168,"NOR","Norway",3,"Aust-Agder",57,"Valle","","","Kommuner","Municipality"
26195,168,"NOR","Norway",3,"Aust-Agder",58,"Vegårshei","","Vegårshei|Vegårdshei","Kommuner","Municipality"
26196,168,"NOR","Norway",4,"Buskerud",59,"Ål","","","Kommuner","Municipality"
26197,168,"NOR","Norway",4,"Buskerud",60,"Drammen","","","Kommuner","Municipality"
26198,168,"NOR","Norway",4,"Buskerud",61,"Flå","","","Kommuner","Municipality"
26199,168,"NOR","Norway",4,"Buskerud",62,"Flesberg","","","Kommuner","Municipality"
26200,168,"NOR","Norway",4,"Buskerud",63,"Gol","","","Kommuner","Municipality"
26201,168,"NOR","Norway",4,"Buskerud",64,"Hemsedal","","","Kommuner","Municipality"
26202,168,"NOR","Norway",4,"Buskerud",65,"Hol","","","Kommuner","Municipality"
26203,168,"NOR","Norway",4,"Buskerud",66,"Hole","","","Kommuner","Municipality"
26204,168,"NOR","Norway",4,"Buskerud",67,"Hurum","","","Kommuner","Municipality"
26205,168,"NOR","Norway",4,"Buskerud",68,"Kongsberg","","","Kommuner","Municipality"
26206,168,"NOR","Norway",4,"Buskerud",69,"Krødsherad","","","Kommuner","Municipality"
26207,168,"NOR","Norway",4,"Buskerud",70,"Lier","","","Kommuner","Municipality"
26208,168,"NOR","Norway",4,"Buskerud",71,"Modum","","","Kommuner","Municipality"
26209,168,"NOR","Norway",4,"Buskerud",72,"Nedre Eiker","","","Kommuner","Municipality"
26210,168,"NOR","Norway",4,"Buskerud",73,"Nes","","","Kommuner","Municipality"
26211,168,"NOR","Norway",4,"Buskerud",74,"Nore og Uvdal","","","Kommuner","Municipality"
26212,168,"NOR","Norway",4,"Buskerud",75,"Øvre Eiker","","","Kommuner","Municipality"
26213,168,"NOR","Norway",4,"Buskerud",76,"Ringerike","","","Kommuner","Municipality"
26214,168,"NOR","Norway",4,"Buskerud",77,"Rollag","","","Kommuner","Municipality"
26215,168,"NOR","Norway",4,"Buskerud",78,"Røyken","","","Kommuner","Municipality"
26216,168,"NOR","Norway",4,"Buskerud",79,"Sigdal","","","Kommuner","Municipality"
26217,168,"NOR","Norway",5,"Finnmark",80,"Alta","","","Kommuner","Municipality"
26218,168,"NOR","Norway",5,"Finnmark",81,"Båtsfjord","","","Kommuner","Municipality"
26219,168,"NOR","Norway",5,"Finnmark",82,"Berlevåg","","","Kommuner","Municipality"
26220,168,"NOR","Norway",5,"Finnmark",83,"Gamvik","","","Kommuner","Municipality"
26221,168,"NOR","Norway",5,"Finnmark",84,"Hammerfest","","","Kommuner","Municipality"
26222,168,"NOR","Norway",5,"Finnmark",85,"Hasvik","","","Kommuner","Municipality"
26223,168,"NOR","Norway",5,"Finnmark",86,"Karasjok","","","Kommuner","Municipality"
26224,168,"NOR","Norway",5,"Finnmark",87,"Kautokeino","","Guovdageaidnu","Kommuner","Municipality"
26225,168,"NOR","Norway",5,"Finnmark",88,"Kvalsund","","","Kommuner","Municipality"
26226,168,"NOR","Norway",5,"Finnmark",89,"Lebesby","","","Kommuner","Municipality"
26227,168,"NOR","Norway",5,"Finnmark",90,"Loppa","","","Kommuner","Municipality"
26228,168,"NOR","Norway",5,"Finnmark",91,"Måsøy","","","Kommuner","Municipality"
26229,168,"NOR","Norway",5,"Finnmark",92,"Nesseby","","Unjárga","Kommuner","Municipality"
26230,168,"NOR","Norway",5,"Finnmark",93,"Nordkapp","","","Kommuner","Municipality"
26231,168,"NOR","Norway",5,"Finnmark",94,"Porsanger","","Porsá<U+014B>gu","Kommuner","Municipality"
26232,168,"NOR","Norway",5,"Finnmark",95,"Sør-Varanger","","","Kommuner","Municipality"
26233,168,"NOR","Norway",5,"Finnmark",96,"Tana","","Deatnu","Kommuner","Municipality"
26234,168,"NOR","Norway",5,"Finnmark",97,"Vadsø","","","Kommuner","Municipality"
26235,168,"NOR","Norway",5,"Finnmark",98,"Vardø","","","Kommuner","Municipality"
26236,168,"NOR","Norway",6,"Hedmark",99,"Alvdal","","","Kommuner","Municipality"
26237,168,"NOR","Norway",6,"Hedmark",100,"Åmot","","","Kommuner","Municipality"
26238,168,"NOR","Norway",6,"Hedmark",101,"Åsnes","","","Kommuner","Municipality"
26239,168,"NOR","Norway",6,"Hedmark",102,"Eidskog","","","Kommuner","Municipality"
26240,168,"NOR","Norway",6,"Hedmark",103,"Elverum","","","Kommuner","Municipality"
26241,168,"NOR","Norway",6,"Hedmark",104,"Engerdal","","","Kommuner","Municipality"
26242,168,"NOR","Norway",6,"Hedmark",105,"Folldal","","","Kommuner","Municipality"
26243,168,"NOR","Norway",6,"Hedmark",106,"Grue","","","Kommuner","Municipality"
26244,168,"NOR","Norway",6,"Hedmark",107,"Hamar","","","Kommuner","Municipality"
26245,168,"NOR","Norway",6,"Hedmark",108,"Kongsvinger","","","Kommuner","Municipality"
26246,168,"NOR","Norway",6,"Hedmark",109,"Løten","","","Kommuner","Municipality"
26247,168,"NOR","Norway",6,"Hedmark",110,"Nord-Odal","","","Kommuner","Municipality"
26248,168,"NOR","Norway",6,"Hedmark",111,"Os","","","Kommuner","Municipality"
26249,168,"NOR","Norway",6,"Hedmark",112,"Rendalen","","","Kommuner","Municipality"
26250,168,"NOR","Norway",6,"Hedmark",113,"Ringsaker","","","Kommuner","Municipality"
26251,168,"NOR","Norway",6,"Hedmark",114,"Sør-Odal","","","Kommuner","Municipality"
26252,168,"NOR","Norway",6,"Hedmark",115,"Stange","","","Kommuner","Municipality"
26253,168,"NOR","Norway",6,"Hedmark",116,"Stor-Elvdal","","","Kommuner","Municipality"
26254,168,"NOR","Norway",6,"Hedmark",117,"Tolga","","","Kommuner","Municipality"
26255,168,"NOR","Norway",6,"Hedmark",118,"Trysil","","","Kommuner","Municipality"
26256,168,"NOR","Norway",6,"Hedmark",119,"Tynset","","","Kommuner","Municipality"
26257,168,"NOR","Norway",6,"Hedmark",120,"Våler","","","Kommuner","Municipality"
26258,168,"NOR","Norway",7,"Hordaland",121,"Askøy","","","Kommuner","Municipality"
26259,168,"NOR","Norway",7,"Hordaland",122,"Austevoll","","","Kommuner","Municipality"
26260,168,"NOR","Norway",7,"Hordaland",123,"Austrheim","","","Kommuner","Municipality"
26261,168,"NOR","Norway",7,"Hordaland",124,"Bergen","","","Kommuner","Municipality"
26262,168,"NOR","Norway",7,"Hordaland",125,"Bømlo","","","Kommuner","Municipality"
26263,168,"NOR","Norway",7,"Hordaland",126,"Eidfjord","","","Kommuner","Municipality"
26264,168,"NOR","Norway",7,"Hordaland",127,"Etne","","","Kommuner","Municipality"
26265,168,"NOR","Norway",7,"Hordaland",128,"Fedje","","","Kommuner","Municipality"
26266,168,"NOR","Norway",7,"Hordaland",129,"Fitjar","","","Kommuner","Municipality"
26267,168,"NOR","Norway",7,"Hordaland",130,"Fjell","","","Kommuner","Municipality"
26268,168,"NOR","Norway",7,"Hordaland",131,"Fusa","","","Kommuner","Municipality"
26269,168,"NOR","Norway",7,"Hordaland",132,"Granvin","","","Kommuner","Municipality"
26270,168,"NOR","Norway",7,"Hordaland",133,"Jondal","","","Kommuner","Municipality"
26271,168,"NOR","Norway",7,"Hordaland",134,"Kvam","","","Kommuner","Municipality"
26272,168,"NOR","Norway",7,"Hordaland",135,"Kvinnherad","","","Kommuner","Municipality"
26273,168,"NOR","Norway",7,"Hordaland",136,"Lindås","","","Kommuner","Municipality"
26274,168,"NOR","Norway",7,"Hordaland",137,"Masfjorden","","","Kommuner","Municipality"
26275,168,"NOR","Norway",7,"Hordaland",138,"Meland","","","Kommuner","Municipality"
26276,168,"NOR","Norway",7,"Hordaland",139,"Modalen","","","Kommuner","Municipality"
26277,168,"NOR","Norway",7,"Hordaland",140,"Odda","","","Kommuner","Municipality"
26278,168,"NOR","Norway",7,"Hordaland",141,"Oelen","","","Kommuner","Municipality"
26279,168,"NOR","Norway",7,"Hordaland",142,"Os","","","Kommuner","Municipality"
26280,168,"NOR","Norway",7,"Hordaland",143,"Osterøy","","","Kommuner","Municipality"
26281,168,"NOR","Norway",7,"Hordaland",144,"Øygarden","","","Kommuner","Municipality"
26282,168,"NOR","Norway",7,"Hordaland",145,"Radøy","","","Kommuner","Municipality"
26283,168,"NOR","Norway",7,"Hordaland",146,"Samnanger","","","Kommuner","Municipality"
26284,168,"NOR","Norway",7,"Hordaland",147,"Stord","","","Kommuner","Municipality"
26285,168,"NOR","Norway",7,"Hordaland",148,"Sund","","","Kommuner","Municipality"
26286,168,"NOR","Norway",7,"Hordaland",149,"Sveio","","","Kommuner","Municipality"
26287,168,"NOR","Norway",7,"Hordaland",150,"Tysnes","","","Kommuner","Municipality"
26288,168,"NOR","Norway",7,"Hordaland",151,"Ullensvang","","","Kommuner","Municipality"
26289,168,"NOR","Norway",7,"Hordaland",152,"Ulvik","","","Kommuner","Municipality"
26290,168,"NOR","Norway",7,"Hordaland",153,"Vaksdal","","","Kommuner","Municipality"
26291,168,"NOR","Norway",7,"Hordaland",154,"Voss","","","Kommuner","Municipality"
26292,168,"NOR","Norway",8,"Møre og Romsdal",155,"Ålesund","","","Kommuner","Municipality"
26293,168,"NOR","Norway",8,"Møre og Romsdal",156,"Aukra","","","Kommuner","Municipality"
26294,168,"NOR","Norway",8,"Møre og Romsdal",157,"Aure","","","Kommuner","Municipality"
26295,168,"NOR","Norway",8,"Møre og Romsdal",158,"Averøy","","","Kommuner","Municipality"
26296,168,"NOR","Norway",8,"Møre og Romsdal",159,"Eide","","","Kommuner","Municipality"
26297,168,"NOR","Norway",8,"Møre og Romsdal",160,"Fræna","","","Kommuner","Municipality"
26298,168,"NOR","Norway",8,"Møre og Romsdal",161,"Frei","","","Kommuner","Municipality"
26299,168,"NOR","Norway",8,"Møre og Romsdal",162,"Giske","","","Kommuner","Municipality"
26300,168,"NOR","Norway",8,"Møre og Romsdal",163,"Gjemnes","","","Kommuner","Municipality"
26301,168,"NOR","Norway",8,"Møre og Romsdal",164,"Halsa","","","Kommuner","Municipality"
26302,168,"NOR","Norway",8,"Møre og Romsdal",165,"Haram","","","Kommuner","Municipality"
26303,168,"NOR","Norway",8,"Møre og Romsdal",166,"Hareid","","","Kommuner","Municipality"
26304,168,"NOR","Norway",8,"Møre og Romsdal",167,"Herøy","","","Kommuner","Municipality"
26305,168,"NOR","Norway",8,"Møre og Romsdal",168,"Kristiansund","","","Kommuner","Municipality"
26306,168,"NOR","Norway",8,"Møre og Romsdal",169,"Midsund","","","Kommuner","Municipality"
26307,168,"NOR","Norway",8,"Møre og Romsdal",170,"Molde","","","Kommuner","Municipality"
26308,168,"NOR","Norway",8,"Møre og Romsdal",171,"Nesset","","","Kommuner","Municipality"
26309,168,"NOR","Norway",8,"Møre og Romsdal",172,"Norddal","","","Kommuner","Municipality"
26310,168,"NOR","Norway",8,"Møre og Romsdal",173,"Ørskog","","","Kommuner","Municipality"
26311,168,"NOR","Norway",8,"Møre og Romsdal",174,"Ørsta","","","Kommuner","Municipality"
26312,168,"NOR","Norway",8,"Møre og Romsdal",175,"Rauma","","","Kommuner","Municipality"
26313,168,"NOR","Norway",8,"Møre og Romsdal",176,"Rindal","","","Kommuner","Municipality"
26314,168,"NOR","Norway",8,"Møre og Romsdal",177,"Sande","","","Kommuner","Municipality"
26315,168,"NOR","Norway",8,"Møre og Romsdal",178,"Sandøy","","","Kommuner","Municipality"
26316,168,"NOR","Norway",8,"Møre og Romsdal",179,"Skodje","","","Kommuner","Municipality"
26317,168,"NOR","Norway",8,"Møre og Romsdal",180,"Smøla","","","Kommuner","Municipality"
26318,168,"NOR","Norway",8,"Møre og Romsdal",181,"Stordal","","","Kommuner","Municipality"
26319,168,"NOR","Norway",8,"Møre og Romsdal",182,"Stranda","","","Kommuner","Municipality"
26320,168,"NOR","Norway",8,"Møre og Romsdal",183,"Sula","","","Kommuner","Municipality"
26321,168,"NOR","Norway",8,"Møre og Romsdal",184,"Sunndal","","","Kommuner","Municipality"
26322,168,"NOR","Norway",8,"Møre og Romsdal",185,"Surnadal","","","Kommuner","Municipality"
26323,168,"NOR","Norway",8,"Møre og Romsdal",186,"Sykkylven","","","Kommuner","Municipality"
26324,168,"NOR","Norway",8,"Møre og Romsdal",187,"Tingvoll","","","Kommuner","Municipality"
26325,168,"NOR","Norway",8,"Møre og Romsdal",188,"Tustna","","","Kommuner","Municipality"
26326,168,"NOR","Norway",8,"Møre og Romsdal",189,"Ulstein","","","Kommuner","Municipality"
26327,168,"NOR","Norway",8,"Møre og Romsdal",190,"Vanylven","","","Kommuner","Municipality"
26328,168,"NOR","Norway",8,"Møre og Romsdal",191,"Vestnes","","","Kommuner","Municipality"
26329,168,"NOR","Norway",8,"Møre og Romsdal",192,"Volda","","","Kommuner","Municipality"
26330,168,"NOR","Norway",9,"Nord-Trøndelag",193,"Flatanger","","","Kommuner","Municipality"
26331,168,"NOR","Norway",9,"Nord-Trøndelag",194,"Fosnes","","","Kommuner","Municipality"
26332,168,"NOR","Norway",9,"Nord-Trøndelag",195,"Frosta","","","Kommuner","Municipality"
26333,168,"NOR","Norway",9,"Nord-Trøndelag",196,"Grong","","","Kommuner","Municipality"
26334,168,"NOR","Norway",9,"Nord-Trøndelag",197,"Høylandet","","","Kommuner","Municipality"
26335,168,"NOR","Norway",9,"Nord-Trøndelag",198,"Inderøy","","","Kommuner","Municipality"
26336,168,"NOR","Norway",9,"Nord-Trøndelag",199,"Leka","","","Kommuner","Municipality"
26337,168,"NOR","Norway",9,"Nord-Trøndelag",200,"Leksvik","","","Kommuner","Municipality"
26338,168,"NOR","Norway",9,"Nord-Trøndelag",201,"Levanger","","","Kommuner","Municipality"
26339,168,"NOR","Norway",9,"Nord-Trøndelag",202,"Lierne","","","Kommuner","Municipality"
26340,168,"NOR","Norway",9,"Nord-Trøndelag",203,"Mandalseid","","","Kommuner","Municipality"
26341,168,"NOR","Norway",9,"Nord-Trøndelag",204,"Meråker","","","Kommuner","Municipality"
26342,168,"NOR","Norway",9,"Nord-Trøndelag",205,"Mosvik","","","Kommuner","Municipality"
26343,168,"NOR","Norway",9,"Nord-Trøndelag",206,"Nærøy","","","Kommuner","Municipality"
26344,168,"NOR","Norway",9,"Nord-Trøndelag",207,"Namsos","","","Kommuner","Municipality"
26345,168,"NOR","Norway",9,"Nord-Trøndelag",208,"Namsskogan","","","Kommuner","Municipality"
26346,168,"NOR","Norway",9,"Nord-Trøndelag",209,"Overhalla","","","Kommuner","Municipality"
26347,168,"NOR","Norway",9,"Nord-Trøndelag",210,"Røyrvik","","","Kommuner","Municipality"
26348,168,"NOR","Norway",9,"Nord-Trøndelag",211,"Snåsa","","","Kommuner","Municipality"
26349,168,"NOR","Norway",9,"Nord-Trøndelag",212,"Steinkjer","","","Kommuner","Municipality"
26350,168,"NOR","Norway",9,"Nord-Trøndelag",213,"Stjørdal","","","Kommuner","Municipality"
26351,168,"NOR","Norway",9,"Nord-Trøndelag",214,"Verdal","","","Kommuner","Municipality"
26352,168,"NOR","Norway",9,"Nord-Trøndelag",215,"Verran","","","Kommuner","Municipality"
26353,168,"NOR","Norway",9,"Nord-Trøndelag",216,"Vikna","","","Kommuner","Municipality"
26354,168,"NOR","Norway",10,"Nordland",217,"Alstahaug","","","Kommuner","Municipality"
26355,168,"NOR","Norway",10,"Nordland",218,"Andøy","","","Kommuner","Municipality"
26356,168,"NOR","Norway",10,"Nordland",219,"Ballangen","","","Kommuner","Municipality"
26357,168,"NOR","Norway",10,"Nordland",220,"Beiarn","","","Kommuner","Municipality"
26358,168,"NOR","Norway",10,"Nordland",221,"Bindal","","","Kommuner","Municipality"
26359,168,"NOR","Norway",10,"Nordland",222,"Bø","","","Kommuner","Municipality"
26360,168,"NOR","Norway",10,"Nordland",223,"Bodø","","","Kommuner","Municipality"
26361,168,"NOR","Norway",10,"Nordland",224,"Brønnøy","","","Kommuner","Municipality"
26362,168,"NOR","Norway",10,"Nordland",225,"Dønna","","","Kommuner","Municipality"
26363,168,"NOR","Norway",10,"Nordland",226,"Evenes","","","Kommuner","Municipality"
26364,168,"NOR","Norway",10,"Nordland",227,"Fauske","","","Kommuner","Municipality"
26365,168,"NOR","Norway",10,"Nordland",228,"Flakstad","","","Kommuner","Municipality"
26366,168,"NOR","Norway",10,"Nordland",229,"Gildeskål","","","Kommuner","Municipality"
26367,168,"NOR","Norway",10,"Nordland",230,"Grane","","","Kommuner","Municipality"
26368,168,"NOR","Norway",10,"Nordland",231,"Hadsel","","","Kommuner","Municipality"
26369,168,"NOR","Norway",10,"Nordland",232,"Hamarøy","","","Kommuner","Municipality"
26370,168,"NOR","Norway",10,"Nordland",233,"Hattfjelldal","","","Kommuner","Municipality"
26371,168,"NOR","Norway",10,"Nordland",234,"Hemnes","","","Kommuner","Municipality"
26372,168,"NOR","Norway",10,"Nordland",235,"Herøy","","","Kommuner","Municipality"
26373,168,"NOR","Norway",10,"Nordland",236,"Leirfjord","","","Kommuner","Municipality"
26374,168,"NOR","Norway",10,"Nordland",237,"Lødingen","","","Kommuner","Municipality"
26375,168,"NOR","Norway",10,"Nordland",238,"Lurøy","","","Kommuner","Municipality"
26376,168,"NOR","Norway",10,"Nordland",239,"Meløy","","","Kommuner","Municipality"
26377,168,"NOR","Norway",10,"Nordland",240,"Moskenes","","","Kommuner","Municipality"
26378,168,"NOR","Norway",10,"Nordland",241,"Narvik","","","Kommuner","Municipality"
26379,168,"NOR","Norway",10,"Nordland",242,"Nesna","","","Kommuner","Municipality"
26380,168,"NOR","Norway",10,"Nordland",243,"Øksnes","","","Kommuner","Municipality"
26381,168,"NOR","Norway",10,"Nordland",244,"Rana","","","Kommuner","Municipality"
26382,168,"NOR","Norway",10,"Nordland",245,"Rødøy","","","Kommuner","Municipality"
26383,168,"NOR","Norway",10,"Nordland",246,"Røst","","","Kommuner","Municipality"
26384,168,"NOR","Norway",10,"Nordland",247,"Saltdal","","","Kommuner","Municipality"
26385,168,"NOR","Norway",10,"Nordland",248,"Skjerstad","","","Kommuner","Municipality"
26386,168,"NOR","Norway",10,"Nordland",249,"Sømna","","","Kommuner","Municipality"
26387,168,"NOR","Norway",10,"Nordland",250,"Sørfold","","","Kommuner","Municipality"
26388,168,"NOR","Norway",10,"Nordland",251,"Sortland","","","Kommuner","Municipality"
26389,168,"NOR","Norway",10,"Nordland",252,"Steigen","","","Kommuner","Municipality"
26390,168,"NOR","Norway",10,"Nordland",253,"Tjeldsund","","","Kommuner","Municipality"
26391,168,"NOR","Norway",10,"Nordland",254,"Træna","","","Kommuner","Municipality"
26392,168,"NOR","Norway",10,"Nordland",255,"Tysfjord","","","Kommuner","Municipality"
26393,168,"NOR","Norway",10,"Nordland",256,"Værøy","","","Kommuner","Municipality"
26394,168,"NOR","Norway",10,"Nordland",257,"Vågan","","","Kommuner","Municipality"
26395,168,"NOR","Norway",10,"Nordland",258,"Vefsn","","","Kommuner","Municipality"
26396,168,"NOR","Norway",10,"Nordland",259,"Vega","","","Kommuner","Municipality"
26397,168,"NOR","Norway",10,"Nordland",260,"Vestvågøy","","","Kommuner","Municipality"
26398,168,"NOR","Norway",10,"Nordland",261,"Vevelstad","","","Kommuner","Municipality"
26399,168,"NOR","Norway",11,"Oppland",262,"Dovre","","","Kommuner","Municipality"
26400,168,"NOR","Norway",11,"Oppland",263,"Etnedal","","","Kommuner","Municipality"
26401,168,"NOR","Norway",11,"Oppland",264,"Gausdal","","","Kommuner","Municipality"
26402,168,"NOR","Norway",11,"Oppland",265,"Gjøvik","","","Kommuner","Municipality"
26403,168,"NOR","Norway",11,"Oppland",266,"Gran","","","Kommuner","Municipality"
26404,168,"NOR","Norway",11,"Oppland",267,"Jevnaker","","","Kommuner","Municipality"
26405,168,"NOR","Norway",11,"Oppland",268,"Lesja","","","Kommuner","Municipality"
26406,168,"NOR","Norway",11,"Oppland",269,"Lillehammer","","","Kommuner","Municipality"
26407,168,"NOR","Norway",11,"Oppland",270,"Lom","","","Kommuner","Municipality"
26408,168,"NOR","Norway",11,"Oppland",271,"Lunner","","","Kommuner","Municipality"
26409,168,"NOR","Norway",11,"Oppland",272,"Nord-Aurdal","","","Kommuner","Municipality"
26410,168,"NOR","Norway",11,"Oppland",273,"Nord-Fron","","","Kommuner","Municipality"
26411,168,"NOR","Norway",11,"Oppland",274,"Nordre Land","","","Kommuner","Municipality"
26412,168,"NOR","Norway",11,"Oppland",275,"Østre Toten","","","Kommuner","Municipality"
26413,168,"NOR","Norway",11,"Oppland",276,"Øyer","","","Kommuner","Municipality"
26414,168,"NOR","Norway",11,"Oppland",277,"Øystre Slidre","","","Kommuner","Municipality"
26415,168,"NOR","Norway",11,"Oppland",278,"Ringebu","","","Kommuner","Municipality"
26416,168,"NOR","Norway",11,"Oppland",279,"Sel","","","Kommuner","Municipality"
26417,168,"NOR","Norway",11,"Oppland",280,"Skjåk","","","Kommuner","Municipality"
26418,168,"NOR","Norway",11,"Oppland",281,"Søndre Land","","","Kommuner","Municipality"
26419,168,"NOR","Norway",11,"Oppland",282,"Sør-Aurdal","","","Kommuner","Municipality"
26420,168,"NOR","Norway",11,"Oppland",283,"Sør-Fron","","","Kommuner","Municipality"
26421,168,"NOR","Norway",11,"Oppland",284,"Vågå","","","Kommuner","Municipality"
26422,168,"NOR","Norway",11,"Oppland",285,"Vang","","","Kommuner","Municipality"
26423,168,"NOR","Norway",11,"Oppland",286,"Vestre Slidre","","","Kommuner","Municipality"
26424,168,"NOR","Norway",11,"Oppland",287,"Vestre Toten","","","Kommuner","Municipality"
26425,168,"NOR","Norway",12,"Oslo",288,"Oslo","","","Kommuner","Municipality"
26426,168,"NOR","Norway",13,"Rogaland",289,"Bjerkreim","","","Kommuner","Municipality"
26427,168,"NOR","Norway",13,"Rogaland",290,"Bokn","","","Kommuner","Municipality"
26428,168,"NOR","Norway",13,"Rogaland",291,"Eigersund","","","Kommuner","Municipality"
26429,168,"NOR","Norway",13,"Rogaland",292,"Finnøy","","","Kommuner","Municipality"
26430,168,"NOR","Norway",13,"Rogaland",293,"Forsand","","","Kommuner","Municipality"
26431,168,"NOR","Norway",13,"Rogaland",294,"Gjesdal","","","Kommuner","Municipality"
26432,168,"NOR","Norway",13,"Rogaland",295,"Hå","","","Kommuner","Municipality"
26433,168,"NOR","Norway",13,"Rogaland",296,"Haugesund","","","Kommuner","Municipality"
26434,168,"NOR","Norway",13,"Rogaland",297,"Hjelmeland","","","Kommuner","Municipality"
26435,168,"NOR","Norway",13,"Rogaland",298,"Karmøy","","","Kommuner","Municipality"
26436,168,"NOR","Norway",13,"Rogaland",299,"Klepp","","","Kommuner","Municipality"
26437,168,"NOR","Norway",13,"Rogaland",300,"Kvitsøy","","","Kommuner","Municipality"
26438,168,"NOR","Norway",13,"Rogaland",301,"Lund","","","Kommuner","Municipality"
26439,168,"NOR","Norway",13,"Rogaland",302,"Randaberg","","","Kommuner","Municipality"
26440,168,"NOR","Norway",13,"Rogaland",303,"Rennesøy","","","Kommuner","Municipality"
26441,168,"NOR","Norway",13,"Rogaland",304,"Sandnes","","","Kommuner","Municipality"
26442,168,"NOR","Norway",13,"Rogaland",305,"Sauda","","","Kommuner","Municipality"
26443,168,"NOR","Norway",13,"Rogaland",306,"Sokndal","","","Kommuner","Municipality"
26444,168,"NOR","Norway",13,"Rogaland",307,"Sola","","","Kommuner","Municipality"
26445,168,"NOR","Norway",13,"Rogaland",308,"Stavanger","","","Kommuner","Municipality"
26446,168,"NOR","Norway",13,"Rogaland",309,"Strand","","","Kommuner","Municipality"
26447,168,"NOR","Norway",13,"Rogaland",310,"Suldal","","","Kommuner","Municipality"
26448,168,"NOR","Norway",13,"Rogaland",311,"Time","","","Kommuner","Municipality"
26449,168,"NOR","Norway",13,"Rogaland",312,"Tysvær","","","Kommuner","Municipality"
26450,168,"NOR","Norway",13,"Rogaland",313,"Utsira","","","Kommuner","Municipality"
26451,168,"NOR","Norway",13,"Rogaland",314,"Vindafjord","","","Kommuner","Municipality"
26452,168,"NOR","Norway",14,"Sogn og Fjordane",315,"Årdal","","","Kommuner","Municipality"
26453,168,"NOR","Norway",14,"Sogn og Fjordane",316,"Askvoll","","","Kommuner","Municipality"
26454,168,"NOR","Norway",14,"Sogn og Fjordane",317,"Aurland","","","Kommuner","Municipality"
26455,168,"NOR","Norway",14,"Sogn og Fjordane",318,"Balestrand","","","Kommuner","Municipality"
26456,168,"NOR","Norway",14,"Sogn og Fjordane",319,"Bremanger","","","Kommuner","Municipality"
26457,168,"NOR","Norway",14,"Sogn og Fjordane",320,"Eid","","","Kommuner","Municipality"
26458,168,"NOR","Norway",14,"Sogn og Fjordane",321,"Fjaler","","","Kommuner","Municipality"
26459,168,"NOR","Norway",14,"Sogn og Fjordane",322,"Flora","","","Kommuner","Municipality"
26460,168,"NOR","Norway",14,"Sogn og Fjordane",323,"Førde","","","Kommuner","Municipality"
26461,168,"NOR","Norway",14,"Sogn og Fjordane",324,"Gaular","","","Kommuner","Municipality"
26462,168,"NOR","Norway",14,"Sogn og Fjordane",325,"Gloppen","","","Kommuner","Municipality"
26463,168,"NOR","Norway",14,"Sogn og Fjordane",326,"Gulen","","","Kommuner","Municipality"
26464,168,"NOR","Norway",14,"Sogn og Fjordane",327,"Hornindal","","","Kommuner","Municipality"
26465,168,"NOR","Norway",14,"Sogn og Fjordane",328,"Høyanger","","","Kommuner","Municipality"
26466,168,"NOR","Norway",14,"Sogn og Fjordane",329,"Hyllestad","","","Kommuner","Municipality"
26467,168,"NOR","Norway",14,"Sogn og Fjordane",330,"Jølster","","","Kommuner","Municipality"
26468,168,"NOR","Norway",14,"Sogn og Fjordane",331,"Lærdal","","","Kommuner","Municipality"
26469,168,"NOR","Norway",14,"Sogn og Fjordane",332,"Leikanger","","","Kommuner","Municipality"
26470,168,"NOR","Norway",14,"Sogn og Fjordane",333,"Luster","","","Kommuner","Municipality"
26471,168,"NOR","Norway",14,"Sogn og Fjordane",334,"Naustdal","","","Kommuner","Municipality"
26472,168,"NOR","Norway",14,"Sogn og Fjordane",335,"Selje","","","Kommuner","Municipality"
26473,168,"NOR","Norway",14,"Sogn og Fjordane",336,"Sogndal","","","Kommuner","Municipality"
26474,168,"NOR","Norway",14,"Sogn og Fjordane",337,"Solund","","","Kommuner","Municipality"
26475,168,"NOR","Norway",14,"Sogn og Fjordane",338,"Stryn","","","Kommuner","Municipality"
26476,168,"NOR","Norway",14,"Sogn og Fjordane",339,"Vågsøy","","","Kommuner","Municipality"
26477,168,"NOR","Norway",14,"Sogn og Fjordane",340,"Vik","","","Kommuner","Municipality"
26478,168,"NOR","Norway",15,"Sør-Trøndelag",341,"Åfjord","","","Kommuner","Municipality"
26479,168,"NOR","Norway",15,"Sør-Trøndelag",342,"Agdenes","","","Kommuner","Municipality"
26480,168,"NOR","Norway",15,"Sør-Trøndelag",343,"Bjugn","","","Kommuner","Municipality"
26481,168,"NOR","Norway",15,"Sør-Trøndelag",344,"Frøya","","","Kommuner","Municipality"
26482,168,"NOR","Norway",15,"Sør-Trøndelag",345,"Hemne","","","Kommuner","Municipality"
26483,168,"NOR","Norway",15,"Sør-Trøndelag",346,"Hitra","","","Kommuner","Municipality"
26484,168,"NOR","Norway",15,"Sør-Trøndelag",347,"Holtålen","","","Kommuner","Municipality"
26485,168,"NOR","Norway",15,"Sør-Trøndelag",348,"Klæbu","","","Kommuner","Municipality"
26486,168,"NOR","Norway",15,"Sør-Trøndelag",349,"Malvik","","","Kommuner","Municipality"
26487,168,"NOR","Norway",15,"Sør-Trøndelag",350,"Meldal","","","Kommuner","Municipality"
26488,168,"NOR","Norway",15,"Sør-Trøndelag",351,"Melhus","","","Kommuner","Municipality"
26489,168,"NOR","Norway",15,"Sør-Trøndelag",352,"Midtre Gauldal","","","Kommuner","Municipality"
26490,168,"NOR","Norway",15,"Sør-Trøndelag",353,"Oppdal","","","Kommuner","Municipality"
26491,168,"NOR","Norway",15,"Sør-Trøndelag",354,"Orkdal","","","Kommuner","Municipality"
26492,168,"NOR","Norway",15,"Sør-Trøndelag",355,"Ørland","","","Kommuner","Municipality"
26493,168,"NOR","Norway",15,"Sør-Trøndelag",356,"Osen","","","Kommuner","Municipality"
26494,168,"NOR","Norway",15,"Sør-Trøndelag",357,"Rennebu","","","Kommuner","Municipality"
26495,168,"NOR","Norway",15,"Sør-Trøndelag",358,"Rissa","","","Kommuner","Municipality"
26496,168,"NOR","Norway",15,"Sør-Trøndelag",359,"Roan","","","Kommuner","Municipality"
26497,168,"NOR","Norway",15,"Sør-Trøndelag",360,"Røros","","","Kommuner","Municipality"
26498,168,"NOR","Norway",15,"Sør-Trøndelag",361,"Selbu","","","Kommuner","Municipality"
26499,168,"NOR","Norway",15,"Sør-Trøndelag",362,"Skaun","","","Kommuner","Municipality"
26500,168,"NOR","Norway",15,"Sør-Trøndelag",363,"Snillfjord","","","Kommuner","Municipality"
26501,168,"NOR","Norway",15,"Sør-Trøndelag",364,"Trondheim","","","Kommuner","Municipality"
26502,168,"NOR","Norway",15,"Sør-Trøndelag",365,"Tydal","","","Kommuner","Municipality"
26503,168,"NOR","Norway",16,"Telemark",366,"Bamble","","","Kommuner","Municipality"
26504,168,"NOR","Norway",16,"Telemark",367,"Bø","","","Kommuner","Municipality"
26505,168,"NOR","Norway",16,"Telemark",368,"Drangedal","","","Kommuner","Municipality"
26506,168,"NOR","Norway",16,"Telemark",369,"Fyresdal","","","Kommuner","Municipality"
26507,168,"NOR","Norway",16,"Telemark",370,"Hjartdal","","","Kommuner","Municipality"
26508,168,"NOR","Norway",16,"Telemark",371,"Kragerø","","","Kommuner","Municipality"
26509,168,"NOR","Norway",16,"Telemark",372,"Kviteseid","","Kvitseid","Kommuner","Municipality"
26510,168,"NOR","Norway",16,"Telemark",373,"Nissedal","","","Kommuner","Municipality"
26511,168,"NOR","Norway",16,"Telemark",374,"Nome","","","Kommuner","Municipality"
26512,168,"NOR","Norway",16,"Telemark",375,"Notodden","","","Kommuner","Municipality"
26513,168,"NOR","Norway",16,"Telemark",376,"Porsgrunn","","","Kommuner","Municipality"
26514,168,"NOR","Norway",16,"Telemark",377,"Sauherad","","","Kommuner","Municipality"
26515,168,"NOR","Norway",16,"Telemark",378,"Seljord","","","Kommuner","Municipality"
26516,168,"NOR","Norway",16,"Telemark",379,"Siljan","","","Kommuner","Municipality"
26517,168,"NOR","Norway",16,"Telemark",380,"Skien","","","Kommuner","Municipality"
26518,168,"NOR","Norway",16,"Telemark",381,"Tinn","","","Kommuner","Municipality"
26519,168,"NOR","Norway",16,"Telemark",382,"Tokke","","","Kommuner","Municipality"
26520,168,"NOR","Norway",16,"Telemark",383,"Vinje","","","Kommuner","Municipality"
26521,168,"NOR","Norway",17,"Troms",384,"Balsfjord","","","Kommuner","Municipality"
26522,168,"NOR","Norway",17,"Troms",385,"Bardu","","","Kommuner","Municipality"
26523,168,"NOR","Norway",17,"Troms",386,"Berg","","","Kommuner","Municipality"
26524,168,"NOR","Norway",17,"Troms",387,"Bjarkøy","","","Kommuner","Municipality"
26525,168,"NOR","Norway",17,"Troms",388,"Dyrøy","","","Kommuner","Municipality"
26526,168,"NOR","Norway",17,"Troms",389,"Gratangen","","","Kommuner","Municipality"
26527,168,"NOR","Norway",17,"Troms",390,"Harstad","","","Kommuner","Municipality"
26528,168,"NOR","Norway",17,"Troms",391,"Ibestad","","","Kommuner","Municipality"
26529,168,"NOR","Norway",17,"Troms",392,"Kåfjord","","G ivuotna","Kommuner","Municipality"
26530,168,"NOR","Norway",17,"Troms",393,"Karlsøy","","","Kommuner","Municipality"
26531,168,"NOR","Norway",17,"Troms",394,"Kvæfjord","","","Kommuner","Municipality"
26532,168,"NOR","Norway",17,"Troms",395,"Kvænangen","","","Kommuner","Municipality"
26533,168,"NOR","Norway",17,"Troms",396,"Lavangen","","","Kommuner","Municipality"
26534,168,"NOR","Norway",17,"Troms",397,"Lenvik","","","Kommuner","Municipality"
26535,168,"NOR","Norway",17,"Troms",398,"Lyngen","","","Kommuner","Municipality"
26536,168,"NOR","Norway",17,"Troms",399,"Målselv","","","Kommuner","Municipality"
26537,168,"NOR","Norway",17,"Troms",400,"Nordreisa","","","Kommuner","Municipality"
26538,168,"NOR","Norway",17,"Troms",401,"Salangen","","","Kommuner","Municipality"
26539,168,"NOR","Norway",17,"Troms",402,"Skånland","","","Kommuner","Municipality"
26540,168,"NOR","Norway",17,"Troms",403,"Skjervøy","","","Kommuner","Municipality"
26541,168,"NOR","Norway",17,"Troms",404,"Sørreisa","","","Kommuner","Municipality"
26542,168,"NOR","Norway",17,"Troms",405,"Storfjord","","","Kommuner","Municipality"
26543,168,"NOR","Norway",17,"Troms",406,"Torsken","","","Kommuner","Municipality"
26544,168,"NOR","Norway",17,"Troms",407,"Tranøy","","","Kommuner","Municipality"
26545,168,"NOR","Norway",17,"Troms",408,"Tromsø","","","Kommuner","Municipality"
26546,168,"NOR","Norway",18,"Vest-Agder",409,"Åseral","","","Kommuner","Municipality"
26547,168,"NOR","Norway",18,"Vest-Agder",410,"Audnedal","","","Kommuner","Municipality"
26548,168,"NOR","Norway",18,"Vest-Agder",411,"Farsund","","","Kommuner","Municipality"
26549,168,"NOR","Norway",18,"Vest-Agder",412,"Flekkefjord","","","Kommuner","Municipality"
26550,168,"NOR","Norway",18,"Vest-Agder",413,"Hægebostad","","","Kommuner","Municipality"
26551,168,"NOR","Norway",18,"Vest-Agder",414,"Kristiansand","","","Kommuner","Municipality"
26552,168,"NOR","Norway",18,"Vest-Agder",415,"Kvinesdal","","","Kommuner","Municipality"
26553,168,"NOR","Norway",18,"Vest-Agder",416,"Lindesnes","","","Kommuner","Municipality"
26554,168,"NOR","Norway",18,"Vest-Agder",417,"Lyngdal","","","Kommuner","Municipality"
26555,168,"NOR","Norway",18,"Vest-Agder",418,"Mandal","","","Kommuner","Municipality"
26556,168,"NOR","Norway",18,"Vest-Agder",419,"Marnardal","","Marnadal","Kommuner","Municipality"
26557,168,"NOR","Norway",18,"Vest-Agder",420,"Sirdal","","","Kommuner","Municipality"
26558,168,"NOR","Norway",18,"Vest-Agder",421,"Søgne","","","Kommuner","Municipality"
26559,168,"NOR","Norway",18,"Vest-Agder",422,"Songdalen","","","Kommuner","Municipality"
26560,168,"NOR","Norway",18,"Vest-Agder",423,"Vennesla","","","Kommuner","Municipality"
26561,168,"NOR","Norway",19,"Vestfold",424,"Andebu","","","Kommuner","Municipality"
26562,168,"NOR","Norway",19,"Vestfold",425,"Borre","","","Kommuner","Municipality"
26563,168,"NOR","Norway",19,"Vestfold",426,"Hof","","","Kommuner","Municipality"
26564,168,"NOR","Norway",19,"Vestfold",427,"Holmestrand","","","Kommuner","Municipality"
26565,168,"NOR","Norway",19,"Vestfold",428,"Lardal","","","Kommuner","Municipality"
26566,168,"NOR","Norway",19,"Vestfold",429,"Larvik","","","Kommuner","Municipality"
26567,168,"NOR","Norway",19,"Vestfold",430,"Nøtterøy","","","Kommuner","Municipality"
26568,168,"NOR","Norway",19,"Vestfold",431,"Ramnes","","","Kommuner","Municipality"
26569,168,"NOR","Norway",19,"Vestfold",432,"Sande","","","Kommuner","Municipality"
26570,168,"NOR","Norway",19,"Vestfold",433,"Sandefjord","","","Kommuner","Municipality"
26571,168,"NOR","Norway",19,"Vestfold",434,"Stokke","","","Kommuner","Municipality"
26572,168,"NOR","Norway",19,"Vestfold",435,"Svelvik","","","Kommuner","Municipality"
26573,168,"NOR","Norway",19,"Vestfold",436,"Tjøme","","","Kommuner","Municipality"
26574,168,"NOR","Norway",19,"Vestfold",437,"Tønsberg","","","Kommuner","Municipality"
26575,168,"NOR","Norway",19,"Vestfold",438,"Vaale","","","Kommuner","Municipality"
