"PID","ID_0","ISO","NAME_0","ID_1","NAME_1","NL_NAME_1","VARNAME_1","TYPE_1","ENGTYPE_1"
1858,142,"MRT","Mauritania",1,"Adrar","","","Wilayat|Région","Region"
1859,142,"MRT","Mauritania",2,"Assaba","","Açaba|el-`Açâba","Wilayat|Région","Region"
1860,142,"MRT","Mauritania",3,"Brakna","","","Wilayat|Région","Region"
1861,142,"MRT","Mauritania",4,"Dakhlet Nouadhibou","","Dakhlet Nouâdhibou|Baie du Lévrier|Lévrier Bay","Wilayat|Région","Region"
1862,142,"MRT","Mauritania",5,"Gorgol","","","Wilayat|Région","Region"
1863,142,"MRT","Mauritania",6,"Guidimaka","","Guidimagha|Guidimakha","Wilayat|Région","Region"
1864,142,"MRT","Mauritania",7,"Hodh ech Chargui","","Eastern Hodh|Hodh Charghi|Hodh Oriental","Wilayat|Région","Region"
1865,142,"MRT","Mauritania",8,"Hodh el Gharbi","","Hodh Occidental|Western Hodh","Wilayat|Région","Region"
1866,142,"MRT","Mauritania",9,"Inchiri","","","Wilayat|Région","Region"
1867,142,"MRT","Mauritania",10,"Nouakchott","","","District","District"
1868,142,"MRT","Mauritania",11,"Tagant","","","Wilayat|Région","Region"
1869,142,"MRT","Mauritania",12,"Tiris Zemmour","","","Wilayat|Région","Region"
1870,142,"MRT","Mauritania",13,"Trarza","","","Wilayat|Région","Region"
