"PID","ID_0","ISO","NAME_0","ID_1","NAME_1","ID_2","NAME_2","NL_NAME_2","VARNAME_2","TYPE_2","ENGTYPE_2"
20196,142,"MRT","Mauritania",13,"Trarza",40,"Keur-Macène","","Keur Massene","Moughataas|Département","Department"
20197,142,"MRT","Mauritania",13,"Trarza",41,"Méderdra","","","Moughataas|Département","Department"
20198,142,"MRT","Mauritania",13,"Trarza",42,"Ouad-Naga","","Ouad Naga","Moughataas|Département","Department"
20199,142,"MRT","Mauritania",13,"Trarza",43,"R'Kiz","","R Kiz","Moughataas|Département","Department"
20200,142,"MRT","Mauritania",13,"Trarza",44,"Rosso","","","Moughataas|Département","Department"
21734,142,"MRT","Mauritania",1,"Adrar",1,"Aoujeft","","","Moughataas|Département","Department"
21735,142,"MRT","Mauritania",1,"Adrar",2,"Atar","","","Moughataas|Département","Department"
21736,142,"MRT","Mauritania",1,"Adrar",3,"Chinguetti","","Chingueti|Chinguitti","Moughataas|Département","Department"
21737,142,"MRT","Mauritania",2,"Assaba",4,"Barkéol","","Aftout|Barkewol","Moughataas|Département","Department"
21738,142,"MRT","Mauritania",2,"Assaba",5,"Boumdeïd","","","Moughataas|Département","Department"
21739,142,"MRT","Mauritania",2,"Assaba",6,"Guérou","","Guerrou","Moughataas|Département","Department"
21740,142,"MRT","Mauritania",2,"Assaba",7,"Kankossa","","","Moughataas|Département","Department"
21741,142,"MRT","Mauritania",2,"Assaba",8,"Kiffa","","","Moughataas|Département","Department"
21742,142,"MRT","Mauritania",3,"Brakna",9,"Aleg","","","Moughataas|Département","Department"
21743,142,"MRT","Mauritania",3,"Brakna",10,"Bababé","","","Moughataas|Département","Department"
21744,142,"MRT","Mauritania",3,"Brakna",11,"Boghé","","","Moughataas|Département","Department"
21745,142,"MRT","Mauritania",3,"Brakna",12,"M'Bagne","","M Bagne","Moughataas|Département","Department"
21746,142,"MRT","Mauritania",3,"Brakna",13,"Magta-Lahjar","","","Moughataas|Département","Department"
21747,142,"MRT","Mauritania",4,"Dakhlet Nouadhibou",14,"Nouadhibou","","","Moughataas|Département","Department"
21748,142,"MRT","Mauritania",5,"Gorgol",15,"Kaédi","","","Moughataas|Département","Department"
21749,142,"MRT","Mauritania",5,"Gorgol",16,"M'Bout","","M Bout","Moughataas|Département","Department"
21750,142,"MRT","Mauritania",5,"Gorgol",17,"Maghama","","","Moughataas|Département","Department"
21751,142,"MRT","Mauritania",5,"Gorgol",18,"Monguel","","Mounguel","Moughataas|Département","Department"
21752,142,"MRT","Mauritania",6,"Guidimaka",19,"Ould Yengé","","","Moughataas|Département","Department"
21753,142,"MRT","Mauritania",6,"Guidimaka",20,"Sélibaby","","","Moughataas|Département","Department"
21754,142,"MRT","Mauritania",7,"Hodh ech Chargui",21,"Amourj","","","Moughataas|Département","Department"
21755,142,"MRT","Mauritania",7,"Hodh ech Chargui",22,"Bassikounou","","Bassiknou","Moughataas|Département","Department"
21756,142,"MRT","Mauritania",7,"Hodh ech Chargui",23,"Djiguenni","","Djigueni|Djigueni","Moughataas|Département","Department"
21757,142,"MRT","Mauritania",7,"Hodh ech Chargui",24,"Néma","","","Moughataas|Département","Department"
21758,142,"MRT","Mauritania",7,"Hodh ech Chargui",25,"Ouadane","","Oualata","Moughataas|Département","Department"
21759,142,"MRT","Mauritania",7,"Hodh ech Chargui",26,"Timbédra","","","Moughataas|Département","Department"
21760,142,"MRT","Mauritania",8,"Hodh el Gharbi",27,"Aïoun","","Aioun al Atrous","Moughataas|Département","Department"
21761,142,"MRT","Mauritania",8,"Hodh el Gharbi",28,"Kobenni","","Koubeni|Koubenni","Moughataas|Département","Department"
21762,142,"MRT","Mauritania",8,"Hodh el Gharbi",29,"Tamchakett","","Tamchekket|Tamchekett","Moughataas|Département","Department"
21763,142,"MRT","Mauritania",8,"Hodh el Gharbi",30,"Tintane","","","Moughataas|Département","Department"
21764,142,"MRT","Mauritania",9,"Inchiri",31,"Akjoujt","","","Moughataas|Département","Department"
21765,142,"MRT","Mauritania",10,"Nouakchott",32,"Nouakchott","","","Moughataas|Département","Department"
21766,142,"MRT","Mauritania",11,"Tagant",33,"Moudjéria","","","Moughataas|Département","Department"
21767,142,"MRT","Mauritania",11,"Tagant",34,"Tichitt","","Tichit","Moughataas|Département","Department"
21768,142,"MRT","Mauritania",11,"Tagant",35,"Tidjikja","","","Moughataas|Département","Department"
21769,142,"MRT","Mauritania",12,"Tiris Zemmour",36,"Bir Moghreïn","","Bir Mogrein","Moughataas|Département","Department"
21770,142,"MRT","Mauritania",12,"Tiris Zemmour",37,"F'Dérik","","F Derik|F'Derick|F'Deirik","Moughataas|Département","Department"
21771,142,"MRT","Mauritania",12,"Tiris Zemmour",38,"Zouérate","","","Moughataas|Département","Department"
21772,142,"MRT","Mauritania",13,"Trarza",39,"Boutilimit","","","Moughataas|Département","Department"
