"PID","ID_0","ISO","NAME_0","ID_1","NAME_1","ID_2","NAME_2","ID_3","NAME_3","NL_NAME_3","VARNAME_3","TYPE_3","ENGTYPE_3"
98229,216,"SDN","Sudan",5,"Kordofan",13,"South Kordufan",60,"Abu Jubaiyah","","","District","District"
98230,216,"SDN","Sudan",5,"Kordofan",13,"South Kordufan",61,"Dilling","","","District","District"
98231,216,"SDN","Sudan",5,"Kordofan",13,"South Kordufan",62,"Kadugli","","KADUGLI","District","District"
98232,216,"SDN","Sudan",5,"Kordofan",13,"South Kordufan",63,"Rashad","","","District","District"
98233,216,"SDN","Sudan",5,"Kordofan",13,"South Kordufan",64,"Talodi","","","District","District"
98234,216,"SDN","Sudan",5,"Kordofan",14,"West Kurdufan",65,"Abyei","","","District","District"
98235,216,"SDN","Sudan",5,"Kordofan",14,"West Kurdufan",66,"As Salam","","","District","District"
98236,216,"SDN","Sudan",5,"Kordofan",14,"West Kurdufan",67,"En Nuhud","","","District","District"
98237,216,"SDN","Sudan",5,"Kordofan",14,"West Kurdufan",68,"Ghebeish","","","District","District"
98238,216,"SDN","Sudan",5,"Kordofan",14,"West Kurdufan",69,"Lagawa","","","District","District"
98239,216,"SDN","Sudan",6,"Northern",15,"Northern",70,"Addabah","","","District","District"
98240,216,"SDN","Sudan",6,"Northern",15,"Northern",71,"Dongola","","","District","District"
98241,216,"SDN","Sudan",6,"Northern",15,"Northern",72,"Merawi","","","District","District"
98242,216,"SDN","Sudan",6,"Northern",15,"Northern",73,"Wadi Halfa","","","District","District"
98243,216,"SDN","Sudan",6,"Northern",16,"River Nile",74,"Abu Hamad","","","District","District"
98244,216,"SDN","Sudan",6,"Northern",16,"River Nile",75,"Ad Damer","","","District","District"
98245,216,"SDN","Sudan",6,"Northern",16,"River Nile",76,"Al Matammah","","","District","District"
98246,216,"SDN","Sudan",6,"Northern",16,"River Nile",77,"Atbara","","","District","District"
98247,216,"SDN","Sudan",6,"Northern",16,"River Nile",78,"Berber","","","District","District"
98248,216,"SDN","Sudan",6,"Northern",16,"River Nile",79,"Shendi","","","District","District"
101482,216,"SDN","Sudan",1,"Blue Nile",1,"Blue Nile",1,"Ad Damazin","","","District","District"
101483,216,"SDN","Sudan",1,"Blue Nile",1,"Blue Nile",2,"Al Kurumik","","","District","District"
101484,216,"SDN","Sudan",1,"Blue Nile",1,"Blue Nile",3,"Al Roseires","","","District","District"
101485,216,"SDN","Sudan",1,"Blue Nile",1,"Blue Nile",4,"Baw","","","District","District"
101486,216,"SDN","Sudan",1,"Blue Nile",1,"Blue Nile",5,"Geissan","","","District","District"
101487,216,"SDN","Sudan",1,"Blue Nile",2,"Gezira",6,"Al Kamlin","","","District","District"
101488,216,"SDN","Sudan",1,"Blue Nile",2,"Gezira",7,"Al Mahagil","","","District","District"
101489,216,"SDN","Sudan",1,"Blue Nile",2,"Gezira",8,"East al Gazera","","","District","District"
101490,216,"SDN","Sudan",1,"Blue Nile",2,"Gezira",9,"North al Gazera","","","District","District"
101491,216,"SDN","Sudan",1,"Blue Nile",2,"Gezira",10,"Sharq al Gazera","","","District","District"
101492,216,"SDN","Sudan",1,"Blue Nile",2,"Gezira",11,"South al Gazera","","","District","District"
101493,216,"SDN","Sudan",1,"Blue Nile",2,"Gezira",12,"Um Al Gura","","","District","District"
101494,216,"SDN","Sudan",1,"Blue Nile",3,"Sennar",13,"Ad Dinder","","","District","District"
101495,216,"SDN","Sudan",1,"Blue Nile",3,"Sennar",14,"Sennar","","","District","District"
101496,216,"SDN","Sudan",1,"Blue Nile",3,"Sennar",15,"Singa","","","District","District"
101497,216,"SDN","Sudan",1,"Blue Nile",4,"White Nile",16,"Ad Douiem","","","District","District"
101498,216,"SDN","Sudan",1,"Blue Nile",4,"White Nile",17,"Al Gutaina","","","District","District"
101499,216,"SDN","Sudan",1,"Blue Nile",4,"White Nile",18,"Al Jabalian","","","District","District"
101500,216,"SDN","Sudan",1,"Blue Nile",4,"White Nile",19,"Kosti","","","District","District"
101501,216,"SDN","Sudan",2,"Darfur",5,"North Darfur",20,"Al Fasher","","","District","District"
101502,216,"SDN","Sudan",2,"Darfur",5,"North Darfur",21,"Kabkabiya","","","District","District"
101503,216,"SDN","Sudan",2,"Darfur",5,"North Darfur",22,"Kutum","","","District","District"
101504,216,"SDN","Sudan",2,"Darfur",5,"North Darfur",23,"Mellit","","","District","District"
101505,216,"SDN","Sudan",2,"Darfur",5,"North Darfur",24,"Um Kadada","","","District","District"
101506,216,"SDN","Sudan",2,"Darfur",6,"South Darfur",25,"Al Deain","","","District","District"
101507,216,"SDN","Sudan",2,"Darfur",6,"South Darfur",26,"Buram","","","District","District"
101508,216,"SDN","Sudan",2,"Darfur",6,"South Darfur",27,"Id El Ghanem","","","District","District"
101509,216,"SDN","Sudan",2,"Darfur",6,"South Darfur",28,"Kas","","","District","District"
101510,216,"SDN","Sudan",2,"Darfur",6,"South Darfur",29,"Nyala","","","District","District"
101511,216,"SDN","Sudan",2,"Darfur",6,"South Darfur",30,"Tulus","","","District","District"
101512,216,"SDN","Sudan",2,"Darfur",7,"West Darfur",31,"Al Geneina","","","District","District"
101513,216,"SDN","Sudan",2,"Darfur",7,"West Darfur",32,"Mukjar","","","District","District"
101514,216,"SDN","Sudan",2,"Darfur",7,"West Darfur",33,"Zallingi","","","District","District"
101515,216,"SDN","Sudan",3,"Kassala",8,"Gedarif",34,"Al Faw","","","District","District"
101516,216,"SDN","Sudan",3,"Kassala",8,"Gedarif",35,"Al Fushqa","","","District","District"
101517,216,"SDN","Sudan",3,"Kassala",8,"Gedarif",36,"Al Gadaref","","","District","District"
101518,216,"SDN","Sudan",3,"Kassala",8,"Gedarif",37,"Al Galabat","","","District","District"
101519,216,"SDN","Sudan",3,"Kassala",8,"Gedarif",38,"Al Rahd","","","District","District"
101520,216,"SDN","Sudan",3,"Kassala",9,"Kassala",39,"Al Gash","","","District","District"
101521,216,"SDN","Sudan",3,"Kassala",9,"Kassala",40,"Hamashkorieb","","","District","District"
101522,216,"SDN","Sudan",3,"Kassala",9,"Kassala",41,"Kassala","","","District","District"
101523,216,"SDN","Sudan",3,"Kassala",9,"Kassala",42,"Nahr Atbara","","","District","District"
101524,216,"SDN","Sudan",3,"Kassala",9,"Kassala",43,"Seteet","","Steet","District","District"
101525,216,"SDN","Sudan",3,"Kassala",10,"Red Sea",44,"Halayeb","","","District","District"
101526,216,"SDN","Sudan",3,"Kassala",10,"Red Sea",45,"Port Sudan","","","District","District"
101527,216,"SDN","Sudan",3,"Kassala",10,"Red Sea",46,"Sinkat","","","District","District"
101528,216,"SDN","Sudan",3,"Kassala",10,"Red Sea",47,"Tokar","","","District","District"
101529,216,"SDN","Sudan",4,"Khartoum",11,"Khartoum",48,"Karary","","","District","District"
101530,216,"SDN","Sudan",4,"Khartoum",11,"Khartoum",49,"Khartoum Bahri","","","District","District"
101531,216,"SDN","Sudan",4,"Khartoum",11,"Khartoum",50,"Khartoum","","","District","District"
101532,216,"SDN","Sudan",4,"Khartoum",11,"Khartoum",51,"Omdurman","","","District","District"
101533,216,"SDN","Sudan",4,"Khartoum",11,"Khartoum",52,"Sharg En Nile","","","District","District"
101534,216,"SDN","Sudan",4,"Khartoum",11,"Khartoum",53,"South Khartoum","","","District","District"
101535,216,"SDN","Sudan",4,"Khartoum",11,"Khartoum",54,"Um Badda","","","District","District"
101536,216,"SDN","Sudan",5,"Kordofan",12,"North Kurdufan",55,"Bara","","","District","District"
101537,216,"SDN","Sudan",5,"Kordofan",12,"North Kurdufan",56,"Jebrat al Sheikh","","","District","District"
101538,216,"SDN","Sudan",5,"Kordofan",12,"North Kurdufan",57,"Sheikan","","","District","District"
101539,216,"SDN","Sudan",5,"Kordofan",12,"North Kurdufan",58,"Sowdari","","","District","District"
101540,216,"SDN","Sudan",5,"Kordofan",12,"North Kurdufan",59,"Um Rawaba","","","District","District"
