"PID","ID_0","ISO","NAME_0","ID_1","NAME_1","NL_NAME_1","VARNAME_1","TYPE_1","ENGTYPE_1"
2797,216,"SDN","Sudan",1,"Blue Nile","","Al Wustá, Al Awsat |An Nil al Azraq| Central","Region","Region"
2798,216,"SDN","Sudan",2,"Darfur","","Darfour|Darfur","Region","Region"
2799,216,"SDN","Sudan",3,"Kassala","","Ash Sharqi| Ash Sharqiyah| Eastern","Region","Region"
2800,216,"SDN","Sudan",4,"Khartoum","","Al Khartum|Al Khurtum|Cartum|Jartum|Khartum","Region","Region"
2801,216,"SDN","Sudan",5,"Kordofan","","Cordofão|Kordofam| Kòrdofan|Kurdufan","Region","Region"
2802,216,"SDN","Sudan",6,"Northern","","Ash Shamali|Ash Shamaliyah|Nord","Region","Region"
