"PID","ID_0","ISO","NAME_0","ID_1","NAME_1","ID_2","NAME_2","NL_NAME_2","VARNAME_2","TYPE_2","ENGTYPE_2"
29701,216,"SDN","Sudan",1,"Blue Nile",1,"Blue Nile","","An Nil al Azraq|Nil Bleu|Nilo Azul","Wilayat","State"
29702,216,"SDN","Sudan",1,"Blue Nile",2,"Gezira","","Al Jazirah","Wilayat","State"
29703,216,"SDN","Sudan",1,"Blue Nile",3,"Sennar","","Sinnar","Wilayat","State"
29704,216,"SDN","Sudan",1,"Blue Nile",4,"White Nile","","An Ba<U+1E25>r al Abyad|An Nil al-Abyad|Nil Blanc|Nilo Branco","Wilayat","State"
29705,216,"SDN","Sudan",2,"Darfur",5,"North Darfur","","Darfur ash Shamaliyah| Shamal Darfur| Darfur septentrional","Wilayat","State"
29706,216,"SDN","Sudan",2,"Darfur",6,"South Darfur","","Darfur al Janubiyah| Janub Darfur| Darfur méridional| Southern Darfur","Wilayat","State"
29707,216,"SDN","Sudan",2,"Darfur",7,"West Darfur","","Darfur al Gharbiyah|Gharb Darfur","Wilayat","State"
29708,216,"SDN","Sudan",3,"Kassala",8,"Gedarif","","Al Qadarif|Gadarif| Gedaref| Gederaf","Wilayat","State"
29709,216,"SDN","Sudan",3,"Kassala",9,"Kassala","","Cassala|Kessala","Wilayat","State"
29710,216,"SDN","Sudan",3,"Kassala",10,"Red Sea","","Ba<U+1E25>r al A<U+1E25>mar|Mar Rojo|Mar Rosso|Mar Vermelho|Mer Rouge|Röda havet|Rødehavet|Rotes Meer","Wilayat","State"
29711,216,"SDN","Sudan",4,"Khartoum",11,"Khartoum","","Al Khartum| Al Khurtum| Cartum|Jartum| Khartum","Wilayat","State"
33792,216,"SDN","Sudan",5,"Kordofan",12,"North Kurdufan","","Kordofan septentrional| Kurdufan ash Shamaliyah| Shamal Kurdufan| North Kordofan","Wilayat","State"
33793,216,"SDN","Sudan",5,"Kordofan",13,"South Kordufan","","Southern Kordofan|South Kordufan|Janub Kurdufan|Janub Kurdufun|Kurdufan al Janubiyah|Kordofan méridional","Wilayat","State"
33794,216,"SDN","Sudan",5,"Kordofan",14,"West Kurdufan","","Gharb Kurdufan| Gharb Kurdufun| Kurdufan al Gharbiyah| Western Kordofan","Wilayat","State"
33795,216,"SDN","Sudan",6,"Northern",15,"Northern","","Ash Shamali|Ash Shamaliyah|Nord","Wilayat","State"
33796,216,"SDN","Sudan",6,"Northern",16,"River Nile","","an Nil, Nahr an Nil| Nil| Nile| Nile River|Nilen|Nilo","Wilayat","State"
