"PID","ID_0","ISO","NAME_0","ID_1","NAME_1","ID_2","NAME_2","ID_3","NAME_3","ID_4","NAME_4","VARNAME_4","TYPE_4","ENGTYPE_4"
32996,216,"SDN","Sudan",1,"Blue Nile",1,"Blue Nile",1,"Ad Damazin",1,"Ed Damazin","","Unknown","Unknown"
32997,216,"SDN","Sudan",1,"Blue Nile",1,"Blue Nile",2,"Al Kurumik",2,"Kurumuk","","Unknown","Unknown"
32998,216,"SDN","Sudan",1,"Blue Nile",1,"Blue Nile",2,"Al Kurumik",3,"Ora","","Unknown","Unknown"
32999,216,"SDN","Sudan",1,"Blue Nile",1,"Blue Nile",3,"Al Roseires",4,"Er Roseires","","Unknown","Unknown"
33000,216,"SDN","Sudan",1,"Blue Nile",1,"Blue Nile",4,"Baw",5,"Baw","","Unknown","Unknown"
33001,216,"SDN","Sudan",1,"Blue Nile",1,"Blue Nile",5,"Geissan",6,"Geissan","","Unknown","Unknown"
33002,216,"SDN","Sudan",1,"Blue Nile",1,"Blue Nile",5,"Geissan",7,"Keili","","Unknown","Unknown"
33003,216,"SDN","Sudan",1,"Blue Nile",2,"Gezira",6,"Al Kamlin",8,"El Kamlin","","Unknown","Unknown"
33004,216,"SDN","Sudan",1,"Blue Nile",2,"Gezira",6,"Al Kamlin",9,"El Masid","","Unknown","Unknown"
33005,216,"SDN","Sudan",1,"Blue Nile",2,"Gezira",6,"Al Kamlin",10,"El Mi Eiliq","","Unknown","Unknown"
33006,216,"SDN","Sudan",1,"Blue Nile",2,"Gezira",6,"Al Kamlin",11,"Es Sideira","","Unknown","Unknown"
33007,216,"SDN","Sudan",1,"Blue Nile",2,"Gezira",7,"Al Mahagil",12,"Al Azazi","","Unknown","Unknown"
33008,216,"SDN","Sudan",1,"Blue Nile",2,"Gezira",7,"Al Mahagil",13,"El Bura","","Unknown","Unknown"
33009,216,"SDN","Sudan",1,"Blue Nile",2,"Gezira",7,"Al Mahagil",14,"El Huda","","Unknown","Unknown"
33010,216,"SDN","Sudan",1,"Blue Nile",2,"Gezira",7,"Al Mahagil",15,"El Kereimet","","Unknown","Unknown"
33011,216,"SDN","Sudan",1,"Blue Nile",2,"Gezira",7,"Al Mahagil",16,"El Qurashi","","Unknown","Unknown"
33012,216,"SDN","Sudan",1,"Blue Nile",2,"Gezira",7,"Al Mahagil",17,"El Rakha & El Matori","","Unknown","Unknown"
33013,216,"SDN","Sudan",1,"Blue Nile",2,"Gezira",7,"Al Mahagil",18,"Ma Tuq","","Unknown","Unknown"
33014,216,"SDN","Sudan",1,"Blue Nile",2,"Gezira",7,"Al Mahagil",19,"Sarhan","","Unknown","Unknown"
33015,216,"SDN","Sudan",1,"Blue Nile",2,"Gezira",7,"Al Mahagil",20,"Wad Adam","","Unknown","Unknown"
33016,216,"SDN","Sudan",1,"Blue Nile",2,"Gezira",8,"East al Gazera",21,"Abu Haraz","","Unknown","Unknown"
33017,216,"SDN","Sudan",1,"Blue Nile",2,"Gezira",8,"East al Gazera",22,"Barakat","","Unknown","Unknown"
33018,216,"SDN","Sudan",1,"Blue Nile",2,"Gezira",8,"East al Gazera",23,"Hantub","","Unknown","Unknown"
33019,216,"SDN","Sudan",1,"Blue Nile",2,"Gezira",8,"East al Gazera",24,"Shabarga","","Unknown","Unknown"
33020,216,"SDN","Sudan",1,"Blue Nile",2,"Gezira",8,"East al Gazera",25,"Sharif Ya Qub","","Unknown","Unknown"
33021,216,"SDN","Sudan",1,"Blue Nile",2,"Gezira",9,"North al Gazera",26,"Abu Guta","","Unknown","Unknown"
33022,216,"SDN","Sudan",1,"Blue Nile",2,"Gezira",9,"North al Gazera",27,"El Hasaheisa","","Unknown","Unknown"
33023,216,"SDN","Sudan",1,"Blue Nile",2,"Gezira",9,"North al Gazera",28,"El Mesellmiya","","Unknown","Unknown"
33024,216,"SDN","Sudan",1,"Blue Nile",2,"Gezira",9,"North al Gazera",29,"Er Riba","","Unknown","Unknown"
33025,216,"SDN","Sudan",1,"Blue Nile",2,"Gezira",9,"North al Gazera",30,"Meheiriba","","Unknown","Unknown"
33026,216,"SDN","Sudan",1,"Blue Nile",2,"Gezira",9,"North al Gazera",31,"Wad Haboba","","Unknown","Unknown"
33027,216,"SDN","Sudan",1,"Blue Nile",2,"Gezira",10,"Sharq al Gazera",32,"Eg Geneid","","Unknown","Unknown"
33028,216,"SDN","Sudan",1,"Blue Nile",2,"Gezira",10,"Sharq al Gazera",33,"Eidag","","Unknown","Unknown"
33029,216,"SDN","Sudan",1,"Blue Nile",2,"Gezira",10,"Sharq al Gazera",34,"Rufaa","","Unknown","Unknown"
33030,216,"SDN","Sudan",1,"Blue Nile",2,"Gezira",10,"Sharq al Gazera",35,"Tambul","","Unknown","Unknown"
33031,216,"SDN","Sudan",1,"Blue Nile",2,"Gezira",11,"South al Gazera",36,"Abud","","Unknown","Unknown"
33032,216,"SDN","Sudan",1,"Blue Nile",2,"Gezira",11,"South al Gazera",37,"El Gamusi","","Unknown","Unknown"
33033,216,"SDN","Sudan",1,"Blue Nile",2,"Gezira",11,"South al Gazera",38,"Kedeibat","","Unknown","Unknown"
33034,216,"SDN","Sudan",1,"Blue Nile",2,"Gezira",11,"South al Gazera",39,"Wad El Libeih","","Unknown","Unknown"
33035,216,"SDN","Sudan",1,"Blue Nile",2,"Gezira",12,"Um Al Gura",40,"El Hosh","","Unknown","Unknown"
33036,216,"SDN","Sudan",1,"Blue Nile",2,"Gezira",12,"Um Al Gura",41,"El Madina Arab","","Unknown","Unknown"
33037,216,"SDN","Sudan",1,"Blue Nile",2,"Gezira",12,"Um Al Gura",42,"Hag Abdalla","","Unknown","Unknown"
33038,216,"SDN","Sudan",1,"Blue Nile",2,"Gezira",12,"Um Al Gura",43,"Tayba","","Unknown","Unknown"
33039,216,"SDN","Sudan",1,"Blue Nile",2,"Gezira",12,"Um Al Gura",44,"Wad Al Hadad","","Unknown","Unknown"
33040,216,"SDN","Sudan",1,"Blue Nile",2,"Gezira",12,"Um Al Gura",45,"Wad En Naim","","Unknown","Unknown"
33041,216,"SDN","Sudan",1,"Blue Nile",2,"Gezira",12,"Um Al Gura",46,"Wad Raiya","","Unknown","Unknown"
33042,216,"SDN","Sudan",1,"Blue Nile",3,"Sennar",13,"Ad Dinder",47,"Eastern Dinder","","Unknown","Unknown"
33043,216,"SDN","Sudan",1,"Blue Nile",3,"Sennar",13,"Ad Dinder",48,"Es Suki","","Unknown","Unknown"
33044,216,"SDN","Sudan",1,"Blue Nile",3,"Sennar",13,"Ad Dinder",49,"Karkoj","","Unknown","Unknown"
33045,216,"SDN","Sudan",1,"Blue Nile",3,"Sennar",13,"Ad Dinder",50,"Western Dinder","","Unknown","Unknown"
33046,216,"SDN","Sudan",1,"Blue Nile",3,"Sennar",14,"Sennar",51,"Doba","","Unknown","Unknown"
33047,216,"SDN","Sudan",1,"Blue Nile",3,"Sennar",14,"Sennar",52,"Hamadna Allah","","Unknown","Unknown"
33048,216,"SDN","Sudan",1,"Blue Nile",3,"Sennar",14,"Sennar",53,"Sennar Junction","","Unknown","Unknown"
33049,216,"SDN","Sudan",1,"Blue Nile",3,"Sennar",14,"Sennar",54,"Sugar","","Unknown","Unknown"
33050,216,"SDN","Sudan",1,"Blue Nile",3,"Sennar",14,"Sennar",55,"Wad Al Abbasi","","Unknown","Unknown"
33051,216,"SDN","Sudan",1,"Blue Nile",3,"Sennar",14,"Sennar",56,"Wad Taktok","","Unknown","Unknown"
33052,216,"SDN","Sudan",1,"Blue Nile",3,"Sennar",15,"Singa",57,"Abu Hajar","","Unknown","Unknown"
33053,216,"SDN","Sudan",1,"Blue Nile",3,"Sennar",15,"Singa",58,"Dali","","Unknown","Unknown"
33054,216,"SDN","Sudan",1,"Blue Nile",3,"Sennar",15,"Singa",59,"Er Ramash","","Unknown","Unknown"
33055,216,"SDN","Sudan",1,"Blue Nile",3,"Sennar",15,"Singa",60,"Mazmum","","Unknown","Unknown"
33056,216,"SDN","Sudan",1,"Blue Nile",3,"Sennar",15,"Singa",61,"Umm Shuka","","Unknown","Unknown"
33057,216,"SDN","Sudan",1,"Blue Nile",3,"Sennar",15,"Singa",62,"Wad El Neil","","Unknown","Unknown"
33058,216,"SDN","Sudan",1,"Blue Nile",4,"White Nile",16,"Ad Douiem",63,"Aid El Aud","","Unknown","Unknown"
33059,216,"SDN","Sudan",1,"Blue Nile",4,"White Nile",16,"Ad Douiem",64,"El Arishcol","","Unknown","Unknown"
33060,216,"SDN","Sudan",1,"Blue Nile",4,"White Nile",16,"Ad Douiem",65,"El Halba","","Unknown","Unknown"
33061,216,"SDN","Sudan",1,"Blue Nile",4,"White Nile",16,"Ad Douiem",66,"El Kereida","","Unknown","Unknown"
33062,216,"SDN","Sudan",1,"Blue Nile",4,"White Nile",16,"Ad Douiem",67,"El Wahda","","Unknown","Unknown"
33063,216,"SDN","Sudan",1,"Blue Nile",4,"White Nile",16,"Ad Douiem",68,"Ez Zireiqa","","Unknown","Unknown"
33064,216,"SDN","Sudan",1,"Blue Nile",4,"White Nile",16,"Ad Douiem",69,"Shegeiq","","Unknown","Unknown"
33065,216,"SDN","Sudan",1,"Blue Nile",4,"White Nile",16,"Ad Douiem",70,"Umm Remta","","Unknown","Unknown"
33066,216,"SDN","Sudan",1,"Blue Nile",4,"White Nile",17,"Al Gutaina",71,"El Kawa","","Unknown","Unknown"
33067,216,"SDN","Sudan",1,"Blue Nile",4,"White Nile",17,"Al Gutaina",72,"Es Shikh Es Sadeq","","Unknown","Unknown"
33068,216,"SDN","Sudan",1,"Blue Nile",4,"White Nile",17,"Al Gutaina",73,"Hashab","","Unknown","Unknown"
33069,216,"SDN","Sudan",1,"Blue Nile",4,"White Nile",17,"Al Gutaina",74,"Na Eima","","Unknown","Unknown"
33070,216,"SDN","Sudan",1,"Blue Nile",4,"White Nile",17,"Al Gutaina",75,"Wad Jar En Nabi","","Unknown","Unknown"
33071,216,"SDN","Sudan",1,"Blue Nile",4,"White Nile",18,"Al Jabalian",76,"Abba Island","","Unknown","Unknown"
33072,216,"SDN","Sudan",1,"Blue Nile",4,"White Nile",18,"Al Jabalian",77,"Eg Gebelein","","Unknown","Unknown"
33073,216,"SDN","Sudan",1,"Blue Nile",4,"White Nile",18,"Al Jabalian",78,"Rabak","","Unknown","Unknown"
33074,216,"SDN","Sudan",1,"Blue Nile",4,"White Nile",19,"Kosti",79,"Abu Rukba","","Unknown","Unknown"
33075,216,"SDN","Sudan",1,"Blue Nile",4,"White Nile",19,"Kosti",80,"En Naeim","","Unknown","Unknown"
33076,216,"SDN","Sudan",1,"Blue Nile",4,"White Nile",19,"Kosti",81,"Er Rawat","","Unknown","Unknown"
33077,216,"SDN","Sudan",1,"Blue Nile",4,"White Nile",19,"Kosti",82,"Ez Zeleit","","Unknown","Unknown"
33078,216,"SDN","Sudan",1,"Blue Nile",4,"White Nile",19,"Kosti",83,"Kosti Genoub","","Unknown","Unknown"
33079,216,"SDN","Sudan",1,"Blue Nile",4,"White Nile",19,"Kosti",84,"Kosti Shmal","","Unknown","Unknown"
33080,216,"SDN","Sudan",1,"Blue Nile",4,"White Nile",19,"Kosti",85,"Tendelti","","Unknown","Unknown"
33081,216,"SDN","Sudan",2,"Darfur",5,"North Darfur",20,"Al Fasher",86,"El Fashir","","Unknown","Unknown"
33082,216,"SDN","Sudan",2,"Darfur",5,"North Darfur",20,"Al Fasher",87,"Kattal","","Unknown","Unknown"
33083,216,"SDN","Sudan",2,"Darfur",5,"North Darfur",20,"Al Fasher",88,"Korma","","Unknown","Unknown"
33084,216,"SDN","Sudan",2,"Darfur",5,"North Darfur",20,"Al Fasher",89,"Tawilah","","Unknown","Unknown"
33085,216,"SDN","Sudan",2,"Darfur",5,"North Darfur",21,"Kabkabiya",90,"Es Serif","","Unknown","Unknown"
33086,216,"SDN","Sudan",2,"Darfur",5,"North Darfur",21,"Kabkabiya",91,"Kabkabiya","","Unknown","Unknown"
33087,216,"SDN","Sudan",2,"Darfur",5,"North Darfur",21,"Kabkabiya",92,"Serif Omar","","Unknown","Unknown"
33088,216,"SDN","Sudan",2,"Darfur",5,"North Darfur",22,"Kutum",93,"Karnoy","","Unknown","Unknown"
33089,216,"SDN","Sudan",2,"Darfur",5,"North Darfur",22,"Kutum",94,"Kottom","","Unknown","Unknown"
33090,216,"SDN","Sudan",2,"Darfur",5,"North Darfur",23,"Mellit",95,"El Maleha","","Unknown","Unknown"
33091,216,"SDN","Sudan",2,"Darfur",5,"North Darfur",23,"Mellit",96,"Millet","","Unknown","Unknown"
33092,216,"SDN","Sudan",2,"Darfur",5,"North Darfur",23,"Mellit",97,"Umm Barro","","Unknown","Unknown"
33093,216,"SDN","Sudan",2,"Darfur",5,"North Darfur",24,"Um Kadada",98,"El Le Aeit En Nabi","","Unknown","Unknown"
33094,216,"SDN","Sudan",2,"Darfur",5,"North Darfur",24,"Um Kadada",99,"Umm Kedada","","Unknown","Unknown"
33095,216,"SDN","Sudan",2,"Darfur",6,"South Darfur",25,"Al Deain",100,"Abu Matariq","","Unknown","Unknown"
33096,216,"SDN","Sudan",2,"Darfur",6,"South Darfur",25,"Al Deain",101,"Adeila","","Unknown","Unknown"
33097,216,"SDN","Sudan",2,"Darfur",6,"South Darfur",25,"Al Deain",102,"Ed D Aein","","Unknown","Unknown"
33098,216,"SDN","Sudan",2,"Darfur",6,"South Darfur",25,"Al Deain",103,"Ferdous","","Unknown","Unknown"
33099,216,"SDN","Sudan",2,"Darfur",6,"South Darfur",26,"Buram",104,"Buram","","Unknown","Unknown"
33100,216,"SDN","Sudan",2,"Darfur",6,"South Darfur",26,"Buram",105,"Er Radom","","Unknown","Unknown"
33101,216,"SDN","Sudan",2,"Darfur",6,"South Darfur",26,"Buram",106,"Gereida","","Unknown","Unknown"
33102,216,"SDN","Sudan",2,"Darfur",6,"South Darfur",27,"Id El Ghanem",107,"Idd El Ghanem","","Unknown","Unknown"
33103,216,"SDN","Sudan",2,"Darfur",6,"South Darfur",27,"Id El Ghanem",108,"Kiteila","","Unknown","Unknown"
33104,216,"SDN","Sudan",2,"Darfur",6,"South Darfur",27,"Id El Ghanem",109,"Kubum","","Unknown","Unknown"
33105,216,"SDN","Sudan",2,"Darfur",6,"South Darfur",27,"Id El Ghanem",110,"Reheid El Birdi","","Unknown","Unknown"
33106,216,"SDN","Sudan",2,"Darfur",6,"South Darfur",28,"Kas",111,"Kass","","Unknown","Unknown"
33107,216,"SDN","Sudan",2,"Darfur",6,"South Darfur",29,"Nyala",112,"Nyalla East","","Unknown","Unknown"
33108,216,"SDN","Sudan",2,"Darfur",6,"South Darfur",29,"Nyala",113,"Nyalla North","","Unknown","Unknown"
33109,216,"SDN","Sudan",2,"Darfur",6,"South Darfur",29,"Nyala",114,"Nyalla South West","","Unknown","Unknown"
33110,216,"SDN","Sudan",2,"Darfur",6,"South Darfur",30,"Tulus",115,"Tulus","","Unknown","Unknown"
33111,216,"SDN","Sudan",2,"Darfur",7,"West Darfur",31,"Al Geneina",116,"El Geneina","","Unknown","Unknown"
33112,216,"SDN","Sudan",2,"Darfur",7,"West Darfur",31,"Al Geneina",117,"Habeila","","Unknown","Unknown"
33113,216,"SDN","Sudan",2,"Darfur",7,"West Darfur",31,"Al Geneina",118,"Silel Ah","","Unknown","Unknown"
33114,216,"SDN","Sudan",2,"Darfur",7,"West Darfur",32,"Mukjar",119,"Garseila","","Unknown","Unknown"
33115,216,"SDN","Sudan",2,"Darfur",7,"West Darfur",32,"Mukjar",120,"Mukjar","","Unknown","Unknown"
33116,216,"SDN","Sudan",2,"Darfur",7,"West Darfur",32,"Mukjar",121,"Zamabaya","","Unknown","Unknown"
33117,216,"SDN","Sudan",2,"Darfur",7,"West Darfur",33,"Zallingi",122,"Azom","","Unknown","Unknown"
33118,216,"SDN","Sudan",2,"Darfur",7,"West Darfur",33,"Zallingi",123,"Gulu","","Unknown","Unknown"
33119,216,"SDN","Sudan",2,"Darfur",7,"West Darfur",33,"Zallingi",124,"Nertiti","","Unknown","Unknown"
33120,216,"SDN","Sudan",2,"Darfur",7,"West Darfur",33,"Zallingi",125,"Rokerro","","Unknown","Unknown"
33121,216,"SDN","Sudan",2,"Darfur",7,"West Darfur",33,"Zallingi",126,"Zalingei","","Unknown","Unknown"
33122,216,"SDN","Sudan",3,"Kassala",8,"Gedarif",34,"Al Faw",127,"El Butana","","Unknown","Unknown"
33123,216,"SDN","Sudan",3,"Kassala",8,"Gedarif",34,"Al Faw",128,"Shuwak","","Unknown","Unknown"
33124,216,"SDN","Sudan",3,"Kassala",8,"Gedarif",35,"Al Fushqa",129,"Khashm El Girba","","Unknown","Unknown"
33125,216,"SDN","Sudan",3,"Kassala",8,"Gedarif",35,"Al Fushqa",130,"Wad El Heilu","","Unknown","Unknown"
33126,216,"SDN","Sudan",3,"Kassala",8,"Gedarif",36,"Al Gadaref",131,"Unknown_3","","Unknown","Unknown"
33127,216,"SDN","Sudan",3,"Kassala",8,"Gedarif",37,"Al Galabat",132,"Doka","","Unknown","Unknown"
33128,216,"SDN","Sudan",3,"Kassala",8,"Gedarif",37,"Al Galabat",133,"El Mogran","","Unknown","Unknown"
33129,216,"SDN","Sudan",3,"Kassala",8,"Gedarif",37,"Al Galabat",134,"Kassab","","Unknown","Unknown"
33130,216,"SDN","Sudan",3,"Kassala",8,"Gedarif",38,"Al Rahd",135,"Al Faw","","Unknown","Unknown"
33131,216,"SDN","Sudan",3,"Kassala",8,"Gedarif",38,"Al Rahd",136,"El Hawat","","Unknown","Unknown"
33132,216,"SDN","Sudan",3,"Kassala",8,"Gedarif",38,"Al Rahd",137,"El Mafaza","","Unknown","Unknown"
33133,216,"SDN","Sudan",3,"Kassala",8,"Gedarif",38,"Al Rahd",138,"Qala El Nahl","","Unknown","Unknown"
33134,216,"SDN","Sudan",3,"Kassala",9,"Kassala",39,"Al Gash",139,"Aroma","","Unknown","Unknown"
33135,216,"SDN","Sudan",3,"Kassala",9,"Kassala",39,"Al Gash",140,"Genoub El Dalta","","Unknown","Unknown"
33136,216,"SDN","Sudan",3,"Kassala",9,"Kassala",39,"Al Gash",141,"Qoz Regeb","","Unknown","Unknown"
33137,216,"SDN","Sudan",3,"Kassala",9,"Kassala",39,"Al Gash",142,"Shmal El Dalta","","Unknown","Unknown"
33138,216,"SDN","Sudan",3,"Kassala",9,"Kassala",40,"Hamashkorieb",143,"El Hudud","","Unknown","Unknown"
33139,216,"SDN","Sudan",3,"Kassala",9,"Kassala",41,"Kassala",144,"Kassala","","Unknown","Unknown"
33140,216,"SDN","Sudan",3,"Kassala",9,"Kassala",42,"Nahr Atbara",145,"El Masana","","Unknown","Unknown"
33141,216,"SDN","Sudan",3,"Kassala",9,"Kassala",42,"Nahr Atbara",146,"New Halfa","","Unknown","Unknown"
33142,216,"SDN","Sudan",3,"Kassala",9,"Kassala",42,"Nahr Atbara",147,"Sabaat","","Unknown","Unknown"
33143,216,"SDN","Sudan",3,"Kassala",9,"Kassala",43,"Seteet",148,"Unknown1","","Unknown","Unknown"
33144,216,"SDN","Sudan",3,"Kassala",10,"Red Sea",44,"Halayeb",149,"Atbai","","Unknown","Unknown"
33145,216,"SDN","Sudan",3,"Kassala",10,"Red Sea",44,"Halayeb",150,"Gebeit Maadin","","Unknown","Unknown"
33146,216,"SDN","Sudan",3,"Kassala",10,"Red Sea",45,"Port Sudan",151,"Port Sudan","","Unknown","Unknown"
33147,216,"SDN","Sudan",3,"Kassala",10,"Red Sea",45,"Port Sudan",152,"Sawakin Town","","Unknown","Unknown"
33148,216,"SDN","Sudan",3,"Kassala",10,"Red Sea",46,"Sinkat",153,"Dordeib","","Unknown","Unknown"
33149,216,"SDN","Sudan",3,"Kassala",10,"Red Sea",46,"Sinkat",154,"Gebeit","","Unknown","Unknown"
33150,216,"SDN","Sudan",3,"Kassala",10,"Red Sea",46,"Sinkat",155,"Haya","","Unknown","Unknown"
33151,216,"SDN","Sudan",3,"Kassala",10,"Red Sea",46,"Sinkat",156,"Mosamar","","Unknown","Unknown"
33152,216,"SDN","Sudan",3,"Kassala",10,"Red Sea",46,"Sinkat",157,"Sinkat","","Unknown","Unknown"
33153,216,"SDN","Sudan",3,"Kassala",10,"Red Sea",47,"Tokar",158,"Tokar Genoub","","Unknown","Unknown"
33154,216,"SDN","Sudan",3,"Kassala",10,"Red Sea",47,"Tokar",159,"Tokar North","","Unknown","Unknown"
33155,216,"SDN","Sudan",4,"Khartoum",11,"Khartoum",48,"Karary",160,"Omdurman Shamel","","Unknown","Unknown"
33156,216,"SDN","Sudan",4,"Khartoum",11,"Khartoum",49,"Khartoum Bahri",161,"El Geili","","Unknown","Unknown"
33157,216,"SDN","Sudan",4,"Khartoum",11,"Khartoum",49,"Khartoum Bahri",162,"Es Sileit","","Unknown","Unknown"
33158,216,"SDN","Sudan",4,"Khartoum",11,"Khartoum",49,"Khartoum Bahri",163,"Khartoum North","","Unknown","Unknown"
33159,216,"SDN","Sudan",4,"Khartoum",11,"Khartoum",50,"Khartoum",164,"Khartoum Shamel","","Unknown","Unknown"
33160,216,"SDN","Sudan",4,"Khartoum",11,"Khartoum",51,"Omdurman",165,"Omdurman Genoub","","Unknown","Unknown"
33161,216,"SDN","Sudan",4,"Khartoum",11,"Khartoum",52,"Sharg En Nile",166,"Abu Deleig","","Unknown","Unknown"
33162,216,"SDN","Sudan",4,"Khartoum",11,"Khartoum",52,"Sharg En Nile",167,"Alalafon","","Unknown","Unknown"
33163,216,"SDN","Sudan",4,"Khartoum",11,"Khartoum",52,"Sharg En Nile",168,"Alaseilat","","Unknown","Unknown"
33164,216,"SDN","Sudan",4,"Khartoum",11,"Khartoum",52,"Sharg En Nile",169,"Umm Dounban","","Unknown","Unknown"
33165,216,"SDN","Sudan",4,"Khartoum",11,"Khartoum",53,"South Khartoum",170,"Jebel Aulia","","Unknown","Unknown"
33166,216,"SDN","Sudan",4,"Khartoum",11,"Khartoum",54,"Um Badda",171,"Omdurman Gharb","","Unknown","Unknown"
33167,216,"SDN","Sudan",5,"Kordofan",12,"North Kurdufan",55,"Bara",172,"Abu Haraz","","Unknown","Unknown"
33168,216,"SDN","Sudan",5,"Kordofan",12,"North Kurdufan",55,"Bara",173,"Kazgeil","","Unknown","Unknown"
33169,216,"SDN","Sudan",5,"Kordofan",12,"North Kurdufan",55,"Bara",174,"Khur Taget","","Unknown","Unknown"
33170,216,"SDN","Sudan",5,"Kordofan",12,"North Kurdufan",55,"Bara",175,"Umm Ashira","","Unknown","Unknown"
33171,216,"SDN","Sudan",5,"Kordofan",12,"North Kurdufan",56,"Jebrat al Sheikh",176,"Jebrat Esh Sheikh","","Unknown","Unknown"
33172,216,"SDN","Sudan",5,"Kordofan",12,"North Kurdufan",57,"Sheikan",177,"Bara","","Unknown","Unknown"
33173,216,"SDN","Sudan",5,"Kordofan",12,"North Kurdufan",57,"Sheikan",178,"El Mazroub","","Unknown","Unknown"
33174,216,"SDN","Sudan",5,"Kordofan",12,"North Kurdufan",57,"Sheikan",179,"Greigikh","","Unknown","Unknown"
33175,216,"SDN","Sudan",5,"Kordofan",12,"North Kurdufan",57,"Sheikan",180,"Tayba","","Unknown","Unknown"
33176,216,"SDN","Sudan",5,"Kordofan",12,"North Kurdufan",57,"Sheikan",181,"Umm Gerfa","","Unknown","Unknown"
33177,216,"SDN","Sudan",5,"Kordofan",12,"North Kurdufan",57,"Sheikan",182,"Umm Kereidim","","Unknown","Unknown"
33178,216,"SDN","Sudan",5,"Kordofan",12,"North Kurdufan",57,"Sheikan",183,"Umm Sayala","","Unknown","Unknown"
33179,216,"SDN","Sudan",5,"Kordofan",12,"North Kurdufan",58,"Sowdari",184,"Hamrat El Wiz","","Unknown","Unknown"
33180,216,"SDN","Sudan",5,"Kordofan",12,"North Kurdufan",58,"Sowdari",185,"Hamrat Esh Sheikh","","Unknown","Unknown"
33181,216,"SDN","Sudan",5,"Kordofan",12,"North Kurdufan",58,"Sowdari",186,"Sawdari","","Unknown","Unknown"
33182,216,"SDN","Sudan",5,"Kordofan",12,"North Kurdufan",58,"Sowdari",187,"Umm Bader","","Unknown","Unknown"
33183,216,"SDN","Sudan",5,"Kordofan",12,"North Kurdufan",59,"Um Rawaba",188,"Er Rahad","","Unknown","Unknown"
33184,216,"SDN","Sudan",5,"Kordofan",12,"North Kurdufan",59,"Um Rawaba",189,"Shirkeila","","Unknown","Unknown"
33185,216,"SDN","Sudan",5,"Kordofan",12,"North Kurdufan",59,"Um Rawaba",190,"Umm Dam","","Unknown","Unknown"
33186,216,"SDN","Sudan",5,"Kordofan",12,"North Kurdufan",59,"Um Rawaba",191,"Umm Rawaba","","Unknown","Unknown"
33187,216,"SDN","Sudan",5,"Kordofan",12,"North Kurdufan",59,"Um Rawaba",192,"Wad Ashana","","Unknown","Unknown"
33188,216,"SDN","Sudan",5,"Kordofan",13,"South Kordufan",60,"Abu Jubaiyah",193,"Abu Jubayhah","","Unknown","Unknown"
33189,216,"SDN","Sudan",5,"Kordofan",13,"South Kordufan",61,"Dilling",194,"Debeibat","","Unknown","Unknown"
33190,216,"SDN","Sudan",5,"Kordofan",13,"South Kordufan",61,"Dilling",195,"Dulami","","Unknown","Unknown"
33191,216,"SDN","Sudan",5,"Kordofan",13,"South Kordufan",61,"Dilling",196,"Habeila","","Unknown","Unknown"
33192,216,"SDN","Sudan",5,"Kordofan",13,"South Kordufan",61,"Dilling",197,"Hamadi","","Unknown","Unknown"
33193,216,"SDN","Sudan",5,"Kordofan",13,"South Kordufan",61,"Dilling",198,"Kurgul","","Unknown","Unknown"
33194,216,"SDN","Sudan",5,"Kordofan",13,"South Kordufan",61,"Dilling",199,"Salara","","Unknown","Unknown"
33195,216,"SDN","Sudan",5,"Kordofan",13,"South Kordufan",62,"Kadugli",200,"Buram","","Unknown","Unknown"
33196,216,"SDN","Sudan",5,"Kordofan",13,"South Kordufan",62,"Kadugli",201,"Heiban","","Unknown","Unknown"
33197,216,"SDN","Sudan",5,"Kordofan",13,"South Kordufan",62,"Kadugli",202,"Kadugli","","Unknown","Unknown"
33198,216,"SDN","Sudan",5,"Kordofan",13,"South Kordufan",62,"Kadugli",203,"Umm Durin","","Unknown","Unknown"
33199,216,"SDN","Sudan",5,"Kordofan",13,"South Kordufan",63,"Rashad",204,"Abbasiya","","Unknown","Unknown"
33200,216,"SDN","Sudan",5,"Kordofan",13,"South Kordufan",63,"Rashad",205,"Rashad","","Unknown","Unknown"
33201,216,"SDN","Sudan",5,"Kordofan",13,"South Kordufan",64,"Talodi",206,"Talodi","","Unknown","Unknown"
33202,216,"SDN","Sudan",5,"Kordofan",14,"West Kurdufan",65,"Abyei",207,"Abyei","","Unknown","Unknown"
33203,216,"SDN","Sudan",5,"Kordofan",14,"West Kurdufan",65,"Abyei",208,"Al Muglad","","Unknown","Unknown"
33204,216,"SDN","Sudan",5,"Kordofan",14,"West Kurdufan",66,"As Salam",209,"El Fula","","Unknown","Unknown"
33205,216,"SDN","Sudan",5,"Kordofan",14,"West Kurdufan",67,"En Nuhud",210,"Abu Zabad","","Unknown","Unknown"
33206,216,"SDN","Sudan",5,"Kordofan",14,"West Kurdufan",67,"En Nuhud",211,"El Kheway","","Unknown","Unknown"
33207,216,"SDN","Sudan",5,"Kordofan",14,"West Kurdufan",67,"En Nuhud",212,"El Nuhud","","Unknown","Unknown"
33208,216,"SDN","Sudan",5,"Kordofan",14,"West Kurdufan",67,"En Nuhud",213,"Wad Benda","","Unknown","Unknown"
33209,216,"SDN","Sudan",5,"Kordofan",14,"West Kurdufan",68,"Ghebeish",214,"Ghebeish","","Unknown","Unknown"
33210,216,"SDN","Sudan",5,"Kordofan",14,"West Kurdufan",68,"Ghebeish",215,"Odeiya","","Unknown","Unknown"
33211,216,"SDN","Sudan",5,"Kordofan",14,"West Kurdufan",68,"Ghebeish",216,"Soqa Ej Jamel","","Unknown","Unknown"
33212,216,"SDN","Sudan",5,"Kordofan",14,"West Kurdufan",69,"Lagawa",217,"Legawa","","Unknown","Unknown"
33213,216,"SDN","Sudan",6,"Northern",15,"Northern",70,"Addabah",218,"Ed Dabba","","Unknown","Unknown"
33214,216,"SDN","Sudan",6,"Northern",15,"Northern",71,"Dongola",219,"Argo","","Unknown","Unknown"
33215,216,"SDN","Sudan",6,"Northern",15,"Northern",71,"Dongola",220,"Dongola","","Unknown","Unknown"
33216,216,"SDN","Sudan",6,"Northern",15,"Northern",71,"Dongola",221,"El Golid","","Unknown","Unknown"
33217,216,"SDN","Sudan",6,"Northern",15,"Northern",72,"Merawi",222,"Karima","","Unknown","Unknown"
33218,216,"SDN","Sudan",6,"Northern",15,"Northern",72,"Merawi",223,"Marawi","","Unknown","Unknown"
33219,216,"SDN","Sudan",6,"Northern",15,"Northern",73,"Wadi Halfa",224,"Abri","","Unknown","Unknown"
33220,216,"SDN","Sudan",6,"Northern",15,"Northern",73,"Wadi Halfa",225,"Delgo","","Unknown","Unknown"
33221,216,"SDN","Sudan",6,"Northern",15,"Northern",73,"Wadi Halfa",226,"Wadi Halfa","","Unknown","Unknown"
33222,216,"SDN","Sudan",6,"Northern",16,"River Nile",74,"Abu Hamad",227,"Abu Hamad","","Unknown","Unknown"
33223,216,"SDN","Sudan",6,"Northern",16,"River Nile",74,"Abu Hamad",228,"El Shereik","","Unknown","Unknown"
33224,216,"SDN","Sudan",6,"Northern",16,"River Nile",74,"Abu Hamad",229,"Sherri","","Unknown","Unknown"
33225,216,"SDN","Sudan",6,"Northern",16,"River Nile",75,"Ad Damer",230,"Ez Zeidab","","Unknown","Unknown"
33226,216,"SDN","Sudan",6,"Northern",16,"River Nile",76,"Al Matammah",231,"El Matammah","","Unknown","Unknown"
33227,216,"SDN","Sudan",6,"Northern",16,"River Nile",76,"Al Matammah",232,"Wad Hamed","","Unknown","Unknown"
33228,216,"SDN","Sudan",6,"Northern",16,"River Nile",77,"Atbara",233,"Ed Damar","","Unknown","Unknown"
33229,216,"SDN","Sudan",6,"Northern",16,"River Nile",77,"Atbara",234,"Sidon","","Unknown","Unknown"
33230,216,"SDN","Sudan",6,"Northern",16,"River Nile",78,"Berber",235,"Barbar","","Unknown","Unknown"
33231,216,"SDN","Sudan",6,"Northern",16,"River Nile",78,"Berber",236,"El Bauga","","Unknown","Unknown"
33232,216,"SDN","Sudan",6,"Northern",16,"River Nile",79,"Shendi",237,"Shendi","","Unknown","Unknown"
