"PID","ID_0","ISO","NAME_0","ID_1","NAME_1","NL_NAME_1","VARNAME_1","TYPE_1","ENGTYPE_1"
1995,150,"MNE","Montenegro",1,"Andrijevica","","","Opština","Municipality"
1996,150,"MNE","Montenegro",2,"Bar","","","Opština","Municipality"
1997,150,"MNE","Montenegro",3,"Berane","","","Opština","Municipality"
1998,150,"MNE","Montenegro",4,"Bijelo Polje","","","Opština","Municipality"
1999,150,"MNE","Montenegro",5,"Budva","","","Opština","Municipality"
2000,150,"MNE","Montenegro",6,"Cetinje","","","Opština","Municipality"
2001,150,"MNE","Montenegro",7,"Danilovgrad","","","Opština","Municipality"
2002,150,"MNE","Montenegro",8,"Herceg Novi","","","Opština","Municipality"
2003,150,"MNE","Montenegro",9,"Kolašin","","","Opština","Municipality"
2004,150,"MNE","Montenegro",10,"Kotor","","","Opština","Municipality"
2005,150,"MNE","Montenegro",11,"Mojkovac","","","Opština","Municipality"
2006,150,"MNE","Montenegro",12,"Nikšic","","","Opština","Municipality"
2007,150,"MNE","Montenegro",13,"Plav","","","Opština","Municipality"
2008,150,"MNE","Montenegro",14,"Pljevlja","","","Opština","Municipality"
2009,150,"MNE","Montenegro",15,"Plužine","","","Opština","Municipality"
2010,150,"MNE","Montenegro",16,"Podgorica","","","Opština","Municipality"
2011,150,"MNE","Montenegro",17,"Rožaje","","","Opština","Municipality"
2012,150,"MNE","Montenegro",18,"Šavnik","","","Opština","Municipality"
2013,150,"MNE","Montenegro",19,"Tivat","","","Opština","Municipality"
2014,150,"MNE","Montenegro",20,"Ulcinj","","","Opština","Municipality"
2015,150,"MNE","Montenegro",21,"Žabljak","","","Opština","Municipality"
