"PID","ID_0","ISO","NAME_0","ID_1","NAME_1","NL_NAME_1","VARNAME_1","TYPE_1","ENGTYPE_1"
2586,190,"LCA","Saint Lucia",1,"Anse-la-Raye","","","Quarter","Quarter"
2587,190,"LCA","Saint Lucia",2,"Canaries","","","Quarter","Quarter"
2588,190,"LCA","Saint Lucia",3,"Castries","","","Quarter","Quarter"
2589,190,"LCA","Saint Lucia",4,"Choiseul","","","Quarter","Quarter"
2590,190,"LCA","Saint Lucia",5,"Dennery","","","Quarter","Quarter"
2591,190,"LCA","Saint Lucia",6,"Gros Islet","","","Quarter","Quarter"
2592,190,"LCA","Saint Lucia",7,"Laborie","","","Quarter","Quarter"
2593,190,"LCA","Saint Lucia",8,"Micoud","","","Quarter","Quarter"
2594,190,"LCA","Saint Lucia",9,"Soufrière","","","Quarter","Quarter"
2595,190,"LCA","Saint Lucia",10,"Vieux Fort","","","Quarter","Quarter"
