"PID","ID_0","ISO","NAME_0","ID_1","NAME_1","NL_NAME_1","VARNAME_1","TYPE_1","ENGTYPE_1"
1062,65,"DMA","Dominica",1,"Saint Andrew","","","Parish","Parish"
1063,65,"DMA","Dominica",2,"Saint David","","","Parish","Parish"
1064,65,"DMA","Dominica",3,"Saint George","","","Parish","Parish"
1065,65,"DMA","Dominica",4,"Saint John","","","Parish","Parish"
1066,65,"DMA","Dominica",5,"Saint Joseph","","","Parish","Parish"
1067,65,"DMA","Dominica",6,"Saint Luke","","","Parish","Parish"
1068,65,"DMA","Dominica",7,"Saint Mark","","","Parish","Parish"
1069,65,"DMA","Dominica",8,"Saint Patrick","","","Parish","Parish"
1070,65,"DMA","Dominica",9,"Saint Paul","","","Parish","Parish"
1071,65,"DMA","Dominica",10,"Saint Peter","","","Parish","Parish"
