"PID","ID_0","ISO","NAME_0","ID_1","NAME_1","ID_2","NAME_2","NL_NAME_2","VARNAME_2","TYPE_2","ENGTYPE_2"
16383,96,"GIN","Guinea",1,"Boké",1,"Boffa","","","Préfecture","Prefecture"
16384,96,"GIN","Guinea",1,"Boké",2,"Boké","","","Préfecture","Prefecture"
16385,96,"GIN","Guinea",1,"Boké",3,"Fria","","","Préfecture","Prefecture"
16386,96,"GIN","Guinea",1,"Boké",4,"Gaoual","","","Préfecture","Prefecture"
16387,96,"GIN","Guinea",1,"Boké",5,"Koundara","","Youkoukoun|Youkounkoun","Préfecture","Prefecture"
16388,96,"GIN","Guinea",2,"Conarky",6,"Conarky","","","Préfecture","Prefecture"
16389,96,"GIN","Guinea",3,"Faranah",7,"Dabola","","","Préfecture","Prefecture"
16390,96,"GIN","Guinea",3,"Faranah",8,"Dinguiraye","","","Préfecture","Prefecture"
16391,96,"GIN","Guinea",3,"Faranah",9,"Faranah","","","Préfecture","Prefecture"
16392,96,"GIN","Guinea",3,"Faranah",10,"Kissidougou","","","Préfecture","Prefecture"
16393,96,"GIN","Guinea",4,"Kankan",11,"Kankan","","","Préfecture","Prefecture"
16394,96,"GIN","Guinea",4,"Kankan",12,"Kérouané","","","Préfecture","Prefecture"
16395,96,"GIN","Guinea",4,"Kankan",13,"Kouroussa","","","Préfecture","Prefecture"
16396,96,"GIN","Guinea",4,"Kankan",14,"Mandiana","","","Préfecture","Prefecture"
16397,96,"GIN","Guinea",4,"Kankan",15,"Siguiri","","","Préfecture","Prefecture"
16398,96,"GIN","Guinea",5,"Kindia",16,"Coyah","","","Préfecture","Prefecture"
16399,96,"GIN","Guinea",5,"Kindia",17,"Dubréka","","","Préfecture","Prefecture"
16400,96,"GIN","Guinea",5,"Kindia",18,"Forécariah","","","Préfecture","Prefecture"
16401,96,"GIN","Guinea",5,"Kindia",19,"Kindia","","","Préfecture","Prefecture"
16402,96,"GIN","Guinea",5,"Kindia",20,"Télimélé","","","Préfecture","Prefecture"
16403,96,"GIN","Guinea",6,"Labé",21,"Koubia","","","Préfecture","Prefecture"
16404,96,"GIN","Guinea",6,"Labé",22,"Labé","","","Préfecture","Prefecture"
16405,96,"GIN","Guinea",6,"Labé",23,"Lélouma","","","Préfecture","Prefecture"
16406,96,"GIN","Guinea",6,"Labé",24,"Mali","","","Préfecture","Prefecture"
16407,96,"GIN","Guinea",6,"Labé",25,"Tougué","","Touge","Préfecture","Prefecture"
16408,96,"GIN","Guinea",7,"Mamou",26,"Dalaba","","","Préfecture","Prefecture"
16409,96,"GIN","Guinea",7,"Mamou",27,"Mamou","","","Préfecture","Prefecture"
16410,96,"GIN","Guinea",7,"Mamou",28,"Pita","","","Préfecture","Prefecture"
16411,96,"GIN","Guinea",8,"Nzérékoré",29,"Beyla","","","Préfecture","Prefecture"
16412,96,"GIN","Guinea",8,"Nzérékoré",30,"Guéckédou","","Guékédou","Préfecture","Prefecture"
16413,96,"GIN","Guinea",8,"Nzérékoré",31,"Lola","","","Préfecture","Prefecture"
16414,96,"GIN","Guinea",8,"Nzérékoré",32,"Macenta","","","Préfecture","Prefecture"
16415,96,"GIN","Guinea",8,"Nzérékoré",33,"Nzérékoré","","","Préfecture","Prefecture"
16416,96,"GIN","Guinea",8,"Nzérékoré",34,"Yamou","","","Préfecture","Prefecture"
