"PID","ID_0","ISO","NAME_0","ID_1","NAME_1","ID_2","NAME_2","ID_3","NAME_3","NL_NAME_3","VARNAME_3","TYPE_3","ENGTYPE_3"
26164,96,"GIN","Guinea",1,"Boké",4,"Gaoual",24,"Gaoual-Centre","","","Sub-prefecture","Sub-prefecture"
26165,96,"GIN","Guinea",1,"Boké",4,"Gaoual",25,"Kakony","","","Sub-prefecture","Sub-prefecture"
26166,96,"GIN","Guinea",1,"Boké",4,"Gaoual",26,"Koumbia","","","Sub-prefecture","Sub-prefecture"
26167,96,"GIN","Guinea",1,"Boké",4,"Gaoual",27,"Kounsitel","","","Sub-prefecture","Sub-prefecture"
26168,96,"GIN","Guinea",1,"Boké",4,"Gaoual",28,"Malanta","","","Sub-prefecture","Sub-prefecture"
26169,96,"GIN","Guinea",1,"Boké",4,"Gaoual",29,"Touba","","","Sub-prefecture","Sub-prefecture"
26170,96,"GIN","Guinea",1,"Boké",4,"Gaoual",30,"Wendou M'Bour","","","Sub-prefecture","Sub-prefecture"
26171,96,"GIN","Guinea",1,"Boké",5,"Koundara",31,"Guingan","","","Sub-prefecture","Sub-prefecture"
26172,96,"GIN","Guinea",1,"Boké",5,"Koundara",32,"Kamaby","","","Sub-prefecture","Sub-prefecture"
26173,96,"GIN","Guinea",1,"Boké",5,"Koundara",33,"Koundara-Centre","","","Sub-prefecture","Sub-prefecture"
26174,96,"GIN","Guinea",1,"Boké",5,"Koundara",34,"Sambailo","","","Sub-prefecture","Sub-prefecture"
26175,96,"GIN","Guinea",1,"Boké",5,"Koundara",35,"Saréboido","","","Sub-prefecture","Sub-prefecture"
26176,96,"GIN","Guinea",1,"Boké",5,"Koundara",36,"Termessé","","","Sub-prefecture","Sub-prefecture"
26177,96,"GIN","Guinea",1,"Boké",5,"Koundara",37,"Youkounkoun","","","Sub-prefecture","Sub-prefecture"
26178,96,"GIN","Guinea",2,"Conarky",6,"Conarky",38,"Dixinn","","","Sub-prefecture","Sub-prefecture"
26179,96,"GIN","Guinea",2,"Conarky",6,"Conarky",39,"Kaloum","","","Sub-prefecture","Sub-prefecture"
26180,96,"GIN","Guinea",2,"Conarky",6,"Conarky",40,"Matam","","","Sub-prefecture","Sub-prefecture"
26181,96,"GIN","Guinea",2,"Conarky",6,"Conarky",41,"Matoto","","","Sub-prefecture","Sub-prefecture"
26182,96,"GIN","Guinea",2,"Conarky",6,"Conarky",42,"Ratoma","","","Sub-prefecture","Sub-prefecture"
26183,96,"GIN","Guinea",3,"Faranah",7,"Dabola",43,"Arfamoussaya","","","Sub-prefecture","Sub-prefecture"
26184,96,"GIN","Guinea",3,"Faranah",7,"Dabola",44,"Banko","","","Sub-prefecture","Sub-prefecture"
26185,96,"GIN","Guinea",3,"Faranah",9,"Faranah",65,"Kobikoro","","","Sub-prefecture","Sub-prefecture"
26186,96,"GIN","Guinea",3,"Faranah",9,"Faranah",66,"Marela","","","Sub-prefecture","Sub-prefecture"
26187,96,"GIN","Guinea",3,"Faranah",9,"Faranah",67,"Passayah","","","Sub-prefecture","Sub-prefecture"
26188,96,"GIN","Guinea",3,"Faranah",9,"Faranah",68,"Sandéniah","","","Sub-prefecture","Sub-prefecture"
26189,96,"GIN","Guinea",3,"Faranah",9,"Faranah",69,"Songoyah","","","Sub-prefecture","Sub-prefecture"
26190,96,"GIN","Guinea",3,"Faranah",9,"Faranah",70,"Tiro","","","Sub-prefecture","Sub-prefecture"
26191,96,"GIN","Guinea",3,"Faranah",10,"Kissidougou",71,"Albadariah","","","Sub-prefecture","Sub-prefecture"
26192,96,"GIN","Guinea",3,"Faranah",10,"Kissidougou",72,"Banama","","","Sub-prefecture","Sub-prefecture"
26193,96,"GIN","Guinea",3,"Faranah",10,"Kissidougou",73,"Bardou","","","Sub-prefecture","Sub-prefecture"
26194,96,"GIN","Guinea",3,"Faranah",10,"Kissidougou",74,"Beindou","","","Sub-prefecture","Sub-prefecture"
26195,96,"GIN","Guinea",3,"Faranah",10,"Kissidougou",75,"Fermessadou-Pombo","","","Sub-prefecture","Sub-prefecture"
26196,96,"GIN","Guinea",3,"Faranah",10,"Kissidougou",76,"Firawa","","","Sub-prefecture","Sub-prefecture"
26197,96,"GIN","Guinea",3,"Faranah",10,"Kissidougou",77,"Gbangbadou","","","Sub-prefecture","Sub-prefecture"
26198,96,"GIN","Guinea",3,"Faranah",10,"Kissidougou",78,"Kissidougou-Centre","","","Sub-prefecture","Sub-prefecture"
26199,96,"GIN","Guinea",3,"Faranah",10,"Kissidougou",79,"Kondiadou","","","Sub-prefecture","Sub-prefecture"
26200,96,"GIN","Guinea",3,"Faranah",10,"Kissidougou",80,"Manfran","","","Sub-prefecture","Sub-prefecture"
26201,96,"GIN","Guinea",3,"Faranah",10,"Kissidougou",81,"Sangardo","","","Sub-prefecture","Sub-prefecture"
26202,96,"GIN","Guinea",3,"Faranah",10,"Kissidougou",82,"Yendé-Millimou","","","Sub-prefecture","Sub-prefecture"
26203,96,"GIN","Guinea",3,"Faranah",10,"Kissidougou",83,"Yombiro","","","Sub-prefecture","Sub-prefecture"
26204,96,"GIN","Guinea",4,"Kankan",11,"Kankan",84,"Balandougou","","","Sub-prefecture","Sub-prefecture"
27253,96,"GIN","Guinea",6,"Labé",21,"Koubia",191,"Pilimini","","","Sub-prefecture","Sub-prefecture"
27254,96,"GIN","Guinea",6,"Labé",22,"Labé",192,"Dalein","","","Sub-prefecture","Sub-prefecture"
27255,96,"GIN","Guinea",6,"Labé",22,"Labé",193,"Diari","","","Sub-prefecture","Sub-prefecture"
27256,96,"GIN","Guinea",6,"Labé",22,"Labé",194,"Dionfo","","","Sub-prefecture","Sub-prefecture"
27257,96,"GIN","Guinea",6,"Labé",22,"Labé",195,"Hafia","","","Sub-prefecture","Sub-prefecture"
27258,96,"GIN","Guinea",6,"Labé",22,"Labé",196,"Kaalan","","","Sub-prefecture","Sub-prefecture"
27259,96,"GIN","Guinea",6,"Labé",22,"Labé",197,"Noussy","","","Sub-prefecture","Sub-prefecture"
27260,96,"GIN","Guinea",6,"Labé",22,"Labé",198,"Popodara","","","Sub-prefecture","Sub-prefecture"
27261,96,"GIN","Guinea",6,"Labé",22,"Labé",199,"Sannou","","","Sub-prefecture","Sub-prefecture"
27262,96,"GIN","Guinea",6,"Labé",22,"Labé",200,"Unknown","","","Sub-prefecture","Sub-prefecture"
27263,96,"GIN","Guinea",6,"Labé",23,"Lélouma",201,"Balaya","","","Sub-prefecture","Sub-prefecture"
27264,96,"GIN","Guinea",6,"Labé",23,"Lélouma",202,"Diountou","","","Sub-prefecture","Sub-prefecture"
27265,96,"GIN","Guinea",6,"Labé",23,"Lélouma",203,"Hérico","","","Sub-prefecture","Sub-prefecture"
27266,96,"GIN","Guinea",6,"Labé",23,"Lélouma",204,"Korbé","","","Sub-prefecture","Sub-prefecture"
27267,96,"GIN","Guinea",6,"Labé",23,"Lélouma",205,"Lafou","","","Sub-prefecture","Sub-prefecture"
27268,96,"GIN","Guinea",6,"Labé",23,"Lélouma",206,"Lélouma-Centre","","","Sub-prefecture","Sub-prefecture"
27269,96,"GIN","Guinea",6,"Labé",23,"Lélouma",207,"Linsan-Saran","","","Sub-prefecture","Sub-prefecture"
27270,96,"GIN","Guinea",6,"Labé",23,"Lélouma",208,"Manda","","","Sub-prefecture","Sub-prefecture"
27271,96,"GIN","Guinea",6,"Labé",23,"Lélouma",209,"Parawol","","","Sub-prefecture","Sub-prefecture"
27272,96,"GIN","Guinea",6,"Labé",23,"Lélouma",210,"Sagalé","","","Sub-prefecture","Sub-prefecture"
27273,96,"GIN","Guinea",6,"Labé",23,"Lélouma",211,"Tyanguel-Bori","","","Sub-prefecture","Sub-prefecture"
32221,96,"GIN","Guinea",1,"Boké",1,"Boffa",1,"Boffa-Centre","","","Sub-prefecture","Sub-prefecture"
32222,96,"GIN","Guinea",1,"Boké",1,"Boffa",2,"Colia","","","Sub-prefecture","Sub-prefecture"
32223,96,"GIN","Guinea",1,"Boké",1,"Boffa",3,"Douprou","","","Sub-prefecture","Sub-prefecture"
32224,96,"GIN","Guinea",1,"Boké",1,"Boffa",4,"Koba-Tatema","","","Sub-prefecture","Sub-prefecture"
32225,96,"GIN","Guinea",1,"Boké",1,"Boffa",5,"Lisso","","","Sub-prefecture","Sub-prefecture"
32226,96,"GIN","Guinea",1,"Boké",1,"Boffa",6,"Mankountan","","","Sub-prefecture","Sub-prefecture"
32227,96,"GIN","Guinea",1,"Boké",1,"Boffa",7,"Tamita","","","Sub-prefecture","Sub-prefecture"
32228,96,"GIN","Guinea",1,"Boké",1,"Boffa",8,"Tougnifili","","","Sub-prefecture","Sub-prefecture"
32229,96,"GIN","Guinea",1,"Boké",2,"Boké",9,"Bintimodiya","","","Sub-prefecture","Sub-prefecture"
32230,96,"GIN","Guinea",1,"Boké",2,"Boké",10,"Boké-Centre","","","Sub-prefecture","Sub-prefecture"
32231,96,"GIN","Guinea",1,"Boké",2,"Boké",11,"Dabiss","","","Sub-prefecture","Sub-prefecture"
32232,96,"GIN","Guinea",1,"Boké",2,"Boké",12,"Kamsar","","","Sub-prefecture","Sub-prefecture"
32233,96,"GIN","Guinea",1,"Boké",2,"Boké",13,"Kanfarandé","","","Sub-prefecture","Sub-prefecture"
32234,96,"GIN","Guinea",1,"Boké",2,"Boké",14,"Kolaboui","","","Sub-prefecture","Sub-prefecture"
32235,96,"GIN","Guinea",1,"Boké",2,"Boké",15,"Malapouyah","","","Sub-prefecture","Sub-prefecture"
32236,96,"GIN","Guinea",1,"Boké",2,"Boké",16,"Sangarédi","","","Sub-prefecture","Sub-prefecture"
32237,96,"GIN","Guinea",1,"Boké",2,"Boké",17,"Sansalé","","","Sub-prefecture","Sub-prefecture"
32238,96,"GIN","Guinea",1,"Boké",2,"Boké",18,"Tanéné","","","Sub-prefecture","Sub-prefecture"
32239,96,"GIN","Guinea",1,"Boké",3,"Fria",19,"Baguinet","","","Sub-prefecture","Sub-prefecture"
32240,96,"GIN","Guinea",1,"Boké",3,"Fria",20,"Banguigny","","","Sub-prefecture","Sub-prefecture"
32241,96,"GIN","Guinea",1,"Boké",3,"Fria",21,"Fria-Centre","","","Sub-prefecture","Sub-prefecture"
32242,96,"GIN","Guinea",1,"Boké",3,"Fria",22,"Tormélin","","","Sub-prefecture","Sub-prefecture"
32243,96,"GIN","Guinea",1,"Boké",4,"Gaoual",23,"Foulamory","","","Sub-prefecture","Sub-prefecture"
32244,96,"GIN","Guinea",3,"Faranah",7,"Dabola",45,"Bissikrima","","","Sub-prefecture","Sub-prefecture"
32245,96,"GIN","Guinea",3,"Faranah",7,"Dabola",46,"Dabola-Centre","","","Sub-prefecture","Sub-prefecture"
32246,96,"GIN","Guinea",3,"Faranah",7,"Dabola",47,"Dogomet","","","Sub-prefecture","Sub-prefecture"
32247,96,"GIN","Guinea",3,"Faranah",7,"Dabola",48,"Kankama","","","Sub-prefecture","Sub-prefecture"
32248,96,"GIN","Guinea",3,"Faranah",7,"Dabola",49,"Kindoyé","","","Sub-prefecture","Sub-prefecture"
32249,96,"GIN","Guinea",3,"Faranah",7,"Dabola",50,"Konindou","","","Sub-prefecture","Sub-prefecture"
32250,96,"GIN","Guinea",3,"Faranah",7,"Dabola",51,"N'Déma","","","Sub-prefecture","Sub-prefecture"
32251,96,"GIN","Guinea",3,"Faranah",8,"Dinguiraye",52,"Banora","","","Sub-prefecture","Sub-prefecture"
32252,96,"GIN","Guinea",3,"Faranah",8,"Dinguiraye",53,"Dialakoro","","","Sub-prefecture","Sub-prefecture"
32253,96,"GIN","Guinea",3,"Faranah",8,"Dinguiraye",54,"Diatiféré","","","Sub-prefecture","Sub-prefecture"
32254,96,"GIN","Guinea",3,"Faranah",8,"Dinguiraye",55,"Dinguiraye-Centre","","","Sub-prefecture","Sub-prefecture"
32255,96,"GIN","Guinea",3,"Faranah",8,"Dinguiraye",56,"Gagnakaly","","","Sub-prefecture","Sub-prefecture"
32256,96,"GIN","Guinea",3,"Faranah",8,"Dinguiraye",57,"Kalinko","","","Sub-prefecture","Sub-prefecture"
32257,96,"GIN","Guinea",3,"Faranah",8,"Dinguiraye",58,"Lansanya","","","Sub-prefecture","Sub-prefecture"
32258,96,"GIN","Guinea",3,"Faranah",8,"Dinguiraye",59,"Sélouma","","","Sub-prefecture","Sub-prefecture"
32259,96,"GIN","Guinea",3,"Faranah",9,"Faranah",60,"Banian","","","Sub-prefecture","Sub-prefecture"
32260,96,"GIN","Guinea",3,"Faranah",9,"Faranah",61,"Beindou","","","Sub-prefecture","Sub-prefecture"
32261,96,"GIN","Guinea",3,"Faranah",9,"Faranah",62,"Faranah-Centre","","","Sub-prefecture","Sub-prefecture"
32262,96,"GIN","Guinea",3,"Faranah",9,"Faranah",63,"Gnaléah","","","Sub-prefecture","Sub-prefecture"
32263,96,"GIN","Guinea",3,"Faranah",9,"Faranah",64,"Hérémakonon","","","Sub-prefecture","Sub-prefecture"
32264,96,"GIN","Guinea",4,"Kankan",11,"Kankan",85,"Baté-Nafadji","","","Sub-prefecture","Sub-prefecture"
32265,96,"GIN","Guinea",4,"Kankan",11,"Kankan",86,"Boula","","","Sub-prefecture","Sub-prefecture"
32266,96,"GIN","Guinea",4,"Kankan",11,"Kankan",87,"Gbérédou-Baranama","","","Sub-prefecture","Sub-prefecture"
32267,96,"GIN","Guinea",4,"Kankan",11,"Kankan",88,"Kanfamoriyah","","","Sub-prefecture","Sub-prefecture"
32268,96,"GIN","Guinea",4,"Kankan",11,"Kankan",89,"Kankan-Centre","","","Sub-prefecture","Sub-prefecture"
32269,96,"GIN","Guinea",4,"Kankan",11,"Kankan",90,"Koumban","","","Sub-prefecture","Sub-prefecture"
32270,96,"GIN","Guinea",4,"Kankan",11,"Kankan",91,"Mamouroudou","","","Sub-prefecture","Sub-prefecture"
32271,96,"GIN","Guinea",4,"Kankan",11,"Kankan",92,"Missamana","","","Sub-prefecture","Sub-prefecture"
32272,96,"GIN","Guinea",4,"Kankan",11,"Kankan",93,"Moribayah","","","Sub-prefecture","Sub-prefecture"
32273,96,"GIN","Guinea",4,"Kankan",11,"Kankan",94,"Sabadou-Baranama","","","Sub-prefecture","Sub-prefecture"
32274,96,"GIN","Guinea",4,"Kankan",11,"Kankan",95,"Tinti-Oulen","","","Sub-prefecture","Sub-prefecture"
32275,96,"GIN","Guinea",4,"Kankan",11,"Kankan",96,"Tokounou","","","Sub-prefecture","Sub-prefecture"
32276,96,"GIN","Guinea",4,"Kankan",12,"Kérouané",97,"Banankoro","","","Sub-prefecture","Sub-prefecture"
32277,96,"GIN","Guinea",4,"Kankan",12,"Kérouané",98,"Damaro","","","Sub-prefecture","Sub-prefecture"
32278,96,"GIN","Guinea",4,"Kankan",12,"Kérouané",99,"Kérouané-Centre","","","Sub-prefecture","Sub-prefecture"
32279,96,"GIN","Guinea",4,"Kankan",12,"Kérouané",100,"Komodou","","","Sub-prefecture","Sub-prefecture"
32280,96,"GIN","Guinea",4,"Kankan",12,"Kérouané",101,"Kounsankoro","","","Sub-prefecture","Sub-prefecture"
32281,96,"GIN","Guinea",4,"Kankan",12,"Kérouané",102,"Linko","","","Sub-prefecture","Sub-prefecture"
32282,96,"GIN","Guinea",4,"Kankan",12,"Kérouané",103,"Sibiribaro","","","Sub-prefecture","Sub-prefecture"
32283,96,"GIN","Guinea",4,"Kankan",12,"Kérouané",104,"Soromaya","","","Sub-prefecture","Sub-prefecture"
32284,96,"GIN","Guinea",4,"Kankan",13,"Kouroussa",105,"Babila","","","Sub-prefecture","Sub-prefecture"
32285,96,"GIN","Guinea",4,"Kankan",13,"Kouroussa",106,"Balato","","","Sub-prefecture","Sub-prefecture"
32286,96,"GIN","Guinea",4,"Kankan",13,"Kouroussa",107,"Banfélé","","","Sub-prefecture","Sub-prefecture"
32287,96,"GIN","Guinea",4,"Kankan",13,"Kouroussa",108,"Baro","","","Sub-prefecture","Sub-prefecture"
32288,96,"GIN","Guinea",4,"Kankan",13,"Kouroussa",109,"Cisséla","","","Sub-prefecture","Sub-prefecture"
32289,96,"GIN","Guinea",4,"Kankan",13,"Kouroussa",110,"Douako","","","Sub-prefecture","Sub-prefecture"
32290,96,"GIN","Guinea",4,"Kankan",13,"Kouroussa",111,"Doura","","","Sub-prefecture","Sub-prefecture"
32291,96,"GIN","Guinea",4,"Kankan",13,"Kouroussa",112,"Kiniéro","","","Sub-prefecture","Sub-prefecture"
32292,96,"GIN","Guinea",4,"Kankan",13,"Kouroussa",113,"Komola-Khoura","","","Sub-prefecture","Sub-prefecture"
32293,96,"GIN","Guinea",4,"Kankan",13,"Kouroussa",114,"Koumana","","","Sub-prefecture","Sub-prefecture"
32294,96,"GIN","Guinea",4,"Kankan",13,"Kouroussa",115,"Kouroussa-Centre","","","Sub-prefecture","Sub-prefecture"
32295,96,"GIN","Guinea",4,"Kankan",13,"Kouroussa",116,"Sanguiana","","","Sub-prefecture","Sub-prefecture"
32296,96,"GIN","Guinea",4,"Kankan",14,"Mandiana",117,"Balandougouba","","","Sub-prefecture","Sub-prefecture"
32297,96,"GIN","Guinea",4,"Kankan",14,"Mandiana",118,"Dialakoro","","","Sub-prefecture","Sub-prefecture"
32298,96,"GIN","Guinea",4,"Kankan",14,"Mandiana",119,"Faralako","","","Sub-prefecture","Sub-prefecture"
32299,96,"GIN","Guinea",4,"Kankan",14,"Mandiana",120,"Kantoumanina","","","Sub-prefecture","Sub-prefecture"
32300,96,"GIN","Guinea",4,"Kankan",14,"Mandiana",121,"Kiniéran","","","Sub-prefecture","Sub-prefecture"
32301,96,"GIN","Guinea",4,"Kankan",14,"Mandiana",122,"Koundian","","","Sub-prefecture","Sub-prefecture"
32302,96,"GIN","Guinea",4,"Kankan",14,"Mandiana",123,"Koundianakoro","","","Sub-prefecture","Sub-prefecture"
32303,96,"GIN","Guinea",4,"Kankan",14,"Mandiana",124,"Mandiana-Centre","","","Sub-prefecture","Sub-prefecture"
32304,96,"GIN","Guinea",4,"Kankan",14,"Mandiana",125,"Morodou","","","Sub-prefecture","Sub-prefecture"
32305,96,"GIN","Guinea",4,"Kankan",14,"Mandiana",126,"Niantanina","","","Sub-prefecture","Sub-prefecture"
32306,96,"GIN","Guinea",4,"Kankan",14,"Mandiana",127,"Saladou","","","Sub-prefecture","Sub-prefecture"
32307,96,"GIN","Guinea",4,"Kankan",14,"Mandiana",128,"Sansando","","","Sub-prefecture","Sub-prefecture"
32308,96,"GIN","Guinea",4,"Kankan",15,"Siguiri",129,"Bankon","","","Sub-prefecture","Sub-prefecture"
32309,96,"GIN","Guinea",4,"Kankan",15,"Siguiri",130,"Doko","","","Sub-prefecture","Sub-prefecture"
32310,96,"GIN","Guinea",4,"Kankan",15,"Siguiri",131,"Franwalia","","","Sub-prefecture","Sub-prefecture"
32311,96,"GIN","Guinea",4,"Kankan",15,"Siguiri",132,"Kiniébakoura","","","Sub-prefecture","Sub-prefecture"
32312,96,"GIN","Guinea",4,"Kankan",15,"Siguiri",133,"Kintinian","","","Sub-prefecture","Sub-prefecture"
32313,96,"GIN","Guinea",4,"Kankan",15,"Siguiri",134,"Maléah","","","Sub-prefecture","Sub-prefecture"
32314,96,"GIN","Guinea",4,"Kankan",15,"Siguiri",135,"Naboun","","","Sub-prefecture","Sub-prefecture"
32315,96,"GIN","Guinea",4,"Kankan",15,"Siguiri",136,"Niagassola","","","Sub-prefecture","Sub-prefecture"
32316,96,"GIN","Guinea",4,"Kankan",15,"Siguiri",137,"Niandankoro","","","Sub-prefecture","Sub-prefecture"
32317,96,"GIN","Guinea",4,"Kankan",15,"Siguiri",138,"Norassoba","","","Sub-prefecture","Sub-prefecture"
32318,96,"GIN","Guinea",4,"Kankan",15,"Siguiri",139,"Siguiri-Centre","","","Sub-prefecture","Sub-prefecture"
32319,96,"GIN","Guinea",4,"Kankan",15,"Siguiri",140,"Siguirini","","","Sub-prefecture","Sub-prefecture"
32320,96,"GIN","Guinea",5,"Kindia",16,"Coyah",141,"Coyah-Centre","","","Sub-prefecture","Sub-prefecture"
32321,96,"GIN","Guinea",5,"Kindia",16,"Coyah",142,"Kouriah","","","Sub-prefecture","Sub-prefecture"
32322,96,"GIN","Guinea",5,"Kindia",16,"Coyah",143,"Unknown","","","Sub-prefecture","Sub-prefecture"
32323,96,"GIN","Guinea",5,"Kindia",16,"Coyah",144,"Wonkifong","","","Sub-prefecture","Sub-prefecture"
32324,96,"GIN","Guinea",5,"Kindia",17,"Dubréka",145,"Badi","","","Sub-prefecture","Sub-prefecture"
32325,96,"GIN","Guinea",5,"Kindia",17,"Dubréka",146,"Dubréka-Centre","","","Sub-prefecture","Sub-prefecture"
32326,96,"GIN","Guinea",5,"Kindia",17,"Dubréka",147,"Faléssadé","","","Sub-prefecture","Sub-prefecture"
32327,96,"GIN","Guinea",5,"Kindia",17,"Dubréka",148,"Khorira","","","Sub-prefecture","Sub-prefecture"
32328,96,"GIN","Guinea",5,"Kindia",17,"Dubréka",149,"Ouassou","","","Sub-prefecture","Sub-prefecture"
32329,96,"GIN","Guinea",5,"Kindia",17,"Dubréka",150,"Tanéné","","","Sub-prefecture","Sub-prefecture"
32330,96,"GIN","Guinea",5,"Kindia",17,"Dubréka",151,"Tondon","","","Sub-prefecture","Sub-prefecture"
32331,96,"GIN","Guinea",5,"Kindia",18,"Forécariah",152,"Alassoya","","","Sub-prefecture","Sub-prefecture"
32332,96,"GIN","Guinea",5,"Kindia",18,"Forécariah",153,"Benty","","","Sub-prefecture","Sub-prefecture"
32333,96,"GIN","Guinea",5,"Kindia",18,"Forécariah",154,"Farmoriah","","","Sub-prefecture","Sub-prefecture"
32334,96,"GIN","Guinea",5,"Kindia",18,"Forécariah",155,"Forécariah-Centre","","","Sub-prefecture","Sub-prefecture"
32335,96,"GIN","Guinea",5,"Kindia",18,"Forécariah",156,"Kaback","","","Sub-prefecture","Sub-prefecture"
32336,96,"GIN","Guinea",5,"Kindia",18,"Forécariah",157,"Kakossa","","","Sub-prefecture","Sub-prefecture"
32337,96,"GIN","Guinea",5,"Kindia",18,"Forécariah",158,"Kallia","","","Sub-prefecture","Sub-prefecture"
32338,96,"GIN","Guinea",5,"Kindia",18,"Forécariah",159,"Maférinya","","","Sub-prefecture","Sub-prefecture"
32339,96,"GIN","Guinea",5,"Kindia",18,"Forécariah",160,"Moussayah","","","Sub-prefecture","Sub-prefecture"
32340,96,"GIN","Guinea",5,"Kindia",18,"Forécariah",161,"Sikhourou","","","Sub-prefecture","Sub-prefecture"
32341,96,"GIN","Guinea",5,"Kindia",19,"Kindia",162,"Bangouyah","","","Sub-prefecture","Sub-prefecture"
32342,96,"GIN","Guinea",5,"Kindia",19,"Kindia",163,"Damankanyah","","","Sub-prefecture","Sub-prefecture"
32343,96,"GIN","Guinea",5,"Kindia",19,"Kindia",164,"Friguiagbé","","","Sub-prefecture","Sub-prefecture"
32344,96,"GIN","Guinea",5,"Kindia",19,"Kindia",165,"Kindia-Centre","","","Sub-prefecture","Sub-prefecture"
32345,96,"GIN","Guinea",5,"Kindia",19,"Kindia",166,"Kolenté","","","Sub-prefecture","Sub-prefecture"
32346,96,"GIN","Guinea",5,"Kindia",19,"Kindia",167,"Madina-Oula","","","Sub-prefecture","Sub-prefecture"
32347,96,"GIN","Guinea",5,"Kindia",19,"Kindia",168,"Mambia","","","Sub-prefecture","Sub-prefecture"
32348,96,"GIN","Guinea",5,"Kindia",19,"Kindia",169,"Molota","","","Sub-prefecture","Sub-prefecture"
32349,96,"GIN","Guinea",5,"Kindia",19,"Kindia",170,"Samayah","","","Sub-prefecture","Sub-prefecture"
32350,96,"GIN","Guinea",5,"Kindia",19,"Kindia",171,"Souguéta","","","Sub-prefecture","Sub-prefecture"
32351,96,"GIN","Guinea",5,"Kindia",20,"Télimélé",172,"Bourouwal","","","Sub-prefecture","Sub-prefecture"
32352,96,"GIN","Guinea",5,"Kindia",20,"Télimélé",173,"Daramagnaky","","","Sub-prefecture","Sub-prefecture"
32353,96,"GIN","Guinea",5,"Kindia",20,"Télimélé",174,"Gougoudjé","","","Sub-prefecture","Sub-prefecture"
32354,96,"GIN","Guinea",5,"Kindia",20,"Télimélé",175,"Koba","","","Sub-prefecture","Sub-prefecture"
32355,96,"GIN","Guinea",5,"Kindia",20,"Télimélé",176,"Kollet","","","Sub-prefecture","Sub-prefecture"
32356,96,"GIN","Guinea",5,"Kindia",20,"Télimélé",177,"Konsotami","","","Sub-prefecture","Sub-prefecture"
32357,96,"GIN","Guinea",5,"Kindia",20,"Télimélé",178,"Missira","","","Sub-prefecture","Sub-prefecture"
32358,96,"GIN","Guinea",5,"Kindia",20,"Télimélé",179,"Santou","","","Sub-prefecture","Sub-prefecture"
32359,96,"GIN","Guinea",5,"Kindia",20,"Télimélé",180,"Sarékaly","","","Sub-prefecture","Sub-prefecture"
32360,96,"GIN","Guinea",5,"Kindia",20,"Télimélé",181,"Sinta","","","Sub-prefecture","Sub-prefecture"
32361,96,"GIN","Guinea",5,"Kindia",20,"Télimélé",182,"Sogolon","","","Sub-prefecture","Sub-prefecture"
32362,96,"GIN","Guinea",5,"Kindia",20,"Télimélé",183,"Tarihoye","","","Sub-prefecture","Sub-prefecture"
32363,96,"GIN","Guinea",5,"Kindia",20,"Télimélé",184,"Télimélé-Centre","","","Sub-prefecture","Sub-prefecture"
32364,96,"GIN","Guinea",5,"Kindia",20,"Télimélé",185,"Thionthian","","","Sub-prefecture","Sub-prefecture"
32365,96,"GIN","Guinea",6,"Labé",21,"Koubia",186,"Fafaya","","","Sub-prefecture","Sub-prefecture"
32366,96,"GIN","Guinea",6,"Labé",21,"Koubia",187,"Gadha-Woundou","","","Sub-prefecture","Sub-prefecture"
32367,96,"GIN","Guinea",6,"Labé",21,"Koubia",188,"Koubia-Centre","","","Sub-prefecture","Sub-prefecture"
32368,96,"GIN","Guinea",6,"Labé",21,"Koubia",189,"Matakaou","","","Sub-prefecture","Sub-prefecture"
32369,96,"GIN","Guinea",6,"Labé",21,"Koubia",190,"Missira","","","Sub-prefecture","Sub-prefecture"
32370,96,"GIN","Guinea",6,"Labé",24,"Mali",212,"Balaki","","","Sub-prefecture","Sub-prefecture"
32371,96,"GIN","Guinea",6,"Labé",24,"Mali",213,"Donghol-Sigon","","","Sub-prefecture","Sub-prefecture"
32372,96,"GIN","Guinea",6,"Labé",24,"Mali",214,"Dougountouny","","","Sub-prefecture","Sub-prefecture"
32373,96,"GIN","Guinea",6,"Labé",24,"Mali",215,"Fougou","","","Sub-prefecture","Sub-prefecture"
32374,96,"GIN","Guinea",6,"Labé",24,"Mali",216,"Gayah","","","Sub-prefecture","Sub-prefecture"
32375,96,"GIN","Guinea",6,"Labé",24,"Mali",217,"Hidayatou","","","Sub-prefecture","Sub-prefecture"
32376,96,"GIN","Guinea",6,"Labé",24,"Mali",218,"Lébékéren","","","Sub-prefecture","Sub-prefecture"
32377,96,"GIN","Guinea",6,"Labé",24,"Mali",219,"Madina-Wora","","","Sub-prefecture","Sub-prefecture"
32378,96,"GIN","Guinea",6,"Labé",24,"Mali",220,"Mali-Centre","","","Sub-prefecture","Sub-prefecture"
32379,96,"GIN","Guinea",6,"Labé",24,"Mali",221,"Salambandé","","","Sub-prefecture","Sub-prefecture"
32380,96,"GIN","Guinea",6,"Labé",24,"Mali",222,"Téliré","","","Sub-prefecture","Sub-prefecture"
32381,96,"GIN","Guinea",6,"Labé",24,"Mali",223,"Touba","","","Sub-prefecture","Sub-prefecture"
32382,96,"GIN","Guinea",6,"Labé",24,"Mali",224,"Yimbéring","","","Sub-prefecture","Sub-prefecture"
32383,96,"GIN","Guinea",6,"Labé",25,"Tougué",225,"Fatako","","","Sub-prefecture","Sub-prefecture"
32384,96,"GIN","Guinea",6,"Labé",25,"Tougué",226,"Fello-Koundoua","","","Sub-prefecture","Sub-prefecture"
32385,96,"GIN","Guinea",6,"Labé",25,"Tougué",227,"Kansangui","","","Sub-prefecture","Sub-prefecture"
32386,96,"GIN","Guinea",6,"Labé",25,"Tougué",228,"Koïn","","","Sub-prefecture","Sub-prefecture"
32387,96,"GIN","Guinea",6,"Labé",25,"Tougué",229,"Kolangui","","","Sub-prefecture","Sub-prefecture"
32388,96,"GIN","Guinea",6,"Labé",25,"Tougué",230,"Kollet","","","Sub-prefecture","Sub-prefecture"
32389,96,"GIN","Guinea",6,"Labé",25,"Tougué",231,"Konah","","","Sub-prefecture","Sub-prefecture"
32390,96,"GIN","Guinea",6,"Labé",25,"Tougué",232,"Kouratongo","","","Sub-prefecture","Sub-prefecture"
32391,96,"GIN","Guinea",6,"Labé",25,"Tougué",233,"Tangali","","","Sub-prefecture","Sub-prefecture"
32392,96,"GIN","Guinea",6,"Labé",25,"Tougué",234,"Tougué-Centre","","","Sub-prefecture","Sub-prefecture"
32393,96,"GIN","Guinea",7,"Mamou",26,"Dalaba",235,"Bodié","","","Sub-prefecture","Sub-prefecture"
32394,96,"GIN","Guinea",7,"Mamou",26,"Dalaba",236,"Dalaba-Centre","","","Sub-prefecture","Sub-prefecture"
32395,96,"GIN","Guinea",7,"Mamou",26,"Dalaba",237,"Ditinn","","","Sub-prefecture","Sub-prefecture"
32396,96,"GIN","Guinea",7,"Mamou",26,"Dalaba",238,"Kaala","","","Sub-prefecture","Sub-prefecture"
32397,96,"GIN","Guinea",7,"Mamou",26,"Dalaba",239,"Kankalabé","","","Sub-prefecture","Sub-prefecture"
32398,96,"GIN","Guinea",7,"Mamou",26,"Dalaba",240,"Kébali","","","Sub-prefecture","Sub-prefecture"
32399,96,"GIN","Guinea",7,"Mamou",26,"Dalaba",241,"Koba","","","Sub-prefecture","Sub-prefecture"
32400,96,"GIN","Guinea",7,"Mamou",26,"Dalaba",242,"Mafara","","","Sub-prefecture","Sub-prefecture"
32401,96,"GIN","Guinea",7,"Mamou",26,"Dalaba",243,"Mitty","","","Sub-prefecture","Sub-prefecture"
32402,96,"GIN","Guinea",7,"Mamou",26,"Dalaba",244,"Mombéyah","","","Sub-prefecture","Sub-prefecture"
32403,96,"GIN","Guinea",7,"Mamou",27,"Mamou",245,"Bouliwel","","","Sub-prefecture","Sub-prefecture"
32404,96,"GIN","Guinea",7,"Mamou",27,"Mamou",246,"Dounet","","","Sub-prefecture","Sub-prefecture"
32405,96,"GIN","Guinea",7,"Mamou",27,"Mamou",247,"Gongoret","","","Sub-prefecture","Sub-prefecture"
32406,96,"GIN","Guinea",7,"Mamou",27,"Mamou",248,"Kégnéko","","","Sub-prefecture","Sub-prefecture"
32407,96,"GIN","Guinea",7,"Mamou",27,"Mamou",249,"Konkouré","","","Sub-prefecture","Sub-prefecture"
32408,96,"GIN","Guinea",7,"Mamou",27,"Mamou",250,"Mamou-Centre","","","Sub-prefecture","Sub-prefecture"
32409,96,"GIN","Guinea",7,"Mamou",27,"Mamou",251,"Nyagara","","","Sub-prefecture","Sub-prefecture"
32410,96,"GIN","Guinea",7,"Mamou",27,"Mamou",252,"Ouré-Kaba","","","Sub-prefecture","Sub-prefecture"
32411,96,"GIN","Guinea",7,"Mamou",27,"Mamou",253,"Porédaka","","","Sub-prefecture","Sub-prefecture"
32412,96,"GIN","Guinea",7,"Mamou",27,"Mamou",254,"Saramoussayah","","","Sub-prefecture","Sub-prefecture"
32413,96,"GIN","Guinea",7,"Mamou",27,"Mamou",255,"Soyah","","","Sub-prefecture","Sub-prefecture"
32414,96,"GIN","Guinea",7,"Mamou",27,"Mamou",256,"Téguéréyah","","","Sub-prefecture","Sub-prefecture"
32415,96,"GIN","Guinea",7,"Mamou",27,"Mamou",257,"Timbo","","","Sub-prefecture","Sub-prefecture"
32416,96,"GIN","Guinea",7,"Mamou",27,"Mamou",258,"Tolo","","","Sub-prefecture","Sub-prefecture"
32417,96,"GIN","Guinea",7,"Mamou",28,"Pita",259,"Bantignel","","","Sub-prefecture","Sub-prefecture"
32418,96,"GIN","Guinea",7,"Mamou",28,"Pita",260,"Bourouwal-Tappé","","","Sub-prefecture","Sub-prefecture"
32419,96,"GIN","Guinea",7,"Mamou",28,"Pita",261,"Dongol-Touma","","","Sub-prefecture","Sub-prefecture"
32420,96,"GIN","Guinea",7,"Mamou",28,"Pita",262,"Gongore","","","Sub-prefecture","Sub-prefecture"
32421,96,"GIN","Guinea",7,"Mamou",28,"Pita",263,"Ley-Miro","","","Sub-prefecture","Sub-prefecture"
32422,96,"GIN","Guinea",7,"Mamou",28,"Pita",264,"Maci","","","Sub-prefecture","Sub-prefecture"
32423,96,"GIN","Guinea",7,"Mamou",28,"Pita",265,"Ninguélandé","","","Sub-prefecture","Sub-prefecture"
32424,96,"GIN","Guinea",7,"Mamou",28,"Pita",266,"Pita-Centre","","","Sub-prefecture","Sub-prefecture"
32425,96,"GIN","Guinea",7,"Mamou",28,"Pita",267,"Sangaréah","","","Sub-prefecture","Sub-prefecture"
32426,96,"GIN","Guinea",7,"Mamou",28,"Pita",268,"Sintali","","","Sub-prefecture","Sub-prefecture"
32427,96,"GIN","Guinea",7,"Mamou",28,"Pita",269,"Timbi-Madina","","","Sub-prefecture","Sub-prefecture"
32428,96,"GIN","Guinea",7,"Mamou",28,"Pita",270,"Timbi-Touni","","","Sub-prefecture","Sub-prefecture"
32429,96,"GIN","Guinea",8,"Nzérékoré",29,"Beyla",271,"Beyla-Centre","","","Sub-prefecture","Sub-prefecture"
32430,96,"GIN","Guinea",8,"Nzérékoré",29,"Beyla",272,"Boola","","","Sub-prefecture","Sub-prefecture"
32431,96,"GIN","Guinea",8,"Nzérékoré",29,"Beyla",273,"Diaraguéréla","","","Sub-prefecture","Sub-prefecture"
32432,96,"GIN","Guinea",8,"Nzérékoré",29,"Beyla",274,"Diassodou","","","Sub-prefecture","Sub-prefecture"
32433,96,"GIN","Guinea",8,"Nzérékoré",29,"Beyla",275,"Fouala","","","Sub-prefecture","Sub-prefecture"
32434,96,"GIN","Guinea",8,"Nzérékoré",29,"Beyla",276,"Gbakédou","","","Sub-prefecture","Sub-prefecture"
32435,96,"GIN","Guinea",8,"Nzérékoré",29,"Beyla",277,"Gbessoba","","","Sub-prefecture","Sub-prefecture"
32436,96,"GIN","Guinea",8,"Nzérékoré",29,"Beyla",278,"Karala","","","Sub-prefecture","Sub-prefecture"
32437,96,"GIN","Guinea",8,"Nzérékoré",29,"Beyla",279,"Koumandou","","","Sub-prefecture","Sub-prefecture"
32438,96,"GIN","Guinea",8,"Nzérékoré",29,"Beyla",280,"Moussadou","","","Sub-prefecture","Sub-prefecture"
32439,96,"GIN","Guinea",8,"Nzérékoré",29,"Beyla",281,"Nionsomoridou","","","Sub-prefecture","Sub-prefecture"
32440,96,"GIN","Guinea",8,"Nzérékoré",29,"Beyla",282,"Samana","","","Sub-prefecture","Sub-prefecture"
32441,96,"GIN","Guinea",8,"Nzérékoré",29,"Beyla",283,"Sinko","","","Sub-prefecture","Sub-prefecture"
32442,96,"GIN","Guinea",8,"Nzérékoré",29,"Beyla",284,"Sokourala","","","Sub-prefecture","Sub-prefecture"
32443,96,"GIN","Guinea",8,"Nzérékoré",30,"Guéckédou",285,"Bolodou","","","Sub-prefecture","Sub-prefecture"
32444,96,"GIN","Guinea",8,"Nzérékoré",30,"Guéckédou",286,"Fangamadou","","","Sub-prefecture","Sub-prefecture"
32445,96,"GIN","Guinea",8,"Nzérékoré",30,"Guéckédou",287,"Guéckédou-Centre","","","Sub-prefecture","Sub-prefecture"
32446,96,"GIN","Guinea",8,"Nzérékoré",30,"Guéckédou",288,"Guendembou","","","Sub-prefecture","Sub-prefecture"
32447,96,"GIN","Guinea",8,"Nzérékoré",30,"Guéckédou",289,"Kassadou","","","Sub-prefecture","Sub-prefecture"
32448,96,"GIN","Guinea",8,"Nzérékoré",30,"Guéckédou",290,"Koundou","","","Sub-prefecture","Sub-prefecture"
32449,96,"GIN","Guinea",8,"Nzérékoré",30,"Guéckédou",291,"Nongoa","","","Sub-prefecture","Sub-prefecture"
32450,96,"GIN","Guinea",8,"Nzérékoré",30,"Guéckédou",292,"Ouendé-Kénéma","","","Sub-prefecture","Sub-prefecture"
32451,96,"GIN","Guinea",8,"Nzérékoré",30,"Guéckédou",293,"Tékoulo","","","Sub-prefecture","Sub-prefecture"
32452,96,"GIN","Guinea",8,"Nzérékoré",30,"Guéckédou",294,"Termessadou-Dibo","","","Sub-prefecture","Sub-prefecture"
32453,96,"GIN","Guinea",8,"Nzérékoré",31,"Lola",295,"Bossou","","","Sub-prefecture","Sub-prefecture"
32454,96,"GIN","Guinea",8,"Nzérékoré",31,"Lola",296,"Foumbadou","","","Sub-prefecture","Sub-prefecture"
32455,96,"GIN","Guinea",8,"Nzérékoré",31,"Lola",297,"Gama-Béréma","","","Sub-prefecture","Sub-prefecture"
32456,96,"GIN","Guinea",8,"Nzérékoré",31,"Lola",298,"Guéassou","","","Sub-prefecture","Sub-prefecture"
32457,96,"GIN","Guinea",8,"Nzérékoré",31,"Lola",299,"Kokota","","","Sub-prefecture","Sub-prefecture"
32458,96,"GIN","Guinea",8,"Nzérékoré",31,"Lola",300,"Lainé","","","Sub-prefecture","Sub-prefecture"
32459,96,"GIN","Guinea",8,"Nzérékoré",31,"Lola",301,"Lola-Centre","","","Sub-prefecture","Sub-prefecture"
32460,96,"GIN","Guinea",8,"Nzérékoré",31,"Lola",302,"N'Zoo","","","Sub-prefecture","Sub-prefecture"
32461,96,"GIN","Guinea",8,"Nzérékoré",31,"Lola",303,"Tounkarata","","","Sub-prefecture","Sub-prefecture"
32462,96,"GIN","Guinea",8,"Nzérékoré",32,"Macenta",304,"Balizia","","","Sub-prefecture","Sub-prefecture"
32463,96,"GIN","Guinea",8,"Nzérékoré",32,"Macenta",305,"Binikala","","","Sub-prefecture","Sub-prefecture"
32464,96,"GIN","Guinea",8,"Nzérékoré",32,"Macenta",306,"Bofossou","","","Sub-prefecture","Sub-prefecture"
32465,96,"GIN","Guinea",8,"Nzérékoré",32,"Macenta",307,"Daro","","","Sub-prefecture","Sub-prefecture"
32466,96,"GIN","Guinea",8,"Nzérékoré",32,"Macenta",308,"Fassankoni","","","Sub-prefecture","Sub-prefecture"
32467,96,"GIN","Guinea",8,"Nzérékoré",32,"Macenta",309,"Kouankan","","","Sub-prefecture","Sub-prefecture"
32468,96,"GIN","Guinea",8,"Nzérékoré",32,"Macenta",310,"Koyamah","","","Sub-prefecture","Sub-prefecture"
32469,96,"GIN","Guinea",8,"Nzérékoré",32,"Macenta",311,"Macenta-Centre","","","Sub-prefecture","Sub-prefecture"
32470,96,"GIN","Guinea",8,"Nzérékoré",32,"Macenta",312,"N'Zébéla","","","Sub-prefecture","Sub-prefecture"
32471,96,"GIN","Guinea",8,"Nzérékoré",32,"Macenta",313,"Ourémaï","","","Sub-prefecture","Sub-prefecture"
32472,96,"GIN","Guinea",8,"Nzérékoré",32,"Macenta",314,"Panziazou","","","Sub-prefecture","Sub-prefecture"
32473,96,"GIN","Guinea",8,"Nzérékoré",32,"Macenta",315,"Sengbédou","","","Sub-prefecture","Sub-prefecture"
32474,96,"GIN","Guinea",8,"Nzérékoré",32,"Macenta",316,"Sérédou","","","Sub-prefecture","Sub-prefecture"
32475,96,"GIN","Guinea",8,"Nzérékoré",32,"Macenta",317,"Vassérédou","","","Sub-prefecture","Sub-prefecture"
32476,96,"GIN","Guinea",8,"Nzérékoré",32,"Macenta",318,"Watanka","","","Sub-prefecture","Sub-prefecture"
32477,96,"GIN","Guinea",8,"Nzérékoré",33,"Nzérékoré",319,"Bounouma","","","Sub-prefecture","Sub-prefecture"
32478,96,"GIN","Guinea",8,"Nzérékoré",33,"Nzérékoré",320,"Gouécké","","","Sub-prefecture","Sub-prefecture"
32479,96,"GIN","Guinea",8,"Nzérékoré",33,"Nzérékoré",321,"Kobéla","","","Sub-prefecture","Sub-prefecture"
32480,96,"GIN","Guinea",8,"Nzérékoré",33,"Nzérékoré",322,"Koropara","","","Sub-prefecture","Sub-prefecture"
32481,96,"GIN","Guinea",8,"Nzérékoré",33,"Nzérékoré",323,"Koulé","","","Sub-prefecture","Sub-prefecture"
32482,96,"GIN","Guinea",8,"Nzérékoré",33,"Nzérékoré",324,"N'Zérékoré-Centre","","","Sub-prefecture","Sub-prefecture"
32483,96,"GIN","Guinea",8,"Nzérékoré",33,"Nzérékoré",325,"Palé","","","Sub-prefecture","Sub-prefecture"
32484,96,"GIN","Guinea",8,"Nzérékoré",33,"Nzérékoré",326,"Samoé","","","Sub-prefecture","Sub-prefecture"
32485,96,"GIN","Guinea",8,"Nzérékoré",33,"Nzérékoré",327,"Soulouta","","","Sub-prefecture","Sub-prefecture"
32486,96,"GIN","Guinea",8,"Nzérékoré",33,"Nzérékoré",328,"Womey","","","Sub-prefecture","Sub-prefecture"
32487,96,"GIN","Guinea",8,"Nzérékoré",33,"Nzérékoré",329,"Yalenzou","","","Sub-prefecture","Sub-prefecture"
32488,96,"GIN","Guinea",8,"Nzérékoré",34,"Yamou",330,"Banié","","","Sub-prefecture","Sub-prefecture"
32489,96,"GIN","Guinea",8,"Nzérékoré",34,"Yamou",331,"Bheeta","","","Sub-prefecture","Sub-prefecture"
32490,96,"GIN","Guinea",8,"Nzérékoré",34,"Yamou",332,"Bignamou","","","Sub-prefecture","Sub-prefecture"
32491,96,"GIN","Guinea",8,"Nzérékoré",34,"Yamou",333,"Bowé","","","Sub-prefecture","Sub-prefecture"
32492,96,"GIN","Guinea",8,"Nzérékoré",34,"Yamou",334,"Diécké","","","Sub-prefecture","Sub-prefecture"
32493,96,"GIN","Guinea",8,"Nzérékoré",34,"Yamou",335,"Péla","","","Sub-prefecture","Sub-prefecture"
32494,96,"GIN","Guinea",8,"Nzérékoré",34,"Yamou",336,"Yomou-Centre","","","Sub-prefecture","Sub-prefecture"
