"PID","ID_0","ISO","NAME_0","ID_1","NAME_1","NL_NAME_1","VARNAME_1","TYPE_1","ENGTYPE_1"
1361,96,"GIN","Guinea",1,"Boké","","","Region","Region"
1362,96,"GIN","Guinea",2,"Conarky","","","Region","Region"
1363,96,"GIN","Guinea",3,"Faranah","","","Region","Region"
1364,96,"GIN","Guinea",4,"Kankan","","","Region","Region"
1365,96,"GIN","Guinea",5,"Kindia","","","Region","Region"
1366,96,"GIN","Guinea",6,"Labé","","","Region","Region"
1367,96,"GIN","Guinea",7,"Mamou","","","Region","Region"
1368,96,"GIN","Guinea",8,"Nzérékoré","","","Region","Region"
