"PID","ID_0","ISO","NAME_0","ID_1","NAME_1","NL_NAME_1","VARNAME_1","TYPE_1","ENGTYPE_1"
1014,60,"CYP","Cyprus",1,"Famagusta","","Famgusta|Ammochostos|Famagosta|Famagouste|Gazimagosa|Gazimagusa|Magusa","District","District"
1015,60,"CYP","Cyprus",2,"Kyrenia","","Kerineia|Girne","District","District"
1016,60,"CYP","Cyprus",3,"Larnaca","","Larnaka|L rnax","District","District"
1017,60,"CYP","Cyprus",4,"Limassol","","Limasol","District","District"
1018,60,"CYP","Cyprus",5,"Nicosia","","Lefkosía|Levkosía|Lefkosa|Nicosie|Nikosia","District","District"
1019,60,"CYP","Cyprus",6,"Paphos","","Baf|Pafos","District","District"
