"PID","ID_0","ISO","NAME_0","ID_1","NAME_1","ID_2","NAME_2","NL_NAME_2","VARNAME_2","TYPE_2","ENGTYPE_2"
8943,52,"COL","Colombia",6,"Boyacá",208,"Buenavista","","","Municipio","Municipality"
8944,52,"COL","Colombia",6,"Boyacá",209,"Busbanza","","","Municipio","Municipality"
8945,52,"COL","Colombia",6,"Boyacá",210,"Caldas","","","Municipio","Municipality"
8946,52,"COL","Colombia",6,"Boyacá",211,"Campohermoso","","","Municipio","Municipality"
8947,52,"COL","Colombia",6,"Boyacá",212,"Cerinza","","","Municipio","Municipality"
8948,52,"COL","Colombia",6,"Boyacá",213,"Chinavita","","","Municipio","Municipality"
8949,52,"COL","Colombia",6,"Boyacá",214,"Chiquinquirá","","","Municipio","Municipality"
8950,52,"COL","Colombia",6,"Boyacá",215,"Chíquiza","","","Municipio","Municipality"
8951,52,"COL","Colombia",6,"Boyacá",216,"Chiscas","","","Municipio","Municipality"
8952,52,"COL","Colombia",6,"Boyacá",217,"Chita","","","Municipio","Municipality"
8953,52,"COL","Colombia",6,"Boyacá",218,"Chitaraque","","","Municipio","Municipality"
8954,52,"COL","Colombia",6,"Boyacá",219,"Chivatá","","","Municipio","Municipality"
8955,52,"COL","Colombia",6,"Boyacá",220,"Chivor","","","Municipio","Municipality"
8956,52,"COL","Colombia",6,"Boyacá",221,"Ciénaga","","","Municipio","Municipality"
8957,52,"COL","Colombia",6,"Boyacá",222,"Cómbita","","","Municipio","Municipality"
8958,52,"COL","Colombia",6,"Boyacá",223,"Coper","","","Municipio","Municipality"
8959,52,"COL","Colombia",6,"Boyacá",224,"Corrales","","","Municipio","Municipality"
8960,52,"COL","Colombia",6,"Boyacá",225,"Covarachía","","","Municipio","Municipality"
8961,52,"COL","Colombia",6,"Boyacá",226,"Cubará","","","Municipio","Municipality"
8962,52,"COL","Colombia",6,"Boyacá",227,"Cucaita","","","Municipio","Municipality"
8963,52,"COL","Colombia",6,"Boyacá",228,"Cuítiva","","","Municipio","Municipality"
8964,52,"COL","Colombia",6,"Boyacá",229,"Duitama","","","Municipio","Municipality"
8965,52,"COL","Colombia",6,"Boyacá",230,"El Cocuy","","","Municipio","Municipality"
8966,52,"COL","Colombia",6,"Boyacá",231,"El Espino","","","Municipio","Municipality"
8967,52,"COL","Colombia",9,"Casanare",375,"San Luis de Palenque","","San Luis De Pale","Municipio","Municipality"
8968,52,"COL","Colombia",9,"Casanare",376,"Támara","","","Municipio","Municipality"
8969,52,"COL","Colombia",9,"Casanare",377,"Tauramena","","","Municipio","Municipality"
8970,52,"COL","Colombia",9,"Casanare",378,"Trinidad","","","Municipio","Municipality"
8971,52,"COL","Colombia",9,"Casanare",379,"Villanueva","","","Municipio","Municipality"
8972,52,"COL","Colombia",9,"Casanare",380,"Yopal","","","Municipio","Municipality"
8973,52,"COL","Colombia",10,"Cauca",381,"Almaguer","","","Municipio","Municipality"
8974,52,"COL","Colombia",10,"Cauca",382,"Argelia","","","Municipio","Municipality"
8975,52,"COL","Colombia",10,"Cauca",383,"Balboa","","","Municipio","Municipality"
8976,52,"COL","Colombia",10,"Cauca",384,"Bolívar","","","Municipio","Municipality"
8977,52,"COL","Colombia",10,"Cauca",385,"Buenos Aires","","","Municipio","Municipality"
8978,52,"COL","Colombia",10,"Cauca",386,"Cajibío","","","Municipio","Municipality"
8979,52,"COL","Colombia",10,"Cauca",387,"Caldonó","","","Municipio","Municipality"
8980,52,"COL","Colombia",10,"Cauca",388,"Caloto","","","Municipio","Municipality"
8981,52,"COL","Colombia",10,"Cauca",389,"Corinto","","","Municipio","Municipality"
8982,52,"COL","Colombia",10,"Cauca",390,"El Tambo","","","Municipio","Municipality"
8983,52,"COL","Colombia",10,"Cauca",391,"Florencia","","","Municipio","Municipality"
8984,52,"COL","Colombia",10,"Cauca",392,"Guapí","","","Municipio","Municipality"
8985,52,"COL","Colombia",10,"Cauca",393,"Inzá","","","Municipio","Municipality"
8986,52,"COL","Colombia",10,"Cauca",394,"Jambaló","","","Municipio","Municipality"
8987,52,"COL","Colombia",10,"Cauca",395,"La Sierra","","","Municipio","Municipality"
8988,52,"COL","Colombia",10,"Cauca",396,"La Vega","","","Municipio","Municipality"
8989,52,"COL","Colombia",10,"Cauca",397,"López de Micay","","López","Municipio","Municipality"
8990,52,"COL","Colombia",10,"Cauca",398,"Mercaderes","","","Municipio","Municipality"
10660,52,"COL","Colombia",23,"Putumayo",814,"Colón","","","Municipio","Municipality"
10661,52,"COL","Colombia",23,"Putumayo",815,"Orito","","","Municipio","Municipality"
10662,52,"COL","Colombia",23,"Putumayo",816,"Puerto Asís","","","Municipio","Municipality"
10663,52,"COL","Colombia",23,"Putumayo",817,"Puerto Caicedo","","","Municipio","Municipality"
10664,52,"COL","Colombia",23,"Putumayo",818,"Puerto Guzmán","","","Municipio","Municipality"
10665,52,"COL","Colombia",23,"Putumayo",819,"Puerto Leguízamo","","","Municipio","Municipality"
10666,52,"COL","Colombia",23,"Putumayo",820,"San Francisco","","","Municipio","Municipality"
10667,52,"COL","Colombia",23,"Putumayo",821,"San Miguel de Mocoa","","Mocoa","Municipio","Municipality"
10668,52,"COL","Colombia",23,"Putumayo",822,"Santiago","","","Municipio","Municipality"
10669,52,"COL","Colombia",23,"Putumayo",823,"Sibundoy","","","Municipio","Municipality"
10670,52,"COL","Colombia",23,"Putumayo",824,"Valle del Guamuez","","","Municipio","Municipality"
10671,52,"COL","Colombia",23,"Putumayo",825,"Villagarzón","","","Municipio","Municipality"
10672,52,"COL","Colombia",24,"Quindío",826,"Armenia","","Mantequilla","Municipio","Municipality"
10673,52,"COL","Colombia",24,"Quindío",827,"Buenavista","","","Municipio","Municipality"
10674,52,"COL","Colombia",24,"Quindío",828,"Calarcá","","","Municipio","Municipality"
10675,52,"COL","Colombia",24,"Quindío",829,"Circasia","","","Municipio","Municipality"
10676,52,"COL","Colombia",24,"Quindío",830,"Córdoba","","","Municipio","Municipality"
10677,52,"COL","Colombia",24,"Quindío",831,"Filandia","","","Municipio","Municipality"
10678,52,"COL","Colombia",24,"Quindío",832,"Génova","","","Municipio","Municipality"
10679,52,"COL","Colombia",24,"Quindío",833,"La Tebaida","","","Municipio","Municipality"
10680,52,"COL","Colombia",24,"Quindío",834,"Montenegro","","","Municipio","Municipality"
10681,52,"COL","Colombia",24,"Quindío",835,"Pijao","","","Municipio","Municipality"
10682,52,"COL","Colombia",24,"Quindío",836,"Quimbaya","","","Municipio","Municipality"
12065,52,"COL","Colombia",1,"Amazonas",1,"El Encanto","","","Corregimiento Departamento","Corregimiento Departamento"
12066,52,"COL","Colombia",1,"Amazonas",2,"La Chorrera","","","Corregimiento Departamento","Corregimiento Departamento"
12067,52,"COL","Colombia",1,"Amazonas",3,"La Pedrera","","","Corregimiento Departamento","Corregimiento Departamento"
12068,52,"COL","Colombia",1,"Amazonas",4,"Leticia","","","Municipio","Municipality"
12069,52,"COL","Colombia",1,"Amazonas",5,"Mirití-Paraná","","Miriti Parana","Corregimiento Departamento","Corregimiento Departamento"
12070,52,"COL","Colombia",1,"Amazonas",6,"Puerto Nariño","","","Municipio","Municipality"
12071,52,"COL","Colombia",1,"Amazonas",7,"Puerto Santander","","","Corregimiento Departamento","Corregimiento Departamento"
12072,52,"COL","Colombia",1,"Amazonas",8,"Tarapacá","","","Corregimiento Departamento","Corregimiento Departamento"
12073,52,"COL","Colombia",2,"Antioquia",9,"Abejorral","","","Municipio","Municipality"
12074,52,"COL","Colombia",2,"Antioquia",10,"Abriaquí","","","Municipio","Municipality"
12075,52,"COL","Colombia",2,"Antioquia",11,"Alejandría","","","Municipio","Municipality"
12076,52,"COL","Colombia",2,"Antioquia",12,"Amagá","","","Municipio","Municipality"
12077,52,"COL","Colombia",2,"Antioquia",13,"Amalfi","","","Municipio","Municipality"
12078,52,"COL","Colombia",2,"Antioquia",14,"Andes","","","Municipio","Municipality"
12079,52,"COL","Colombia",2,"Antioquia",15,"Angelópolis","","","Municipio","Municipality"
12080,52,"COL","Colombia",2,"Antioquia",16,"Angostura","","","Municipio","Municipality"
12081,52,"COL","Colombia",2,"Antioquia",17,"Anorí","","","Municipio","Municipality"
12082,52,"COL","Colombia",2,"Antioquia",18,"Anzá","","","Municipio","Municipality"
12083,52,"COL","Colombia",2,"Antioquia",19,"Apartadó","","","Municipio","Municipality"
12084,52,"COL","Colombia",2,"Antioquia",20,"Arboletes","","","Municipio","Municipality"
12085,52,"COL","Colombia",2,"Antioquia",21,"Argelia","","","Municipio","Municipality"
12086,52,"COL","Colombia",2,"Antioquia",22,"Armenia","","Mantequilla","Municipio","Municipality"
12087,52,"COL","Colombia",2,"Antioquia",23,"Barbosa","","","Municipio","Municipality"
12088,52,"COL","Colombia",2,"Antioquia",24,"Bello","","","Municipio","Municipality"
12089,52,"COL","Colombia",2,"Antioquia",25,"Belmira","","","Municipio","Municipality"
12090,52,"COL","Colombia",2,"Antioquia",26,"Betania","","","Municipio","Municipality"
12091,52,"COL","Colombia",2,"Antioquia",27,"Betulia","","","Municipio","Municipality"
12092,52,"COL","Colombia",2,"Antioquia",28,"Bolívar","","","Municipio","Municipality"
12093,52,"COL","Colombia",2,"Antioquia",29,"Briceño","","","Municipio","Municipality"
12094,52,"COL","Colombia",2,"Antioquia",30,"Buriticá","","","Municipio","Municipality"
12095,52,"COL","Colombia",2,"Antioquia",31,"Cáceres","","","Municipio","Municipality"
12096,52,"COL","Colombia",2,"Antioquia",32,"Caicedo","","","Municipio","Municipality"
12097,52,"COL","Colombia",2,"Antioquia",33,"Caldas","","","Municipio","Municipality"
12098,52,"COL","Colombia",2,"Antioquia",34,"Campamento","","","Municipio","Municipality"
12099,52,"COL","Colombia",2,"Antioquia",35,"Cañasgordas","","","Municipio","Municipality"
12100,52,"COL","Colombia",2,"Antioquia",36,"Caracolí","","","Municipio","Municipality"
12101,52,"COL","Colombia",2,"Antioquia",37,"Caramanta","","","Municipio","Municipality"
12102,52,"COL","Colombia",2,"Antioquia",38,"Carepa","","","Municipio","Municipality"
12103,52,"COL","Colombia",2,"Antioquia",39,"Carolina del Principe","","Carolina","Municipio","Municipality"
12104,52,"COL","Colombia",2,"Antioquia",40,"Caucasia","","","Municipio","Municipality"
12105,52,"COL","Colombia",2,"Antioquia",41,"Chigorodó","","","Municipio","Municipality"
12106,52,"COL","Colombia",2,"Antioquia",42,"Cisneros","","","Municipio","Municipality"
12107,52,"COL","Colombia",2,"Antioquia",43,"Cocorná","","","Municipio","Municipality"
12108,52,"COL","Colombia",2,"Antioquia",44,"Concepción","","","Municipio","Municipality"
12109,52,"COL","Colombia",2,"Antioquia",45,"Concordia","","","Municipio","Municipality"
12110,52,"COL","Colombia",2,"Antioquia",46,"Copacabana","","","Municipio","Municipality"
12111,52,"COL","Colombia",2,"Antioquia",47,"Dabeiba","","","Municipio","Municipality"
12112,52,"COL","Colombia",2,"Antioquia",48,"Don Matías","","","Municipio","Municipality"
12113,52,"COL","Colombia",2,"Antioquia",49,"Ebéjico","","","Municipio","Municipality"
12114,52,"COL","Colombia",2,"Antioquia",50,"El Bagre","","","Municipio","Municipality"
12115,52,"COL","Colombia",2,"Antioquia",51,"El Carmen de Viboral","","Carmen De Vibora","Municipio","Municipality"
12116,52,"COL","Colombia",2,"Antioquia",52,"El Santuario","","Santuario","Municipio","Municipality"
12117,52,"COL","Colombia",2,"Antioquia",53,"Entrerríos","","","Municipio","Municipality"
12118,52,"COL","Colombia",2,"Antioquia",54,"Envigado","","","Municipio","Municipality"
12119,52,"COL","Colombia",2,"Antioquia",55,"Fredonia","","","Municipio","Municipality"
12120,52,"COL","Colombia",2,"Antioquia",56,"Frontino","","","Municipio","Municipality"
12121,52,"COL","Colombia",2,"Antioquia",57,"Giraldo","","","Municipio","Municipality"
12122,52,"COL","Colombia",2,"Antioquia",58,"Girardota","","","Municipio","Municipality"
12123,52,"COL","Colombia",2,"Antioquia",59,"Gómez Plata","","","Municipio","Municipality"
12124,52,"COL","Colombia",2,"Antioquia",60,"Granada","","","Municipio","Municipality"
12125,52,"COL","Colombia",2,"Antioquia",61,"Guadalupe","","","Municipio","Municipality"
12126,52,"COL","Colombia",2,"Antioquia",62,"Guarne","","","Municipio","Municipality"
12127,52,"COL","Colombia",2,"Antioquia",63,"Guatapé","","","Municipio","Municipality"
12128,52,"COL","Colombia",2,"Antioquia",64,"Heliconia","","","Municipio","Municipality"
12129,52,"COL","Colombia",2,"Antioquia",65,"Hispania","","","Municipio","Municipality"
12130,52,"COL","Colombia",2,"Antioquia",66,"Itagüí","","","Municipio","Municipality"
12131,52,"COL","Colombia",2,"Antioquia",67,"Ituango","","","Municipio","Municipality"
12132,52,"COL","Colombia",2,"Antioquia",68,"Jardín","","","Municipio","Municipality"
12133,52,"COL","Colombia",2,"Antioquia",69,"Jericó","","","Municipio","Municipality"
12134,52,"COL","Colombia",2,"Antioquia",70,"La Ceja","","","Municipio","Municipality"
12135,52,"COL","Colombia",2,"Antioquia",71,"La Estrella","","","Municipio","Municipality"
12136,52,"COL","Colombia",2,"Antioquia",72,"La Unión de Sucre","","La Union|La Unión","Municipio","Municipality"
12137,52,"COL","Colombia",2,"Antioquia",73,"Liborina","","","Municipio","Municipality"
12138,52,"COL","Colombia",2,"Antioquia",74,"Maceo","","","Municipio","Municipality"
12139,52,"COL","Colombia",2,"Antioquia",75,"Marinilla","","","Municipio","Municipality"
12140,52,"COL","Colombia",2,"Antioquia",76,"Medellín","","","Municipio","Municipality"
12141,52,"COL","Colombia",2,"Antioquia",77,"Montebello","","","Municipio","Municipality"
12142,52,"COL","Colombia",2,"Antioquia",78,"Murindó","","","Municipio","Municipality"
12143,52,"COL","Colombia",2,"Antioquia",79,"Mutatá","","","Municipio","Municipality"
12144,52,"COL","Colombia",2,"Antioquia",80,"Nariño","","","Municipio","Municipality"
12145,52,"COL","Colombia",2,"Antioquia",81,"Nechí","","","Municipio","Municipality"
12146,52,"COL","Colombia",2,"Antioquia",82,"Necoclí","","","Municipio","Municipality"
12147,52,"COL","Colombia",2,"Antioquia",83,"Olaya","","","Municipio","Municipality"
12148,52,"COL","Colombia",2,"Antioquia",84,"Peñol","","","Municipio","Municipality"
12149,52,"COL","Colombia",2,"Antioquia",85,"Pequé","","","Municipio","Municipality"
12150,52,"COL","Colombia",2,"Antioquia",86,"Pueblorrico","","","Municipio","Municipality"
12151,52,"COL","Colombia",2,"Antioquia",87,"Puerto Berrío","","","Municipio","Municipality"
12152,52,"COL","Colombia",2,"Antioquia",88,"Puerto Nare","","La Magdalena","Municipio","Municipality"
12153,52,"COL","Colombia",2,"Antioquia",89,"Puerto Triunfo","","","Municipio","Municipality"
12154,52,"COL","Colombia",2,"Antioquia",90,"Remedios","","","Municipio","Municipality"
12155,52,"COL","Colombia",2,"Antioquia",91,"Retiro","","","Municipio","Municipality"
12156,52,"COL","Colombia",2,"Antioquia",92,"Rionegro","","","Municipio","Municipality"
12157,52,"COL","Colombia",2,"Antioquia",93,"Sabanalarga","","","Municipio","Municipality"
12158,52,"COL","Colombia",2,"Antioquia",94,"Sabaneta","","","Municipio","Municipality"
12159,52,"COL","Colombia",2,"Antioquia",95,"Salgar","","","Municipio","Municipality"
12160,52,"COL","Colombia",2,"Antioquia",96,"San Andrés de Cuerquia","","San Andres|San Andrés","Municipio","Municipality"
12161,52,"COL","Colombia",2,"Antioquia",97,"San Carlos","","","Municipio","Municipality"
12162,52,"COL","Colombia",2,"Antioquia",98,"San Francisco","","","Municipio","Municipality"
12163,52,"COL","Colombia",2,"Antioquia",99,"San Jerónimo","","","Municipio","Municipality"
12164,52,"COL","Colombia",2,"Antioquia",100,"San José de la Montaña","","","Municipio","Municipality"
12165,52,"COL","Colombia",2,"Antioquia",101,"San Juan de Urabá","","San Juan De Urab","Municipio","Municipality"
12166,52,"COL","Colombia",2,"Antioquia",102,"San Luis","","","Municipio","Municipality"
12167,52,"COL","Colombia",2,"Antioquia",103,"San Pedro de los Milagros","","San Pedro","Municipio","Municipality"
12168,52,"COL","Colombia",2,"Antioquia",104,"San Pedro de Urabá","","","Municipio","Municipality"
12169,52,"COL","Colombia",2,"Antioquia",105,"San Rafael","","","Municipio","Municipality"
12170,52,"COL","Colombia",2,"Antioquia",106,"San Roque","","","Municipio","Municipality"
12171,52,"COL","Colombia",2,"Antioquia",107,"San Vicente","","","Municipio","Municipality"
12172,52,"COL","Colombia",2,"Antioquia",108,"Santa Bárbara","","","Municipio","Municipality"
12173,52,"COL","Colombia",2,"Antioquia",109,"Santa Fe de Antioquia","","Antioquia","Municipio","Municipality"
12174,52,"COL","Colombia",2,"Antioquia",110,"Santa Rosa de Osos","","","Municipio","Municipality"
12175,52,"COL","Colombia",2,"Antioquia",111,"Santo Domingo","","","Municipio","Municipality"
12176,52,"COL","Colombia",2,"Antioquia",112,"Segovia","","","Municipio","Municipality"
12177,52,"COL","Colombia",2,"Antioquia",113,"Sonsón","","","Municipio","Municipality"
12178,52,"COL","Colombia",2,"Antioquia",114,"Sopetrán","","","Municipio","Municipality"
12179,52,"COL","Colombia",2,"Antioquia",115,"Támesis","","","Municipio","Municipality"
12180,52,"COL","Colombia",2,"Antioquia",116,"Tarazá","","","Municipio","Municipality"
12181,52,"COL","Colombia",2,"Antioquia",117,"Tarso","","","Municipio","Municipality"
12182,52,"COL","Colombia",2,"Antioquia",118,"Titiribí","","","Municipio","Municipality"
12183,52,"COL","Colombia",2,"Antioquia",119,"Toledo","","","Municipio","Municipality"
12184,52,"COL","Colombia",2,"Antioquia",120,"Turbo","","","Municipio","Municipality"
12185,52,"COL","Colombia",2,"Antioquia",121,"Uramita","","","Municipio","Municipality"
12186,52,"COL","Colombia",2,"Antioquia",122,"Urrao","","","Municipio","Municipality"
12187,52,"COL","Colombia",2,"Antioquia",123,"Valdivia","","","Municipio","Municipality"
12188,52,"COL","Colombia",2,"Antioquia",124,"Valparaíso","","","Municipio","Municipality"
12189,52,"COL","Colombia",2,"Antioquia",125,"Vegachí","","","Municipio","Municipality"
12190,52,"COL","Colombia",2,"Antioquia",126,"Venecia","","","Municipio","Municipality"
12191,52,"COL","Colombia",2,"Antioquia",127,"Vigía del Fuerte","","","Municipio","Municipality"
12192,52,"COL","Colombia",2,"Antioquia",128,"Yalí","","","Municipio","Municipality"
12193,52,"COL","Colombia",2,"Antioquia",129,"Yarumal","","","Municipio","Municipality"
12194,52,"COL","Colombia",2,"Antioquia",130,"Yolombó","","","Municipio","Municipality"
12195,52,"COL","Colombia",2,"Antioquia",131,"Yondó","","","Municipio","Municipality"
12196,52,"COL","Colombia",2,"Antioquia",132,"Zaragoza","","","Municipio","Municipality"
12197,52,"COL","Colombia",3,"Arauca",133,"Arauca","","","Municipio","Municipality"
12198,52,"COL","Colombia",3,"Arauca",134,"Arauquita","","","Municipio","Municipality"
12199,52,"COL","Colombia",3,"Arauca",135,"Cravo Norte","","","Municipio","Municipality"
12200,52,"COL","Colombia",3,"Arauca",136,"Fortul","","","Municipio","Municipality"
12201,52,"COL","Colombia",3,"Arauca",137,"Puerto Rondón","","","Municipio","Municipality"
12202,52,"COL","Colombia",3,"Arauca",138,"Saravena","","","Municipio","Municipality"
12203,52,"COL","Colombia",3,"Arauca",139,"Tame","","","Municipio","Municipality"
12204,52,"COL","Colombia",4,"Atlántico",140,"Baranoa","","","Municipio","Municipality"
12205,52,"COL","Colombia",4,"Atlántico",141,"Barranquilla","",""," "," "
12206,52,"COL","Colombia",4,"Atlántico",142,"Campo de la Cruz","","","Municipio","Municipality"
12207,52,"COL","Colombia",4,"Atlántico",143,"Candelaria","","","Municipio","Municipality"
12208,52,"COL","Colombia",4,"Atlántico",144,"Galapa","","","Municipio","Municipality"
12209,52,"COL","Colombia",4,"Atlántico",145,"Juan de Acosta","","","Municipio","Municipality"
12210,52,"COL","Colombia",4,"Atlántico",146,"Luruaco","","","Municipio","Municipality"
12211,52,"COL","Colombia",4,"Atlántico",147,"Malambo","","","Municipio","Municipality"
12212,52,"COL","Colombia",4,"Atlántico",148,"Manatí","","","Municipio","Municipality"
12213,52,"COL","Colombia",4,"Atlántico",149,"Palmar de Varela","","","Municipio","Municipality"
12214,52,"COL","Colombia",4,"Atlántico",150,"Piojó","","","Municipio","Municipality"
12215,52,"COL","Colombia",4,"Atlántico",151,"Polonuevo","","Polo Nuevo","Municipio","Municipality"
12216,52,"COL","Colombia",4,"Atlántico",152,"Ponedera","","","Municipio","Municipality"
12217,52,"COL","Colombia",4,"Atlántico",153,"Puerto Colombia","","","Municipio","Municipality"
12218,52,"COL","Colombia",4,"Atlántico",154,"Repelón","","","Municipio","Municipality"
12219,52,"COL","Colombia",4,"Atlántico",155,"Sabanagrande","","","Municipio","Municipality"
12220,52,"COL","Colombia",4,"Atlántico",156,"Sabanalarga","","","Municipio","Municipality"
12221,52,"COL","Colombia",4,"Atlántico",157,"Santa Lucía","","","Municipio","Municipality"
12222,52,"COL","Colombia",4,"Atlántico",158,"Santo Tomás","","","Municipio","Municipality"
12223,52,"COL","Colombia",4,"Atlántico",159,"Soledad","","","Municipio","Municipality"
12224,52,"COL","Colombia",4,"Atlántico",160,"Suan","","","Municipio","Municipality"
12225,52,"COL","Colombia",4,"Atlántico",161,"Tubará","","","Municipio","Municipality"
12226,52,"COL","Colombia",4,"Atlántico",162,"Usiacurí","","","Municipio","Municipality"
12227,52,"COL","Colombia",5,"Bolívar",163,"Achí","","","Municipio","Municipality"
12228,52,"COL","Colombia",5,"Bolívar",164,"Altos del Rosario","","","Municipio","Municipality"
12229,52,"COL","Colombia",5,"Bolívar",165,"Arjona","","","Municipio","Municipality"
12230,52,"COL","Colombia",5,"Bolívar",166,"Barranco de Loba","","","Municipio","Municipality"
12231,52,"COL","Colombia",5,"Bolívar",167,"Calamar","","","Municipio","Municipality"
12232,52,"COL","Colombia",5,"Bolívar",168,"Cantagallo","","","Municipio","Municipality"
12233,52,"COL","Colombia",5,"Bolívar",169,"Cartagena de Indias","","Cartagena","Municipio","Municipality"
12234,52,"COL","Colombia",5,"Bolívar",170,"Cicuco","","","Municipio","Municipality"
12235,52,"COL","Colombia",5,"Bolívar",171,"Córdoba","","","Municipio","Municipality"
12236,52,"COL","Colombia",5,"Bolívar",172,"El Carmen de Bolívar","","El Carmen De Bol|El Carmen","Municipio","Municipality"
12237,52,"COL","Colombia",5,"Bolívar",173,"El Guamo","","","Municipio","Municipality"
12238,52,"COL","Colombia",5,"Bolívar",174,"Hatillo de Loba","","","Municipio","Municipality"
12239,52,"COL","Colombia",5,"Bolívar",175,"Mahates","","","Municipio","Municipality"
12240,52,"COL","Colombia",5,"Bolívar",176,"Margarita","","","Municipio","Municipality"
12241,52,"COL","Colombia",5,"Bolívar",177,"María la Baja","","","Municipio","Municipality"
12242,52,"COL","Colombia",5,"Bolívar",178,"Mompós","","","Municipio","Municipality"
12243,52,"COL","Colombia",5,"Bolívar",179,"Montecristo","","","Municipio","Municipality"
12244,52,"COL","Colombia",5,"Bolívar",180,"Morales","","","Municipio","Municipality"
12245,52,"COL","Colombia",5,"Bolívar",181,"Pinillos","","","Municipio","Municipality"
12246,52,"COL","Colombia",5,"Bolívar",182,"Río Viejo","","","Municipio","Municipality"
12247,52,"COL","Colombia",5,"Bolívar",183,"San Estanislao de Kostka","","San Estanislao","Municipio","Municipality"
12248,52,"COL","Colombia",5,"Bolívar",184,"San Fernando","","","Municipio","Municipality"
12249,52,"COL","Colombia",5,"Bolívar",185,"San Jacinto","","","Municipio","Municipality"
12250,52,"COL","Colombia",5,"Bolívar",186,"San Juan Nepomuceno","","San Juan Nepomuc","Municipio","Municipality"
12251,52,"COL","Colombia",5,"Bolívar",187,"San Martín de Loba","","","Municipio","Municipality"
12252,52,"COL","Colombia",5,"Bolívar",188,"San Pablo","","","Municipio","Municipality"
12253,52,"COL","Colombia",5,"Bolívar",189,"Santa Catalina","","","Municipio","Municipality"
12254,52,"COL","Colombia",5,"Bolívar",190,"Santa Rosa del Sur","","","Municipio","Municipality"
12255,52,"COL","Colombia",5,"Bolívar",191,"Santa Rosa","","","Municipio","Municipality"
12256,52,"COL","Colombia",5,"Bolívar",192,"Simití","","","Municipio","Municipality"
12257,52,"COL","Colombia",5,"Bolívar",193,"Soplaviento","","","Municipio","Municipality"
12258,52,"COL","Colombia",5,"Bolívar",194,"Talaigua Nuevo","","","Municipio","Municipality"
12259,52,"COL","Colombia",5,"Bolívar",195,"Turbaco","","","Municipio","Municipality"
12260,52,"COL","Colombia",5,"Bolívar",196,"Turbaná","","","Municipio","Municipality"
12261,52,"COL","Colombia",5,"Bolívar",197,"Villanueva","","","Municipio","Municipality"
12262,52,"COL","Colombia",5,"Bolívar",198,"Zambrano","","","Municipio","Municipality"
12263,52,"COL","Colombia",6,"Boyacá",199,"Almeida","","","Municipio","Municipality"
12264,52,"COL","Colombia",6,"Boyacá",200,"Aquitania","","","Municipio","Municipality"
12265,52,"COL","Colombia",6,"Boyacá",201,"Arcabuco","","","Municipio","Municipality"
12266,52,"COL","Colombia",6,"Boyacá",202,"Belén","",""," "," "
12267,52,"COL","Colombia",6,"Boyacá",203,"Berbeo","","","Municipio","Municipality"
12268,52,"COL","Colombia",6,"Boyacá",204,"Beteitiva","","","Municipio","Municipality"
12269,52,"COL","Colombia",6,"Boyacá",205,"Boavita","","","Municipio","Municipality"
12270,52,"COL","Colombia",6,"Boyacá",206,"Boyacá","","","Municipio","Municipality"
12271,52,"COL","Colombia",6,"Boyacá",207,"Briceño","","","Municipio","Municipality"
12272,52,"COL","Colombia",6,"Boyacá",232,"Firavitoba","","","Municipio","Municipality"
12273,52,"COL","Colombia",6,"Boyacá",233,"Floresta","","","Municipio","Municipality"
12274,52,"COL","Colombia",6,"Boyacá",234,"Gachantivá","","","Municipio","Municipality"
12275,52,"COL","Colombia",6,"Boyacá",235,"Gámeza","","","Municipio","Municipality"
12276,52,"COL","Colombia",6,"Boyacá",236,"Garagoa","","","Municipio","Municipality"
12277,52,"COL","Colombia",6,"Boyacá",237,"Guacamayas","","","Municipio","Municipality"
12278,52,"COL","Colombia",6,"Boyacá",238,"Guateque","","","Municipio","Municipality"
12279,52,"COL","Colombia",6,"Boyacá",239,"Guayatá","","","Municipio","Municipality"
12280,52,"COL","Colombia",6,"Boyacá",240,"Guicán","","","Municipio","Municipality"
12281,52,"COL","Colombia",6,"Boyacá",241,"Izá","","","Municipio","Municipality"
12282,52,"COL","Colombia",6,"Boyacá",242,"Jenesano","","","Municipio","Municipality"
12283,52,"COL","Colombia",6,"Boyacá",243,"Jericó","","","Municipio","Municipality"
12284,52,"COL","Colombia",6,"Boyacá",244,"La Capilla","","","Municipio","Municipality"
12285,52,"COL","Colombia",6,"Boyacá",245,"La Uvita","","","Municipio","Municipality"
12286,52,"COL","Colombia",6,"Boyacá",246,"La Victoria","","","Corregimiento Departamento","Corregimiento Departamento"
12287,52,"COL","Colombia",6,"Boyacá",247,"Labranzagrande","","","Municipio","Municipality"
12288,52,"COL","Colombia",6,"Boyacá",248,"Macanal","","","Municipio","Municipality"
12289,52,"COL","Colombia",6,"Boyacá",249,"Maripí","","","Municipio","Municipality"
12290,52,"COL","Colombia",6,"Boyacá",250,"Miraflores","","","Municipio","Municipality"
12291,52,"COL","Colombia",6,"Boyacá",251,"Mongua","","","Municipio","Municipality"
12292,52,"COL","Colombia",6,"Boyacá",252,"Monguí","","","Municipio","Municipality"
12293,52,"COL","Colombia",6,"Boyacá",253,"Moniquirá","","","Municipio","Municipality"
12294,52,"COL","Colombia",6,"Boyacá",254,"Motavita","","","Municipio","Municipality"
12295,52,"COL","Colombia",6,"Boyacá",255,"Muzo","","","Municipio","Municipality"
12296,52,"COL","Colombia",6,"Boyacá",256,"Nobsa","","","Municipio","Municipality"
12297,52,"COL","Colombia",6,"Boyacá",257,"Nuevo Colón","","","Municipio","Municipality"
12298,52,"COL","Colombia",6,"Boyacá",258,"Oicatá","","","Municipio","Municipality"
12299,52,"COL","Colombia",6,"Boyacá",259,"Otanche","","","Municipio","Municipality"
12300,52,"COL","Colombia",6,"Boyacá",260,"Pachavita","","","Municipio","Municipality"
12301,52,"COL","Colombia",6,"Boyacá",261,"Páez","","","Municipio","Municipality"
12302,52,"COL","Colombia",6,"Boyacá",262,"Paipa","","","Municipio","Municipality"
12303,52,"COL","Colombia",6,"Boyacá",263,"Pajarito","","","Municipio","Municipality"
12304,52,"COL","Colombia",6,"Boyacá",264,"Panqueba","","","Municipio","Municipality"
12305,52,"COL","Colombia",6,"Boyacá",265,"Pauna","","","Municipio","Municipality"
12306,52,"COL","Colombia",6,"Boyacá",266,"Paya","","","Municipio","Municipality"
12307,52,"COL","Colombia",6,"Boyacá",267,"Paz de Río","","","Municipio","Municipality"
12308,52,"COL","Colombia",6,"Boyacá",268,"Pesca","","","Municipio","Municipality"
12309,52,"COL","Colombia",6,"Boyacá",269,"Pisba","","Pisva","Municipio","Municipality"
12310,52,"COL","Colombia",6,"Boyacá",270,"Puerto Boyacá","","Puerto Boyacáa","Municipio","Municipality"
12311,52,"COL","Colombia",6,"Boyacá",271,"Quípama","","","Municipio","Municipality"
12312,52,"COL","Colombia",6,"Boyacá",272,"Ramiriquí","","","Municipio","Municipality"
12313,52,"COL","Colombia",6,"Boyacá",273,"Ráquira","","","Municipio","Municipality"
12314,52,"COL","Colombia",6,"Boyacá",274,"Rondón","","","Municipio","Municipality"
12315,52,"COL","Colombia",6,"Boyacá",275,"Saboyá","","","Municipio","Municipality"
12316,52,"COL","Colombia",6,"Boyacá",276,"Sáchica","","","Municipio","Municipality"
12317,52,"COL","Colombia",6,"Boyacá",277,"Samacá","","","Municipio","Municipality"
12318,52,"COL","Colombia",6,"Boyacá",278,"San Eduardo","","","Municipio","Municipality"
12319,52,"COL","Colombia",6,"Boyacá",279,"San José de Pare","","","Municipio","Municipality"
12320,52,"COL","Colombia",6,"Boyacá",280,"San Luis de Gaceno","","San Luis De Gace","Municipio","Municipality"
12321,52,"COL","Colombia",6,"Boyacá",281,"San Mateo","","","Municipio","Municipality"
12322,52,"COL","Colombia",6,"Boyacá",282,"San Miguel de Sema","","","Municipio","Municipality"
12323,52,"COL","Colombia",6,"Boyacá",283,"San Pablo de Borbur","","","Municipio","Municipality"
12324,52,"COL","Colombia",6,"Boyacá",284,"Santa María","","Santamaria","Municipio","Municipality"
12325,52,"COL","Colombia",6,"Boyacá",285,"Santa Rosa de Viterbo","","","Municipio","Municipality"
12326,52,"COL","Colombia",6,"Boyacá",286,"Santa Sofía","","","Municipio","Municipality"
12327,52,"COL","Colombia",6,"Boyacá",287,"Santana","","","Municipio","Municipality"
12328,52,"COL","Colombia",6,"Boyacá",288,"Sativanorte","","","Municipio","Municipality"
12329,52,"COL","Colombia",6,"Boyacá",289,"Sativasur","","","Municipio","Municipality"
12330,52,"COL","Colombia",6,"Boyacá",290,"Siachoque","","","Municipio","Municipality"
12331,52,"COL","Colombia",6,"Boyacá",291,"Soatá","","","Municipio","Municipality"
12332,52,"COL","Colombia",6,"Boyacá",292,"Socha","","","Municipio","Municipality"
12333,52,"COL","Colombia",6,"Boyacá",293,"Socotá","","","Municipio","Municipality"
12334,52,"COL","Colombia",6,"Boyacá",294,"Sogamoso","","","Municipio","Municipality"
12335,52,"COL","Colombia",6,"Boyacá",295,"Somondoco","","","Municipio","Municipality"
12336,52,"COL","Colombia",6,"Boyacá",296,"Sora","","","Municipio","Municipality"
12337,52,"COL","Colombia",6,"Boyacá",297,"Soracá","","","Municipio","Municipality"
12338,52,"COL","Colombia",6,"Boyacá",298,"Sotaquirá","","","Municipio","Municipality"
12339,52,"COL","Colombia",6,"Boyacá",299,"Susacón","","","Municipio","Municipality"
12340,52,"COL","Colombia",6,"Boyacá",300,"Sutamarchán","","","Municipio","Municipality"
12341,52,"COL","Colombia",6,"Boyacá",301,"Sutatenza","","","Municipio","Municipality"
12342,52,"COL","Colombia",6,"Boyacá",302,"Tasco","","","Municipio","Municipality"
12343,52,"COL","Colombia",6,"Boyacá",303,"Tenza","","","Municipio","Municipality"
12344,52,"COL","Colombia",6,"Boyacá",304,"Tibaná","","","Municipio","Municipality"
12345,52,"COL","Colombia",6,"Boyacá",305,"Tibasosa","","Tibabosa","Municipio","Municipality"
12346,52,"COL","Colombia",6,"Boyacá",306,"Tinjacá","","","Municipio","Municipality"
12347,52,"COL","Colombia",6,"Boyacá",307,"Tipacoque","","","Municipio","Municipality"
12348,52,"COL","Colombia",6,"Boyacá",308,"Toca","","","Municipio","Municipality"
12349,52,"COL","Colombia",6,"Boyacá",309,"Toguí","","","Municipio","Municipality"
12350,52,"COL","Colombia",6,"Boyacá",310,"Topagá","","","Municipio","Municipality"
12351,52,"COL","Colombia",6,"Boyacá",311,"Tota","","","Municipio","Municipality"
12352,52,"COL","Colombia",6,"Boyacá",312,"Tunja","","","Municipio","Municipality"
12353,52,"COL","Colombia",6,"Boyacá",313,"Tunungua","","","Municipio","Municipality"
12354,52,"COL","Colombia",6,"Boyacá",314,"Turmequé","","","Municipio","Municipality"
12355,52,"COL","Colombia",6,"Boyacá",315,"Tuta","","","Municipio","Municipality"
12356,52,"COL","Colombia",6,"Boyacá",316,"Tutazá","","Tutasa","Municipio","Municipality"
12357,52,"COL","Colombia",6,"Boyacá",317,"Umbita","","","Municipio","Municipality"
12358,52,"COL","Colombia",6,"Boyacá",318,"Ventaquemada","","","Municipio","Municipality"
12359,52,"COL","Colombia",6,"Boyacá",319,"Villa de Leyva","","","Municipio","Municipality"
12360,52,"COL","Colombia",6,"Boyacá",320,"Viracachá","","","Municipio","Municipality"
12361,52,"COL","Colombia",6,"Boyacá",321,"Zetaquirá","","","Municipio","Municipality"
12362,52,"COL","Colombia",7,"Caldas",322,"Aguadas","","","Municipio","Municipality"
12363,52,"COL","Colombia",7,"Caldas",323,"Anserma","","","Municipio","Municipality"
12364,52,"COL","Colombia",7,"Caldas",324,"Aranzazú","","Aranzazé","Municipio","Municipality"
12365,52,"COL","Colombia",7,"Caldas",325,"Belalcázar","","","Municipio","Municipality"
12366,52,"COL","Colombia",7,"Caldas",326,"Chinchiná","","","Municipio","Municipality"
12367,52,"COL","Colombia",7,"Caldas",327,"Filadelfia","","","Municipio","Municipality"
12368,52,"COL","Colombia",7,"Caldas",328,"La Dorada","","","Municipio","Municipality"
12369,52,"COL","Colombia",7,"Caldas",329,"La Merced","","","Municipio","Municipality"
12370,52,"COL","Colombia",7,"Caldas",330,"Manizales","","","Municipio","Municipality"
12371,52,"COL","Colombia",7,"Caldas",331,"Manzanares","","","Municipio","Municipality"
12372,52,"COL","Colombia",7,"Caldas",332,"Marmato","","","Municipio","Municipality"
12373,52,"COL","Colombia",7,"Caldas",333,"Marquetalia","","","Municipio","Municipality"
12374,52,"COL","Colombia",7,"Caldas",334,"Marulanda","","","Municipio","Municipality"
12375,52,"COL","Colombia",7,"Caldas",335,"Neira","","","Municipio","Municipality"
12376,52,"COL","Colombia",7,"Caldas",336,"Pácora","","","Municipio","Municipality"
12377,52,"COL","Colombia",7,"Caldas",337,"Palestina","","","Municipio","Municipality"
12378,52,"COL","Colombia",7,"Caldas",338,"Pensilvania","","","Municipio","Municipality"
12379,52,"COL","Colombia",7,"Caldas",339,"Riosucio","","","Municipio","Municipality"
12380,52,"COL","Colombia",7,"Caldas",340,"Risaralda","","","Municipio","Municipality"
12381,52,"COL","Colombia",7,"Caldas",341,"Salamina","","","Municipio","Municipality"
12382,52,"COL","Colombia",7,"Caldas",342,"Samaná","","","Municipio","Municipality"
12383,52,"COL","Colombia",7,"Caldas",343,"Supía","","","Municipio","Municipality"
12384,52,"COL","Colombia",7,"Caldas",344,"Victoria","","","Municipio","Municipality"
12385,52,"COL","Colombia",7,"Caldas",345,"Villamaría","","","Municipio","Municipality"
12386,52,"COL","Colombia",7,"Caldas",346,"Viterbo","","","Municipio","Municipality"
12387,52,"COL","Colombia",8,"Caquetá",347,"Albania","","","Municipio","Municipality"
12388,52,"COL","Colombia",8,"Caquetá",348,"Belén de los Andaquies","","","Municipio","Municipality"
12389,52,"COL","Colombia",8,"Caquetá",349,"Cartagena del Chairá","","","Municipio","Municipality"
12390,52,"COL","Colombia",8,"Caquetá",350,"Curillo","","","Municipio","Municipality"
12391,52,"COL","Colombia",8,"Caquetá",351,"El Doncello","","","Municipio","Municipality"
12392,52,"COL","Colombia",8,"Caquetá",352,"El Paujíl","","","Municipio","Municipality"
12393,52,"COL","Colombia",8,"Caquetá",353,"Florencia","","","Municipio","Municipality"
12394,52,"COL","Colombia",8,"Caquetá",354,"La Montañita","","","Municipio","Municipality"
12395,52,"COL","Colombia",8,"Caquetá",355,"Milán","","","Municipio","Municipality"
12396,52,"COL","Colombia",8,"Caquetá",356,"Morelia","","","Municipio","Municipality"
12397,52,"COL","Colombia",8,"Caquetá",357,"Puerto Rico","","","Municipio","Municipality"
12398,52,"COL","Colombia",8,"Caquetá",358,"San José del Fragua","","San Jose De Frag","Municipio","Municipality"
12399,52,"COL","Colombia",8,"Caquetá",359,"San Vicente del Caguán","","","Municipio","Municipality"
12400,52,"COL","Colombia",8,"Caquetá",360,"Solano","","","Municipio","Municipality"
12401,52,"COL","Colombia",8,"Caquetá",361,"Valparaíso","","","Municipio","Municipality"
12402,52,"COL","Colombia",9,"Casanare",362,"Aguazul","","","Municipio","Municipality"
12403,52,"COL","Colombia",9,"Casanare",363,"Chámeza","","","Municipio","Municipality"
12404,52,"COL","Colombia",9,"Casanare",364,"Hato Corozal","","","Municipio","Municipality"
12405,52,"COL","Colombia",9,"Casanare",365,"La Salina","","","Municipio","Municipality"
12406,52,"COL","Colombia",9,"Casanare",366,"Maní","","","Municipio","Municipality"
12407,52,"COL","Colombia",9,"Casanare",367,"Monterrey","","","Municipio","Municipality"
12408,52,"COL","Colombia",9,"Casanare",368,"Nunchía","","","Municipio","Municipality"
12409,52,"COL","Colombia",9,"Casanare",369,"Orocué","","","Municipio","Municipality"
12410,52,"COL","Colombia",9,"Casanare",370,"Paz de Ariporo","","","Municipio","Municipality"
12411,52,"COL","Colombia",9,"Casanare",371,"Pore","","","Municipio","Municipality"
12412,52,"COL","Colombia",9,"Casanare",372,"Recetor","","","Municipio","Municipality"
12413,52,"COL","Colombia",9,"Casanare",373,"Sabanalarga","","","Municipio","Municipality"
12414,52,"COL","Colombia",9,"Casanare",374,"Sácama","","","Municipio","Municipality"
12415,52,"COL","Colombia",10,"Cauca",399,"Miranda","","","Municipio","Municipality"
12416,52,"COL","Colombia",10,"Cauca",400,"Morales","","","Municipio","Municipality"
12417,52,"COL","Colombia",10,"Cauca",401,"Padilla","","","Municipio","Municipality"
12418,52,"COL","Colombia",10,"Cauca",402,"Páez","","","Municipio","Municipality"
12419,52,"COL","Colombia",10,"Cauca",403,"Patía","","El Bordo","Municipio","Municipality"
12420,52,"COL","Colombia",10,"Cauca",404,"Piendamó","","","Municipio","Municipality"
12421,52,"COL","Colombia",10,"Cauca",405,"Popayán","","","Municipio","Municipality"
12422,52,"COL","Colombia",10,"Cauca",406,"Puerto Tejada","","","Municipio","Municipality"
12423,52,"COL","Colombia",10,"Cauca",407,"Puracé","","","Municipio","Municipality"
12424,52,"COL","Colombia",10,"Cauca",408,"Rosas","","","Municipio","Municipality"
12425,52,"COL","Colombia",10,"Cauca",409,"San Sebastián","","","Municipio","Municipality"
12426,52,"COL","Colombia",10,"Cauca",410,"Santa Rosa","","","Municipio","Municipality"
12427,52,"COL","Colombia",10,"Cauca",411,"Santander de Quilichao","","","Municipio","Municipality"
12428,52,"COL","Colombia",10,"Cauca",412,"Silvia","","","Municipio","Municipality"
12429,52,"COL","Colombia",10,"Cauca",413,"Sotará","","","Municipio","Municipality"
12430,52,"COL","Colombia",10,"Cauca",414,"Suárez","","","Municipio","Municipality"
12431,52,"COL","Colombia",10,"Cauca",415,"Timbío","","","Municipio","Municipality"
12432,52,"COL","Colombia",10,"Cauca",416,"Timbiquí","","","Municipio","Municipality"
12433,52,"COL","Colombia",10,"Cauca",417,"Toribío","","","Municipio","Municipality"
12434,52,"COL","Colombia",10,"Cauca",418,"Totoró","","","Municipio","Municipality"
12435,52,"COL","Colombia",11,"Cesar",419,"Aguachica","","","Municipio","Municipality"
12436,52,"COL","Colombia",11,"Cesar",420,"Agustín Codazzi","","","Municipio","Municipality"
12437,52,"COL","Colombia",11,"Cesar",421,"Astrea","","","Municipio","Municipality"
12438,52,"COL","Colombia",11,"Cesar",422,"Becerril","","","Municipio","Municipality"
12439,52,"COL","Colombia",11,"Cesar",423,"Bosconia","","","Municipio","Municipality"
12440,52,"COL","Colombia",11,"Cesar",424,"Chimichagua","","","Municipio","Municipality"
12441,52,"COL","Colombia",11,"Cesar",425,"Chiriguaná","","","Municipio","Municipality"
12442,52,"COL","Colombia",11,"Cesar",426,"Curumaní","","","Municipio","Municipality"
12443,52,"COL","Colombia",11,"Cesar",427,"El Copey","","","Municipio","Municipality"
12444,52,"COL","Colombia",11,"Cesar",428,"El Paso","","","Municipio","Municipality"
12445,52,"COL","Colombia",11,"Cesar",429,"Gamarra","","","Municipio","Municipality"
12446,52,"COL","Colombia",11,"Cesar",430,"González","","","Municipio","Municipality"
12447,52,"COL","Colombia",11,"Cesar",431,"La Gloria","","","Municipio","Municipality"
12448,52,"COL","Colombia",11,"Cesar",432,"La Jagua de Ibirico","","La Jagua De Irib","Municipio","Municipality"
12449,52,"COL","Colombia",11,"Cesar",433,"La Paz","","","Municipio","Municipality"
12450,52,"COL","Colombia",11,"Cesar",434,"Manaure","","Manaure Balcon D|Balcón del Cesar","Municipio","Municipality"
12451,52,"COL","Colombia",11,"Cesar",435,"Pailitas","","","Municipio","Municipality"
12452,52,"COL","Colombia",11,"Cesar",436,"Pelaya","","","Municipio","Municipality"
12453,52,"COL","Colombia",11,"Cesar",437,"Río de Oro","","","Municipio","Municipality"
12454,52,"COL","Colombia",11,"Cesar",438,"San Alberto","","","Municipio","Municipality"
12455,52,"COL","Colombia",11,"Cesar",439,"San Diego","","","Municipio","Municipality"
12456,52,"COL","Colombia",11,"Cesar",440,"San Martín","","","Municipio","Municipality"
12457,52,"COL","Colombia",11,"Cesar",441,"Tamalameque","","","Municipio","Municipality"
12458,52,"COL","Colombia",11,"Cesar",442,"Valledupar","","","Municipio","Municipality"
12459,52,"COL","Colombia",12,"Chocó",443,"Acandí","","","Municipio","Municipality"
12460,52,"COL","Colombia",12,"Chocó",444,"Alto Baudó","","Pie de Pato","Municipio","Municipality"
12461,52,"COL","Colombia",12,"Chocó",445,"Bagadó","","","Municipio","Municipality"
12462,52,"COL","Colombia",12,"Chocó",446,"Bahía Solano","",""," "," "
12463,52,"COL","Colombia",12,"Chocó",447,"Bajo Baudó","","Piza|Pizarro"," "," "
12464,52,"COL","Colombia",12,"Chocó",448,"Bojayá","","","Municipio","Municipality"
12465,52,"COL","Colombia",12,"Chocó",449,"Condoto","","","Municipio","Municipality"
12466,52,"COL","Colombia",12,"Chocó",450,"El Cantón del San Pablo","","San Pablo","Municipio","Municipality"
12467,52,"COL","Colombia",12,"Chocó",451,"El Carmen de Atrato","","El Carmen","Municipio","Municipality"
12468,52,"COL","Colombia",12,"Chocó",452,"El Litoral del San Juan","","Litoral Del San Juan","Municipio","Municipality"
12469,52,"COL","Colombia",12,"Chocó",453,"Istmina","","","Municipio","Municipality"
12470,52,"COL","Colombia",12,"Chocó",454,"Juradó","","","Municipio","Municipality"
12471,52,"COL","Colombia",12,"Chocó",455,"Lloró","","","Municipio","Municipality"
12472,52,"COL","Colombia",12,"Chocó",456,"Novita","","","Municipio","Municipality"
12473,52,"COL","Colombia",12,"Chocó",457,"Nuquí","","","Municipio","Municipality"
12474,52,"COL","Colombia",12,"Chocó",458,"Quibdó","","","Municipio","Municipality"
12475,52,"COL","Colombia",12,"Chocó",459,"Riosucio","","","Municipio","Municipality"
12476,52,"COL","Colombia",12,"Chocó",460,"San José del Palmar","","San Jose Del Pal","Municipio","Municipality"
12477,52,"COL","Colombia",12,"Chocó",461,"Sipí","","","Municipio","Municipality"
12478,52,"COL","Colombia",12,"Chocó",462,"Tadó","","","Municipio","Municipality"
12479,52,"COL","Colombia",12,"Chocó",463,"Unguía","","","Municipio","Municipality"
12480,52,"COL","Colombia",13,"Córdoba",464,"Ayapel","","","Municipio","Municipality"
12481,52,"COL","Colombia",13,"Córdoba",465,"Buenavista","","","Municipio","Municipality"
12482,52,"COL","Colombia",13,"Córdoba",466,"Canalete","","","Municipio","Municipality"
12483,52,"COL","Colombia",13,"Córdoba",467,"Cereté","","","Municipio","Municipality"
12484,52,"COL","Colombia",13,"Córdoba",468,"Chimá","","","Municipio","Municipality"
12485,52,"COL","Colombia",13,"Córdoba",469,"Chinú","","Chiné","Municipio","Municipality"
12486,52,"COL","Colombia",13,"Córdoba",470,"Ciénaga de Oro","","","Municipio","Municipality"
12487,52,"COL","Colombia",13,"Córdoba",471,"Los Córdobas","","","Municipio","Municipality"
12488,52,"COL","Colombia",13,"Córdoba",472,"Momil","","","Municipio","Municipality"
12489,52,"COL","Colombia",13,"Córdoba",473,"Moñitos","","","Municipio","Municipality"
12490,52,"COL","Colombia",13,"Córdoba",474,"Montelíbano","","","Municipio","Municipality"
12491,52,"COL","Colombia",13,"Córdoba",475,"Montería","","","Municipio","Municipality"
12492,52,"COL","Colombia",13,"Córdoba",476,"Planeta Rica","","","Municipio","Municipality"
12493,52,"COL","Colombia",13,"Córdoba",477,"Pueblo Nuevo","","","Municipio","Municipality"
12494,52,"COL","Colombia",13,"Córdoba",478,"Puerto Escondido","","","Municipio","Municipality"
12495,52,"COL","Colombia",13,"Córdoba",479,"Puerto Libertador","","Puerto Libertado","Municipio","Municipality"
12496,52,"COL","Colombia",13,"Córdoba",480,"Purísima","","","Municipio","Municipality"
12497,52,"COL","Colombia",13,"Córdoba",481,"San Andrés de Sotavento","","San Andres De So","Municipio","Municipality"
12498,52,"COL","Colombia",13,"Córdoba",482,"San Antero","","","Municipio","Municipality"
12499,52,"COL","Colombia",13,"Córdoba",483,"San Bernardino de Sahagún","","Sahagun|Sahagún|Sahagén","Municipio","Municipality"
12500,52,"COL","Colombia",13,"Córdoba",484,"San Bernardo del Viento","","","Municipio","Municipality"
12501,52,"COL","Colombia",13,"Córdoba",485,"San Carlos","","","Municipio","Municipality"
12502,52,"COL","Colombia",13,"Córdoba",486,"San Pelayo","","","Municipio","Municipality"
12503,52,"COL","Colombia",13,"Córdoba",487,"Santa Cruz de Lorica","","Lorica","Municipio","Municipality"
12504,52,"COL","Colombia",13,"Córdoba",488,"Tierralta","","","Municipio","Municipality"
12505,52,"COL","Colombia",13,"Córdoba",489,"Valencia","","","Municipio","Municipality"
12506,52,"COL","Colombia",14,"Cundinamarca",490,"Agua de Dios","","","Municipio","Municipality"
12507,52,"COL","Colombia",14,"Cundinamarca",491,"Albán","","","Municipio","Municipality"
12508,52,"COL","Colombia",14,"Cundinamarca",492,"Anapoima","","","Municipio","Municipality"
12509,52,"COL","Colombia",14,"Cundinamarca",493,"Anolaima","","","Municipio","Municipality"
12510,52,"COL","Colombia",14,"Cundinamarca",494,"Apulo","","Rafael Re","Municipio","Municipality"
12511,52,"COL","Colombia",14,"Cundinamarca",495,"Arbeláez","","","Municipio","Municipality"
12512,52,"COL","Colombia",14,"Cundinamarca",496,"Beltrán","","","Municipio","Municipality"
12513,52,"COL","Colombia",14,"Cundinamarca",497,"Bituima","","","Municipio","Municipality"
12514,52,"COL","Colombia",14,"Cundinamarca",498,"Bojacá","","","Municipio","Municipality"
12515,52,"COL","Colombia",14,"Cundinamarca",499,"Cabrera","","","Municipio","Municipality"
12516,52,"COL","Colombia",14,"Cundinamarca",500,"Cachipay","","","Municipio","Municipality"
12517,52,"COL","Colombia",14,"Cundinamarca",501,"Cajicá","","","Municipio","Municipality"
12518,52,"COL","Colombia",14,"Cundinamarca",502,"Caparrapí","","","Municipio","Municipality"
12519,52,"COL","Colombia",14,"Cundinamarca",503,"Cáqueza","","","Municipio","Municipality"
12520,52,"COL","Colombia",14,"Cundinamarca",504,"Carmen de Carupa","","","Municipio","Municipality"
12521,52,"COL","Colombia",14,"Cundinamarca",505,"Chaguaní","","","Municipio","Municipality"
12522,52,"COL","Colombia",14,"Cundinamarca",506,"Chía","","","Municipio","Municipality"
12523,52,"COL","Colombia",14,"Cundinamarca",507,"Chipaque","","","Municipio","Municipality"
12524,52,"COL","Colombia",14,"Cundinamarca",508,"Choachí","","","Municipio","Municipality"
12525,52,"COL","Colombia",14,"Cundinamarca",509,"Chocontá","","","Municipio","Municipality"
12526,52,"COL","Colombia",14,"Cundinamarca",510,"Cogua","","","Municipio","Municipality"
12527,52,"COL","Colombia",14,"Cundinamarca",511,"Cota","","","Municipio","Municipality"
12528,52,"COL","Colombia",14,"Cundinamarca",512,"Cucunubá","","","Municipio","Municipality"
12529,52,"COL","Colombia",14,"Cundinamarca",513,"El Colegio","","","Municipio","Municipality"
12530,52,"COL","Colombia",14,"Cundinamarca",514,"El Peñon","","","Municipio","Municipality"
12531,52,"COL","Colombia",14,"Cundinamarca",515,"Facatativá","","","Municipio","Municipality"
12532,52,"COL","Colombia",14,"Cundinamarca",516,"Fómeque","","","Municipio","Municipality"
12533,52,"COL","Colombia",14,"Cundinamarca",517,"Fosca","","","Municipio","Municipality"
12534,52,"COL","Colombia",14,"Cundinamarca",518,"Funza","","","Municipio","Municipality"
12535,52,"COL","Colombia",14,"Cundinamarca",519,"Fúquene","","Féquene","Municipio","Municipality"
12536,52,"COL","Colombia",14,"Cundinamarca",520,"Fusagasugá","","","Municipio","Municipality"
12537,52,"COL","Colombia",14,"Cundinamarca",521,"Gachalá","","","Municipio","Municipality"
12538,52,"COL","Colombia",14,"Cundinamarca",522,"Gachancipá","","","Municipio","Municipality"
12539,52,"COL","Colombia",14,"Cundinamarca",523,"Gachetá","","","Municipio","Municipality"
12540,52,"COL","Colombia",14,"Cundinamarca",524,"Gama","","","Municipio","Municipality"
12541,52,"COL","Colombia",14,"Cundinamarca",525,"Girardot","","","Municipio","Municipality"
12542,52,"COL","Colombia",14,"Cundinamarca",526,"Guachetá","","","Municipio","Municipality"
12543,52,"COL","Colombia",14,"Cundinamarca",527,"Guaduas","","","Municipio","Municipality"
12544,52,"COL","Colombia",14,"Cundinamarca",528,"Guasca","","","Municipio","Municipality"
12545,52,"COL","Colombia",14,"Cundinamarca",529,"Guataquí","","","Municipio","Municipality"
12546,52,"COL","Colombia",14,"Cundinamarca",530,"Guatavita","","","Municipio","Municipality"
12547,52,"COL","Colombia",14,"Cundinamarca",531,"Guayabal de Síquima","","Guayabal De Siqu","Municipio","Municipality"
12548,52,"COL","Colombia",14,"Cundinamarca",532,"Guayabetal","","","Municipio","Municipality"
12549,52,"COL","Colombia",14,"Cundinamarca",533,"Gutiérrez","","","Municipio","Municipality"
12550,52,"COL","Colombia",14,"Cundinamarca",534,"Jerusalén","","","Municipio","Municipality"
12551,52,"COL","Colombia",14,"Cundinamarca",535,"Junín","","","Municipio","Municipality"
12552,52,"COL","Colombia",14,"Cundinamarca",536,"La Calera","","","Municipio","Municipality"
12553,52,"COL","Colombia",14,"Cundinamarca",537,"La Mesa","","","Municipio","Municipality"
12554,52,"COL","Colombia",14,"Cundinamarca",538,"La Palma","","","Municipio","Municipality"
12555,52,"COL","Colombia",14,"Cundinamarca",539,"La Peña","","","Municipio","Municipality"
12556,52,"COL","Colombia",14,"Cundinamarca",540,"La Vega","","","Municipio","Municipality"
12557,52,"COL","Colombia",14,"Cundinamarca",541,"Lenguazaque","","","Municipio","Municipality"
12558,52,"COL","Colombia",14,"Cundinamarca",542,"Machetá","","","Municipio","Municipality"
12559,52,"COL","Colombia",14,"Cundinamarca",543,"Madrid","","","Municipio","Municipality"
12560,52,"COL","Colombia",14,"Cundinamarca",544,"Manta","","","Municipio","Municipality"
12561,52,"COL","Colombia",14,"Cundinamarca",545,"Medina","","","Municipio","Municipality"
12562,52,"COL","Colombia",14,"Cundinamarca",546,"Mosquera","","","Municipio","Municipality"
12563,52,"COL","Colombia",14,"Cundinamarca",547,"Nariño","","","Municipio","Municipality"
12564,52,"COL","Colombia",14,"Cundinamarca",548,"Nemocón","","","Municipio","Municipality"
12565,52,"COL","Colombia",14,"Cundinamarca",549,"Nilo","","","Municipio","Municipality"
12566,52,"COL","Colombia",14,"Cundinamarca",550,"Nimaima","","","Municipio","Municipality"
12567,52,"COL","Colombia",14,"Cundinamarca",551,"Nocaima","","","Municipio","Municipality"
12568,52,"COL","Colombia",14,"Cundinamarca",552,"Pacho","","","Municipio","Municipality"
12569,52,"COL","Colombia",14,"Cundinamarca",553,"Paime","","","Municipio","Municipality"
12570,52,"COL","Colombia",14,"Cundinamarca",554,"Pandi","","","Municipio","Municipality"
12571,52,"COL","Colombia",14,"Cundinamarca",555,"Paratebueno","","","Municipio","Municipality"
12572,52,"COL","Colombia",14,"Cundinamarca",556,"Pasca","","","Municipio","Municipality"
12573,52,"COL","Colombia",14,"Cundinamarca",557,"Puerto Salgar","","","Municipio","Municipality"
12574,52,"COL","Colombia",14,"Cundinamarca",558,"Pulí","","","Municipio","Municipality"
12575,52,"COL","Colombia",14,"Cundinamarca",559,"Quebradanegra","","","Municipio","Municipality"
12576,52,"COL","Colombia",14,"Cundinamarca",560,"Quetame","","","Municipio","Municipality"
12577,52,"COL","Colombia",14,"Cundinamarca",561,"Quipile","","","Municipio","Municipality"
12578,52,"COL","Colombia",14,"Cundinamarca",562,"Ricaurte","","","Municipio","Municipality"
12579,52,"COL","Colombia",14,"Cundinamarca",563,"San Antonio del Tequendama","","San Antonio Del","Municipio","Municipality"
12580,52,"COL","Colombia",14,"Cundinamarca",564,"San Bernardo","","","Municipio","Municipality"
12581,52,"COL","Colombia",14,"Cundinamarca",565,"San Cayetano","","","Municipio","Municipality"
12582,52,"COL","Colombia",14,"Cundinamarca",566,"San Francisco","","","Municipio","Municipality"
12583,52,"COL","Colombia",14,"Cundinamarca",567,"San Juan de Río Seco","","San Juan De Rio","Municipio","Municipality"
12584,52,"COL","Colombia",14,"Cundinamarca",568,"Santafé de Bogotá","",""," "," "
12585,52,"COL","Colombia",14,"Cundinamarca",569,"Sasaima","","","Municipio","Municipality"
12586,52,"COL","Colombia",14,"Cundinamarca",570,"Sesquilé","","","Municipio","Municipality"
12587,52,"COL","Colombia",14,"Cundinamarca",571,"Sibaté","","","Municipio","Municipality"
12588,52,"COL","Colombia",14,"Cundinamarca",572,"Silvania","","","Municipio","Municipality"
12589,52,"COL","Colombia",14,"Cundinamarca",573,"Simijaca","","","Municipio","Municipality"
12590,52,"COL","Colombia",14,"Cundinamarca",574,"Soacha","","","Municipio","Municipality"
12591,52,"COL","Colombia",14,"Cundinamarca",575,"Sopó","","","Municipio","Municipality"
12592,52,"COL","Colombia",14,"Cundinamarca",576,"Subachoque","","","Municipio","Municipality"
12593,52,"COL","Colombia",14,"Cundinamarca",577,"Suesca","","","Municipio","Municipality"
12594,52,"COL","Colombia",14,"Cundinamarca",578,"Supatá","","","Municipio","Municipality"
12595,52,"COL","Colombia",14,"Cundinamarca",579,"Susa","","","Municipio","Municipality"
12596,52,"COL","Colombia",14,"Cundinamarca",580,"Sutatausa","","","Municipio","Municipality"
12597,52,"COL","Colombia",14,"Cundinamarca",581,"Tabio","","","Municipio","Municipality"
12598,52,"COL","Colombia",14,"Cundinamarca",582,"Tausa","","","Municipio","Municipality"
12599,52,"COL","Colombia",14,"Cundinamarca",583,"Tena","","","Municipio","Municipality"
12600,52,"COL","Colombia",14,"Cundinamarca",584,"Tenjo","","","Municipio","Municipality"
12601,52,"COL","Colombia",14,"Cundinamarca",585,"Tibacuy","","","Municipio","Municipality"
12602,52,"COL","Colombia",14,"Cundinamarca",586,"Tibirita","","","Municipio","Municipality"
12603,52,"COL","Colombia",14,"Cundinamarca",587,"Tocaima","","","Municipio","Municipality"
12604,52,"COL","Colombia",14,"Cundinamarca",588,"Tocancipá","","","Municipio","Municipality"
12605,52,"COL","Colombia",14,"Cundinamarca",589,"Topaipí","","","Municipio","Municipality"
12606,52,"COL","Colombia",14,"Cundinamarca",590,"Ubalá","","","Municipio","Municipality"
12607,52,"COL","Colombia",14,"Cundinamarca",591,"Ubaque","","","Municipio","Municipality"
12608,52,"COL","Colombia",14,"Cundinamarca",592,"Une","","","Municipio","Municipality"
12609,52,"COL","Colombia",14,"Cundinamarca",593,"Utica","","","Municipio","Municipality"
12610,52,"COL","Colombia",14,"Cundinamarca",594,"Venecia","","Ospina Perez","Municipio","Municipality"
12611,52,"COL","Colombia",14,"Cundinamarca",595,"Vergara","","","Municipio","Municipality"
12612,52,"COL","Colombia",14,"Cundinamarca",596,"Vianí","","","Municipio","Municipality"
12613,52,"COL","Colombia",14,"Cundinamarca",597,"Villa de San Diego de Ubaté","","Ubate|Ubaté","Municipio","Municipality"
12614,52,"COL","Colombia",14,"Cundinamarca",598,"Villagómez","","","Municipio","Municipality"
12615,52,"COL","Colombia",14,"Cundinamarca",599,"Villapinzón","","","Municipio","Municipality"
12616,52,"COL","Colombia",14,"Cundinamarca",600,"Villeta","","","Municipio","Municipality"
12617,52,"COL","Colombia",14,"Cundinamarca",601,"Viotá","","","Municipio","Municipality"
12618,52,"COL","Colombia",14,"Cundinamarca",602,"Yacopí","","","Municipio","Municipality"
12619,52,"COL","Colombia",14,"Cundinamarca",603,"Zipacón","","","Municipio","Municipality"
12620,52,"COL","Colombia",14,"Cundinamarca",604,"Zipaquirá","","","Municipio","Municipality"
12621,52,"COL","Colombia",15,"Guainía",605,"Barranco Minas","",""," "," "
12622,52,"COL","Colombia",15,"Guainía",606,"Cacahual","","","Corregimiento Departamento","Corregimiento Departamento"
12623,52,"COL","Colombia",15,"Guainía",607,"La Guadalupe","","","Corregimiento Departamento","Corregimiento Departamento"
12624,52,"COL","Colombia",15,"Guainía",608,"Pana Pana","","","Corregimiento Departamento","Corregimiento Departamento"
12625,52,"COL","Colombia",15,"Guainía",609,"Puerto Colombia","","","Municipio","Municipality"
12626,52,"COL","Colombia",15,"Guainía",610,"Puerto Inírida","","Inirida"," "," "
12627,52,"COL","Colombia",15,"Guainía",611,"San Felipe","","","Corregimiento Departamento","Corregimiento Departamento"
12628,52,"COL","Colombia",16,"Guaviare",612,"Calamar","","","Municipio","Municipality"
12629,52,"COL","Colombia",16,"Guaviare",613,"El Retorno","","","Municipio","Municipality"
12630,52,"COL","Colombia",16,"Guaviare",614,"Miraflores","","","Municipio","Municipality"
12631,52,"COL","Colombia",16,"Guaviare",615,"San José del Guaviare","","San Jose Del Gua","Municipio","Municipality"
12632,52,"COL","Colombia",17,"Huila",616,"Acevedo","","","Municipio","Municipality"
12633,52,"COL","Colombia",17,"Huila",617,"Agrado","","","Municipio","Municipality"
12634,52,"COL","Colombia",17,"Huila",618,"Aipe","","","Municipio","Municipality"
12635,52,"COL","Colombia",17,"Huila",619,"Algeciras","","","Municipio","Municipality"
12636,52,"COL","Colombia",17,"Huila",620,"Altamira","","","Municipio","Municipality"
12637,52,"COL","Colombia",17,"Huila",621,"Baraya","","","Municipio","Municipality"
12638,52,"COL","Colombia",17,"Huila",622,"Campoalegre","","","Municipio","Municipality"
12639,52,"COL","Colombia",17,"Huila",623,"Colombia","","","Municipio","Municipality"
12640,52,"COL","Colombia",17,"Huila",624,"Elías","","","Municipio","Municipality"
12641,52,"COL","Colombia",17,"Huila",625,"Garzón","","","Municipio","Municipality"
12642,52,"COL","Colombia",17,"Huila",626,"Gigante","","","Municipio","Municipality"
12643,52,"COL","Colombia",17,"Huila",627,"Guadalupe","","","Municipio","Municipality"
12644,52,"COL","Colombia",17,"Huila",628,"Hobo","","","Municipio","Municipality"
12645,52,"COL","Colombia",17,"Huila",629,"Iquira","","","Municipio","Municipality"
12646,52,"COL","Colombia",17,"Huila",630,"Isnos","","","Municipio","Municipality"
12647,52,"COL","Colombia",17,"Huila",631,"La Argentina","","","Municipio","Municipality"
12648,52,"COL","Colombia",17,"Huila",632,"La Plata","","","Municipio","Municipality"
12649,52,"COL","Colombia",17,"Huila",633,"Nátaga","","","Municipio","Municipality"
12650,52,"COL","Colombia",17,"Huila",634,"Neiva","","","Municipio","Municipality"
12651,52,"COL","Colombia",17,"Huila",635,"Oporapa","","","Municipio","Municipality"
12652,52,"COL","Colombia",17,"Huila",636,"Paicol","","","Municipio","Municipality"
12653,52,"COL","Colombia",17,"Huila",637,"Palermo","","","Municipio","Municipality"
12654,52,"COL","Colombia",17,"Huila",638,"Palestina","","","Municipio","Municipality"
12655,52,"COL","Colombia",17,"Huila",639,"Pital","","","Municipio","Municipality"
12656,52,"COL","Colombia",17,"Huila",640,"Pitalito","","","Municipio","Municipality"
12657,52,"COL","Colombia",17,"Huila",641,"Rivera","","","Municipio","Municipality"
12658,52,"COL","Colombia",17,"Huila",642,"Saladoblanco","","Salado Blanco","Municipio","Municipality"
12659,52,"COL","Colombia",17,"Huila",643,"San Agustín","","","Municipio","Municipality"
12660,52,"COL","Colombia",17,"Huila",644,"Santa María","","","Municipio","Municipality"
12661,52,"COL","Colombia",17,"Huila",645,"Suaza","","","Municipio","Municipality"
12662,52,"COL","Colombia",17,"Huila",646,"Tarquí","","","Municipio","Municipality"
12663,52,"COL","Colombia",17,"Huila",647,"Tello","","","Municipio","Municipality"
12664,52,"COL","Colombia",17,"Huila",648,"Teruel","","","Municipio","Municipality"
12665,52,"COL","Colombia",17,"Huila",649,"Tesalia","","","Municipio","Municipality"
12666,52,"COL","Colombia",17,"Huila",650,"Timaná","","","Municipio","Municipality"
12667,52,"COL","Colombia",17,"Huila",651,"Villavieja","","Villa Vieja","Municipio","Municipality"
12668,52,"COL","Colombia",17,"Huila",652,"Yaguará","","","Municipio","Municipality"
12669,52,"COL","Colombia",18,"La Guajira",653,"Barrancas","","","Municipio","Municipality"
12670,52,"COL","Colombia",18,"La Guajira",654,"El Molino","","","Municipio","Municipality"
12671,52,"COL","Colombia",18,"La Guajira",655,"Fonseca","","","Municipio","Municipality"
12672,52,"COL","Colombia",18,"La Guajira",656,"Maicao","","","Municipio","Municipality"
12673,52,"COL","Colombia",18,"La Guajira",657,"Manaure","","","Municipio","Municipality"
12674,52,"COL","Colombia",18,"La Guajira",658,"Riohacha","","","Municipio","Municipality"
12675,52,"COL","Colombia",18,"La Guajira",659,"San Juan del Cesar","","San Juan Del Ces","Municipio","Municipality"
12676,52,"COL","Colombia",18,"La Guajira",660,"Uribia","","","Municipio","Municipality"
12677,52,"COL","Colombia",18,"La Guajira",661,"Urumita","","","Municipio","Municipality"
12678,52,"COL","Colombia",18,"La Guajira",662,"Villanueva","","","Municipio","Municipality"
12679,52,"COL","Colombia",19,"Magdalena",663,"Aracataca","","","Municipio","Municipality"
12680,52,"COL","Colombia",19,"Magdalena",664,"Ariguaní","","","Municipio","Municipality"
12681,52,"COL","Colombia",19,"Magdalena",665,"Cerro de San Antonio","","","Municipio","Municipality"
12682,52,"COL","Colombia",19,"Magdalena",666,"Chivolo","","","Municipio","Municipality"
12683,52,"COL","Colombia",19,"Magdalena",667,"Ciénaga","","","Municipio","Municipality"
12684,52,"COL","Colombia",19,"Magdalena",668,"El Banco","","","Municipio","Municipality"
12685,52,"COL","Colombia",19,"Magdalena",669,"El Piñón","","","Municipio","Municipality"
12686,52,"COL","Colombia",19,"Magdalena",670,"Fundación","","","Municipio","Municipality"
12687,52,"COL","Colombia",19,"Magdalena",671,"Guamal","","","Municipio","Municipality"
12688,52,"COL","Colombia",19,"Magdalena",672,"Pedraza","","","Municipio","Municipality"
12689,52,"COL","Colombia",19,"Magdalena",673,"Pivijay","","","Municipio","Municipality"
12690,52,"COL","Colombia",19,"Magdalena",674,"Plato","","","Municipio","Municipality"
12691,52,"COL","Colombia",19,"Magdalena",675,"Pueblo Viejo","","","Municipio","Municipality"
12692,52,"COL","Colombia",19,"Magdalena",676,"Remolino","","","Municipio","Municipality"
12693,52,"COL","Colombia",19,"Magdalena",677,"Salamina","","","Municipio","Municipality"
12694,52,"COL","Colombia",19,"Magdalena",678,"San Sebastián de Buenavista","","","Municipio","Municipality"
12695,52,"COL","Colombia",19,"Magdalena",679,"San Zenón","","","Municipio","Municipality"
12696,52,"COL","Colombia",19,"Magdalena",680,"Santa Ana","","","Municipio","Municipality"
12697,52,"COL","Colombia",19,"Magdalena",681,"Santa Marta (Dist. Esp.)","","Santa Marta","Municipio","Municipality"
12698,52,"COL","Colombia",19,"Magdalena",682,"Tenerife","","","Municipio","Municipality"
12699,52,"COL","Colombia",20,"Meta",683,"Acacías","","","Municipio","Municipality"
12700,52,"COL","Colombia",20,"Meta",684,"Barranca de Upía","","","Municipio","Municipality"
12701,52,"COL","Colombia",20,"Meta",685,"Cabuyaro","","","Municipio","Municipality"
12702,52,"COL","Colombia",20,"Meta",686,"Castilla la Nueva","","","Municipio","Municipality"
12703,52,"COL","Colombia",20,"Meta",687,"Cumaral","","","Municipio","Municipality"
12704,52,"COL","Colombia",20,"Meta",688,"El Calvario","","","Municipio","Municipality"
12705,52,"COL","Colombia",20,"Meta",689,"El Castillo","","","Municipio","Municipality"
12706,52,"COL","Colombia",20,"Meta",690,"El Dorado","","","Municipio","Municipality"
12707,52,"COL","Colombia",20,"Meta",691,"Fuente de Oro","","","Municipio","Municipality"
12708,52,"COL","Colombia",20,"Meta",692,"Granada","","","Municipio","Municipality"
12709,52,"COL","Colombia",20,"Meta",693,"Guamal","","","Municipio","Municipality"
12710,52,"COL","Colombia",20,"Meta",694,"La Macarena","","","Municipio","Municipality"
12711,52,"COL","Colombia",20,"Meta",695,"La Uribe","","","Municipio","Municipality"
12712,52,"COL","Colombia",20,"Meta",696,"Lejanías","","","Municipio","Municipality"
12713,52,"COL","Colombia",20,"Meta",697,"Mapiripán","","","Municipio","Municipality"
12714,52,"COL","Colombia",20,"Meta",698,"Mesetas","","","Municipio","Municipality"
12715,52,"COL","Colombia",20,"Meta",699,"Puerto Concordia","","","Municipio","Municipality"
12716,52,"COL","Colombia",20,"Meta",700,"Puerto Gaitán","","","Municipio","Municipality"
12717,52,"COL","Colombia",20,"Meta",701,"Puerto Lleras","","","Municipio","Municipality"
12718,52,"COL","Colombia",20,"Meta",702,"Puerto López","","","Municipio","Municipality"
12719,52,"COL","Colombia",20,"Meta",703,"Puerto Rico","","","Municipio","Municipality"
12720,52,"COL","Colombia",20,"Meta",704,"Restrepo","","","Municipio","Municipality"
12721,52,"COL","Colombia",20,"Meta",705,"San Carlos de Guaroa","","","Municipio","Municipality"
12722,52,"COL","Colombia",20,"Meta",706,"San Juan de Arama","","San Juan De Aram","Municipio","Municipality"
12723,52,"COL","Colombia",20,"Meta",707,"San Juanito","","","Municipio","Municipality"
12724,52,"COL","Colombia",20,"Meta",708,"San Luis de Cubarral","","Cubarral","Municipio","Municipality"
12725,52,"COL","Colombia",20,"Meta",709,"San Martín","","","Municipio","Municipality"
12726,52,"COL","Colombia",20,"Meta",710,"Villavicencio","","","Municipio","Municipality"
12727,52,"COL","Colombia",20,"Meta",711,"Vista Hermosa","","Vistahermosa","Municipio","Municipality"
12728,52,"COL","Colombia",21,"Nariño",712,"Albán","","","Municipio","Municipality"
12729,52,"COL","Colombia",21,"Nariño",713,"Aldana","","","Municipio","Municipality"
12730,52,"COL","Colombia",21,"Nariño",714,"Ancuyá","","","Municipio","Municipality"
12731,52,"COL","Colombia",21,"Nariño",715,"Arboleda","","","Municipio","Municipality"
12732,52,"COL","Colombia",21,"Nariño",716,"Barbacoas","","","Municipio","Municipality"
12733,52,"COL","Colombia",21,"Nariño",717,"Belén","",""," "," "
12734,52,"COL","Colombia",21,"Nariño",718,"Buesaco","","","Municipio","Municipality"
12735,52,"COL","Colombia",21,"Nariño",719,"Chachagüí","","","Municipio","Municipality"
12736,52,"COL","Colombia",21,"Nariño",720,"Colón","","","Municipio","Municipality"
12737,52,"COL","Colombia",21,"Nariño",721,"Consacá","","","Municipio","Municipality"
12738,52,"COL","Colombia",21,"Nariño",722,"Contadero","","","Municipio","Municipality"
12739,52,"COL","Colombia",21,"Nariño",723,"Córdoba","","","Municipio","Municipality"
12740,52,"COL","Colombia",21,"Nariño",724,"Cuaspud","","","Municipio","Municipality"
12741,52,"COL","Colombia",21,"Nariño",725,"Cumbal","","","Municipio","Municipality"
12742,52,"COL","Colombia",21,"Nariño",726,"Cumbitara","","","Municipio","Municipality"
12743,52,"COL","Colombia",21,"Nariño",727,"El Charco","","","Municipio","Municipality"
12744,52,"COL","Colombia",21,"Nariño",728,"El Rosario","","","Municipio","Municipality"
12745,52,"COL","Colombia",21,"Nariño",729,"El Tablón de Gomez","","El Tablon|El Tablón","Municipio","Municipality"
12746,52,"COL","Colombia",21,"Nariño",730,"El Tambo","","","Municipio","Municipality"
12747,52,"COL","Colombia",21,"Nariño",731,"Francisco Pizarro","","Francisco Pizarr","Municipio","Municipality"
12748,52,"COL","Colombia",21,"Nariño",732,"Funes","","","Municipio","Municipality"
12749,52,"COL","Colombia",21,"Nariño",733,"Guachucal","","","Municipio","Municipality"
12750,52,"COL","Colombia",21,"Nariño",734,"Guaitarilla","","","Municipio","Municipality"
12751,52,"COL","Colombia",21,"Nariño",735,"Gualmatán","","","Municipio","Municipality"
12752,52,"COL","Colombia",21,"Nariño",736,"Iles","","","Municipio","Municipality"
12753,52,"COL","Colombia",21,"Nariño",737,"Imués","","","Municipio","Municipality"
12754,52,"COL","Colombia",21,"Nariño",738,"Ipiales","","","Municipio","Municipality"
12755,52,"COL","Colombia",21,"Nariño",739,"La Cruz","","","Municipio","Municipality"
12756,52,"COL","Colombia",21,"Nariño",740,"La Florida","","","Municipio","Municipality"
12757,52,"COL","Colombia",21,"Nariño",741,"La Llanada","","","Municipio","Municipality"
12758,52,"COL","Colombia",21,"Nariño",742,"La Tola","","","Municipio","Municipality"
12759,52,"COL","Colombia",21,"Nariño",743,"La Unión de Sucre","","La Union|La Unión","Municipio","Municipality"
12760,52,"COL","Colombia",21,"Nariño",744,"Leiva","","","Municipio","Municipality"
12761,52,"COL","Colombia",21,"Nariño",745,"Linares","","","Municipio","Municipality"
12762,52,"COL","Colombia",21,"Nariño",746,"Los Andes","","","Municipio","Municipality"
12763,52,"COL","Colombia",21,"Nariño",747,"Magüí","","","Municipio","Municipality"
12764,52,"COL","Colombia",21,"Nariño",748,"Mallama","","","Municipio","Municipality"
12765,52,"COL","Colombia",21,"Nariño",749,"Mosquera","","","Municipio","Municipality"
12766,52,"COL","Colombia",21,"Nariño",750,"Olaya Herrera","","","Municipio","Municipality"
12767,52,"COL","Colombia",21,"Nariño",751,"Ospina","","","Municipio","Municipality"
12768,52,"COL","Colombia",21,"Nariño",752,"Policarpa","","","Municipio","Municipality"
12769,52,"COL","Colombia",21,"Nariño",753,"Potosí","","","Municipio","Municipality"
12770,52,"COL","Colombia",21,"Nariño",754,"Providencia","","","Municipio","Municipality"
12771,52,"COL","Colombia",21,"Nariño",755,"Puerres","","","Municipio","Municipality"
12772,52,"COL","Colombia",21,"Nariño",756,"Pupiales","","","Municipio","Municipality"
12773,52,"COL","Colombia",21,"Nariño",757,"Ricaurte","","","Municipio","Municipality"
12774,52,"COL","Colombia",21,"Nariño",758,"Roberto Payán","","","Municipio","Municipality"
12775,52,"COL","Colombia",21,"Nariño",759,"Samaniego","","","Municipio","Municipality"
12776,52,"COL","Colombia",21,"Nariño",760,"San Bernardo","","","Municipio","Municipality"
12777,52,"COL","Colombia",21,"Nariño",761,"San Juan de Pasto","","Pasto","Municipio","Municipality"
12778,52,"COL","Colombia",21,"Nariño",762,"San Lorenzo","","","Municipio","Municipality"
12779,52,"COL","Colombia",21,"Nariño",763,"San Pablo","","","Municipio","Municipality"
12780,52,"COL","Colombia",21,"Nariño",764,"San Pedro de Cartago","","","Municipio","Municipality"
12781,52,"COL","Colombia",21,"Nariño",765,"Sandoná","","","Municipio","Municipality"
12782,52,"COL","Colombia",21,"Nariño",766,"Santa Bárbara","","","Municipio","Municipality"
12783,52,"COL","Colombia",21,"Nariño",767,"Santa Cruz","","","Municipio","Municipality"
12784,52,"COL","Colombia",21,"Nariño",768,"Sapuyes","","","Municipio","Municipality"
12785,52,"COL","Colombia",21,"Nariño",769,"Taminango","","","Municipio","Municipality"
12786,52,"COL","Colombia",21,"Nariño",770,"Tangua","","","Municipio","Municipality"
12787,52,"COL","Colombia",21,"Nariño",771,"Tumaco","","","Municipio","Municipality"
12788,52,"COL","Colombia",21,"Nariño",772,"Túquerres","","Téquerres","Municipio","Municipality"
12789,52,"COL","Colombia",21,"Nariño",773,"Yacuanquer","","","Municipio","Municipality"
12790,52,"COL","Colombia",22,"Norte de Santander",774,"Abrego","","","Municipio","Municipality"
12791,52,"COL","Colombia",22,"Norte de Santander",775,"Arboledas","","","Municipio","Municipality"
12792,52,"COL","Colombia",22,"Norte de Santander",776,"Bochalema","","","Municipio","Municipality"
12793,52,"COL","Colombia",22,"Norte de Santander",777,"Bucarasica","","","Municipio","Municipality"
12794,52,"COL","Colombia",22,"Norte de Santander",778,"Cáchira","","","Municipio","Municipality"
12795,52,"COL","Colombia",22,"Norte de Santander",779,"Cácota","","","Municipio","Municipality"
12796,52,"COL","Colombia",22,"Norte de Santander",780,"Chinácota","","","Municipio","Municipality"
12797,52,"COL","Colombia",22,"Norte de Santander",781,"Chitagá","","","Municipio","Municipality"
12798,52,"COL","Colombia",22,"Norte de Santander",782,"Convención","","","Municipio","Municipality"
12799,52,"COL","Colombia",22,"Norte de Santander",783,"Cucutilla","","","Municipio","Municipality"
12800,52,"COL","Colombia",22,"Norte de Santander",784,"Durania","","","Municipio","Municipality"
12801,52,"COL","Colombia",22,"Norte de Santander",785,"El Carmen","","","Municipio","Municipality"
12802,52,"COL","Colombia",22,"Norte de Santander",786,"El Tarra","","","Municipio","Municipality"
12803,52,"COL","Colombia",22,"Norte de Santander",787,"El Zulia","","","Municipio","Municipality"
12804,52,"COL","Colombia",22,"Norte de Santander",788,"Gramalote","","","Municipio","Municipality"
12805,52,"COL","Colombia",22,"Norte de Santander",789,"Hacarí","","","Municipio","Municipality"
12806,52,"COL","Colombia",22,"Norte de Santander",790,"Herrán","","","Municipio","Municipality"
12807,52,"COL","Colombia",22,"Norte de Santander",791,"La Esperanza","","","Municipio","Municipality"
12808,52,"COL","Colombia",22,"Norte de Santander",792,"La Playa de Belén","","La Playa","Municipio","Municipality"
12809,52,"COL","Colombia",22,"Norte de Santander",793,"Labateca","","","Municipio","Municipality"
12810,52,"COL","Colombia",22,"Norte de Santander",794,"Los Patios","","","Municipio","Municipality"
12811,52,"COL","Colombia",22,"Norte de Santander",795,"Lourdes","","","Municipio","Municipality"
12812,52,"COL","Colombia",22,"Norte de Santander",796,"Mutiscua","","","Municipio","Municipality"
12813,52,"COL","Colombia",22,"Norte de Santander",797,"Ocaña","","","Municipio","Municipality"
12814,52,"COL","Colombia",22,"Norte de Santander",798,"Pamplona","","","Municipio","Municipality"
12815,52,"COL","Colombia",22,"Norte de Santander",799,"Pamplonita","","","Municipio","Municipality"
12816,52,"COL","Colombia",22,"Norte de Santander",800,"Puerto Santander","","","Corregimiento Departamento","Corregimiento Departamento"
12817,52,"COL","Colombia",22,"Norte de Santander",801,"Ragonvalia","","","Municipio","Municipality"
12818,52,"COL","Colombia",22,"Norte de Santander",802,"Salazar de las Palmas","","Salazar","Municipio","Municipality"
12819,52,"COL","Colombia",22,"Norte de Santander",803,"San Calixto","","","Municipio","Municipality"
12820,52,"COL","Colombia",22,"Norte de Santander",804,"San Cayetano","","","Municipio","Municipality"
12821,52,"COL","Colombia",22,"Norte de Santander",805,"San José de Cúcuta","","Cucuta|Cúcuta|Cécuta","Municipio","Municipality"
12822,52,"COL","Colombia",22,"Norte de Santander",806,"Santiago","","","Municipio","Municipality"
12823,52,"COL","Colombia",22,"Norte de Santander",807,"Santo Domingo de Silos","","Silos","Municipio","Municipality"
12824,52,"COL","Colombia",22,"Norte de Santander",808,"Sardinata","","","Municipio","Municipality"
12825,52,"COL","Colombia",22,"Norte de Santander",809,"Teorama","","","Municipio","Municipality"
12826,52,"COL","Colombia",22,"Norte de Santander",810,"Tibú","","Tibé","Municipio","Municipality"
12827,52,"COL","Colombia",22,"Norte de Santander",811,"Toledo","","","Municipio","Municipality"
12828,52,"COL","Colombia",22,"Norte de Santander",812,"Villa Caro","","","Municipio","Municipality"
12829,52,"COL","Colombia",22,"Norte de Santander",813,"Villa del Rosario","","Villa Del Rosari","Municipio","Municipality"
12830,52,"COL","Colombia",24,"Quindío",837,"Salento","","","Municipio","Municipality"
12831,52,"COL","Colombia",25,"Risaralda",838,"Apía","","","Municipio","Municipality"
12832,52,"COL","Colombia",25,"Risaralda",839,"Balboa","","","Municipio","Municipality"
12833,52,"COL","Colombia",25,"Risaralda",840,"Belén de Umbría","","","Municipio","Municipality"
12834,52,"COL","Colombia",25,"Risaralda",841,"Dosquebradas","","Dos Quebradas","Municipio","Municipality"
12835,52,"COL","Colombia",25,"Risaralda",842,"Guática","","","Municipio","Municipality"
12836,52,"COL","Colombia",25,"Risaralda",843,"La Celia","","","Municipio","Municipality"
12837,52,"COL","Colombia",25,"Risaralda",844,"La Virginia","","","Municipio","Municipality"
12838,52,"COL","Colombia",25,"Risaralda",845,"Marsella","","","Municipio","Municipality"
12839,52,"COL","Colombia",25,"Risaralda",846,"Mistrato","","","Municipio","Municipality"
12840,52,"COL","Colombia",25,"Risaralda",847,"Pereira","","","Municipio","Municipality"
12841,52,"COL","Colombia",25,"Risaralda",848,"Pueblo Rico","","","Municipio","Municipality"
12842,52,"COL","Colombia",25,"Risaralda",849,"Quinchía","","","Municipio","Municipality"
12843,52,"COL","Colombia",25,"Risaralda",850,"Santa Rosa de Cabal","","","Municipio","Municipality"
12844,52,"COL","Colombia",25,"Risaralda",851,"Santuario","","","Municipio","Municipality"
12845,52,"COL","Colombia",26,"San Andrés y Providencia",852,"n.a. (1)","","","",""
12846,52,"COL","Colombia",26,"San Andrés y Providencia",853,"Providencia","","","Municipio","Municipality"
12847,52,"COL","Colombia",26,"San Andrés y Providencia",854,"San Andrés","","","Municipio","Municipality"
12848,52,"COL","Colombia",27,"Santander",855,"Aguada","","","Municipio","Municipality"
12849,52,"COL","Colombia",27,"Santander",856,"Albania","","","Municipio","Municipality"
12850,52,"COL","Colombia",27,"Santander",857,"Aratoca","","","Municipio","Municipality"
12851,52,"COL","Colombia",27,"Santander",858,"Barbosa","","","Municipio","Municipality"
12852,52,"COL","Colombia",27,"Santander",859,"Barichara","","","Municipio","Municipality"
12853,52,"COL","Colombia",27,"Santander",860,"Barrancabermeja","","","Municipio","Municipality"
12854,52,"COL","Colombia",27,"Santander",861,"Betulia","","","Municipio","Municipality"
12855,52,"COL","Colombia",27,"Santander",862,"Bolívar","","","Municipio","Municipality"
12856,52,"COL","Colombia",27,"Santander",863,"Bucaramanga","","","Municipio","Municipality"
12857,52,"COL","Colombia",27,"Santander",864,"Cabrera","","","Municipio","Municipality"
12858,52,"COL","Colombia",27,"Santander",865,"California","","","Municipio","Municipality"
12859,52,"COL","Colombia",27,"Santander",866,"Capitanejo","","","Municipio","Municipality"
12860,52,"COL","Colombia",27,"Santander",867,"Carcasí","","","Municipio","Municipality"
12861,52,"COL","Colombia",27,"Santander",868,"Cepitá","","","Municipio","Municipality"
12862,52,"COL","Colombia",27,"Santander",869,"Cerrito","","","Municipio","Municipality"
12863,52,"COL","Colombia",27,"Santander",870,"Charalá","","","Municipio","Municipality"
12864,52,"COL","Colombia",27,"Santander",871,"Charta","","","Municipio","Municipality"
12865,52,"COL","Colombia",27,"Santander",872,"Chimá","","","Municipio","Municipality"
12866,52,"COL","Colombia",27,"Santander",873,"Chipatá","","","Municipio","Municipality"
12867,52,"COL","Colombia",27,"Santander",874,"Cimitarra","","","Municipio","Municipality"
12868,52,"COL","Colombia",27,"Santander",875,"Concepción","","","Municipio","Municipality"
12869,52,"COL","Colombia",27,"Santander",876,"Confines","","","Municipio","Municipality"
12870,52,"COL","Colombia",27,"Santander",877,"Contratación","","","Municipio","Municipality"
12871,52,"COL","Colombia",27,"Santander",878,"Coromoro","","","Municipio","Municipality"
12872,52,"COL","Colombia",27,"Santander",879,"Curití","","","Municipio","Municipality"
12873,52,"COL","Colombia",27,"Santander",880,"El Carmen de Chucurí","","El Carmen","Municipio","Municipality"
12874,52,"COL","Colombia",27,"Santander",881,"El Guacamayo","","","Municipio","Municipality"
12875,52,"COL","Colombia",27,"Santander",882,"El Peñon","","","Municipio","Municipality"
12876,52,"COL","Colombia",27,"Santander",883,"El Playón","","","Municipio","Municipality"
12877,52,"COL","Colombia",27,"Santander",884,"Encino","","","Municipio","Municipality"
12878,52,"COL","Colombia",27,"Santander",885,"Enciso","","","Municipio","Municipality"
12879,52,"COL","Colombia",27,"Santander",886,"Florián","","","Municipio","Municipality"
12880,52,"COL","Colombia",27,"Santander",887,"Floridablanca","","","Municipio","Municipality"
12881,52,"COL","Colombia",27,"Santander",888,"Galán","","","Municipio","Municipality"
12882,52,"COL","Colombia",27,"Santander",889,"Gámbita","","","Municipio","Municipality"
12883,52,"COL","Colombia",27,"Santander",890,"Girón","","","Municipio","Municipality"
12884,52,"COL","Colombia",27,"Santander",891,"Guaca","","","Municipio","Municipality"
12885,52,"COL","Colombia",27,"Santander",892,"Guadalupe","","","Municipio","Municipality"
12886,52,"COL","Colombia",27,"Santander",893,"Guapotá","","","Municipio","Municipality"
12887,52,"COL","Colombia",27,"Santander",894,"Guavatá","","","Municipio","Municipality"
12888,52,"COL","Colombia",27,"Santander",895,"Güepsa","","","Municipio","Municipality"
12889,52,"COL","Colombia",27,"Santander",896,"Hato","","","Municipio","Municipality"
12890,52,"COL","Colombia",27,"Santander",897,"Jesús María","","Jesús María","Municipio","Municipality"
12891,52,"COL","Colombia",27,"Santander",898,"Jordán","","","Municipio","Municipality"
12892,52,"COL","Colombia",27,"Santander",899,"La Belleza","","","Municipio","Municipality"
12893,52,"COL","Colombia",27,"Santander",900,"La Paz","","","Municipio","Municipality"
12894,52,"COL","Colombia",27,"Santander",901,"Landázuri","","","Municipio","Municipality"
12895,52,"COL","Colombia",27,"Santander",902,"Lebrija","","","Municipio","Municipality"
12896,52,"COL","Colombia",27,"Santander",903,"Los Santos","","","Municipio","Municipality"
12897,52,"COL","Colombia",27,"Santander",904,"Macaravita","","","Municipio","Municipality"
12898,52,"COL","Colombia",27,"Santander",905,"Málaga","","","Municipio","Municipality"
12899,52,"COL","Colombia",27,"Santander",906,"Matanza","","","Municipio","Municipality"
12900,52,"COL","Colombia",27,"Santander",907,"Mogotes","","","Municipio","Municipality"
12901,52,"COL","Colombia",27,"Santander",908,"Molagavita","","","Municipio","Municipality"
12902,52,"COL","Colombia",27,"Santander",909,"Ocamonte","","","Municipio","Municipality"
12903,52,"COL","Colombia",27,"Santander",910,"Oiba","","","Municipio","Municipality"
12904,52,"COL","Colombia",27,"Santander",911,"Onzaga","","","Municipio","Municipality"
12905,52,"COL","Colombia",27,"Santander",912,"Palmar","","","Municipio","Municipality"
12906,52,"COL","Colombia",27,"Santander",913,"Palmas del Socorro","","Palmas Del Socor","Municipio","Municipality"
12907,52,"COL","Colombia",27,"Santander",914,"Páramo","","","Municipio","Municipality"
12908,52,"COL","Colombia",27,"Santander",915,"Piedecuesta","","","Municipio","Municipality"
12909,52,"COL","Colombia",27,"Santander",916,"Pinchote","","","Municipio","Municipality"
12910,52,"COL","Colombia",27,"Santander",917,"Puente Nacional","","","Municipio","Municipality"
12911,52,"COL","Colombia",27,"Santander",918,"Puerto Parra","","","Municipio","Municipality"
12912,52,"COL","Colombia",27,"Santander",919,"Puerto Wilches","","","Municipio","Municipality"
12913,52,"COL","Colombia",27,"Santander",920,"Rionegro","","","Municipio","Municipality"
12914,52,"COL","Colombia",27,"Santander",921,"Sabana de Torres","","","Municipio","Municipality"
12915,52,"COL","Colombia",27,"Santander",922,"San Andrés de Cuerquia","","San Andres|San Andrés","Municipio","Municipality"
12916,52,"COL","Colombia",27,"Santander",923,"San Benito","","","Municipio","Municipality"
12917,52,"COL","Colombia",27,"Santander",924,"San Gil","","","Municipio","Municipality"
12918,52,"COL","Colombia",27,"Santander",925,"San Joaquín","","","Municipio","Municipality"
12919,52,"COL","Colombia",27,"Santander",926,"San José de Miranda","","San Jose Miranda","Municipio","Municipality"
12920,52,"COL","Colombia",27,"Santander",927,"San Miguel","","","Municipio","Municipality"
12921,52,"COL","Colombia",27,"Santander",928,"San Vicente de Chucurí","","","Municipio","Municipality"
12922,52,"COL","Colombia",27,"Santander",929,"Santa Bárbara","","","Municipio","Municipality"
12923,52,"COL","Colombia",27,"Santander",930,"Santa Helena del Opón","","Santa Helena","Municipio","Municipality"
12924,52,"COL","Colombia",27,"Santander",931,"Simacota","","","Municipio","Municipality"
12925,52,"COL","Colombia",27,"Santander",932,"Socorro","","","Municipio","Municipality"
12926,52,"COL","Colombia",27,"Santander",933,"Suaita","","","Municipio","Municipality"
12927,52,"COL","Colombia",27,"Santander",934,"Sucre","","","Municipio","Municipality"
12928,52,"COL","Colombia",27,"Santander",935,"Suratá","","","Municipio","Municipality"
12929,52,"COL","Colombia",27,"Santander",936,"Tona","","","Municipio","Municipality"
12930,52,"COL","Colombia",27,"Santander",937,"Valle de San José","","","Municipio","Municipality"
12931,52,"COL","Colombia",27,"Santander",938,"Vélez","","","Municipio","Municipality"
12932,52,"COL","Colombia",27,"Santander",939,"Vetas","","","Municipio","Municipality"
12933,52,"COL","Colombia",27,"Santander",940,"Villanueva","","","Municipio","Municipality"
12934,52,"COL","Colombia",27,"Santander",941,"Zapatoca","","","Municipio","Municipality"
12935,52,"COL","Colombia",28,"Sucre",942,"Buenavista","","","Municipio","Municipality"
12936,52,"COL","Colombia",28,"Sucre",943,"Caimito","","","Municipio","Municipality"
12937,52,"COL","Colombia",28,"Sucre",944,"Chalán","","","Municipio","Municipality"
12938,52,"COL","Colombia",28,"Sucre",945,"Colosó","","","Municipio","Municipality"
12939,52,"COL","Colombia",28,"Sucre",946,"Corozal","","","Municipio","Municipality"
12940,52,"COL","Colombia",28,"Sucre",947,"Galeras","","","Municipio","Municipality"
12941,52,"COL","Colombia",28,"Sucre",948,"Guarandá","","","Municipio","Municipality"
12942,52,"COL","Colombia",28,"Sucre",949,"La Unión de Sucre","","La Union|La Unión","Municipio","Municipality"
12943,52,"COL","Colombia",28,"Sucre",950,"Los Palmitos","","","Municipio","Municipality"
12944,52,"COL","Colombia",28,"Sucre",951,"Majagual","","","Municipio","Municipality"
12945,52,"COL","Colombia",28,"Sucre",952,"Morroa","","","Municipio","Municipality"
12946,52,"COL","Colombia",28,"Sucre",953,"Ovejas","","","Municipio","Municipality"
12947,52,"COL","Colombia",28,"Sucre",954,"Sampués","","","Municipio","Municipality"
12948,52,"COL","Colombia",28,"Sucre",955,"San Antonio de Palmito","","Palmito","Municipio","Municipality"
12949,52,"COL","Colombia",28,"Sucre",956,"San Benito Abad","","","Municipio","Municipality"
12950,52,"COL","Colombia",28,"Sucre",957,"San Juan de Betulia","","San Juan De Betu","Municipio","Municipality"
12951,52,"COL","Colombia",28,"Sucre",958,"San Marcos","","","Municipio","Municipality"
12952,52,"COL","Colombia",28,"Sucre",959,"San Onofre","","","Municipio","Municipality"
12953,52,"COL","Colombia",28,"Sucre",960,"San Pedro","","","Municipio","Municipality"
12954,52,"COL","Colombia",28,"Sucre",961,"Sincé","","","Municipio","Municipality"
12955,52,"COL","Colombia",28,"Sucre",962,"Sincelejo","","","Municipio","Municipality"
12956,52,"COL","Colombia",28,"Sucre",963,"Sucre","","","Municipio","Municipality"
12957,52,"COL","Colombia",28,"Sucre",964,"Tolú","","Tolé","Municipio","Municipality"
12958,52,"COL","Colombia",28,"Sucre",965,"Toluviejo","","","Municipio","Municipality"
12959,52,"COL","Colombia",29,"Tolima",966,"Alpujarra","","","Municipio","Municipality"
12960,52,"COL","Colombia",29,"Tolima",967,"Alvarado","","","Municipio","Municipality"
12961,52,"COL","Colombia",29,"Tolima",968,"Ambalema","","","Municipio","Municipality"
12962,52,"COL","Colombia",29,"Tolima",969,"Anzoátegui","","","Municipio","Municipality"
12963,52,"COL","Colombia",29,"Tolima",970,"Armero","","","Municipio","Municipality"
12964,52,"COL","Colombia",29,"Tolima",971,"Ataco","","","Municipio","Municipality"
12965,52,"COL","Colombia",29,"Tolima",972,"Cajamarca","","","Municipio","Municipality"
12966,52,"COL","Colombia",29,"Tolima",973,"Carmen de Apicalá","","","Municipio","Municipality"
12967,52,"COL","Colombia",29,"Tolima",974,"Casabianca","","","Municipio","Municipality"
12968,52,"COL","Colombia",29,"Tolima",975,"Chaparral","","","Municipio","Municipality"
12969,52,"COL","Colombia",29,"Tolima",976,"Coello","","","Municipio","Municipality"
12970,52,"COL","Colombia",29,"Tolima",977,"Coyaima","","","Municipio","Municipality"
12971,52,"COL","Colombia",29,"Tolima",978,"Cunday","","","Municipio","Municipality"
12972,52,"COL","Colombia",29,"Tolima",979,"Dolores","","","Municipio","Municipality"
12973,52,"COL","Colombia",29,"Tolima",980,"Espinal","","","Municipio","Municipality"
12974,52,"COL","Colombia",29,"Tolima",981,"Falán","","","Municipio","Municipality"
12975,52,"COL","Colombia",29,"Tolima",982,"Flandes","","","Municipio","Municipality"
12976,52,"COL","Colombia",29,"Tolima",983,"Fresno","","","Municipio","Municipality"
12977,52,"COL","Colombia",29,"Tolima",984,"Guamo","","","Municipio","Municipality"
12978,52,"COL","Colombia",29,"Tolima",985,"Herveo","","","Municipio","Municipality"
12979,52,"COL","Colombia",29,"Tolima",986,"Honda","","","Municipio","Municipality"
12980,52,"COL","Colombia",29,"Tolima",987,"Ibagué","","","Municipio","Municipality"
12981,52,"COL","Colombia",29,"Tolima",988,"Icononzo","","","Municipio","Municipality"
12982,52,"COL","Colombia",29,"Tolima",989,"Lérida","","","Municipio","Municipality"
12983,52,"COL","Colombia",29,"Tolima",990,"Líbano","","","Municipio","Municipality"
12984,52,"COL","Colombia",29,"Tolima",991,"Melgar","","","Municipio","Municipality"
12985,52,"COL","Colombia",29,"Tolima",992,"Murillo","","","Municipio","Municipality"
12986,52,"COL","Colombia",29,"Tolima",993,"Natagaima","","","Municipio","Municipality"
12987,52,"COL","Colombia",29,"Tolima",994,"Ortega","","","Municipio","Municipality"
12988,52,"COL","Colombia",29,"Tolima",995,"Piedras","","","Municipio","Municipality"
12989,52,"COL","Colombia",29,"Tolima",996,"Planadas","","","Municipio","Municipality"
12990,52,"COL","Colombia",29,"Tolima",997,"Prado","","","Municipio","Municipality"
12991,52,"COL","Colombia",29,"Tolima",998,"Purificación","","","Municipio","Municipality"
12992,52,"COL","Colombia",29,"Tolima",999,"Rioblanco","","","Municipio","Municipality"
12993,52,"COL","Colombia",29,"Tolima",1000,"Roncesvalles","","","Municipio","Municipality"
12994,52,"COL","Colombia",29,"Tolima",1001,"Rovira","","","Municipio","Municipality"
12995,52,"COL","Colombia",29,"Tolima",1002,"Saldaña","","","Municipio","Municipality"
12996,52,"COL","Colombia",29,"Tolima",1003,"San Antonio","","","Municipio","Municipality"
12997,52,"COL","Colombia",29,"Tolima",1004,"San Luís","","","Municipio","Municipality"
12998,52,"COL","Colombia",29,"Tolima",1005,"San Sebastian de Mariquita","","Mariquita","Municipio","Municipality"
12999,52,"COL","Colombia",29,"Tolima",1006,"Santa Isabel","","","Municipio","Municipality"
13000,52,"COL","Colombia",29,"Tolima",1007,"Suárez","","","Municipio","Municipality"
13001,52,"COL","Colombia",29,"Tolima",1008,"Valle de San Juan","","","Municipio","Municipality"
13002,52,"COL","Colombia",29,"Tolima",1009,"Venadillo","","","Municipio","Municipality"
13003,52,"COL","Colombia",29,"Tolima",1010,"Villahermosa","","Villa Hermosa","Municipio","Municipality"
13004,52,"COL","Colombia",29,"Tolima",1011,"Villarrica","","","Municipio","Municipality"
13005,52,"COL","Colombia",30,"Valle del Cauca",1012,"Alcalá","","","Municipio","Municipality"
13006,52,"COL","Colombia",30,"Valle del Cauca",1013,"Andalucía","","","Municipio","Municipality"
13007,52,"COL","Colombia",30,"Valle del Cauca",1014,"Ansermanuevo","","","Municipio","Municipality"
13008,52,"COL","Colombia",30,"Valle del Cauca",1015,"Argelia","","","Municipio","Municipality"
13009,52,"COL","Colombia",30,"Valle del Cauca",1016,"Bolívar","","","Municipio","Municipality"
13010,52,"COL","Colombia",30,"Valle del Cauca",1017,"Buenaventura","","","Municipio","Municipality"
13011,52,"COL","Colombia",30,"Valle del Cauca",1018,"Bugalagrande","","","Municipio","Municipality"
13012,52,"COL","Colombia",30,"Valle del Cauca",1019,"Caicedonia","","","Municipio","Municipality"
13013,52,"COL","Colombia",30,"Valle del Cauca",1020,"Calima","","","Municipio","Municipality"
13014,52,"COL","Colombia",30,"Valle del Cauca",1021,"Candelaria","","","Municipio","Municipality"
13015,52,"COL","Colombia",30,"Valle del Cauca",1022,"Cartago","","","Municipio","Municipality"
13016,52,"COL","Colombia",30,"Valle del Cauca",1023,"Dagua","","","Municipio","Municipality"
13017,52,"COL","Colombia",30,"Valle del Cauca",1024,"El Águila","","","Municipio","Municipality"
13018,52,"COL","Colombia",30,"Valle del Cauca",1025,"El Cairo","","","Municipio","Municipality"
13019,52,"COL","Colombia",30,"Valle del Cauca",1026,"El Cerrito","","","Municipio","Municipality"
13020,52,"COL","Colombia",30,"Valle del Cauca",1027,"El Dovio","","","Municipio","Municipality"
13021,52,"COL","Colombia",30,"Valle del Cauca",1028,"Florida","","","Municipio","Municipality"
13022,52,"COL","Colombia",30,"Valle del Cauca",1029,"Ginebra","","","Municipio","Municipality"
13023,52,"COL","Colombia",30,"Valle del Cauca",1030,"Guacarí","","","Municipio","Municipality"
13024,52,"COL","Colombia",30,"Valle del Cauca",1031,"Guadalajara de Buga","","Buga","Municipio","Municipality"
13025,52,"COL","Colombia",30,"Valle del Cauca",1032,"Jamundí","","","Municipio","Municipality"
13026,52,"COL","Colombia",30,"Valle del Cauca",1033,"La Cumbre","","","Municipio","Municipality"
13027,52,"COL","Colombia",30,"Valle del Cauca",1034,"La Unión de Sucre","","La Union|La Unión","Municipio","Municipality"
13028,52,"COL","Colombia",30,"Valle del Cauca",1035,"La Victoria","","","Corregimiento Departamento","Corregimiento Departamento"
13029,52,"COL","Colombia",30,"Valle del Cauca",1036,"Obando","","","Municipio","Municipality"
13030,52,"COL","Colombia",30,"Valle del Cauca",1037,"Palmira","","","Municipio","Municipality"
13031,52,"COL","Colombia",30,"Valle del Cauca",1038,"Pradera","","","Municipio","Municipality"
13032,52,"COL","Colombia",30,"Valle del Cauca",1039,"Restrepo","","","Municipio","Municipality"
13033,52,"COL","Colombia",30,"Valle del Cauca",1040,"Riofrío","","","Municipio","Municipality"
13034,52,"COL","Colombia",30,"Valle del Cauca",1041,"Roldanillo","","","Municipio","Municipality"
13035,52,"COL","Colombia",30,"Valle del Cauca",1042,"San Pedro","","","Municipio","Municipality"
13036,52,"COL","Colombia",30,"Valle del Cauca",1043,"Santiago de Cali","","Cali","Municipio","Municipality"
13037,52,"COL","Colombia",30,"Valle del Cauca",1044,"Sevilla","","","Municipio","Municipality"
13038,52,"COL","Colombia",30,"Valle del Cauca",1045,"Toro","","","Municipio","Municipality"
13039,52,"COL","Colombia",30,"Valle del Cauca",1046,"Trujillo","","","Municipio","Municipality"
13040,52,"COL","Colombia",30,"Valle del Cauca",1047,"Tuluá","","","Municipio","Municipality"
13041,52,"COL","Colombia",30,"Valle del Cauca",1048,"Ulloa","","","Municipio","Municipality"
13042,52,"COL","Colombia",30,"Valle del Cauca",1049,"Versalles","","","Municipio","Municipality"
13043,52,"COL","Colombia",30,"Valle del Cauca",1050,"Vijes","","","Municipio","Municipality"
13044,52,"COL","Colombia",30,"Valle del Cauca",1051,"Yotoco","","","Municipio","Municipality"
13045,52,"COL","Colombia",30,"Valle del Cauca",1052,"Yumbo","","","Municipio","Municipality"
13046,52,"COL","Colombia",30,"Valle del Cauca",1053,"Zarzal","","","Municipio","Municipality"
13047,52,"COL","Colombia",31,"Vaupés",1054,"Carurú","","Caruré","Municipio","Municipality"
13048,52,"COL","Colombia",31,"Vaupés",1055,"Mitú","","Mité","Municipio","Municipality"
13049,52,"COL","Colombia",31,"Vaupés",1056,"Pacoa","","","Corregimiento Departamento","Corregimiento Departamento"
13050,52,"COL","Colombia",31,"Vaupés",1057,"Papunahua","","","Corregimiento Departamento","Corregimiento Departamento"
13051,52,"COL","Colombia",31,"Vaupés",1058,"Taraira","","","Municipio","Municipality"
13052,52,"COL","Colombia",31,"Vaupés",1059,"Yavaraté","","","Corregimiento Departamento","Corregimiento Departamento"
13053,52,"COL","Colombia",32,"Vichada",1060,"Cumaribo","","","Municipio","Municipality"
13054,52,"COL","Colombia",32,"Vichada",1061,"La Primavera","","","Municipio","Municipality"
13055,52,"COL","Colombia",32,"Vichada",1062,"Puerto Carreño","","","Municipio","Municipality"
13056,52,"COL","Colombia",32,"Vichada",1063,"San Jose de Ocune","","","Municipio","Municipality"
13057,52,"COL","Colombia",32,"Vichada",1064,"Santa Rita","","","Municipio","Municipality"
13058,52,"COL","Colombia",32,"Vichada",1065,"Santa Rosalía","","","Municipio","Municipality"
