"PID","ID_0","ISO","NAME_0","ID_1","NAME_1","ID_2","NAME_2","NL_NAME_2","VARNAME_2","TYPE_2","ENGTYPE_2"
4756,29,"BIH","Bosnia and Herzegovina",1,"Brcko",1,"Brcko","","","",""
4757,29,"BIH","Bosnia and Herzegovina",2,"Federacija Bosna i Hercegovina",2,"Bosnian Podrinje","","Bosansko-podrinjski|Goraždansko-podrinjski","Županija|kanton","Canton"
4758,29,"BIH","Bosnia and Herzegovina",2,"Federacija Bosna i Hercegovina",3,"Canton 10","","Hercegbosanski| Hercegovacko-bosanski| West Bosnia","Županija|kanton","Canton"
4759,29,"BIH","Bosnia and Herzegovina",2,"Federacija Bosna i Hercegovina",4,"Central Bosnia","","Centralnobosanski|Srednjobosanski","Županija|kanton","Canton"
4760,29,"BIH","Bosnia and Herzegovina",2,"Federacija Bosna i Hercegovina",5,"Herzegovina-Neretva","","Hercegovackoneretvanski","Županija|kanton","Canton"
4761,29,"BIH","Bosnia and Herzegovina",2,"Federacija Bosna i Hercegovina",6,"Posavina","","Bosanskoposavski|Posavski","Županija|kanton","Canton"
4762,29,"BIH","Bosnia and Herzegovina",2,"Federacija Bosna i Hercegovina",7,"Sarajevo","","Sarajevski| Sarajevo-Romanija| Sokolac","Županija|kanton","Canton"
4763,29,"BIH","Bosnia and Herzegovina",2,"Federacija Bosna i Hercegovina",8,"Tuzla","","Tuzlanski","Županija|kanton","Canton"
4764,29,"BIH","Bosnia and Herzegovina",2,"Federacija Bosna i Hercegovina",9,"Una-Sana","","Unsko-sanski","Županija|kanton","Canton"
4765,29,"BIH","Bosnia and Herzegovina",2,"Federacija Bosna i Hercegovina",10,"West Herzegovina","","Zapadnohercegovacki","Županija|kanton","Canton"
4766,29,"BIH","Bosnia and Herzegovina",2,"Federacija Bosna i Hercegovina",11,"Zenica-Doboj","","Zenicko-dobojski","Županija|kanton","Canton"
4767,29,"BIH","Bosnia and Herzegovina",3,"Repuplika Srpska",12,"Banja Luka","","","Županija|kanton","Canton"
4768,29,"BIH","Bosnia and Herzegovina",3,"Repuplika Srpska",13,"Bijeljina","","","Županija|kanton","Canton"
4769,29,"BIH","Bosnia and Herzegovina",3,"Repuplika Srpska",14,"Doboj","","","Županija|kanton","Canton"
4770,29,"BIH","Bosnia and Herzegovina",3,"Repuplika Srpska",15,"Foca","","","Županija|kanton","Canton"
4771,29,"BIH","Bosnia and Herzegovina",3,"Repuplika Srpska",16,"Istocno Sarajevo","","","Županija|kanton","Canton"
4772,29,"BIH","Bosnia and Herzegovina",3,"Repuplika Srpska",17,"Trebinje","","","Županija|kanton","Canton"
4773,29,"BIH","Bosnia and Herzegovina",3,"Repuplika Srpska",18,"Vlasenica","","","Županija|kanton","Canton"
