"PID","ID_0","ISO","NAME_0","ID_1","NAME_1","ID_2","NAME_2","NL_NAME_2","VARNAME_2","TYPE_2","ENGTYPE_2"
441,24,"BEN","Benin",2,"Atakora",14,"Tanguiéta","","","Commune","Commune"
442,24,"BEN","Benin",2,"Atakora",15,"Toffo","","","Commune","Commune"
443,24,"BEN","Benin",3,"Atlantique",16,"Abomey-Calavi","","","Commune","Commune"
444,24,"BEN","Benin",3,"Atlantique",17,"Allada","","","Commune","Commune"
445,24,"BEN","Benin",3,"Atlantique",18,"Kpomassè","","","Commune","Commune"
446,24,"BEN","Benin",3,"Atlantique",19,"Ouidah","","","Commune","Commune"
447,24,"BEN","Benin",3,"Atlantique",20,"Sô-Ava","","","Commune","Commune"
448,24,"BEN","Benin",3,"Atlantique",21,"Tori-Bossito","","","Commune","Commune"
449,24,"BEN","Benin",3,"Atlantique",22,"Toucountouna","","Tchoukoutouna","Commune","Commune"
450,24,"BEN","Benin",3,"Atlantique",23,"Zè","","","Commune","Commune"
451,24,"BEN","Benin",4,"Borgou",24,"Bembéréké","","","Commune","Commune"
452,24,"BEN","Benin",4,"Borgou",25,"Kalalé","","","Commune","Commune"
453,24,"BEN","Benin",4,"Borgou",26,"N'Dali","","Ndali","Commune","Commune"
454,24,"BEN","Benin",4,"Borgou",27,"Nikki","","","Commune","Commune"
455,24,"BEN","Benin",4,"Borgou",28,"Parakou","","","Commune","Commune"
456,24,"BEN","Benin",4,"Borgou",29,"Pèrèrè","","","Commune","Commune"
457,24,"BEN","Benin",4,"Borgou",30,"Sinendé","","","Commune","Commune"
458,24,"BEN","Benin",4,"Borgou",31,"Tchaourou","","","Commune","Commune"
459,24,"BEN","Benin",5,"Collines",32,"Bantè","","","Commune","Commune"
460,24,"BEN","Benin",5,"Collines",33,"Dassa-Zoumè","","Dassa","Commune","Commune"
461,24,"BEN","Benin",5,"Collines",34,"Glazoué","","","Commune","Commune"
462,24,"BEN","Benin",5,"Collines",35,"Ouèssè","","","Commune","Commune"
463,24,"BEN","Benin",5,"Collines",36,"Savalou","","","Commune","Commune"
464,24,"BEN","Benin",5,"Collines",37,"Savè","","","Commune","Commune"
465,24,"BEN","Benin",6,"Donga",38,"Bassila","","","Commune","Commune"
466,24,"BEN","Benin",6,"Donga",39,"Copargo","","","Commune","Commune"
467,24,"BEN","Benin",6,"Donga",40,"Djougou","","Djougou Urban","Commune","Commune"
4280,24,"BEN","Benin",1,"Alibori",1,"Banikoara","","","Commune","Commune"
4281,24,"BEN","Benin",1,"Alibori",2,"Gogounou","","","Commune","Commune"
4282,24,"BEN","Benin",1,"Alibori",3,"Kandi","","","Commune","Commune"
4283,24,"BEN","Benin",1,"Alibori",4,"Karimama","","","Commune","Commune"
4284,24,"BEN","Benin",1,"Alibori",5,"Malanville","","","Commune","Commune"
4285,24,"BEN","Benin",1,"Alibori",6,"Segbana","","","Commune","Commune"
4286,24,"BEN","Benin",2,"Atakora",7,"Boukoumbé","","Boukombé","Commune","Commune"
4287,24,"BEN","Benin",2,"Atakora",8,"Cobly","","Cobli|Cobli","Commune","Commune"
4288,24,"BEN","Benin",2,"Atakora",9,"Kérou","","","Commune","Commune"
4289,24,"BEN","Benin",2,"Atakora",10,"Kouandé","","","Commune","Commune"
4290,24,"BEN","Benin",2,"Atakora",11,"Matéri","","","Commune","Commune"
4291,24,"BEN","Benin",2,"Atakora",12,"Natitingou","","Natingou","Commune","Commune"
4292,24,"BEN","Benin",2,"Atakora",13,"Péhunco","","Pehonko","Commune","Commune"
4293,24,"BEN","Benin",6,"Donga",41,"Ouaké","","","Commune","Commune"
4294,24,"BEN","Benin",7,"Kouffo",42,"Aplahoué","","","Commune","Commune"
4295,24,"BEN","Benin",7,"Kouffo",43,"Djakotomey","","Djakotome","Commune","Commune"
4296,24,"BEN","Benin",7,"Kouffo",44,"Klouékanmè","","Klouékanmey","Commune","Commune"
4297,24,"BEN","Benin",7,"Kouffo",45,"Lalo","","","Commune","Commune"
4298,24,"BEN","Benin",7,"Kouffo",46,"Toviklin","","","Commune","Commune"
4299,24,"BEN","Benin",8,"Littoral",47,"Cotonou","","","Commune","Commune"
4300,24,"BEN","Benin",9,"Mono",48,"Athiémé","","","Commune","Commune"
4301,24,"BEN","Benin",9,"Mono",49,"Bopa","","","Commune","Commune"
4302,24,"BEN","Benin",9,"Mono",50,"Comè","","","Commune","Commune"
4303,24,"BEN","Benin",9,"Mono",51,"Dogbo","","Dogbo-Tota","Commune","Commune"
4304,24,"BEN","Benin",9,"Mono",52,"Grand-Popo","","","Commune","Commune"
4305,24,"BEN","Benin",9,"Mono",53,"Houéyogbé","","","Commune","Commune"
4306,24,"BEN","Benin",10,"Ouémé",54,"Adjarra","","Adjara","Commune","Commune"
4307,24,"BEN","Benin",10,"Ouémé",55,"Adjohoun","","","Commune","Commune"
4308,24,"BEN","Benin",10,"Ouémé",56,"Aguégués","","Aguegue|Aguégué","Commune","Commune"
4309,24,"BEN","Benin",10,"Ouémé",57,"Akpro-Missérété","","","Commune","Commune"
4310,24,"BEN","Benin",10,"Ouémé",58,"Avrankou","","","Commune","Commune"
4311,24,"BEN","Benin",10,"Ouémé",59,"Bonou","","","Commune","Commune"
4312,24,"BEN","Benin",10,"Ouémé",60,"Dangbo","","","Commune","Commune"
4313,24,"BEN","Benin",10,"Ouémé",61,"Porto-Novo","","Porto Novo","Commune","Commune"
4314,24,"BEN","Benin",10,"Ouémé",62,"Sèmè-Kpodji","","Sèmè-Podji","Commune","Commune"
4315,24,"BEN","Benin",11,"Plateau",63,"Adja-Ouèrè","","Ikpinle","Commune","Commune"
4316,24,"BEN","Benin",11,"Plateau",64,"Ifangni","","","Commune","Commune"
4317,24,"BEN","Benin",11,"Plateau",65,"Kétou","","","Commune","Commune"
4318,24,"BEN","Benin",11,"Plateau",66,"Pobè","","","Commune","Commune"
4319,24,"BEN","Benin",11,"Plateau",67,"Sakété","","","Commune","Commune"
4320,24,"BEN","Benin",12,"Zou",68,"Abomey","","Abomé","Commune","Commune"
4321,24,"BEN","Benin",12,"Zou",69,"Agbangnizoun","","","Commune","Commune"
4322,24,"BEN","Benin",12,"Zou",70,"Bohicon","","","Commune","Commune"
4323,24,"BEN","Benin",12,"Zou",71,"Covè","","","Commune","Commune"
4324,24,"BEN","Benin",12,"Zou",72,"Djidja","","","Commune","Commune"
4325,24,"BEN","Benin",12,"Zou",73,"Ouinhi","","","Commune","Commune"
4326,24,"BEN","Benin",12,"Zou",74,"Za-Kpota","","Za Kpota","Commune","Commune"
4327,24,"BEN","Benin",12,"Zou",75,"Zagnanado","","Zangnanado","Commune","Commune"
4328,24,"BEN","Benin",12,"Zou",76,"Zogbodomey","","Zogbodome","Commune","Commune"
