"PID","ID_0","ISO","NAME_0","ID_1","NAME_1","NL_NAME_1","VARNAME_1","TYPE_1","ENGTYPE_1"
353,24,"BEN","Benin",1,"Alibori","","","Département","Department"
354,24,"BEN","Benin",2,"Atakora","","","Département","Department"
355,24,"BEN","Benin",3,"Atlantique","","","Département","Department"
356,24,"BEN","Benin",4,"Borgou","","","Département","Department"
357,24,"BEN","Benin",5,"Collines","","","Département","Department"
358,24,"BEN","Benin",6,"Donga","","","Département","Department"
359,24,"BEN","Benin",7,"Kouffo","","","Département","Department"
360,24,"BEN","Benin",8,"Littoral","","","Département","Department"
361,24,"BEN","Benin",9,"Mono","","","Département","Department"
362,24,"BEN","Benin",10,"Ouémé","","","Département","Department"
363,24,"BEN","Benin",11,"Plateau","","","Département","Department"
364,24,"BEN","Benin",12,"Zou","","","Département","Department"
