"PID","ID_0","ISO","NAME_0","ID_1","NAME_1","ID_2","NAME_2","NL_NAME_2","VARNAME_2","TYPE_2","ENGTYPE_2"
29838,208,"SOM","Somalia",1,"Awdal",1,"Baki","","","District","District"
29839,208,"SOM","Somalia",1,"Awdal",2,"Boorama","","Boramo| Borama","District","District"
29840,208,"SOM","Somalia",1,"Awdal",3,"Lughaya","","Lughaye","District","District"
29841,208,"SOM","Somalia",1,"Awdal",4,"Zeylac","","Saylac","District","District"
29842,208,"SOM","Somalia",2,"Bakool",5,"Ceel Barde","","Ceel Barde|El Barde","District","District"
29843,208,"SOM","Somalia",2,"Bakool",6,"Rab Dhuure","","","District","District"
29844,208,"SOM","Somalia",2,"Bakool",7,"Tiyeeglow","","Tiyeglow","District","District"
29845,208,"SOM","Somalia",2,"Bakool",8,"Wajid","","","District","District"
29846,208,"SOM","Somalia",2,"Bakool",9,"Xudur","","Hudur","District","District"
29847,208,"SOM","Somalia",3,"Banaadir",10,"Mogadisho","","Mogadishu","District","District"
29848,208,"SOM","Somalia",4,"Bari",11,"Bander-Beyla","","Bender Bayla| Bander Beila","District","District"
29849,208,"SOM","Somalia",4,"Bari",12,"Bosaaso","","Bosaso","District","District"
29850,208,"SOM","Somalia",4,"Bari",13,"Calawla","","Alula","District","District"
29851,208,"SOM","Somalia",4,"Bari",14,"Iskushuban","","Iskhushuban","District","District"
29852,208,"SOM","Somalia",4,"Bari",15,"Qandala","","Kandala","District","District"
29853,208,"SOM","Somalia",4,"Bari",16,"Qardho","","Gardo","District","District"
29854,208,"SOM","Somalia",5,"Bay",17,"Baydhabo","","Baydhaba| Baidoa","District","District"
29855,208,"SOM","Somalia",5,"Bay",18,"Buur Xakaba","","Burhakaba| Bur Hacaba| Buurhakaba","District","District"
29856,208,"SOM","Somalia",5,"Bay",19,"Diinsoor","","Dinsor","District","District"
29857,208,"SOM","Somalia",5,"Bay",20,"Qansax Dheere","","Qansadhere","District","District"
29858,208,"SOM","Somalia",6,"Galguduud",21,"Caabudwaaq","","Cabudwaaq","District","District"
29859,208,"SOM","Somalia",6,"Galguduud",22,"Cadaado","","Adado","District","District"
32635,208,"SOM","Somalia",6,"Galguduud",23,"Ceel Buur","","Ceelbur|El Bur","District","District"
32636,208,"SOM","Somalia",6,"Galguduud",24,"Ceel Dheer","","Ceeldeer|El Dere","District","District"
32637,208,"SOM","Somalia",6,"Galguduud",25,"Dhuusamareeb","","Dhusa-Mareb","District","District"
32638,208,"SOM","Somalia",7,"Gedo",26,"Baar-Dheere","","Bardhere| Baardheere|Bardera","District","District"
32639,208,"SOM","Somalia",7,"Gedo",27,"Beled Xaawo","","Beletxawa| Bula-hawa| Belet Hawa","District","District"
32640,208,"SOM","Somalia",7,"Gedo",28,"Ceel Waaq","","Ceelwaaq|El Wak| El Waq","District","District"
32641,208,"SOM","Somalia",7,"Gedo",29,"Dolow","","Doolow","District","District"
32642,208,"SOM","Somalia",7,"Gedo",30,"Garbahaaray","","Garbaharey| Garbahaarreey","District","District"
32643,208,"SOM","Somalia",7,"Gedo",31,"Luuk","","Luuq| Lugh","District","District"
32644,208,"SOM","Somalia",8,"Hiiraan",32,"Beled Weyn","","Beletweyne| Beledweyne","District","District"
32645,208,"SOM","Somalia",8,"Hiiraan",33,"Buulo Burdo","","Bulo-Burte| Bula-Brif| Buuloburde| Bulo Burti","District","District"
32646,208,"SOM","Somalia",8,"Hiiraan",34,"Jalalaqsi","","","District","District"
32647,208,"SOM","Somalia",9,"Jubbada Dhexe",35,"Bu'aale","","Buale","District","District"
32648,208,"SOM","Somalia",9,"Jubbada Dhexe",36,"Jilib","","","District","District"
32649,208,"SOM","Somalia",9,"Jubbada Dhexe",37,"Saakow","","Sakow","District","District"
32650,208,"SOM","Somalia",10,"Jubbada Hoose",38,"Afmadow","","","District","District"
32651,208,"SOM","Somalia",10,"Jubbada Hoose",39,"Badhaadhe","","Badhadhe","District","District"
32652,208,"SOM","Somalia",10,"Jubbada Hoose",40,"Jamaame","","Jamame","District","District"
32653,208,"SOM","Somalia",10,"Jubbada Hoose",41,"Kismaayo","","Kismayo","District","District"
32654,208,"SOM","Somalia",11,"Mudug",42,"Gaalkacayo","","Galkacyo| Galkayo","District","District"
32655,208,"SOM","Somalia",11,"Mudug",43,"Goldogob","","","District","District"
32656,208,"SOM","Somalia",11,"Mudug",44,"Hobyo","","","District","District"
32657,208,"SOM","Somalia",11,"Mudug",45,"Jariiban","","Jeriban|Jarban","District","District"
32658,208,"SOM","Somalia",11,"Mudug",46,"Xarardheere","","Haradhere| Harardheere","District","District"
32659,208,"SOM","Somalia",12,"Nugaal",47,"Burtinle","","","District","District"
32660,208,"SOM","Somalia",12,"Nugaal",48,"Eyl","","","District","District"
32661,208,"SOM","Somalia",12,"Nugaal",49,"Garoowe","","Garowe","District","District"
32662,208,"SOM","Somalia",13,"Sanaag",50,"Badhan","","Las Qoray","District","District"
32663,208,"SOM","Somalia",13,"Sanaag",51,"Ceel-Afwein","","Ceelafyeyn| Ceel Afwayn| El Afwein","District","District"
32664,208,"SOM","Somalia",13,"Sanaag",52,"Ceerigaabo","","Ceerigabo|Erigavo| Erigabo","District","District"
32665,208,"SOM","Somalia",14,"Shabeellaha Dhexe",53,"Aadan","","Adan Yabal| Aden Yabal","District","District"
32666,208,"SOM","Somalia",14,"Shabeellaha Dhexe",54,"Balcad","","Ballcad| Balad","District","District"
32667,208,"SOM","Somalia",14,"Shabeellaha Dhexe",55,"Cadale","","Caadale| Adale","District","District"
32668,208,"SOM","Somalia",14,"Shabeellaha Dhexe",56,"Jawhar","","Jowhar","District","District"
32669,208,"SOM","Somalia",15,"Shabeellaha Hoose",57,"Afgooye","","Afgoi| Afgoye","District","District"
32670,208,"SOM","Somalia",15,"Shabeellaha Hoose",58,"Baraawe","","Braawe","District","District"
32671,208,"SOM","Somalia",15,"Shabeellaha Hoose",59,"Kuntuwaaray","","Kurtunwaarey| Kurtun Warrey","District","District"
32672,208,"SOM","Somalia",15,"Shabeellaha Hoose",60,"Marka","","Mark Afgooye","District","District"
32673,208,"SOM","Somalia",15,"Shabeellaha Hoose",61,"Qoryooley","","Qoryoyley| Qoryoley","District","District"
32674,208,"SOM","Somalia",15,"Shabeellaha Hoose",62,"Sablale","","Sablaale","District","District"
32675,208,"SOM","Somalia",15,"Shabeellaha Hoose",63,"Wanla Weyn","","Wanlaweyne| Wanle Weyne","District","District"
32676,208,"SOM","Somalia",16,"Sool",64,"Caynabo","","Ainabo| Caynaba| Aynabo","District","District"
32677,208,"SOM","Somalia",16,"Sool",65,"Lascaanod","","Lasanod","District","District"
32678,208,"SOM","Somalia",16,"Sool",66,"Taleex","","Telex| Taleh","District","District"
32679,208,"SOM","Somalia",16,"Sool",67,"Xudun","","Hudun","District","District"
32680,208,"SOM","Somalia",17,"Togdheer",68,"Burao","","Burco","District","District"
32681,208,"SOM","Somalia",17,"Togdheer",69,"Buuhoodle","","Buuhodle| Buhodle","District","District"
32682,208,"SOM","Somalia",17,"Togdheer",70,"Oodweyne","","Odwenyen| Oodwayne| Odweine","District","District"
32683,208,"SOM","Somalia",17,"Togdheer",71,"Sheekh","","Sheik| Sheikh","District","District"
32684,208,"SOM","Somalia",18,"Woqooyi Galbeed",72,"Berbera","","","District","District"
32685,208,"SOM","Somalia",18,"Woqooyi Galbeed",73,"Gabiley","","Gebiley","District","District"
32686,208,"SOM","Somalia",18,"Woqooyi Galbeed",74,"Hargeysa","","Hargeisa","District","District"
