"PID","ID_0","ISO","NAME_0","ID_1","NAME_1","NL_NAME_1","VARNAME_1","TYPE_1","ENGTYPE_1"
2707,208,"SOM","Somalia",1,"Awdal","","Adal | Adel","Gobolka","Region"
2708,208,"SOM","Somalia",2,"Bakool","","","Gobolka","Region"
2709,208,"SOM","Somalia",3,"Banaadir","","Benadir","Gobolka","Region"
2710,208,"SOM","Somalia",4,"Bari","","","Gobolka","Region"
2711,208,"SOM","Somalia",5,"Bay","","Baay","Gobolka","Region"
2712,208,"SOM","Somalia",6,"Galguduud","","Galgudug","Gobolka","Region"
2713,208,"SOM","Somalia",7,"Gedo","","Gado","Gobolka","Region"
2714,208,"SOM","Somalia",8,"Hiiraan","","Hiiran","Gobolka","Region"
2715,208,"SOM","Somalia",9,"Jubbada Dhexe","","J. Dhexe| Central Juba| Middle Juba","Gobolka","Region"
2716,208,"SOM","Somalia",10,"Jubbada Hoose","","J. Hoose| Lower Juba","Gobolka","Region"
2717,208,"SOM","Somalia",11,"Mudug","","Madugh| Mudugh","Gobolka","Region"
2718,208,"SOM","Somalia",12,"Nugaal","","","Gobolka","Region"
2719,208,"SOM","Somalia",13,"Sanaag","","Sanag","Gobolka","Region"
2720,208,"SOM","Somalia",14,"Shabeellaha Dhexe","","Sh. Dhexe| Central Shabele","Gobolka","Region"
2721,208,"SOM","Somalia",15,"Shabeellaha Hoose","","Sh. Hoose| Lower Shabele","Gobolka","Region"
2722,208,"SOM","Somalia",16,"Sool","","","Gobolka","Region"
2723,208,"SOM","Somalia",17,"Togdheer","","Tog-Dheer| Togdheer| Togder","Gobolka","Region"
2724,208,"SOM","Somalia",18,"Woqooyi Galbeed","","North-West| W.Galbeed| Woqooyi Gelbeed","Gobolka","Region"
