"PID","ID_0","ISO","NAME_0","ID_1","NAME_1","NL_NAME_1","VARNAME_1","TYPE_1","ENGTYPE_1"
1117,69,"EGY","Egypt",1,"Ad Daqahliyah","","Al Daqahliyah|Dacahlia|Dagahlia|Dakahlieh|Dakahliya|Dakalieh|Daqaliya|Dakahlia|Dekahlia","Muhafazah","Governorate"
1118,69,"EGY","Egypt",2,"Al Bahr al Ahmar","","Mar Rojo|Mar Vermelho|Mer Rouge|Red Sea","Muhafazah","Governorate"
1119,69,"EGY","Egypt",3,"Al Buhayrah","","Beheira|Behera|El Buhayra|Béhéra","Muhafazah","Governorate"
1120,69,"EGY","Egypt",4,"Al Fayyum","","El Faiyum|el Fayoum|Faium|Faiyum|Fayum|Fayoum|Fayyum","Muhafazah","Governorate"
1121,69,"EGY","Egypt",5,"Al Gharbiyah","","al-Garbiyah|El Gharbiya|Garbia|Gharbieh|Gharbiya|Gharbia","Muhafazah","Governorate"
1122,69,"EGY","Egypt",6,"Al Iskandariyah","","Alejandr¡a|Alexandria|Alexandrie|El Iskandariya","Muhafazah","Governorate"
1123,69,"EGY","Egypt",7,"Al Isma`iliyah","","As Ismailiyah|Ismailia|Ismaïlia|Isma'iliya","Muhafazah","Governorate"
1124,69,"EGY","Egypt",8,"Al Jizah","","El Giza|El Gizah|Gizeh|Giza|Guizèh","Muhafazah","Governorate"
1125,69,"EGY","Egypt",9,"Al Minufiyah","","Menoufieh|Menufia|Menufiya|Minufiya|Munufia|Menoufia|Minufia","Muhafazah","Governorate"
1126,69,"EGY","Egypt",10,"Al Minya","","Minia|Minieh|Menia|Minya","Muhafazah","Governorate"
1127,69,"EGY","Egypt",11,"Al Qahirah","","Cairo|El Cairo|El Qahira|Le Caire","Muhafazah","Governorate"
1128,69,"EGY","Egypt",12,"Al Qalyubiyah","","Caliubia|Kalioubieh|Kalioubiya|Qaliyubia|Qalyubiya|Kalyoubia|Kalyubia","Muhafazah","Governorate"
1129,69,"EGY","Egypt",13,"Al Wadi al Jadid","","Al Wadi/Al Jadid|El-Wadi El-Gidid|New Valley|Novo Vale|Ouadi El Guedid|Southern Desert","Muhafazah","Governorate"
1130,69,"EGY","Egypt",14,"As Suways","","El Suweiz|Es Suweis|Suez","Muhafazah","Governorate"
1131,69,"EGY","Egypt",15,"Ash Sharqiyah","","Charkieh|Sharqia|Sharqiya|Sharquia|Sharkia","Muhafazah","Governorate"
1132,69,"EGY","Egypt",16,"Aswan","","Assouan|Assuã|Assuán|Syene","Muhafazah","Governorate"
1133,69,"EGY","Egypt",17,"Asyut","","Asyiut|Assiout|Assiut|Assyut|Asyout","Muhafazah","Governorate"
1134,69,"EGY","Egypt",18,"Bani Suwayf","","Beni Suwayf|Beni Souef|Beni Suef","Muhafazah","Governorate"
1135,69,"EGY","Egypt",19,"Bur Sa`id","","Bur Said|Canal|Port Said|Port-Saïd","Muhafazah","Governorate"
1136,69,"EGY","Egypt",20,"Dumyat","","Damietta|Damiette|Dumiat","Muhafazah","Governorate"
1137,69,"EGY","Egypt",21,"Janub Sina'","","Janub Sina|Sina al-Janubiyah|Sina' al-Janubiyah|Sinai al Janubia|South Sinai|Sud Sinai","Muhafazah","Governorate"
1138,69,"EGY","Egypt",22,"Kafr ash Shaykh","","Kafr-El-Sheikh|Kafr ash Shaikh|Kafr ash-Shayk|Kafr el Sheik|Kafr el Sheikh","Muhafazah","Governorate"
1139,69,"EGY","Egypt",23,"Matruh","","Marsa Matruh|Mersa Matruh|Western Desert|Matrouh","Muhafazah","Governorate"
1140,69,"EGY","Egypt",24,"Qina","","Kena|Qena|Quena","Muhafazah","Governorate"
1141,69,"EGY","Egypt",25,"Shamal Sina'","","Shamal Sina|Nord Sinaï|North Sinai|Sina ash-Shamaliyah|Sinai ash Shamaliya","Muhafazah","Governorate"
1142,69,"EGY","Egypt",26,"Suhaj","","Girga|Girgeh|Sawhaj|Sohag|Suhag","Muhafazah","Governorate"
