"PID","ID_0","ISO","NAME_0","ID_1","NAME_1","ID_2","NAME_2","NL_NAME_2","VARNAME_2","TYPE_2","ENGTYPE_2"
14961,116,"JOR","Jordan",1,"Ajlun",1,"Ajloun","","Ajlun","Nahia","Sub-Province"
14962,116,"JOR","Jordan",1,"Ajlun",2,"Kofranjah","","","Nahia","Sub-Province"
14963,116,"JOR","Jordan",2,"Amman",3,"Amman","","","Nahia","Sub-Province"
14964,116,"JOR","Jordan",2,"Amman",4,"Jizeh","","Al-Jiza","Nahia","Sub-Province"
14965,116,"JOR","Jordan",2,"Amman",5,"Mowaqqar","","Al-Mwwqqar","Nahia","Sub-Province"
14966,116,"JOR","Jordan",2,"Amman",6,"Na'oor","","","Nahia","Sub-Province"
14967,116,"JOR","Jordan",2,"Amman",7,"Sahab","","","Nahia","Sub-Province"
14968,116,"JOR","Jordan",2,"Amman",8,"Um El-Basatien","","Um al-Basatin","Nahia","Sub-Province"
14969,116,"JOR","Jordan",2,"Amman",9,"Wadi Essier","","Wadi al-Sayr","Nahia","Sub-Province"
14970,116,"JOR","Jordan",3,"Aqaba",10,"Aqaba","","Al-Aqaba","Nahia","Sub-Province"
14971,116,"JOR","Jordan",3,"Aqaba",11,"Quaira","","Al-Quwayra","Nahia","Sub-Province"
14972,116,"JOR","Jordan",3,"Aqaba",12,"Wadi Arabah","","Wadi Araba|Gharandal","Nahia","Sub-Province"
14973,116,"JOR","Jordan",4,"Balqa",13,"Al-Balqa","","","Nahia","Sub-Province"
14974,116,"JOR","Jordan",4,"Balqa",14,"Ardhah","","Al-Ardhah|Sbaihi","Nahia","Sub-Province"
14975,116,"JOR","Jordan",4,"Balqa",15,"Dair Alla","","","Nahia","Sub-Province"
14976,116,"JOR","Jordan",4,"Balqa",16,"Salt","","As-Salt","Nahia","Sub-Province"
14977,116,"JOR","Jordan",4,"Balqa",17,"Shooneh Janoobiyyeh","","Shuna al-Janibiyya","Nahia","Sub-Province"
14978,116,"JOR","Jordan",5,"Irbid",18,"Aghwar Shamaliyyeh","","Al-Aghwar Shamaliyyeh|Shooneh Shamaliyyeh","Nahia","Sub-Province"
14979,116,"JOR","Jordan",10,"Mafraq",43,"Bal'ama","","","Nahia","Sub-Province"
14980,116,"JOR","Jordan",10,"Mafraq",44,"Mafraq","","Al-Mafraq","Nahia","Sub-Province"
14981,116,"JOR","Jordan",10,"Mafraq",45,"Sabha","","","Nahia","Sub-Province"
14982,116,"JOR","Jordan",10,"Mafraq",46,"Sama Serhan","","Sama as-Sarhan","Nahia","Sub-Province"
14983,116,"JOR","Jordan",11,"Tafilah",47,"Bsaira","","Bisaira","Nahia","Sub-Province"
14984,116,"JOR","Jordan",11,"Tafilah",48,"Hesa","","Al-Hasa","Nahia","Sub-Province"
14985,116,"JOR","Jordan",11,"Tafilah",49,"Tafileh","","Al-Tafila","Nahia","Sub-Province"
14986,116,"JOR","Jordan",12,"Zarqa",50,"Azraq","","Al-Azraq","Nahia","Sub-Province"
14987,116,"JOR","Jordan",12,"Zarqa",51,"Bierain","","Birin","Nahia","Sub-Province"
14988,116,"JOR","Jordan",12,"Zarqa",52,"Zarqa","","Az-Zarqa","Nahia","Sub-Province"
20548,116,"JOR","Jordan",5,"Irbid",19,"Bani Kenanah","","Bani Knana|Sama El-Roosan","Nahia","Sub-Province"
20549,116,"JOR","Jordan",5,"Irbid",20,"Hariema","","","Nahia","Sub-Province"
20550,116,"JOR","Jordan",5,"Irbid",21,"Irbid","","","Nahia","Sub-Province"
20551,116,"JOR","Jordan",5,"Irbid",22,"Kora","","Dair Abi Sa'id","Nahia","Sub-Province"
20552,116,"JOR","Jordan",5,"Irbid",23,"Mazar Shamali","","Mazar Shamaliyyeh","Nahia","Sub-Province"
20553,116,"JOR","Jordan",5,"Irbid",24,"Ramtha","","Ar Ramtha","Nahia","Sub-Province"
20554,116,"JOR","Jordan",5,"Irbid",25,"Tayybeh","","","Nahia","Sub-Province"
20555,116,"JOR","Jordan",5,"Irbid",26,"Wastiyyeh","","Kofor Asad","Nahia","Sub-Province"
20556,116,"JOR","Jordan",6,"Jarash",27,"Jarash","","Jerash","Nahia","Sub-Province"
20557,116,"JOR","Jordan",7,"Karak",28,"Ayy","","","Nahia","Sub-Province"
20558,116,"JOR","Jordan",7,"Karak",29,"Faqqoo'","","Faqqu","Nahia","Sub-Province"
20559,116,"JOR","Jordan",7,"Karak",30,"Ghour El-Mazra'ah","","Al-Mazra'a","Nahia","Sub-Province"
20560,116,"JOR","Jordan",7,"Karak",31,"Ghour Essafi","","Al-Safi","Nahia","Sub-Province"
20561,116,"JOR","Jordan",7,"Karak",32,"Karak","","Al-Karak","Nahia","Sub-Province"
20562,116,"JOR","Jordan",7,"Karak",33,"Mazar Janoobi","","Al-Mazar al-Janubiyya","Nahia","Sub-Province"
20563,116,"JOR","Jordan",7,"Karak",34,"Qasr","","Al-Qasr","Nahia","Sub-Province"
20564,116,"JOR","Jordan",8,"Ma`an",35,"Husseiniyyeh","","Al-Husanyniyya","Nahia","Sub-Province"
20565,116,"JOR","Jordan",8,"Ma`an",36,"Iel","","Ayi","Nahia","Sub-Province"
20566,116,"JOR","Jordan",8,"Ma`an",37,"Ma'an","","","Nahia","Sub-Province"
20567,116,"JOR","Jordan",8,"Ma`an",38,"Shoabak","","Ash-Shibek","Nahia","Sub-Province"
20568,116,"JOR","Jordan",8,"Ma`an",39,"Wadi Musa","","","Nahia","Sub-Province"
20569,116,"JOR","Jordan",9,"Madaba",40,"Dhiban","","","Nahia","Sub-Province"
20570,116,"JOR","Jordan",9,"Madaba",41,"Madaba","","","Nahia","Sub-Province"
20571,116,"JOR","Jordan",10,"Mafraq",42,"Ar-Ruwayshid","","","Nahia","Sub-Province"
