"PID","ID_0","ISO","NAME_0","ID_1","NAME_1","NL_NAME_1","VARNAME_1","TYPE_1","ENGTYPE_1"
1692,116,"JOR","Jordan",1,"Ajlun","","Ajloan|`Ajlun","Muhafazah","Province"
1693,116,"JOR","Jordan",2,"Amman","","Ama","Muhafazah","Province"
1694,116,"JOR","Jordan",3,"Aqaba","","Al `Aqabah","Muhafazah","Province"
1695,116,"JOR","Jordan",4,"Balqa","","Al Balqa'|Balka|Belga","Muhafazah","Province"
1696,116,"JOR","Jordan",5,"Irbid","","","Muhafazah","Province"
1697,116,"JOR","Jordan",6,"Jarash","","","Muhafazah","Province"
1698,116,"JOR","Jordan",7,"Karak","","Al Karak|Kerak","Muhafazah","Province"
1699,116,"JOR","Jordan",8,"Ma`an","","","Muhafazah","Province"
1700,116,"JOR","Jordan",9,"Madaba","","","Muhafazah","Province"
1701,116,"JOR","Jordan",10,"Mafraq","","","Muhafazah","Province"
1702,116,"JOR","Jordan",11,"Tafilah","","At Tafilah|Tafela|Tafileh","Muhafazah","Province"
1703,116,"JOR","Jordan",12,"Zarqa","","Az Zarqa'","Muhafazah","Province"
