"PID","ID_0","ISO","NAME_0","ID_1","NAME_1","NL_NAME_1","VARNAME_1","TYPE_1","ENGTYPE_1"
671,42,"CPV","Cape Verde",1,"Boa Vista","","","Concelho","County"
672,42,"CPV","Cape Verde",2,"Brava","","","Concelho","County"
673,42,"CPV","Cape Verde",3,"Maio","","","Concelho","County"
674,42,"CPV","Cape Verde",4,"Mosteiros","","","Concelho","County"
675,42,"CPV","Cape Verde",5,"Paúl","","","Concelho","County"
676,42,"CPV","Cape Verde",6,"Porto Novo","","","Concelho","County"
677,42,"CPV","Cape Verde",7,"Praia","","","Concelho","County"
678,42,"CPV","Cape Verde",8,"Ribeira Grande","","","Concelho","County"
679,42,"CPV","Cape Verde",9,"Sal","","","Concelho","County"
680,42,"CPV","Cape Verde",10,"Santa Catarina","","","Concelho","County"
681,42,"CPV","Cape Verde",11,"Santa Cruz","","","Concelho","County"
682,42,"CPV","Cape Verde",12,"São Domingos","","","Concelho","County"
683,42,"CPV","Cape Verde",13,"São Filipe","","","Concelho","County"
684,42,"CPV","Cape Verde",14,"São Miguel","","Calheta de São Miguel","Concelho","County"
685,42,"CPV","Cape Verde",15,"São Nicolau","","","Concelho","County"
686,42,"CPV","Cape Verde",16,"São Vicente","","","Concelho","County"
687,42,"CPV","Cape Verde",17,"Tarrafal","","","Concelho","County"
