"PID","ID_0","ISO","NAME_0","ID_1","NAME_1","ID_2","NAME_2","NL_NAME_2","VARNAME_2","TYPE_2","ENGTYPE_2"
7269,58,"CUB","Cuba",9,"La Habana",100,"San Antonio de los Baños","","","Municipio","Municipality"
7270,58,"CUB","Cuba",9,"La Habana",101,"San José de las Lajas","","","Municipio","Municipality"
7271,58,"CUB","Cuba",9,"La Habana",102,"San Nicolás","","","Municipio","Municipality"
7272,58,"CUB","Cuba",9,"La Habana",103,"Santa Cruz del Norte","","","Municipio","Municipality"
7273,58,"CUB","Cuba",10,"Las Tunas",104,"Amancio","","","Municipio","Municipality"
7274,58,"CUB","Cuba",10,"Las Tunas",105,"Colombia","","","Municipio","Municipality"
7275,58,"CUB","Cuba",10,"Las Tunas",106,"Jesús Menéndez","","","Municipio","Municipality"
7276,58,"CUB","Cuba",10,"Las Tunas",107,"Jobabo","","","Municipio","Municipality"
7277,58,"CUB","Cuba",10,"Las Tunas",108,"Las Tunas","","Victoria deLas Tunas","Municipio","Municipality"
7278,58,"CUB","Cuba",10,"Las Tunas",109,"Majibacoa","","","Municipio","Municipality"
7279,58,"CUB","Cuba",10,"Las Tunas",110,"Manatí","","","Municipio","Municipality"
7280,58,"CUB","Cuba",10,"Las Tunas",111,"Puerto Padre","","","Municipio","Municipality"
7281,58,"CUB","Cuba",11,"Matanzas",112,"Calimete","","","Municipio","Municipality"
7282,58,"CUB","Cuba",11,"Matanzas",113,"Cárdenas","","","Municipio","Municipality"
7283,58,"CUB","Cuba",11,"Matanzas",114,"Ciénaga de Zapata","","","Municipio","Municipality"
7284,58,"CUB","Cuba",11,"Matanzas",115,"Colón","","","Municipio","Municipality"
7285,58,"CUB","Cuba",11,"Matanzas",116,"Jagüey Grande","","","Municipio","Municipality"
7286,58,"CUB","Cuba",11,"Matanzas",117,"Jovellanos","","","Municipio","Municipality"
7287,58,"CUB","Cuba",11,"Matanzas",118,"Limonar","","","Municipio","Municipality"
7288,58,"CUB","Cuba",11,"Matanzas",119,"Los Arabos","","","Municipio","Municipality"
7289,58,"CUB","Cuba",11,"Matanzas",120,"Martí","","","Municipio","Municipality"
7290,58,"CUB","Cuba",11,"Matanzas",121,"Matanzas","","","Municipio","Municipality"
7291,58,"CUB","Cuba",11,"Matanzas",122,"Pedro Betancourt","","","Municipio","Municipality"
7292,58,"CUB","Cuba",11,"Matanzas",123,"Perico","","","Municipio","Municipality"
10710,58,"CUB","Cuba",14,"Santiago de Cuba",147,"Contramaestre","","","Municipio","Municipality"
10711,58,"CUB","Cuba",14,"Santiago de Cuba",148,"Guamá","","Guama","Municipio","Municipality"
10712,58,"CUB","Cuba",14,"Santiago de Cuba",149,"Mella","","","Municipio","Municipality"
10713,58,"CUB","Cuba",14,"Santiago de Cuba",150,"Palma Soriano","","","Municipio","Municipality"
10714,58,"CUB","Cuba",14,"Santiago de Cuba",151,"San Luis","","","Municipio","Municipality"
10715,58,"CUB","Cuba",14,"Santiago de Cuba",152,"Santiago de Cuba","","","Municipio","Municipality"
10716,58,"CUB","Cuba",14,"Santiago de Cuba",153,"Segundo Frente","","","Municipio","Municipality"
10717,58,"CUB","Cuba",14,"Santiago de Cuba",154,"Songo-La Maya","","","Municipio","Municipality"
10718,58,"CUB","Cuba",14,"Santiago de Cuba",155,"Tercer Frente","","","Municipio","Municipality"
10719,58,"CUB","Cuba",15,"Villa Clara",156,"Caibarién","","","Municipio","Municipality"
10720,58,"CUB","Cuba",15,"Villa Clara",157,"Camajuaní","","","Municipio","Municipality"
10721,58,"CUB","Cuba",15,"Villa Clara",158,"Cifuentes","","","Municipio","Municipality"
10722,58,"CUB","Cuba",15,"Villa Clara",159,"Corralillo","","","Municipio","Municipality"
10723,58,"CUB","Cuba",15,"Villa Clara",160,"Encrucijada","","","Municipio","Municipality"
10724,58,"CUB","Cuba",15,"Villa Clara",161,"Manicaragua","","","Municipio","Municipality"
10725,58,"CUB","Cuba",15,"Villa Clara",162,"Placetas","","","Municipio","Municipality"
10726,58,"CUB","Cuba",15,"Villa Clara",163,"Quemado de Güines","","","Municipio","Municipality"
10727,58,"CUB","Cuba",15,"Villa Clara",164,"Ranchuelo","","","Municipio","Municipality"
10728,58,"CUB","Cuba",15,"Villa Clara",165,"Remedios","","","Municipio","Municipality"
10729,58,"CUB","Cuba",15,"Villa Clara",166,"Sagua la Grande","","","Municipio","Municipality"
10730,58,"CUB","Cuba",15,"Villa Clara",167,"Santa Clara","","","Municipio","Municipality"
10731,58,"CUB","Cuba",15,"Villa Clara",168,"Santo Domingo","","","Municipio","Municipality"
13723,58,"CUB","Cuba",1,"Camagüey",1,"Camagüey","","","Municipio","Municipality"
13724,58,"CUB","Cuba",1,"Camagüey",2,"Carlos Manuel de Céspedes","","","Municipio","Municipality"
13725,58,"CUB","Cuba",1,"Camagüey",3,"Esmeralda","","","Municipio","Municipality"
13726,58,"CUB","Cuba",1,"Camagüey",4,"Florida","","","Municipio","Municipality"
13727,58,"CUB","Cuba",1,"Camagüey",5,"Guáimaro","","","Municipio","Municipality"
13728,58,"CUB","Cuba",1,"Camagüey",6,"Jimaguayú","","","Municipio","Municipality"
13729,58,"CUB","Cuba",1,"Camagüey",7,"Minas","","","Municipio","Municipality"
13730,58,"CUB","Cuba",1,"Camagüey",8,"Najasa","","","Municipio","Municipality"
13731,58,"CUB","Cuba",1,"Camagüey",9,"Nuevitas","","","Municipio","Municipality"
13732,58,"CUB","Cuba",1,"Camagüey",10,"Santa Cruz del Sur","","","Municipio","Municipality"
13733,58,"CUB","Cuba",1,"Camagüey",11,"Sibanicú","","","Municipio","Municipality"
13734,58,"CUB","Cuba",1,"Camagüey",12,"Sierra de Cubitas","","","Municipio","Municipality"
13735,58,"CUB","Cuba",1,"Camagüey",13,"Vertientes","","","Municipio","Municipality"
13736,58,"CUB","Cuba",2,"Ciego de Ávila",14,"Baraguá","","","Municipio","Municipality"
13737,58,"CUB","Cuba",2,"Ciego de Ávila",15,"Bolivia","","","Municipio","Municipality"
13738,58,"CUB","Cuba",2,"Ciego de Ávila",16,"Chambas","","","Municipio","Municipality"
13739,58,"CUB","Cuba",2,"Ciego de Ávila",17,"Ciego de ávila","","","Municipio","Municipality"
13740,58,"CUB","Cuba",2,"Ciego de Ávila",18,"Ciro Redodo","","","Municipio","Municipality"
13741,58,"CUB","Cuba",2,"Ciego de Ávila",19,"Florencia","","","Municipio","Municipality"
13742,58,"CUB","Cuba",2,"Ciego de Ávila",20,"Majagua","","","Municipio","Municipality"
13743,58,"CUB","Cuba",2,"Ciego de Ávila",21,"Morón","","","Municipio","Municipality"
13744,58,"CUB","Cuba",2,"Ciego de Ávila",22,"Primero de Enero","","","Municipio","Municipality"
13745,58,"CUB","Cuba",2,"Ciego de Ávila",23,"Venezuela","","","Municipio","Municipality"
13746,58,"CUB","Cuba",3,"Cienfuegos",24,"Abreus","","","Municipio","Municipality"
13747,58,"CUB","Cuba",3,"Cienfuegos",25,"Aguada de Pasajeros","","","Municipio","Municipality"
13748,58,"CUB","Cuba",3,"Cienfuegos",26,"Ciefuegos","","","Municipio","Municipality"
13749,58,"CUB","Cuba",3,"Cienfuegos",27,"Cruces","","","Municipio","Municipality"
13750,58,"CUB","Cuba",3,"Cienfuegos",28,"Cumanayagua","","","Municipio","Municipality"
13751,58,"CUB","Cuba",3,"Cienfuegos",29,"Lajas","","","Municipio","Municipality"
13752,58,"CUB","Cuba",3,"Cienfuegos",30,"Palmira","","","Municipio","Municipality"
13753,58,"CUB","Cuba",3,"Cienfuegos",31,"Rodas","","","Municipio","Municipality"
13754,58,"CUB","Cuba",4,"Ciudad de la Habana",32,"Arroyo Naranjo","","","Municipio","Municipality"
13755,58,"CUB","Cuba",4,"Ciudad de la Habana",33,"Boyeros","","","Municipio","Municipality"
13756,58,"CUB","Cuba",4,"Ciudad de la Habana",34,"Centro Habana","","","Municipio","Municipality"
13757,58,"CUB","Cuba",4,"Ciudad de la Habana",35,"Cerro","","","Municipio","Municipality"
13758,58,"CUB","Cuba",4,"Ciudad de la Habana",36,"Cotorro","","","Municipio","Municipality"
13759,58,"CUB","Cuba",4,"Ciudad de la Habana",37,"Diez de Octubre","","","Municipio","Municipality"
13760,58,"CUB","Cuba",4,"Ciudad de la Habana",38,"Guanabacoa","","","Municipio","Municipality"
13761,58,"CUB","Cuba",4,"Ciudad de la Habana",39,"La Habana del Este","","","Municipio","Municipality"
13762,58,"CUB","Cuba",4,"Ciudad de la Habana",40,"La Habana Vieja","","","Municipio","Municipality"
13763,58,"CUB","Cuba",4,"Ciudad de la Habana",41,"La Lisa","","","Municipio","Municipality"
13764,58,"CUB","Cuba",4,"Ciudad de la Habana",42,"Marianao","","","Municipio","Municipality"
13765,58,"CUB","Cuba",4,"Ciudad de la Habana",43,"Playa","","","Municipio","Municipality"
13766,58,"CUB","Cuba",4,"Ciudad de la Habana",44,"Plaza de la Revolución","","","Municipio","Municipality"
13767,58,"CUB","Cuba",4,"Ciudad de la Habana",45,"Regla","","","Municipio","Municipality"
13768,58,"CUB","Cuba",4,"Ciudad de la Habana",46,"San Miguel del Padrón","","","Municipio","Municipality"
13769,58,"CUB","Cuba",5,"Granma",47,"Bartolomé Masó","","","Municipio","Municipality"
13770,58,"CUB","Cuba",5,"Granma",48,"Bayamo","","","Municipio","Municipality"
13771,58,"CUB","Cuba",5,"Granma",49,"Buey Arriba","","","Municipio","Municipality"
13772,58,"CUB","Cuba",5,"Granma",50,"Campechuela","","","Municipio","Municipality"
13773,58,"CUB","Cuba",5,"Granma",51,"Cauto Cristo","","","Municipio","Municipality"
13774,58,"CUB","Cuba",5,"Granma",52,"Guisa","","","Municipio","Municipality"
13775,58,"CUB","Cuba",5,"Granma",53,"Jiguaní","","","Municipio","Municipality"
13776,58,"CUB","Cuba",5,"Granma",54,"Manzanillo","","","Municipio","Municipality"
13777,58,"CUB","Cuba",5,"Granma",55,"Media Luna","","","Municipio","Municipality"
13778,58,"CUB","Cuba",5,"Granma",56,"Niquero","","","Municipio","Municipality"
13779,58,"CUB","Cuba",5,"Granma",57,"Pilón","","","Municipio","Municipality"
13780,58,"CUB","Cuba",5,"Granma",58,"Río Cauto","","","Municipio","Municipality"
13781,58,"CUB","Cuba",5,"Granma",59,"Yara","","","Municipio","Municipality"
13782,58,"CUB","Cuba",6,"Guantánamo",60,"Baracoa","","","Municipio","Municipality"
13783,58,"CUB","Cuba",6,"Guantánamo",61,"Caimanera","","","Municipio","Municipality"
13784,58,"CUB","Cuba",6,"Guantánamo",62,"El Salvador","","","Municipio","Municipality"
13785,58,"CUB","Cuba",6,"Guantánamo",63,"Guantánamo","","","Municipio","Municipality"
13786,58,"CUB","Cuba",6,"Guantánamo",64,"Imías","","","Municipio","Municipality"
13787,58,"CUB","Cuba",6,"Guantánamo",65,"Maisí","","","Municipio","Municipality"
13788,58,"CUB","Cuba",6,"Guantánamo",66,"Manuel Tames","","","Municipio","Municipality"
13789,58,"CUB","Cuba",6,"Guantánamo",67,"Niceto Pérez","","","Municipio","Municipality"
13790,58,"CUB","Cuba",6,"Guantánamo",68,"San Antonio del Sur","","","Municipio","Municipality"
13791,58,"CUB","Cuba",6,"Guantánamo",69,"Yateras","","","Municipio","Municipality"
13792,58,"CUB","Cuba",7,"Holguín",70,"Antilla","","","Municipio","Municipality"
13793,58,"CUB","Cuba",7,"Holguín",71,"Báguanos","","","Municipio","Municipality"
13794,58,"CUB","Cuba",7,"Holguín",72,"Banes","","","Municipio","Municipality"
13795,58,"CUB","Cuba",7,"Holguín",73,"Cacocum","","","Municipio","Municipality"
13796,58,"CUB","Cuba",7,"Holguín",74,"Calixto García","","","Municipio","Municipality"
13797,58,"CUB","Cuba",7,"Holguín",75,"Cueto","","","Municipio","Municipality"
13798,58,"CUB","Cuba",7,"Holguín",76,"Frak País","","","Municipio","Municipality"
13799,58,"CUB","Cuba",7,"Holguín",77,"Gibara","","","Municipio","Municipality"
13800,58,"CUB","Cuba",7,"Holguín",78,"Holguín","","","Municipio","Municipality"
13801,58,"CUB","Cuba",7,"Holguín",79,"Mayarí","","","Municipio","Municipality"
13802,58,"CUB","Cuba",7,"Holguín",80,"Moa","","","Municipio","Municipality"
13803,58,"CUB","Cuba",7,"Holguín",81,"Rafael Freyre","","","Municipio","Municipality"
13804,58,"CUB","Cuba",7,"Holguín",82,"Sagua de Tánamo","","","Municipio","Municipality"
13805,58,"CUB","Cuba",7,"Holguín",83,"Urbano Noris","","","Municipio","Municipality"
13806,58,"CUB","Cuba",8,"Isla de la Juventud",84,"Isla de la Juventud","","","Municipio","Municipality"
13807,58,"CUB","Cuba",9,"La Habana",85,"Alquízar","","","Municipio","Municipality"
13808,58,"CUB","Cuba",9,"La Habana",86,"Artemisa","","","Municipio","Municipality"
13809,58,"CUB","Cuba",9,"La Habana",87,"Batabanó","","","Municipio","Municipality"
13810,58,"CUB","Cuba",9,"La Habana",88,"Bauta","","","Municipio","Municipality"
13811,58,"CUB","Cuba",9,"La Habana",89,"Bejucal","","","Municipio","Municipality"
13812,58,"CUB","Cuba",9,"La Habana",90,"Caimito","","","Municipio","Municipality"
13813,58,"CUB","Cuba",9,"La Habana",91,"Guanajay","","","Municipio","Municipality"
13814,58,"CUB","Cuba",9,"La Habana",92,"Güines","","","Municipio","Municipality"
13815,58,"CUB","Cuba",9,"La Habana",93,"Güira de Melena","","","Municipio","Municipality"
13816,58,"CUB","Cuba",9,"La Habana",94,"Jaruco","","","Municipio","Municipality"
13817,58,"CUB","Cuba",9,"La Habana",95,"Madruga","","","Municipio","Municipality"
13818,58,"CUB","Cuba",9,"La Habana",96,"Mariel","","","Municipio","Municipality"
13819,58,"CUB","Cuba",9,"La Habana",97,"Melena del Sur","","","Municipio","Municipality"
13820,58,"CUB","Cuba",9,"La Habana",98,"Nueva Paz","","","Municipio","Municipality"
13821,58,"CUB","Cuba",9,"La Habana",99,"Quivicán","","","Municipio","Municipality"
13822,58,"CUB","Cuba",11,"Matanzas",124,"Unión de Reyes","","","Municipio","Municipality"
13823,58,"CUB","Cuba",12,"Pinar del Río",125,"Bahía Honda","","","Municipio","Municipality"
13824,58,"CUB","Cuba",12,"Pinar del Río",126,"Candelaria","","","Municipio","Municipality"
13825,58,"CUB","Cuba",12,"Pinar del Río",127,"Consolación del Sur","","","Municipio","Municipality"
13826,58,"CUB","Cuba",12,"Pinar del Río",128,"Guane","","","Municipio","Municipality"
13827,58,"CUB","Cuba",12,"Pinar del Río",129,"La Palma","","","Municipio","Municipality"
13828,58,"CUB","Cuba",12,"Pinar del Río",130,"Los Palacios","","","Municipio","Municipality"
13829,58,"CUB","Cuba",12,"Pinar del Río",131,"Mantua","","","Municipio","Municipality"
13830,58,"CUB","Cuba",12,"Pinar del Río",132,"Minas de Matahambre","","","Municipio","Municipality"
13831,58,"CUB","Cuba",12,"Pinar del Río",133,"Pinar del Río","","","Municipio","Municipality"
13832,58,"CUB","Cuba",12,"Pinar del Río",134,"San Cristóbal","","","Municipio","Municipality"
13833,58,"CUB","Cuba",12,"Pinar del Río",135,"San Juan y Martínez","","","Municipio","Municipality"
13834,58,"CUB","Cuba",12,"Pinar del Río",136,"San Luis","","","Municipio","Municipality"
13835,58,"CUB","Cuba",12,"Pinar del Río",137,"Sandino","","","Municipio","Municipality"
13836,58,"CUB","Cuba",12,"Pinar del Río",138,"Viñales","","","Municipio","Municipality"
13837,58,"CUB","Cuba",13,"Sancti Spíritus",139,"Cabaiguán","","","Municipio","Municipality"
13838,58,"CUB","Cuba",13,"Sancti Spíritus",140,"Fomento","","","Municipio","Municipality"
13839,58,"CUB","Cuba",13,"Sancti Spíritus",141,"Jatibonico","","","Municipio","Municipality"
13840,58,"CUB","Cuba",13,"Sancti Spíritus",142,"La Sierpe","","","Municipio","Municipality"
13841,58,"CUB","Cuba",13,"Sancti Spíritus",143,"Sancti Spíritus","","","Municipio","Municipality"
13842,58,"CUB","Cuba",13,"Sancti Spíritus",144,"Taguasco","","","Municipio","Municipality"
13843,58,"CUB","Cuba",13,"Sancti Spíritus",145,"Trinidad","","","Municipio","Municipality"
13844,58,"CUB","Cuba",13,"Sancti Spíritus",146,"Yaguajay","","","Municipio","Municipality"
