"PID","ID_0","ISO","NAME_0","ID_1","NAME_1","NL_NAME_1","VARNAME_1","TYPE_1","ENGTYPE_1"
999,58,"CUB","Cuba",1,"Camagüey","","Puerto Principe","Provincia","Province"
1000,58,"CUB","Cuba",2,"Ciego de Ávila","","","Provincia","Province"
1001,58,"CUB","Cuba",3,"Cienfuegos","","","Provincia","Province"
1002,58,"CUB","Cuba",4,"Ciudad de la Habana","","","Provincia","Province"
1003,58,"CUB","Cuba",5,"Granma","","","Provincia","Province"
1004,58,"CUB","Cuba",6,"Guantánamo","","","Provincia","Province"
1005,58,"CUB","Cuba",7,"Holguín","","","Provincia","Province"
1006,58,"CUB","Cuba",8,"Isla de la Juventud","","Puerto Principe","Provincia","Province"
1007,58,"CUB","Cuba",9,"La Habana","","","Provincia","Province"
1008,58,"CUB","Cuba",10,"Las Tunas","","","Provincia","Province"
1009,58,"CUB","Cuba",11,"Matanzas","","","Provincia","Province"
1010,58,"CUB","Cuba",12,"Pinar del Río","","","Provincia","Province"
1011,58,"CUB","Cuba",13,"Sancti Spíritus","","","Provincia","Province"
1012,58,"CUB","Cuba",14,"Santiago de Cuba","","","Provincia","Province"
1013,58,"CUB","Cuba",15,"Villa Clara","","","Provincia","Province"
