"PID","ID_0","ISO","NAME_0","ID_1","NAME_1","NL_NAME_1","VARNAME_1","TYPE_1","ENGTYPE_1"
2650,200,"SRB","Serbia",1,"Borski","<U+0411><U+043E><U+0440><U+0441><U+043A><U+0438>","Bor","Okrug","District"
2651,200,"SRB","Serbia",2,"Branicevski","<U+0411><U+0440><U+0430><U+043D><U+0438><U+0447><U+0435><U+0432><U+0441><U+043A><U+0438>","Branicevo","Okrug","District"
2652,200,"SRB","Serbia",3,"Grad Beograd","<U+0411><U+0435><U+043E><U+0433><U+0440><U+0430><U+0434>","Belgrade","Grad","City"
2653,200,"SRB","Serbia",4,"Jablanicki","<U+0408><U+0430><U+0431><U+043B><U+0430><U+043D><U+0438><U+0447><U+043A><U+0438>","Jablanica","Okrug","District"
2654,200,"SRB","Serbia",5,"Južno-Backi","<U+0408><U+0443><U+0436><U+043D><U+043E><U+0431><U+0430><U+0447><U+043A><U+0438>","South Backa","Okrug","District"
2655,200,"SRB","Serbia",6,"Južno-Banatski","<U+0408><U+0443><U+0436><U+043D><U+043E><U+0431><U+0430><U+043D><U+0430><U+0442><U+0441><U+043A><U+0438>","South Banat","Okrug","District"
2656,200,"SRB","Serbia",7,"Kolubarski","<U+041A><U+043E><U+043B><U+0443><U+0431><U+0430><U+0440><U+0441><U+043A><U+0438>","Kolubara","Okrug","District"
2657,200,"SRB","Serbia",8,"Macvanski","<U+041C><U+0430><U+0447><U+0432><U+0430><U+043D><U+0441><U+043A><U+0438>","Macva","Okrug","District"
2658,200,"SRB","Serbia",9,"Moravicki","<U+041C><U+043E><U+0440><U+0430><U+0432><U+0438><U+0447><U+043A><U+0438>","Moravica|Morava","Okrug","District"
2659,200,"SRB","Serbia",10,"Nišavski","<U+041D><U+0438><U+0448><U+0430><U+0432><U+0441><U+043A><U+0438>","Nišava","Okrug","District"
2660,200,"SRB","Serbia",11,"Pcinjski","<U+041F><U+0447><U+0438><U+045A><U+0441><U+043A><U+0438>","Pcinja","Okrug","District"
2661,200,"SRB","Serbia",12,"Pirotski","<U+041F><U+0438><U+0440><U+043E><U+0442><U+0441><U+043A><U+0438>","Pirot","Okrug","District"
2662,200,"SRB","Serbia",13,"Podunavski","<U+041F><U+043E><U+0434><U+0443><U+043D><U+0430><U+0432><U+0441><U+043A><U+0438>","Podunavlje|Danube","Okrug","District"
2663,200,"SRB","Serbia",14,"Pomoravski","<U+041F><U+043E><U+043C><U+043E><U+0440><U+0430><U+0432><U+0441><U+043A><U+0438>","Pomoravlje","Okrug","District"
2664,200,"SRB","Serbia",15,"Rasinski","<U+0420><U+0430><U+0441><U+0438><U+043D><U+0441><U+043A><U+0438>","Rasina","Okrug","District"
2665,200,"SRB","Serbia",16,"Raški","<U+0420><U+0430><U+0448><U+043A><U+0438>","Raška","Okrug","District"
2666,200,"SRB","Serbia",17,"Severno-Backi","<U+0421><U+0435><U+0432><U+0435><U+0440><U+043D><U+043E><U+0431><U+0430><U+0447><U+043A><U+0438>","North Backa","Okrug","District"
2667,200,"SRB","Serbia",18,"Severno-Banatski","<U+0421><U+0435><U+0432><U+0435><U+0440><U+043D><U+043E><U+0431><U+0430><U+043D><U+0430><U+0442><U+0441><U+043A><U+0438>","North Banat","Okrug","District"
2668,200,"SRB","Serbia",19,"Srednje-Banatski","<U+0421><U+0440><U+0435><U+0434><U+045A><U+0435><U+0431><U+0430><U+043D><U+0430><U+0442><U+0441><U+043A><U+0438>","Central Banat","Okrug","District"
2669,200,"SRB","Serbia",20,"Sremski","<U+0421><U+0440><U+0435><U+043C><U+0441><U+043A><U+0438>","Srem","Okrug","District"
2670,200,"SRB","Serbia",21,"Šumadijski","<U+0428><U+0443><U+043C><U+0430><U+0434><U+0438><U+0458><U+0441><U+043A><U+0438>","Šumadija","Okrug","District"
2671,200,"SRB","Serbia",22,"Toplicki","<U+0422><U+043E><U+043F><U+043B><U+0438><U+0447><U+043A><U+0438>","Toplica","Okrug","District"
2672,200,"SRB","Serbia",23,"Zajecarski","<U+0417><U+0430><U+0458><U+0435><U+0447><U+0430><U+0440><U+0441><U+043A><U+0438>","Zajecar","Okrug","District"
2673,200,"SRB","Serbia",24,"Zapadno-Backi","<U+0417><U+0430><U+043F><U+0430><U+0434><U+043D><U+043E><U+0431><U+0430><U+0447><U+043A><U+0438>","West Backa","Okrug","District"
2674,200,"SRB","Serbia",25,"Zlatiborski","<U+0417><U+043B><U+0430><U+0442><U+0438><U+0431><U+043E><U+0440><U+0441><U+043A><U+0438>","Zlatibor","Okrug","District"
