"PID","ID_0","ISO","NAME_0","ID_1","NAME_1","ID_2","NAME_2","NL_NAME_2","VARNAME_2","TYPE_2","ENGTYPE_2"
32232,200,"SRB","Serbia",1,"Borski",1,"Bor","<U+0411><U+043E><U+0440>","","Opštine","Town|Municipal"
32233,200,"SRB","Serbia",1,"Borski",2,"Kladovo","<U+041A><U+043B><U+0430><U+0434><U+043E><U+0432><U+043E>","Claudia|Kladowo","Opštine","Town|Municipal"
32234,200,"SRB","Serbia",1,"Borski",3,"Majdanpek","<U+041C><U+0430><U+0458><U+0434><U+0430><U+043D><U+043F><U+0435><U+043A>","","Opštine","Town|Municipal"
32235,200,"SRB","Serbia",1,"Borski",4,"Negotin","<U+041D><U+0435><U+0433><U+043E><U+0442><U+0438><U+043D>","","Opštine","Town|Municipal"
32236,200,"SRB","Serbia",2,"Branicevski",5,"Golubac","<U+0413><U+043E><U+043B><U+0443><U+0431><U+0430><U+0446>","Galambóc|Golumbácz|Güvercinlik","Opštine","Town|Municipal"
32237,200,"SRB","Serbia",2,"Branicevski",6,"Kucevo","<U+041A><U+0443><U+0447><U+0435><U+0432><U+043E>","","Opštine","Town|Municipal"
32238,200,"SRB","Serbia",2,"Branicevski",7,"Malo Crnice","<U+041C><U+0430><U+043B><U+043E> <U+0426><U+0440><U+043D><U+0438><U+045B><U+0435>","","Opštine","Town|Municipal"
32239,200,"SRB","Serbia",2,"Branicevski",8,"Petrovac","<U+041F><U+0435><U+0442><U+0440><U+043E><U+0432><U+0430><U+0446>|<U+041F><U+0435><U+0442><U+0440><U+043E><U+0432><U+0430><U+0446> <U+043D><U+0430> <U+041C><U+043B><U+0430><U+0432><U+0438>","Petrovac na Mlavi","Opštine","Town|Municipal"
32240,200,"SRB","Serbia",2,"Branicevski",9,"Požarevac","<U+041F><U+043E><U+0436><U+0430><U+0440><U+0435><U+0432><U+0430><U+0446>","Pojarevat|Pasarofça|Passarowitz","Opštine","Town|Municipal"
32241,200,"SRB","Serbia",2,"Branicevski",10,"Veliko Gradište","<U+0412><U+0435><U+043B><U+0438><U+043A><U+043E> <U+0413><U+0440><U+0430><U+0434><U+0438><U+0448><U+0442><U+0435>","","Opštine","Town|Municipal"
32242,200,"SRB","Serbia",2,"Branicevski",11,"Žabari","<U+0416><U+0430><U+0431><U+0430><U+0440><U+0438>","","Opštine","Town|Municipal"
32243,200,"SRB","Serbia",2,"Branicevski",12,"Žagubica","<U+0416><U+0430><U+0433><U+0443><U+0431><U+0438><U+0446><U+0430>","Jagubita","Opštine","Town|Municipal"
32244,200,"SRB","Serbia",3,"Grad Beograd",13,"Cukarica","<U+0427><U+0443><U+043A><U+0430><U+0440><U+0438><U+0446><U+0430>","","Opštine","Town|Municipal"
32245,200,"SRB","Serbia",3,"Grad Beograd",14,"Barajevo","<U+0411><U+0430><U+0440><U+0430><U+0458><U+0435><U+0432><U+043E>","","Opštine","Town|Municipal"
32246,200,"SRB","Serbia",3,"Grad Beograd",15,"Grocka","<U+0413><U+0440><U+043E><U+0446><U+043A><U+0430>","","Opštine","Town|Municipal"
32247,200,"SRB","Serbia",3,"Grad Beograd",16,"Lazarevac","<U+041B><U+0430><U+0437><U+0430><U+0440><U+0435><U+0432><U+0430><U+0446>","","Opštine","Town|Municipal"
32248,200,"SRB","Serbia",3,"Grad Beograd",17,"Mladenovac","<U+041C><U+043B><U+0430><U+0434><U+0435><U+043D><U+043E><U+0432><U+0430><U+0446>","","Opštine","Town|Municipal"
32249,200,"SRB","Serbia",3,"Grad Beograd",18,"Novi Beograd","<U+041D><U+043E><U+0432><U+0438> <U+0411><U+0435><U+043E><U+0433><U+0440><U+0430><U+0434>","New Belgrade","Opštine","Town|Municipal"
32250,200,"SRB","Serbia",3,"Grad Beograd",19,"Obrenovac","<U+041E><U+0431><U+0440><U+0435><U+043D><U+043E><U+0432><U+0430><U+0446>","","Opštine","Town|Municipal"
32251,200,"SRB","Serbia",3,"Grad Beograd",20,"Palilula","<U+041F><U+0430><U+043B><U+0438><U+043B><U+0443><U+043B><U+0430>","","Opštine","Town|Municipal"
32252,200,"SRB","Serbia",3,"Grad Beograd",21,"Rakovica","<U+0420><U+0430><U+043A><U+043E><U+0432><U+0438><U+0446><U+0430>","","Opštine","Town|Municipal"
32253,200,"SRB","Serbia",3,"Grad Beograd",22,"Savski Venac","<U+0421><U+0430><U+0432><U+0441><U+043A><U+0438> <U+0412><U+0435><U+043D><U+0430><U+0446>","","Opštine","Town|Municipal"
32254,200,"SRB","Serbia",3,"Grad Beograd",23,"Sopot","<U+0421><U+043E><U+043F><U+043E><U+0442>","","Opštine","Town|Municipal"
32255,200,"SRB","Serbia",3,"Grad Beograd",24,"Stari Grad","<U+0421><U+0442><U+0430><U+0440><U+0438> <U+0413><U+0440><U+0430><U+0434>","","Opštine","Town|Municipal"
32256,200,"SRB","Serbia",3,"Grad Beograd",25,"Surcin","<U+0421><U+0443><U+0440><U+0447><U+0438><U+043D>","","Opštine","Town|Municipal"
32257,200,"SRB","Serbia",3,"Grad Beograd",26,"Voždovac","<U+0412><U+043E><U+0436><U+0434><U+043E><U+0432><U+0430><U+0446>","","Opštine","Town|Municipal"
32258,200,"SRB","Serbia",3,"Grad Beograd",27,"Vracar","<U+0412><U+0440><U+0430><U+0447><U+0430><U+0440>","","Opštine","Town|Municipal"
32259,200,"SRB","Serbia",3,"Grad Beograd",28,"Zemun","<U+0417><U+0435><U+043C><U+0443><U+043D>","Zimony|Semlin","Opštine","Town|Municipal"
32260,200,"SRB","Serbia",3,"Grad Beograd",29,"Zvezdara","<U+0417><U+0432><U+0435><U+0437><U+0434><U+0430><U+0440><U+0430>","","Opštine","Town|Municipal"
32261,200,"SRB","Serbia",4,"Jablanicki",30,"Bojnik","<U+0411><U+043E><U+0458><U+043D><U+0438><U+043A>","","Opštine","Town|Municipal"
32262,200,"SRB","Serbia",4,"Jablanicki",31,"Crna Trava","<U+0426><U+0440><U+043D><U+0430> <U+0422><U+0440><U+0430><U+0432><U+0430>","","Opštine","Town|Municipal"
32263,200,"SRB","Serbia",4,"Jablanicki",32,"Lebane","<U+041B><U+0435><U+0431><U+0430><U+043D><U+0435>","","Opštine","Town|Municipal"
32264,200,"SRB","Serbia",4,"Jablanicki",33,"Leskovac","<U+041B><U+0435><U+0441><U+043A><U+043E><U+0432><U+0430><U+0446>","Dubocica","Opštine","Town|Municipal"
32265,200,"SRB","Serbia",4,"Jablanicki",34,"Medveda","<U+041C><U+0435><U+0434><U+0432><U+0435><U+0452><U+0430>","Medvegjë|Medvegja","Opštine","Town|Municipal"
32266,200,"SRB","Serbia",4,"Jablanicki",35,"Vlasotince","<U+0412><U+043B><U+0430><U+0441><U+043E><U+0442><U+0438><U+043D><U+0446><U+0435>","","Opštine","Town|Municipal"
32267,200,"SRB","Serbia",5,"Južno-Backi",36,"Bac","<U+0411><U+0430><U+0447>","Bác|Bács","Opštine","Town|Municipal"
32268,200,"SRB","Serbia",5,"Južno-Backi",37,"Backa Palanka","<U+0411><U+0430><U+0447><U+043A><U+0430> <U+041F><U+0430><U+043B><U+0430><U+043D><U+043A><U+0430>","Bácska Palanka|Bácspalánka|Küçük Hisar","Opštine","Town|Municipal"
32269,200,"SRB","Serbia",5,"Južno-Backi",38,"Backi Petrovac","<U+0411><U+0430><U+0447><U+043A><U+0438> <U+041F><U+0435><U+0442><U+0440><U+043E><U+0432><U+0430><U+0446>","Bácsky Petrovec|Petroc","Opštine","Town|Municipal"
32270,200,"SRB","Serbia",5,"Južno-Backi",39,"Becej","<U+0411><U+0435><U+0447><U+0435><U+0458>","Óbecse|Becei","Opštine","Town|Municipal"
32271,200,"SRB","Serbia",5,"Južno-Backi",40,"Beocin","<U+0411><U+0435><U+043E><U+0447><U+0438><U+043D>","","Opštine","Town|Municipal"
32272,200,"SRB","Serbia",5,"Južno-Backi",41,"Novi Sad","<U+041D><U+043E><U+0432><U+0438> <U+0421><U+0430><U+0434>","Újvidék Város|Mesto Nový Sad","Opštine","Town|Municipal"
32273,200,"SRB","Serbia",5,"Južno-Backi",42,"Srbobran","<U+0421><U+0440><U+0431><U+043E><U+0431><U+0440><U+0430><U+043D>","Szenttamás|Thomasberg","Opštine","Town|Municipal"
32274,200,"SRB","Serbia",5,"Južno-Backi",43,"Sremski Karlovci","<U+0421><U+0440><U+0435><U+043C><U+0441><U+043A><U+0438> <U+041A><U+0430><U+0440><U+043B><U+043E><U+0432><U+0446><U+0438>","Karlóca|Karlofça","Opštine","Town|Municipal"
32275,200,"SRB","Serbia",5,"Južno-Backi",44,"Temerin","<U+0422><U+0435><U+043C><U+0435><U+0440><U+0438><U+043D>","","Opštine","Town|Municipal"
32276,200,"SRB","Serbia",5,"Južno-Backi",45,"Titel","<U+0422><U+0438><U+0442><U+0435><U+043B>","","Opštine","Town|Municipal"
32277,200,"SRB","Serbia",5,"Južno-Backi",46,"Vrbas","<U+0412><U+0440><U+0431><U+0430><U+0441>","Verbász","Opštine","Town|Municipal"
32278,200,"SRB","Serbia",5,"Južno-Backi",47,"Žabalj","<U+0416><U+0430><U+0431><U+0430><U+0459>","Zsablya|Józseffalva","Opštine","Town|Municipal"
32279,200,"SRB","Serbia",6,"Južno-Banatski",48,"Alibunar","<U+0410><U+043B><U+0438><U+0431><U+0443><U+043D><U+0430><U+0440>","Krsturnica","Opštine","Town|Municipal"
32280,200,"SRB","Serbia",6,"Južno-Banatski",49,"Bela Crkva","<U+0411><U+0435><U+043B><U+0430> <U+0426><U+0440><U+043A><U+0432><U+0430>","Biserica Alba|Aktabya","Opštine","Town|Municipal"
32281,200,"SRB","Serbia",6,"Južno-Banatski",50,"Kovacica","<U+041A><U+043E><U+0432><U+0430><U+0447><U+0438><U+0446><U+0430>","Antalfalva|Covacita","Opštine","Town|Municipal"
32282,200,"SRB","Serbia",6,"Južno-Banatski",51,"Kovin","<U+041A><U+043E><U+0432><U+0438><U+043D>","Donji Kovin|Cuvin|Kevevára","Opštine","Town|Municipal"
32283,200,"SRB","Serbia",6,"Južno-Banatski",52,"Opovo","<U+041E><U+043F><U+043E><U+0432><U+043E>","","Opštine","Town|Municipal"
32284,200,"SRB","Serbia",6,"Južno-Banatski",53,"Pancevo","<U+041F><U+0430><U+043D><U+0447><U+0435><U+0432><U+043E>","Pancsova|Pançova|Panciova","Opštine","Town|Municipal"
32285,200,"SRB","Serbia",6,"Južno-Banatski",54,"Plandište","<U+041F><U+043B><U+0430><U+043D><U+0434><U+0438><U+0448><U+0442><U+0435>","Plandiste|Zichyfalva","Opštine","Town|Municipal"
32286,200,"SRB","Serbia",6,"Južno-Banatski",55,"Vršac","<U+0412><U+0440><U+0448><U+0430><U+0446>","Vârset|Versec|Virsac","Opštine","Town|Municipal"
32287,200,"SRB","Serbia",7,"Kolubarski",56,"Lajkovac","<U+041B><U+0430><U+0458><U+043A><U+043E><U+0432><U+0430><U+0446>","","Opštine","Town|Municipal"
32288,200,"SRB","Serbia",7,"Kolubarski",57,"Ljig","<U+0409><U+0438><U+0433>","","Opštine","Town|Municipal"
32289,200,"SRB","Serbia",7,"Kolubarski",58,"Mionica","<U+041C><U+0438><U+043E><U+043D><U+0438><U+0446><U+0430>","","Opštine","Town|Municipal"
32290,200,"SRB","Serbia",7,"Kolubarski",59,"Osecina","<U+041E><U+0441><U+0435><U+0447><U+0438><U+043D><U+0430>","","Opštine","Town|Municipal"
32291,200,"SRB","Serbia",7,"Kolubarski",60,"Ub","<U+0423><U+0431>","","Opštine","Town|Municipal"
32292,200,"SRB","Serbia",7,"Kolubarski",61,"Valjevo","<U+0412><U+0430><U+0459><U+0435><U+0432><U+043E>","","Opštine","Town|Municipal"
32293,200,"SRB","Serbia",8,"Macvanski",62,"Bogatic","<U+0411><U+043E><U+0433><U+0430><U+0442><U+0438><U+045B>","","Opštine","Town|Municipal"
32294,200,"SRB","Serbia",8,"Macvanski",63,"Koceljeva","<U+041A><U+043E><U+0446><U+0435><U+0459><U+0435><U+0432><U+0430>","","Opštine","Town|Municipal"
32295,200,"SRB","Serbia",8,"Macvanski",64,"Krupanj","<U+041A><U+0440><U+0443><U+043F><U+0430><U+045A>","","Opštine","Town|Municipal"
32296,200,"SRB","Serbia",8,"Macvanski",65,"Ljubovija","<U+0409><U+0443><U+0431><U+043E><U+0432><U+0438><U+0458><U+0430>","","Opštine","Town|Municipal"
32297,200,"SRB","Serbia",8,"Macvanski",66,"Loznica","<U+041B><U+043E><U+0437><U+043D><U+0438><U+0446><U+0430>","Ad Drinum.","Opštine","Town|Municipal"
32298,200,"SRB","Serbia",8,"Macvanski",67,"Mali Zvornik","<U+041C><U+0430><U+043B><U+0438> <U+0417><U+0432><U+043E><U+0440><U+043D><U+0438><U+043A>","","Opštine","Town|Municipal"
32299,200,"SRB","Serbia",8,"Macvanski",68,"Šabac","<U+0428><U+0430><U+0431><U+0430><U+0446>","","Opštine","Town|Municipal"
32300,200,"SRB","Serbia",8,"Macvanski",69,"Vladimirci","<U+0412><U+043B><U+0430><U+0434><U+0438><U+043C><U+0438><U+0440><U+0446><U+0438>","","Opštine","Town|Municipal"
32301,200,"SRB","Serbia",9,"Moravicki",70,"Cacak","<U+0427><U+0430><U+0447><U+0430><U+043A>","","Opštine","Town|Municipal"
32302,200,"SRB","Serbia",9,"Moravicki",71,"Gornji Milanovac","<U+0413>o<U+0440><U+045A><U+0438> <U+041C><U+0438><U+043B><U+0430><U+043D><U+043E><U+0432><U+0430><U+0446>","","Opštine","Town|Municipal"
32303,200,"SRB","Serbia",9,"Moravicki",72,"Ivanjica","<U+0418><U+0432><U+0430><U+045A><U+0438><U+0446><U+0430>","","Opštine","Town|Municipal"
32304,200,"SRB","Serbia",9,"Moravicki",73,"Lucani","<U+041B><U+0443><U+0447><U+0430><U+043D><U+0438>","","Opštine","Town|Municipal"
32305,200,"SRB","Serbia",10,"Nišavski",74,"Aleksinac","<U+0410><U+043B><U+0435><U+043A><U+0441><U+0438><U+043D><U+0430><U+0446>","","Opštine","Town|Municipal"
32306,200,"SRB","Serbia",10,"Nišavski",75,"Doljevac","<U+0414><U+043E><U+0459><U+0435><U+0432><U+0430><U+0446>","","Opštine","Town|Municipal"
32307,200,"SRB","Serbia",10,"Nišavski",76,"Gadžin Han","<U+0413><U+0430><U+045F><U+0438><U+043D> <U+0425><U+0430><U+043D>","","Opštine","Town|Municipal"
32308,200,"SRB","Serbia",10,"Nišavski",77,"Merošina","<U+041C><U+0435><U+0440><U+043E><U+0448><U+0438><U+043D><U+0430>","","Opštine","Town|Municipal"
32309,200,"SRB","Serbia",10,"Nišavski",78,"Niš","<U+041D><U+0438><U+0448>","","Opštine","Town|Municipal"
32310,200,"SRB","Serbia",10,"Nišavski",79,"Ražanj","<U+0420><U+0430><U+0436><U+0430><U+045A>","","Opštine","Town|Municipal"
32311,200,"SRB","Serbia",10,"Nišavski",80,"Svrljig","<U+0421><U+0432><U+0440><U+0459><U+0438><U+0433>","","Opštine","Town|Municipal"
32312,200,"SRB","Serbia",11,"Pcinjski",81,"Bosilegrad","<U+0411><U+043E><U+0441><U+0438><U+043B><U+0435><U+0433><U+0440><U+0430><U+0434>","Bosiljgrad","Opštine","Town|Municipal"
32313,200,"SRB","Serbia",11,"Pcinjski",82,"Bujanovac","<U+0411><U+0443><U+0458><U+0430><U+043D><U+043E><U+0432><U+0430><U+0446>","Bujanoci","Opštine","Town|Municipal"
32314,200,"SRB","Serbia",11,"Pcinjski",83,"Preševo","<U+041F><U+0440><U+0435><U+0448><U+0435><U+0432><U+043E>","Preshevë|Presheva","Opštine","Town|Municipal"
32315,200,"SRB","Serbia",11,"Pcinjski",84,"Surdulica","<U+0421><U+0443><U+0440><U+0434><U+0443><U+043B><U+0438><U+0446><U+0430>","","Opštine","Town|Municipal"
32316,200,"SRB","Serbia",11,"Pcinjski",85,"Trgovište","<U+0422><U+0440><U+0433><U+043E><U+0432><U+0438><U+0448><U+0442><U+0435>","","Opštine","Town|Municipal"
32317,200,"SRB","Serbia",11,"Pcinjski",86,"Vladicin Han","<U+0412><U+043B><U+0430><U+0434><U+0438><U+0447><U+0438><U+043D> <U+0425><U+0430><U+043D>","","Opštine","Town|Municipal"
32318,200,"SRB","Serbia",11,"Pcinjski",87,"Vranje","<U+0412><U+0440><U+0430><U+045A><U+0435>","Vranya","Opštine","Town|Municipal"
32319,200,"SRB","Serbia",12,"Pirotski",88,"Babušnica","<U+0411><U+0430><U+0431><U+0443><U+0448><U+043D><U+0438><U+0446><U+0430>","","Opštine","Town|Municipal"
32320,200,"SRB","Serbia",12,"Pirotski",89,"Bela Palanka","<U+0411><U+0435><U+043B><U+0430> <U+041F><U+0430><U+043B><U+0430><U+043D><U+043A><U+0430>","Remesiana","Opštine","Town|Municipal"
32321,200,"SRB","Serbia",12,"Pirotski",90,"Dimitrovgrad","<U+0414><U+0438><U+043C><U+0438><U+0442><U+0440><U+043E><U+0432><U+0433><U+0440><U+0430><U+0434>|<U+0426><U+0430><U+0440><U+0438><U+0431><U+0440><U+043E><U+0434>|<U+0426><U+0430><U+0440><U+0438><U+0431><U+0440><U+043E><U+0434>","Caribrod|Tzaribrod|Tsaribrod","Opštine","Town|Municipal"
32322,200,"SRB","Serbia",12,"Pirotski",91,"Pirot","<U+041F><U+0438><U+0440><U+043E><U+0442>","","Opštine","Town|Municipal"
32323,200,"SRB","Serbia",13,"Podunavski",92,"Smederevo","<U+0421><U+043C><U+0435><U+0434><U+0435><U+0440><U+0435><U+0432><U+043E>","Semendria|Szendro|Vég-Szendro|Semendire|Smederewo","Opštine","Town|Municipal"
32324,200,"SRB","Serbia",13,"Podunavski",93,"Smederevska Palanka","<U+0421><U+043C><U+0435><U+0434><U+0435><U+0440><U+0435><U+0432><U+0441><U+043A><U+0430> <U+041F><U+0430><U+043B><U+0430><U+043D><U+043A><U+0430>","","Opštine","Town|Municipal"
32325,200,"SRB","Serbia",13,"Podunavski",94,"Velika Plana","<U+0412><U+0435><U+043B><U+0438><U+043A><U+0430> <U+041F><U+043B><U+0430><U+043D><U+0430>","","Opštine","Town|Municipal"
32326,200,"SRB","Serbia",14,"Pomoravski",95,"Cuprija","<U+040B><U+0443><U+043F><U+0440><U+0438><U+0458><U+0430>","Ravno","Opštine","Town|Municipal"
32327,200,"SRB","Serbia",14,"Pomoravski",96,"Despotovac","<U+0414><U+0435><U+0441><U+043F><U+043E><U+0442><U+043E><U+0432><U+0430><U+0446>","","Opštine","Town|Municipal"
32328,200,"SRB","Serbia",14,"Pomoravski",97,"Jagodina","<U+0408><U+0430><U+0433><U+043E><U+0434><U+0438><U+043D><U+0430>","","Opštine","Town|Municipal"
32329,200,"SRB","Serbia",14,"Pomoravski",98,"Paracin","<U+041F><U+0430><U+0440><U+0430><U+045B><U+0438><U+043D>","","Opštine","Town|Municipal"
32330,200,"SRB","Serbia",14,"Pomoravski",99,"Rekovac","<U+0420><U+0435><U+043A><U+043E><U+0432><U+0430><U+0446>","","Opštine","Town|Municipal"
32331,200,"SRB","Serbia",14,"Pomoravski",100,"Svilajnac","<U+0421><U+0432><U+0438><U+043B><U+0430><U+0458><U+043D><U+0430><U+0446>","","Opštine","Town|Municipal"
32332,200,"SRB","Serbia",15,"Rasinski",101,"Cicevac","<U+040B><U+0438><U+045B><U+0435><U+0432><U+0430><U+0446>","","Opštine","Town|Municipal"
32333,200,"SRB","Serbia",15,"Rasinski",102,"Aleksandrovac","<U+0410><U+043B><U+0435><U+043A><U+0441><U+0430><U+043D><U+0434><U+0440><U+043E><U+0432><U+0430><U+0446>","","Opštine","Town|Municipal"
32334,200,"SRB","Serbia",15,"Rasinski",103,"Brus","<U+0411><U+0440><U+0443><U+0441>","","Opštine","Town|Municipal"
32335,200,"SRB","Serbia",15,"Rasinski",104,"Kruševac","<U+041A><U+0440><U+0443><U+0448><U+0435><U+0432><U+0430><U+0446>","","Opštine","Town|Municipal"
32336,200,"SRB","Serbia",15,"Rasinski",105,"Trstenik","<U+0422><U+0440><U+0441><U+0442><U+0435><U+043D><U+0438><U+043A>","","Opštine","Town|Municipal"
32337,200,"SRB","Serbia",15,"Rasinski",106,"Varvarin","<U+0412><U+0430><U+0440><U+0432><U+0430><U+0440><U+0438><U+043D>","","Opštine","Town|Municipal"
32338,200,"SRB","Serbia",16,"Raški",107,"Kraljevo","<U+041A><U+0440><U+0430><U+0459><U+0435><U+0432><U+043E>","Rudo Polje|Karanovac|Rankovicevo","Opštine","Town|Municipal"
32339,200,"SRB","Serbia",16,"Raški",108,"Novi Pazar","<U+041D><U+043E><U+0432><U+0438> <U+041F><U+0430><U+0437><U+0430><U+0440>","Yeni Pazar|Pazar i Ri |Treg i Ri","Opštine","Town|Municipal"
32340,200,"SRB","Serbia",16,"Raški",109,"Raška","<U+0420><U+0430><U+0448><U+043A><U+0430>","","Opštine","Town|Municipal"
32341,200,"SRB","Serbia",16,"Raški",110,"Tutin","<U+0422><U+0443><U+0442><U+0438><U+043D>","","Opštine","Town|Municipal"
32342,200,"SRB","Serbia",16,"Raški",111,"Vrnjacka Banja","<U+0412><U+0440><U+045A><U+0430><U+0447><U+043A><U+0430> <U+0411><U+0430><U+045A><U+0430>","","Opštine","Town|Municipal"
32343,200,"SRB","Serbia",17,"Severno-Backi",112,"Backa Topola","<U+0411><U+0430><U+0447><U+043A><U+0430> <U+0422><U+043E><U+043F><U+043E><U+043B><U+0430>","Topolya","Opštine","Town|Municipal"
32344,200,"SRB","Serbia",17,"Severno-Backi",113,"Mali Idoš","<U+041C><U+0430><U+043B><U+0438> <U+0418><U+0452><U+043E><U+0448>","Kishegyes","Opštine","Town|Municipal"
32345,200,"SRB","Serbia",17,"Severno-Backi",114,"Subotica","<U+0421><U+0443><U+0431><U+043E><U+0442><U+0438><U+0446><U+0430>","Szabadka","Opštine","Town|Municipal"
32346,200,"SRB","Serbia",18,"Severno-Banatski",115,"Coka","<U+0427><U+043E><U+043A><U+0430>","Csóka","Opštine","Town|Municipal"
32347,200,"SRB","Serbia",18,"Severno-Banatski",116,"Ada","<U+0410><U+0434><U+0430>","","Opštine","Town|Municipal"
32348,200,"SRB","Serbia",18,"Severno-Banatski",117,"Kanjiža","<U+041A><U+0430><U+045A><U+0438><U+0436><U+0430>","Magyarkanizsa","Opštine","Town|Municipal"
32349,200,"SRB","Serbia",18,"Severno-Banatski",118,"Kikinda","<U+041A><U+0438><U+043A><U+0438><U+043D><U+0434><U+0430>|<U+041A><U+0435><U+043A><U+0435><U+043D><U+0434><U+0430>","Kekenda|Nagykikinda|Chichinda Mare","Opštine","Town|Municipal"
32350,200,"SRB","Serbia",18,"Severno-Banatski",119,"Novi Kneževac","<U+041D><U+043E><U+0432><U+0438> <U+041A><U+043D><U+0435><U+0436><U+0435><U+0432><U+0430><U+0446>","Noul Cnezat|Törökkanizsa|Neu-Kanischa","Opštine","Town|Municipal"
32351,200,"SRB","Serbia",18,"Severno-Banatski",120,"Senta","<U+0421><U+0435><U+043D><U+0442><U+0430>","Zenta|Senta","Opštine","Town|Municipal"
32352,200,"SRB","Serbia",19,"Srednje-Banatski",121,"Becej","<U+0411><U+0435><U+0447><U+0435><U+0458>","Novi Becej","Opštine","Town|Municipal"
32353,200,"SRB","Serbia",19,"Srednje-Banatski",122,"Nova Crnja","<U+041D><U+043E><U+0432><U+0430> <U+0426><U+0440><U+045A><U+0430>","Magyarcsernye|Neuzerne","Opštine","Town|Municipal"
32354,200,"SRB","Serbia",19,"Srednje-Banatski",123,"Secanj","<U+0421><U+0435><U+0447><U+0430><U+045A>","Szécsány|Torontálszécsány|Setschan|Petersheim","Opštine","Town|Municipal"
32355,200,"SRB","Serbia",19,"Srednje-Banatski",124,"Žitište","<U+0416><U+0438><U+0442><U+0438><U+0448><U+0442><U+0435>","Jitiste|Zitiste|Sankt Georgen an der Bega|Bégaszentgyörgy","Opštine","Town|Municipal"
32356,200,"SRB","Serbia",19,"Srednje-Banatski",125,"Zrenjanin","<U+0417><U+0440><U+0435><U+045A><U+0430><U+043D><U+0438><U+043D>","Beckerek|Veliki Beckerek|Nagybecskerek|Großbetschkerek|Betschkerek|Becicherecul Mare|Zrenianin|Zrenanin","Opštine","Town|Municipal"
32357,200,"SRB","Serbia",20,"Sremski",126,"Indija","<U+0418><U+043D><U+0452><U+0438><U+0458><U+0430>","","Opštine","Town|Municipal"
32358,200,"SRB","Serbia",20,"Sremski",127,"Irig","<U+0418><U+0440><U+0438><U+0433>","","Opštine","Town|Municipal"
32359,200,"SRB","Serbia",20,"Sremski",128,"Pecinci","<U+041F><U+0435><U+045B><U+0438><U+043D><U+0446><U+0438>","","Opštine","Town|Municipal"
32360,200,"SRB","Serbia",20,"Sremski",129,"Ruma","<U+0420><U+0443><U+043C><U+0430>","","Opštine","Town|Municipal"
32361,200,"SRB","Serbia",20,"Sremski",130,"Šid","<U+0428><U+0438><U+0434>","","Opštine","Town|Municipal"
32362,200,"SRB","Serbia",20,"Sremski",131,"Sremska Mitrovica","<U+0421><U+0440><U+0435><U+043C><U+0441><U+043A><U+0430> <U+041C><U+0438><U+0442><U+0440><U+043E><U+0432><U+0438><U+0446><U+0430>","Szávaszentdemeter|Dimitrofçe","Opštine","Town|Municipal"
32363,200,"SRB","Serbia",20,"Sremski",132,"Stara Pazova","<U+0421><U+0442><U+0430><U+0440><U+0430> <U+041F><U+0430><U+0437><U+043E><U+0432><U+0430>","Pazova","Opštine","Town|Municipal"
32364,200,"SRB","Serbia",21,"Šumadijski",133,"Arandelovac","<U+0410><U+0440><U+0430><U+043D><U+0452><U+0435><U+043B><U+043E><U+0432><U+0430><U+0446>","","Opštine","Town|Municipal"
32365,200,"SRB","Serbia",21,"Šumadijski",134,"Batocina","<U+0411><U+0430><U+0442><U+043E><U+0447><U+0438><U+043D><U+0430>","","Opštine","Town|Municipal"
32366,200,"SRB","Serbia",21,"Šumadijski",135,"Knic","<U+041A><U+043D><U+0438><U+045B>","","Opštine","Town|Municipal"
32367,200,"SRB","Serbia",21,"Šumadijski",136,"Kragujevac","<U+041A><U+0440><U+0430><U+0433><U+0443><U+0458><U+0435><U+0432><U+0430><U+0446>","Alacahisar","Opštine","Town|Municipal"
32368,200,"SRB","Serbia",21,"Šumadijski",137,"Lapovo","<U+041B><U+0430><U+043F><U+043E><U+0432><U+043E>","","Opštine","Town|Municipal"
32369,200,"SRB","Serbia",21,"Šumadijski",138,"Raca","<U+0420><U+0430><U+0447><U+0430>","","Opštine","Town|Municipal"
32370,200,"SRB","Serbia",21,"Šumadijski",139,"Topola","<U+0422><U+043E><U+043F><U+043E><U+043B><U+0430>","","Opštine","Town|Municipal"
32371,200,"SRB","Serbia",22,"Toplicki",140,"Blace","<U+0411><U+043B><U+0430><U+0446><U+0435>","","Opštine","Town|Municipal"
32372,200,"SRB","Serbia",22,"Toplicki",141,"Kuršumlija","<U+041A><U+0443><U+0440><U+0448><U+0443><U+043C><U+043B><U+0438><U+0458><U+0430>","","Opštine","Town|Municipal"
32373,200,"SRB","Serbia",22,"Toplicki",142,"Prokuplje","<U+041F><U+0440><U+043E><U+043A><U+0443><U+043F><U+0459><U+0435>","","Opštine","Town|Municipal"
32374,200,"SRB","Serbia",22,"Toplicki",143,"Žitorada","<U+0416><U+0438><U+0442><U+043E><U+0440><U+0430><U+0452><U+0430>","","Opštine","Town|Municipal"
32375,200,"SRB","Serbia",23,"Zajecarski",144,"Boljevac","<U+0411><U+043E><U+0459><U+0435><U+0432><U+0430><U+0446>","","Opštine","Town|Municipal"
32376,200,"SRB","Serbia",23,"Zajecarski",145,"Knjaževac","<U+041A><U+045A><U+0430><U+0436><U+0435><U+0432><U+0430><U+0446>","","Opštine","Town|Municipal"
32377,200,"SRB","Serbia",23,"Zajecarski",146,"Sokobanja","<U+0421><U+043E><U+043A><U+043E><U+0431><U+0430><U+045A><U+0430>","","Opštine","Town|Municipal"
32378,200,"SRB","Serbia",23,"Zajecarski",147,"Zajecar","<U+0417><U+0430><U+0458><U+0435><U+0447><U+0430><U+0440>","Zaii-cer|Zaiceri|Zaicear.","Opštine","Town|Municipal"
32379,200,"SRB","Serbia",24,"Zapadno-Backi",148,"Apatin","<U+0410><U+043F><U+0430><U+0442><U+0438><U+043D>","","Opštine","Town|Municipal"
32380,200,"SRB","Serbia",24,"Zapadno-Backi",149,"Kula","<U+041A><U+0443><U+043B><U+0430>","","Opštine","Town|Municipal"
32381,200,"SRB","Serbia",24,"Zapadno-Backi",150,"Odžaci","<U+041E><U+045F><U+0430><U+0446><U+0438>","","Opštine","Town|Municipal"
32382,200,"SRB","Serbia",24,"Zapadno-Backi",151,"Sombor","<U+0421><U+043E><U+043C><U+0431><U+043E><U+0440>","","Opštine","Town|Municipal"
32383,200,"SRB","Serbia",25,"Zlatiborski",152,"Cajetina","<U+0427><U+0430><U+0458><U+0435><U+0442><U+0438><U+043D><U+0430>","","Opštine","Town|Municipal"
32384,200,"SRB","Serbia",25,"Zlatiborski",153,"Arilje","<U+0410><U+0440><U+0438><U+0459><U+0435>)","","Opštine","Town|Municipal"
32385,200,"SRB","Serbia",25,"Zlatiborski",154,"Bajina Bašta","<U+0411><U+0430><U+0458><U+0438><U+043D><U+0430> <U+0411><U+0430><U+0448><U+0442><U+0430>","","Opštine","Town|Municipal"
32386,200,"SRB","Serbia",25,"Zlatiborski",155,"Kosjeric","<U+041A><U+043E><U+0441><U+0458><U+0435><U+0440><U+0438><U+045B>","","Opštine","Town|Municipal"
32387,200,"SRB","Serbia",25,"Zlatiborski",156,"Nova Varoš","<U+041D><U+043E><U+0432><U+0430> <U+0412><U+0430><U+0440><U+043E><U+0448>","","Opštine","Town|Municipal"
32388,200,"SRB","Serbia",25,"Zlatiborski",157,"Požega","<U+041F><U+043E><U+0436><U+0435><U+0433><U+0430>","","Opštine","Town|Municipal"
32389,200,"SRB","Serbia",25,"Zlatiborski",158,"Priboj","<U+041F><U+0440><U+0438><U+0431><U+043E><U+0458>","","Opštine","Town|Municipal"
32390,200,"SRB","Serbia",25,"Zlatiborski",159,"Prijepolje","<U+041F><U+0440><U+0438><U+0458><U+0435><U+043F><U+043E><U+0459><U+0435>","","Opštine","Town|Municipal"
32391,200,"SRB","Serbia",25,"Zlatiborski",160,"Sjenica","<U+0421><U+0458><U+0435><U+043D><U+0438><U+0446><U+0430>","","Opštine","Town|Municipal"
32392,200,"SRB","Serbia",25,"Zlatiborski",161,"Užice","<U+0423><U+0436><U+0438><U+0446><U+0435>","","Opštine","Town|Municipal"
