"PID","ID_0","ISO","NAME_0","ID_1","NAME_1","NL_NAME_1","VARNAME_1","TYPE_1","ENGTYPE_1"
755,129,"LIE","Liechtenstein",1,"Balzers","","","Gemeinden","Commune"
756,129,"LIE","Liechtenstein",2,"Eschen","","","Gemeinden","Commune"
1796,129,"LIE","Liechtenstein",3,"Gamprin","","","Gemeinden","Commune"
1797,129,"LIE","Liechtenstein",4,"Mauren","","","Gemeinden","Commune"
1798,129,"LIE","Liechtenstein",5,"Planken","","","Gemeinden","Commune"
1799,129,"LIE","Liechtenstein",6,"Ruggell","","","Gemeinden","Commune"
1800,129,"LIE","Liechtenstein",7,"Schaan","","","Gemeinden","Commune"
1801,129,"LIE","Liechtenstein",8,"Schellenberg","","","Gemeinden","Commune"
1802,129,"LIE","Liechtenstein",9,"Triesen","","","Gemeinden","Commune"
1803,129,"LIE","Liechtenstein",10,"Triesenberg","","","Gemeinden","Commune"
1804,129,"LIE","Liechtenstein",11,"Valduz","","","Gemeinden","Commune"
