"PID","ID_0","ISO","NAME_0","ID_1","NAME_1","NL_NAME_1","VARNAME_1","TYPE_1","ENGTYPE_1"
1560,108,"IRQ","Iraq",1,"Al-Anbar","","Dulaim|Ramadi","Muhafazah","Province"
1561,108,"IRQ","Iraq",2,"Al-Basrah","","Basra|Bassora","Muhafazah","Province"
1562,108,"IRQ","Iraq",3,"Al-Muthannia","","Al-Muthanna","Muhafazah","Province"
1563,108,"IRQ","Iraq",4,"Al-Qadisiyah","","Diwaniyah","Muhafazah","Province"
1564,108,"IRQ","Iraq",5,"An-Najaf","","","Muhafazah","Province"
1565,108,"IRQ","Iraq",6,"Arbil","","Arbela|Erbil|Irbil","Muhafazah","Province"
1566,108,"IRQ","Iraq",7,"As-Sulaymaniyah","","","Muhafazah","Province"
1567,108,"IRQ","Iraq",8,"At-Ta'mim","","Kirkuk|Tamin","Muhafazah","Province"
1568,108,"IRQ","Iraq",9,"Babil","","Babylon|Hilla","Muhafazah","Province"
1569,108,"IRQ","Iraq",10,"Baghdad","","Bagd |Bagdad","Muhafazah","Province"
1570,108,"IRQ","Iraq",11,"Dhi-Qar","","Dhi Qar|Muntafiq|Nasiriyah|Thi-Qar","Muhafazah","Province"
1571,108,"IRQ","Iraq",12,"Dihok","","Dahuk|D'hok","Muhafazah","Province"
1572,108,"IRQ","Iraq",13,"Diyala","","","Muhafazah","Province"
1573,108,"IRQ","Iraq",14,"Karbala'","","Kerbela","Muhafazah","Province"
1574,108,"IRQ","Iraq",15,"Maysan","","`Amara","Muhafazah","Province"
1575,108,"IRQ","Iraq",16,"Ninawa","","Al-Mawsil|Mosul|Ninive|N¡nive|Nineveh|Niniveh","Muhafazah","Province"
1576,108,"IRQ","Iraq",17,"Sala ad-Din","","Salah ad-Din|Salaheddin","Muhafazah","Province"
1577,108,"IRQ","Iraq",18,"Wasit","","Kut|Kut-al-Imara","Muhafazah","Province"
