"PID","ID_0","ISO","NAME_0","ID_1","NAME_1","ID_2","NAME_2","NL_NAME_2","VARNAME_2","TYPE_2","ENGTYPE_2"
18429,108,"IRQ","Iraq",1,"Al-Anbar",1,"Abu Ghraib","","","",""
18430,108,"IRQ","Iraq",1,"Al-Anbar",2,"Al Fallujah","","","",""
18431,108,"IRQ","Iraq",1,"Al-Anbar",3,"Al Haditha","","","",""
18432,108,"IRQ","Iraq",1,"Al-Anbar",4,"Al Qa'im","","","",""
18433,108,"IRQ","Iraq",1,"Al-Anbar",5,"Anah","","","",""
18434,108,"IRQ","Iraq",1,"Al-Anbar",6,"Ar Ramadi","","","",""
18435,108,"IRQ","Iraq",1,"Al-Anbar",7,"Ar Rutbah","","","",""
18436,108,"IRQ","Iraq",1,"Al-Anbar",8,"Hit","","","",""
18437,108,"IRQ","Iraq",1,"Al-Anbar",9,"Kadhimiya","","","",""
18438,108,"IRQ","Iraq",2,"Al-Basrah",10,"Abu al Khasib","","","",""
18439,108,"IRQ","Iraq",2,"Al-Basrah",11,"Al Faw","","","",""
18440,108,"IRQ","Iraq",2,"Al-Basrah",12,"Al Madiana","","","",""
18441,108,"IRQ","Iraq",2,"Al-Basrah",13,"Al Qurnah","","","",""
18442,108,"IRQ","Iraq",2,"Al-Basrah",14,"Al Zubair","","","",""
18443,108,"IRQ","Iraq",2,"Al-Basrah",15,"Basrah","","","",""
18444,108,"IRQ","Iraq",2,"Al-Basrah",16,"Shatt Al Arab","","","",""
18445,108,"IRQ","Iraq",3,"Al-Muthannia",17,"Al Khithir","","","",""
18446,108,"IRQ","Iraq",3,"Al-Muthannia",18,"As Salman","","","",""
18447,108,"IRQ","Iraq",3,"Al-Muthannia",19,"As Samawah","","","",""
18448,108,"IRQ","Iraq",3,"Al-Muthannia",20,"Rumaitha","","","",""
18449,108,"IRQ","Iraq",4,"Al-Qadisiyah",21,"Ad Diwaniyah","","","",""
18450,108,"IRQ","Iraq",4,"Al-Qadisiyah",22,"Afak","","","",""
18451,108,"IRQ","Iraq",4,"Al-Qadisiyah",23,"Al Hamza","","","",""
18452,108,"IRQ","Iraq",4,"Al-Qadisiyah",24,"Shamiya","","","",""
18453,108,"IRQ","Iraq",5,"An-Najaf",25,"Al Kufa","","","",""
18454,108,"IRQ","Iraq",5,"An-Najaf",26,"Al Manathera","","","",""
18455,108,"IRQ","Iraq",5,"An-Najaf",27,"Najaf","","","",""
18456,108,"IRQ","Iraq",6,"Arbil",28,"Arbil","","","",""
18457,108,"IRQ","Iraq",6,"Arbil",29,"Choman","","","",""
18458,108,"IRQ","Iraq",6,"Arbil",30,"Koisnjaq","","","",""
18459,108,"IRQ","Iraq",6,"Arbil",31,"Makhmur","","","",""
18460,108,"IRQ","Iraq",6,"Arbil",32,"Mergasur","","","",""
18461,108,"IRQ","Iraq",6,"Arbil",33,"Shaqlawa","","","",""
18462,108,"IRQ","Iraq",6,"Arbil",34,"Soran","","","",""
18463,108,"IRQ","Iraq",7,"As-Sulaymaniyah",35,"Chamchamal","","","",""
18464,108,"IRQ","Iraq",7,"As-Sulaymaniyah",36,"Darbandokeh","","","",""
18465,108,"IRQ","Iraq",7,"As-Sulaymaniyah",37,"Dukan","","","",""
18466,108,"IRQ","Iraq",7,"As-Sulaymaniyah",38,"Halabja","","","",""
18467,108,"IRQ","Iraq",7,"As-Sulaymaniyah",39,"Kalar","","","",""
18468,108,"IRQ","Iraq",7,"As-Sulaymaniyah",40,"Penjwin","","","",""
18469,108,"IRQ","Iraq",7,"As-Sulaymaniyah",41,"Pshdar","","","",""
18470,108,"IRQ","Iraq",7,"As-Sulaymaniyah",42,"Rania","","","",""
18471,108,"IRQ","Iraq",7,"As-Sulaymaniyah",43,"Sharbazher","","","",""
18472,108,"IRQ","Iraq",7,"As-Sulaymaniyah",44,"Sulaymaniya","","","",""
18473,108,"IRQ","Iraq",8,"At-Ta'mim",45,"Daquq","","","",""
18474,108,"IRQ","Iraq",8,"At-Ta'mim",46,"Dibis","","","",""
18475,108,"IRQ","Iraq",8,"At-Ta'mim",47,"Haweeja","","","",""
18476,108,"IRQ","Iraq",8,"At-Ta'mim",48,"Kirkuk","","","",""
18477,108,"IRQ","Iraq",9,"Babil",49,"Al-Mada'in","","","",""
18478,108,"IRQ","Iraq",9,"Babil",50,"Al Hashimiyah","","","",""
18479,108,"IRQ","Iraq",9,"Babil",51,"Al Hillah","","","",""
18480,108,"IRQ","Iraq",9,"Babil",52,"Al Mahawil","","","",""
18481,108,"IRQ","Iraq",9,"Babil",53,"Al Misiab","","","",""
18482,108,"IRQ","Iraq",9,"Babil",54,"Mahmudiya","","","",""
18483,108,"IRQ","Iraq",10,"Baghdad",55,"Adhamiya","","","",""
18484,108,"IRQ","Iraq",11,"Dhi-Qar",56,"An Nasiriyah","","","",""
18485,108,"IRQ","Iraq",11,"Dhi-Qar",57,"Chibayish","","","",""
18486,108,"IRQ","Iraq",11,"Dhi-Qar",58,"Refai","","","",""
18487,108,"IRQ","Iraq",11,"Dhi-Qar",59,"Shatrah","","","",""
18488,108,"IRQ","Iraq",11,"Dhi-Qar",60,"Suq ash Shuyukh","","","",""
18489,108,"IRQ","Iraq",12,"Dihok",61,"Amedi","","","",""
18490,108,"IRQ","Iraq",12,"Dihok",62,"Dahuk","","","",""
18491,108,"IRQ","Iraq",12,"Dihok",63,"Simele","","","",""
18492,108,"IRQ","Iraq",12,"Dihok",64,"Zakho","","","",""
18493,108,"IRQ","Iraq",13,"Diyala",65,"Al Khalis","","","",""
18494,108,"IRQ","Iraq",13,"Diyala",66,"Al Miqdadiyah","","","",""
18495,108,"IRQ","Iraq",13,"Diyala",67,"Ba`qubah","","","",""
18496,108,"IRQ","Iraq",13,"Diyala",68,"Balad Ruz","","","",""
18497,108,"IRQ","Iraq",13,"Diyala",69,"Khanaqin","","","",""
18498,108,"IRQ","Iraq",13,"Diyala",70,"Kifri","","","",""
18499,108,"IRQ","Iraq",14,"Karbala'",71,"Ain Al Tamur","","","",""
18500,108,"IRQ","Iraq",14,"Karbala'",72,"Al Jadwal al Gharbi","","","",""
18501,108,"IRQ","Iraq",14,"Karbala'",73,"Karbala","","","",""
18502,108,"IRQ","Iraq",15,"Maysan",74,"Al Amarah","","","",""
18503,108,"IRQ","Iraq",15,"Maysan",75,"Al Kahla","","","",""
18504,108,"IRQ","Iraq",15,"Maysan",76,"Al Miamona","","","",""
18505,108,"IRQ","Iraq",15,"Maysan",77,"Al Mijar al Kabir","","","",""
18506,108,"IRQ","Iraq",15,"Maysan",78,"Ali al Gharbi","","","",""
18507,108,"IRQ","Iraq",15,"Maysan",79,"Qal`at Salih","","","",""
18508,108,"IRQ","Iraq",16,"Ninawa",80,"Akre","","","",""
18509,108,"IRQ","Iraq",16,"Ninawa",81,"Al Ba'aj","","","",""
18510,108,"IRQ","Iraq",16,"Ninawa",82,"Al Hamdaniyah","","","",""
18511,108,"IRQ","Iraq",16,"Ninawa",83,"Al Shikhan","","","",""
18512,108,"IRQ","Iraq",16,"Ninawa",84,"Hatra","","","",""
18513,108,"IRQ","Iraq",16,"Ninawa",85,"Mosul","","","",""
18514,108,"IRQ","Iraq",16,"Ninawa",86,"Shekhan","","","",""
18515,108,"IRQ","Iraq",16,"Ninawa",87,"Sinjar","","","",""
18516,108,"IRQ","Iraq",16,"Ninawa",88,"Talafar","","","",""
18517,108,"IRQ","Iraq",16,"Ninawa",89,"Tilkef","","","",""
18518,108,"IRQ","Iraq",17,"Sala ad-Din",90,"Al-Faris","","","",""
18519,108,"IRQ","Iraq",17,"Sala ad-Din",91,"Al Door","","","",""
18520,108,"IRQ","Iraq",17,"Sala ad-Din",92,"Al Shirkat","","","",""
18521,108,"IRQ","Iraq",17,"Sala ad-Din",93,"Balad","","","",""
18522,108,"IRQ","Iraq",17,"Sala ad-Din",94,"Bayji","","","",""
18523,108,"IRQ","Iraq",17,"Sala ad-Din",95,"Samarra","","","",""
18524,108,"IRQ","Iraq",17,"Sala ad-Din",96,"Tikrit","","","",""
18525,108,"IRQ","Iraq",17,"Sala ad-Din",97,"Touz Hourmato","","","",""
18526,108,"IRQ","Iraq",18,"Wasit",98,"Al Hayy","","","",""
18527,108,"IRQ","Iraq",18,"Wasit",99,"Al Kut","","","",""
18528,108,"IRQ","Iraq",18,"Wasit",100,"Al Noamania","","","",""
18529,108,"IRQ","Iraq",18,"Wasit",101,"As Suwayrah","","","",""
18530,108,"IRQ","Iraq",18,"Wasit",102,"Badrah","","","",""
