"PID","ID_0","ISO","NAME_0","ID_1","NAME_1","ID_2","NAME_2","NL_NAME_2","VARNAME_2","TYPE_2","ENGTYPE_2"
14872,77,"FJI","Fiji",5,"Western",14,"Nadroga/Navosa","","Nandronga-Navosa","Province","Province"
14873,77,"FJI","Fiji",5,"Western",15,"Ra","","","Province","Province"
15558,77,"FJI","Fiji",1,"Central",1,"Naitasiri","","","Province","Province"
15559,77,"FJI","Fiji",1,"Central",2,"Namosi","","","Province","Province"
15560,77,"FJI","Fiji",1,"Central",3,"Rewa","","","Province","Province"
15561,77,"FJI","Fiji",1,"Central",4,"Serua","","","Province","Province"
15562,77,"FJI","Fiji",1,"Central",5,"Tailevu","","","Province","Province"
15563,77,"FJI","Fiji",2,"Eastern",6,"Kadavu","","Kandavu","Province","Province"
15564,77,"FJI","Fiji",2,"Eastern",7,"Lau","","","Province","Province"
15565,77,"FJI","Fiji",2,"Eastern",8,"Lomaiviti","","","Province","Province"
15566,77,"FJI","Fiji",3,"Northern",9,"Bua","","Mbua","Province","Province"
15567,77,"FJI","Fiji",3,"Northern",10,"Cakaudrove","","Thakaundrove","Province","Province"
15568,77,"FJI","Fiji",3,"Northern",11,"Macuata","","Mathuata","Province","Province"
15569,77,"FJI","Fiji",4,"Rotuma",12,"Rotuma","","","Province","Province"
15570,77,"FJI","Fiji",5,"Western",13,"Ba","","Mba","Province","Province"
