"PID","ID_0","ISO","NAME_0","ID_1","NAME_1","NL_NAME_1","VARNAME_1","TYPE_1","ENGTYPE_1"
501,170,"PAK","Pakistan",1,"Azad Kashmir","","Kashmir","Centrally Administered Area","Centrally Administered Area"
502,170,"PAK","Pakistan",2,"Baluchistan","","Balochistan|BéloutchistanBeluchistan|Baluchistão","Province","Province"
503,170,"PAK","Pakistan",3,"F.A.T.A.","","Federally Administered Tribal Areas","Territory","Territory"
504,170,"PAK","Pakistan",4,"F.C.T.","","Islamabad|Federal Capital Territory|Federal Capital Territory Islamabad|Territoire de la Capitale fédérale","Capital Territory","Capital Territory"
505,170,"PAK","Pakistan",5,"N.W.F.P.","","North-West Frontier Province","Province","Province"
506,170,"PAK","Pakistan",6,"Northern Areas","","","Centrally Administered Area","Centrally Administered Area"
507,170,"PAK","Pakistan",7,"Punjab","","Pendjab|Penjab","Province","Province"
508,170,"PAK","Pakistan",8,"Sind","","Sindh","Province","Province"
