"PID","ID_0","ISO","NAME_0","ID_1","NAME_1","ID_2","NAME_2","NL_NAME_2","VARNAME_2","TYPE_2","ENGTYPE_2"
26625,170,"PAK","Pakistan",1,"Azad Kashmir",1,"Azad Kashmir","","","Division","Division"
26626,170,"PAK","Pakistan",2,"Baluchistan",2,"Kalat","","","Division","Division"
26627,170,"PAK","Pakistan",2,"Baluchistan",3,"Makran","","","Division","Division"
26628,170,"PAK","Pakistan",2,"Baluchistan",4,"Nasirabad","","","Division","Division"
26629,170,"PAK","Pakistan",2,"Baluchistan",5,"Quetta","","","Division","Division"
26630,170,"PAK","Pakistan",2,"Baluchistan",6,"Sibi","","","Division","Division"
26631,170,"PAK","Pakistan",2,"Baluchistan",7,"Zhob","","Loralai","Division","Division"
26632,170,"PAK","Pakistan",3,"F.A.T.A.",8,"F.A.T.A.","","","Division","Division"
26633,170,"PAK","Pakistan",4,"F.C.T.",9,"Islamabad","","Capital","Division","Division"
26634,170,"PAK","Pakistan",5,"N.W.F.P.",10,"Bannu","","","Division","Division"
26635,170,"PAK","Pakistan",5,"N.W.F.P.",11,"Dera Ismail Khan","","Di Khan","Division","Division"
26636,170,"PAK","Pakistan",5,"N.W.F.P.",12,"F.A.T.A.","","","Division","Division"
26637,170,"PAK","Pakistan",5,"N.W.F.P.",13,"Hazara","","","Division","Division"
26638,170,"PAK","Pakistan",5,"N.W.F.P.",14,"Kohat","","","Division","Division"
26639,170,"PAK","Pakistan",5,"N.W.F.P.",15,"Malakand","","Mala Kand","Division","Division"
26640,170,"PAK","Pakistan",5,"N.W.F.P.",16,"Mardan","","","Division","Division"
26641,170,"PAK","Pakistan",5,"N.W.F.P.",17,"Peshawar","","","Division","Division"
26642,170,"PAK","Pakistan",6,"Northern Areas",18,"Northern Areas","","","Division","Division"
26643,170,"PAK","Pakistan",7,"Punjab",19,"Bahawalpur","","Bahawal Pur","Division","Division"
26644,170,"PAK","Pakistan",7,"Punjab",20,"Dera Ghazi Khan","","D.G.Khan","Division","Division"
26645,170,"PAK","Pakistan",7,"Punjab",21,"Faisalabad","","","Division","Division"
26646,170,"PAK","Pakistan",7,"Punjab",22,"Gujranwala","","","Division","Division"
26647,170,"PAK","Pakistan",7,"Punjab",23,"Lahore","","","Division","Division"
26648,170,"PAK","Pakistan",7,"Punjab",24,"Multan","","","Division","Division"
26649,170,"PAK","Pakistan",7,"Punjab",25,"Rawalpindi","","","Division","Division"
26650,170,"PAK","Pakistan",7,"Punjab",26,"Sargodha","","","Division","Division"
26651,170,"PAK","Pakistan",8,"Sind",27,"Hyderabad","","","Division","Division"
26652,170,"PAK","Pakistan",8,"Sind",28,"Karachi","","","Division","Division"
26653,170,"PAK","Pakistan",8,"Sind",29,"Larkana","","","Division","Division"
26654,170,"PAK","Pakistan",8,"Sind",30,"Mirpur Khas","","","Division","Division"
26655,170,"PAK","Pakistan",8,"Sind",31,"Rann of Kutch","","","Division","Division"
26656,170,"PAK","Pakistan",8,"Sind",32,"Sukkur","","Sakhar|Khairpur","Division","Division"
