"PID","ID_0","ISO","NAME_0","ID_1","NAME_1","ID_2","NAME_2","ID_3","NAME_3","NL_NAME_3","VARNAME_3","TYPE_3","ENGTYPE_3"
49420,170,"PAK","Pakistan",1,"Azad Kashmir",1,"Azad Kashmir",1,"Bagh","","","District","District"
49421,170,"PAK","Pakistan",1,"Azad Kashmir",1,"Azad Kashmir",2,"Bhimber","","","District","District"
49422,170,"PAK","Pakistan",1,"Azad Kashmir",1,"Azad Kashmir",3,"Kotli","","","District","District"
49423,170,"PAK","Pakistan",1,"Azad Kashmir",1,"Azad Kashmir",4,"Mirpur","","","District","District"
49424,170,"PAK","Pakistan",1,"Azad Kashmir",1,"Azad Kashmir",5,"Muzaffarabad","","","District","District"
49425,170,"PAK","Pakistan",1,"Azad Kashmir",1,"Azad Kashmir",6,"Neelum","","","District","District"
49426,170,"PAK","Pakistan",1,"Azad Kashmir",1,"Azad Kashmir",7,"Poonch","","","District","District"
49427,170,"PAK","Pakistan",1,"Azad Kashmir",1,"Azad Kashmir",8,"Sudhnati","","","District","District"
49428,170,"PAK","Pakistan",2,"Baluchistan",2,"Kalat",9,"Awaran","","","District","District"
49429,170,"PAK","Pakistan",2,"Baluchistan",2,"Kalat",10,"Disputed Area 1","","","District","District"
49430,170,"PAK","Pakistan",2,"Baluchistan",2,"Kalat",11,"Disputed Area 2","","","District","District"
49431,170,"PAK","Pakistan",2,"Baluchistan",2,"Kalat",12,"Kalat","","","District","District"
49432,170,"PAK","Pakistan",2,"Baluchistan",2,"Kalat",13,"Kharan","","","District","District"
49433,170,"PAK","Pakistan",2,"Baluchistan",2,"Kalat",14,"Khuzdar","","","District","District"
49434,170,"PAK","Pakistan",2,"Baluchistan",2,"Kalat",15,"Lasbela","","","District","District"
49435,170,"PAK","Pakistan",2,"Baluchistan",2,"Kalat",16,"Mastung","","Mustung","District","District"
49436,170,"PAK","Pakistan",2,"Baluchistan",3,"Makran",17,"Gwadar","","","District","District"
49437,170,"PAK","Pakistan",2,"Baluchistan",3,"Makran",18,"Kech","","","District","District"
49438,170,"PAK","Pakistan",2,"Baluchistan",3,"Makran",19,"Panjgur","","","District","District"
49439,170,"PAK","Pakistan",2,"Baluchistan",4,"Nasirabad",20,"Bolan","","","District","District"
49440,170,"PAK","Pakistan",2,"Baluchistan",4,"Nasirabad",21,"Jafarabad","","Nasir Abad","District","District"
49441,170,"PAK","Pakistan",2,"Baluchistan",4,"Nasirabad",22,"Jhal Magsi","","","District","District"
49442,170,"PAK","Pakistan",2,"Baluchistan",4,"Nasirabad",23,"Nasirabad","","Nasir Abad","District","District"
49443,170,"PAK","Pakistan",2,"Baluchistan",5,"Quetta",24,"Chagai","","","District","District"
49444,170,"PAK","Pakistan",2,"Baluchistan",5,"Quetta",25,"Pishin","","","District","District"
49445,170,"PAK","Pakistan",2,"Baluchistan",5,"Quetta",26,"Qilla Abdullah","","","District","District"
49446,170,"PAK","Pakistan",2,"Baluchistan",5,"Quetta",27,"Quetta","","","District","District"
49447,170,"PAK","Pakistan",2,"Baluchistan",6,"Sibi",28,"Dera Bugti","","","District","District"
49448,170,"PAK","Pakistan",2,"Baluchistan",6,"Sibi",29,"Kholu","","","District","District"
49449,170,"PAK","Pakistan",2,"Baluchistan",6,"Sibi",30,"Sibi","","","District","District"
49450,170,"PAK","Pakistan",2,"Baluchistan",6,"Sibi",31,"Ziarat","","","District","District"
49451,170,"PAK","Pakistan",2,"Baluchistan",7,"Zhob",32,"Barkhan","","","District","District"
49452,170,"PAK","Pakistan",2,"Baluchistan",7,"Zhob",33,"Loralai","","","District","District"
49453,170,"PAK","Pakistan",2,"Baluchistan",7,"Zhob",34,"Musakhel","","","District","District"
49454,170,"PAK","Pakistan",2,"Baluchistan",7,"Zhob",35,"Qilla Saifullah","","","District","District"
49455,170,"PAK","Pakistan",2,"Baluchistan",7,"Zhob",36,"Zhob","","","District","District"
49456,170,"PAK","Pakistan",3,"F.A.T.A.",8,"F.A.T.A.",37,"Bajaur","","","District","District"
49457,170,"PAK","Pakistan",3,"F.A.T.A.",8,"F.A.T.A.",38,"Khyber","","","District","District"
49458,170,"PAK","Pakistan",3,"F.A.T.A.",8,"F.A.T.A.",39,"Kurram","","","District","District"
49459,170,"PAK","Pakistan",3,"F.A.T.A.",8,"F.A.T.A.",40,"Largha Shirani","","","District","District"
49460,170,"PAK","Pakistan",3,"F.A.T.A.",8,"F.A.T.A.",41,"Mohmand","","","District","District"
49461,170,"PAK","Pakistan",3,"F.A.T.A.",8,"F.A.T.A.",42,"N. Waziristan","","North Waziristan","District","District"
49462,170,"PAK","Pakistan",3,"F.A.T.A.",8,"F.A.T.A.",43,"Orakzai","","","District","District"
49463,170,"PAK","Pakistan",3,"F.A.T.A.",8,"F.A.T.A.",44,"S. Waziristan","","South Waziristan","District","District"
49464,170,"PAK","Pakistan",4,"F.C.T.",9,"Islamabad",45,"Islamabad","","","District","District"
49465,170,"PAK","Pakistan",5,"N.W.F.P.",10,"Bannu",46,"Bannu","","","District","District"
49466,170,"PAK","Pakistan",5,"N.W.F.P.",10,"Bannu",47,"Lakki Marwat","","","District","District"
49467,170,"PAK","Pakistan",5,"N.W.F.P.",11,"Dera Ismail Khan",48,"Dera Ismail Khan","","D.I.Khan","District","District"
49468,170,"PAK","Pakistan",5,"N.W.F.P.",11,"Dera Ismail Khan",49,"Tank","","","District","District"
49469,170,"PAK","Pakistan",5,"N.W.F.P.",12,"F.A.T.A.",50,"Adam Khel","","","District","District"
49470,170,"PAK","Pakistan",5,"N.W.F.P.",12,"F.A.T.A.",51,"Bhittani","","","District","District"
49471,170,"PAK","Pakistan",5,"N.W.F.P.",13,"Hazara",52,"Abbottabad","","","District","District"
49472,170,"PAK","Pakistan",5,"N.W.F.P.",13,"Hazara",53,"Battagram","","Batgram","District","District"
49473,170,"PAK","Pakistan",5,"N.W.F.P.",13,"Hazara",54,"Haripur","","","District","District"
49474,170,"PAK","Pakistan",5,"N.W.F.P.",13,"Hazara",55,"Kohistan","","","District","District"
49475,170,"PAK","Pakistan",5,"N.W.F.P.",13,"Hazara",56,"Mansehra","","","District","District"
49476,170,"PAK","Pakistan",5,"N.W.F.P.",14,"Kohat",57,"Hangu","","","District","District"
49477,170,"PAK","Pakistan",5,"N.W.F.P.",14,"Kohat",58,"Karak","","","District","District"
49478,170,"PAK","Pakistan",5,"N.W.F.P.",14,"Kohat",59,"Kohat","","","District","District"
49479,170,"PAK","Pakistan",5,"N.W.F.P.",15,"Malakand",60,"Chitral","","","District","District"
49480,170,"PAK","Pakistan",5,"N.W.F.P.",15,"Malakand",61,"Dir","","","District","District"
49481,170,"PAK","Pakistan",5,"N.W.F.P.",15,"Malakand",62,"Malakand P.A.","","Malakand","District","District"
49482,170,"PAK","Pakistan",5,"N.W.F.P.",15,"Malakand",63,"Shangla","","","District","District"
49483,170,"PAK","Pakistan",5,"N.W.F.P.",15,"Malakand",64,"Swat","","","District","District"
49484,170,"PAK","Pakistan",5,"N.W.F.P.",16,"Mardan",65,"Buner","","","District","District"
49485,170,"PAK","Pakistan",5,"N.W.F.P.",16,"Mardan",66,"Mardan","","","District","District"
49486,170,"PAK","Pakistan",5,"N.W.F.P.",16,"Mardan",67,"Swabi","","","District","District"
49487,170,"PAK","Pakistan",5,"N.W.F.P.",17,"Peshawar",68,"Charsadda","","","District","District"
49488,170,"PAK","Pakistan",5,"N.W.F.P.",17,"Peshawar",69,"Nowshera","","","District","District"
49489,170,"PAK","Pakistan",5,"N.W.F.P.",17,"Peshawar",70,"Peshawar","","","District","District"
49490,170,"PAK","Pakistan",6,"Northern Areas",18,"Northern Areas",71,"Chilas","","","District","District"
49491,170,"PAK","Pakistan",6,"Northern Areas",18,"Northern Areas",72,"Gilgit (Tribal Territory)","","","District","District"
49492,170,"PAK","Pakistan",6,"Northern Areas",18,"Northern Areas",73,"Gilgit","","","District","District"
49493,170,"PAK","Pakistan",6,"Northern Areas",18,"Northern Areas",74,"Kargil","","","District","District"
49494,170,"PAK","Pakistan",6,"Northern Areas",18,"Northern Areas",75,"Kupwara (Gilgit Wazarat)","","","District","District"
49495,170,"PAK","Pakistan",6,"Northern Areas",18,"Northern Areas",76,"Ladakh (Leh)","","","District","District"
49496,170,"PAK","Pakistan",7,"Punjab",19,"Bahawalpur",77,"Bahawalnagar","","","District","District"
49497,170,"PAK","Pakistan",7,"Punjab",19,"Bahawalpur",78,"Bahawalpur","","Bhawalpur","District","District"
49498,170,"PAK","Pakistan",7,"Punjab",19,"Bahawalpur",79,"Rahimyar Khan","","Rahim Yar Khan","District","District"
49499,170,"PAK","Pakistan",7,"Punjab",20,"Dera Ghazi Khan",80,"Dera Ghazi Kha","","","District","District"
49500,170,"PAK","Pakistan",7,"Punjab",20,"Dera Ghazi Khan",81,"Layyah","","Lieah","District","District"
49501,170,"PAK","Pakistan",7,"Punjab",20,"Dera Ghazi Khan",82,"Muzaffargarh","","","District","District"
49502,170,"PAK","Pakistan",7,"Punjab",20,"Dera Ghazi Khan",83,"Rajan Pur","","Rajanpur","District","District"
49503,170,"PAK","Pakistan",7,"Punjab",21,"Faisalabad",84,"Faisalabad","","","District","District"
49504,170,"PAK","Pakistan",7,"Punjab",21,"Faisalabad",85,"Jhang","","","District","District"
49505,170,"PAK","Pakistan",7,"Punjab",21,"Faisalabad",86,"Toba Tek Singh","","","District","District"
49506,170,"PAK","Pakistan",7,"Punjab",22,"Gujranwala",87,"Gujarat","","","District","District"
49507,170,"PAK","Pakistan",7,"Punjab",22,"Gujranwala",88,"Gujranwala 1","","","District","District"
49508,170,"PAK","Pakistan",7,"Punjab",22,"Gujranwala",89,"Gujranwala 2","","","District","District"
49509,170,"PAK","Pakistan",7,"Punjab",22,"Gujranwala",90,"Gujrat","","Gujarat","District","District"
49510,170,"PAK","Pakistan",7,"Punjab",22,"Gujranwala",91,"Hafizabad","","","District","District"
49511,170,"PAK","Pakistan",7,"Punjab",22,"Gujranwala",92,"Narowal 1","","Norowal","District","District"
49512,170,"PAK","Pakistan",7,"Punjab",22,"Gujranwala",93,"Narowal 2","","Norowal","District","District"
49513,170,"PAK","Pakistan",7,"Punjab",22,"Gujranwala",94,"Sialkot","","","District","District"
49514,170,"PAK","Pakistan",7,"Punjab",23,"Lahore",95,"Kasur","","","District","District"
49515,170,"PAK","Pakistan",7,"Punjab",23,"Lahore",96,"Lahore","","","District","District"
49516,170,"PAK","Pakistan",7,"Punjab",23,"Lahore",97,"Nankana Sahib","","","District","District"
49517,170,"PAK","Pakistan",7,"Punjab",23,"Lahore",98,"Okara 1","","","District","District"
49518,170,"PAK","Pakistan",7,"Punjab",23,"Lahore",99,"Okara","","","District","District"
49519,170,"PAK","Pakistan",7,"Punjab",23,"Lahore",100,"Sheikhupura","","","District","District"
49520,170,"PAK","Pakistan",7,"Punjab",24,"Multan",101,"Khanewal","","","District","District"
49521,170,"PAK","Pakistan",7,"Punjab",24,"Multan",102,"Lodhran","","","District","District"
49522,170,"PAK","Pakistan",7,"Punjab",24,"Multan",103,"Multan","","","District","District"
49523,170,"PAK","Pakistan",7,"Punjab",24,"Multan",104,"Pakpattan","","","District","District"
49524,170,"PAK","Pakistan",7,"Punjab",24,"Multan",105,"Sahiwal","","","District","District"
49525,170,"PAK","Pakistan",7,"Punjab",24,"Multan",106,"Vehari","","","District","District"
49526,170,"PAK","Pakistan",7,"Punjab",25,"Rawalpindi",107,"Attok","","Attock","District","District"
49527,170,"PAK","Pakistan",7,"Punjab",25,"Rawalpindi",108,"Chakwal","","","District","District"
49528,170,"PAK","Pakistan",7,"Punjab",25,"Rawalpindi",109,"Jhelum","","","District","District"
49529,170,"PAK","Pakistan",7,"Punjab",25,"Rawalpindi",110,"Rawalpindi","","","District","District"
49530,170,"PAK","Pakistan",7,"Punjab",26,"Sargodha",111,"Bhakkar","","","District","District"
49531,170,"PAK","Pakistan",7,"Punjab",26,"Sargodha",112,"Khushab","","","District","District"
49532,170,"PAK","Pakistan",7,"Punjab",26,"Sargodha",113,"Mianwali","","","District","District"
49533,170,"PAK","Pakistan",7,"Punjab",26,"Sargodha",114,"Sargodha","","","District","District"
49534,170,"PAK","Pakistan",8,"Sind",27,"Hyderabad",115,"Badin","","","District","District"
49535,170,"PAK","Pakistan",8,"Sind",27,"Hyderabad",116,"Dadu","","","District","District"
49536,170,"PAK","Pakistan",8,"Sind",27,"Hyderabad",117,"Hyderabad","","","District","District"
49537,170,"PAK","Pakistan",8,"Sind",27,"Hyderabad",118,"Jamshoro","","","District","District"
49538,170,"PAK","Pakistan",8,"Sind",27,"Hyderabad",119,"Matiari","","","District","District"
49539,170,"PAK","Pakistan",8,"Sind",27,"Hyderabad",120,"Tando Allahyar","","","District","District"
49540,170,"PAK","Pakistan",8,"Sind",27,"Hyderabad",121,"Tando M. Khan","","","District","District"
49541,170,"PAK","Pakistan",8,"Sind",27,"Hyderabad",122,"Thatta","","","District","District"
49542,170,"PAK","Pakistan",8,"Sind",28,"Karachi",123,"Karachi Central","","","District","District"
49543,170,"PAK","Pakistan",8,"Sind",28,"Karachi",124,"Karachi East","","","District","District"
49544,170,"PAK","Pakistan",8,"Sind",28,"Karachi",125,"Karachi South","","","District","District"
49545,170,"PAK","Pakistan",8,"Sind",28,"Karachi",126,"Karachi west","","","District","District"
49546,170,"PAK","Pakistan",8,"Sind",28,"Karachi",127,"Malir","","","District","District"
49547,170,"PAK","Pakistan",8,"Sind",29,"Larkana",128,"Jakobabad","","","District","District"
49548,170,"PAK","Pakistan",8,"Sind",29,"Larkana",129,"Kashmore","","","District","District"
49549,170,"PAK","Pakistan",8,"Sind",29,"Larkana",130,"Larkana","","","District","District"
49550,170,"PAK","Pakistan",8,"Sind",29,"Larkana",131,"Shikarpur","","","District","District"
49551,170,"PAK","Pakistan",8,"Sind",30,"Mirpur Khas",132,"Mirphurkhas","","","District","District"
49552,170,"PAK","Pakistan",8,"Sind",30,"Mirpur Khas",133,"Mithi","","","District","District"
49553,170,"PAK","Pakistan",8,"Sind",30,"Mirpur Khas",134,"Sanghar","","","District","District"
49554,170,"PAK","Pakistan",8,"Sind",30,"Mirpur Khas",135,"Umerkot","","Umarkot","District","District"
49555,170,"PAK","Pakistan",8,"Sind",31,"Rann of Kutch",136,"Rann of Kutch","","","District","District"
49556,170,"PAK","Pakistan",8,"Sind",32,"Sukkur",137,"Ghotki","","","District","District"
49557,170,"PAK","Pakistan",8,"Sind",32,"Sukkur",138,"Khairpur","","","District","District"
49558,170,"PAK","Pakistan",8,"Sind",32,"Sukkur",139,"Naushahro Firoz","","","District","District"
49559,170,"PAK","Pakistan",8,"Sind",32,"Sukkur",140,"Nawab Shah","","Nawabshah","District","District"
49560,170,"PAK","Pakistan",8,"Sind",32,"Sukkur",141,"Sukkur","","","District","District"
