"PID","ID_0","ISO","NAME_0","ID_1","NAME_1","NL_NAME_1","VARNAME_1","TYPE_1","ENGTYPE_1"
2803,217,"SUR","Suriname",1,"Brokopondo","","","Distrikt","District"
2804,217,"SUR","Suriname",2,"Commewijne","","","Distrikt","District"
2805,217,"SUR","Suriname",3,"Coronie","","","Distrikt","District"
2806,217,"SUR","Suriname",4,"Marowijne","","","Distrikt","District"
2807,217,"SUR","Suriname",5,"Nickerie","","","Distrikt","District"
2808,217,"SUR","Suriname",6,"Para","","","Distrikt","District"
2809,217,"SUR","Suriname",7,"Paramaribo","","","Distrikt","District"
2810,217,"SUR","Suriname",8,"Saramacca","","","Distrikt","District"
2811,217,"SUR","Suriname",9,"Sipaliwini","","","Distrikt","District"
2812,217,"SUR","Suriname",10,"Wanica","","","Distrikt","District"
