"PID","ID_0","ISO","NAME_0","ID_1","NAME_1","ID_2","NAME_2","NL_NAME_2","VARNAME_2","TYPE_2","ENGTYPE_2"
33797,217,"SUR","Suriname",1,"Brokopondo",1,"Brownsweg","","","Ressort","Ressort"
33798,217,"SUR","Suriname",1,"Brokopondo",2,"Centrum","","","Ressort","Ressort"
33799,217,"SUR","Suriname",1,"Brokopondo",3,"Klaaskreek","","","Ressort","Ressort"
33800,217,"SUR","Suriname",1,"Brokopondo",4,"Kwakoegron","","","Ressort","Ressort"
33801,217,"SUR","Suriname",1,"Brokopondo",5,"Marechalskreek","","Marshallkreek","Ressort","Ressort"
33802,217,"SUR","Suriname",1,"Brokopondo",6,"Sarakreek","","","Ressort","Ressort"
33803,217,"SUR","Suriname",2,"Commewijne",7,"Alkmaar","","","Ressort","Ressort"
33804,217,"SUR","Suriname",2,"Commewijne",8,"Bakki","","Bakkie","Ressort","Ressort"
33805,217,"SUR","Suriname",2,"Commewijne",9,"Margaretha","","","Ressort","Ressort"
33806,217,"SUR","Suriname",2,"Commewijne",10,"Meerzorg","","","Ressort","Ressort"
33807,217,"SUR","Suriname",2,"Commewijne",11,"Nw. Amsterdam","","Nieuw Amsterdam","Ressort","Ressort"
33808,217,"SUR","Suriname",2,"Commewijne",12,"Tamanredjo","","","Ressort","Ressort"
33809,217,"SUR","Suriname",3,"Coronie",13,"Johanna Maria","","","Ressort","Ressort"
33810,217,"SUR","Suriname",3,"Coronie",14,"Totness","","","Ressort","Ressort"
33811,217,"SUR","Suriname",3,"Coronie",15,"Welgelegen","","","Ressort","Ressort"
33812,217,"SUR","Suriname",4,"Marowijne",16,"Albina","","","Ressort","Ressort"
33813,217,"SUR","Suriname",4,"Marowijne",17,"Galibi","","","Ressort","Ressort"
33814,217,"SUR","Suriname",4,"Marowijne",18,"Moengo","","","Ressort","Ressort"
33815,217,"SUR","Suriname",4,"Marowijne",19,"Moengotapoe","","","Ressort","Ressort"
33816,217,"SUR","Suriname",4,"Marowijne",20,"Patamacca","","","Ressort","Ressort"
33817,217,"SUR","Suriname",4,"Marowijne",21,"Wanhatti","","","Ressort","Ressort"
33818,217,"SUR","Suriname",5,"Nickerie",22,"Groot Henar","","","Ressort","Ressort"
33819,217,"SUR","Suriname",5,"Nickerie",23,"Nw . Nickerie","","Nieuw Nickerie","Ressort","Ressort"
33820,217,"SUR","Suriname",5,"Nickerie",24,"Oostelijke Polders","","","Ressort","Ressort"
33821,217,"SUR","Suriname",5,"Nickerie",25,"Wageningen","","","Ressort","Ressort"
33822,217,"SUR","Suriname",5,"Nickerie",26,"Westelijke Polders","","","Ressort","Ressort"
33823,217,"SUR","Suriname",6,"Para",27,"Bigi Poika","","","Ressort","Ressort"
33824,217,"SUR","Suriname",6,"Para",28,"Carolina","","","Ressort","Ressort"
33825,217,"SUR","Suriname",6,"Para",29,"Noord","","","Ressort","Ressort"
33826,217,"SUR","Suriname",6,"Para",30,"Oost","","","Ressort","Ressort"
33827,217,"SUR","Suriname",6,"Para",31,"Zuid","","","Ressort","Ressort"
33828,217,"SUR","Suriname",7,"Paramaribo",32,"Beekhuizen","","","Ressort","Ressort"
33829,217,"SUR","Suriname",7,"Paramaribo",33,"Blauwgrond","","","Ressort","Ressort"
33830,217,"SUR","Suriname",7,"Paramaribo",34,"Centrum","","","Ressort","Ressort"
33831,217,"SUR","Suriname",7,"Paramaribo",35,"Flora","","","Ressort","Ressort"
33832,217,"SUR","Suriname",7,"Paramaribo",36,"Latour","","","Ressort","Ressort"
33833,217,"SUR","Suriname",7,"Paramaribo",37,"Livorno","","","Ressort","Ressort"
33834,217,"SUR","Suriname",7,"Paramaribo",38,"Munder","","","Ressort","Ressort"
33835,217,"SUR","Suriname",7,"Paramaribo",39,"Pontbuiten","","","Ressort","Ressort"
33836,217,"SUR","Suriname",7,"Paramaribo",40,"Rainville","","","Ressort","Ressort"
33837,217,"SUR","Suriname",7,"Paramaribo",41,"Tammenga","","","Ressort","Ressort"
33838,217,"SUR","Suriname",7,"Paramaribo",42,"Weg Naar Zee","","Weg Naar See","Ressort","Ressort"
33839,217,"SUR","Suriname",7,"Paramaribo",43,"Welgelegen","","","Ressort","Ressort"
33840,217,"SUR","Suriname",8,"Saramacca",44,"Calcutta","","","Ressort","Ressort"
33841,217,"SUR","Suriname",8,"Saramacca",45,"Groningen","","","Ressort","Ressort"
33842,217,"SUR","Suriname",8,"Saramacca",46,"Jarikaba","","","Ressort","Ressort"
33843,217,"SUR","Suriname",8,"Saramacca",47,"Kampong Baroe","","","Ressort","Ressort"
33844,217,"SUR","Suriname",8,"Saramacca",48,"Tijgerkreek","","","Ressort","Ressort"
33845,217,"SUR","Suriname",8,"Saramacca",49,"Wayambo Weg","","Wayamboweg","Ressort","Ressort"
33846,217,"SUR","Suriname",9,"Sipaliwini",50,"Boven Suriname","","","Ressort","Ressort"
33847,217,"SUR","Suriname",9,"Sipaliwini",51,"Bven Saramacca","","Boven Saramacca","Ressort","Ressort"
33848,217,"SUR","Suriname",9,"Sipaliwini",52,"Coeroeni","","","Ressort","Ressort"
33849,217,"SUR","Suriname",9,"Sipaliwini",53,"Coppename","","Boven Coppename","Ressort","Ressort"
33850,217,"SUR","Suriname",9,"Sipaliwini",54,"Kabalebo","","","Ressort","Ressort"
33851,217,"SUR","Suriname",9,"Sipaliwini",55,"Tapanahony","","","Ressort","Ressort"
33852,217,"SUR","Suriname",10,"Wanica",56,"De Nieuwe Grond","","","Ressort","Ressort"
33853,217,"SUR","Suriname",10,"Wanica",57,"Domburg","","","Ressort","Ressort"
33854,217,"SUR","Suriname",10,"Wanica",58,"Houttuin","","","Ressort","Ressort"
33855,217,"SUR","Suriname",10,"Wanica",59,"Koewarasan","","","Ressort","Ressort"
33856,217,"SUR","Suriname",10,"Wanica",60,"Kwatta","","","Ressort","Ressort"
33857,217,"SUR","Suriname",10,"Wanica",61,"Lelydorp","","","Ressort","Ressort"
33858,217,"SUR","Suriname",10,"Wanica",62,"Saramaccapolder","","Saramacca Polder","Ressort","Ressort"
