"PID","ID_0","ISO","NAME_0","ID_1","NAME_1","NL_NAME_1","VARNAME_1","TYPE_1","ENGTYPE_1"
3228,238,"ARE","United Arab Emirates",1,"Abu Dhabi","","Aboû Dabî|Abu Dabi|Abu <U+1E92>abi|Abu <U+1E92>aby","Emirate","Emirate"
3229,238,"ARE","United Arab Emirates",2,"Ajman","","`Adjmân|Ajmã|`Ajman","Emirate","Emirate"
3230,238,"ARE","United Arab Emirates",3,"Dubay","","Dibay|Doubaï|Dubai, Dubayy","Emirate","Emirate"
3231,238,"ARE","United Arab Emirates",4,"Fujayrah","","Al Foudjaïrah, Fudjayra|Al Fujayrah, Fujaira, Fujairah, Fujeira","Emirate","Emirate"
3232,238,"ARE","United Arab Emirates",5,"Neutral Zone","","","Emirate","Emirate"
3233,238,"ARE","United Arab Emirates",6,"Ras Al Khaymah","","Ras al Khaima|Râs al Khaïmah|Ra's al Khayma|Ra's al Khaymah","Emirate","Emirate"
3234,238,"ARE","United Arab Emirates",7,"Sharjah","","Ach Chârdjah|Chardja|Ash Shariqah|Ash Sharjah|Sharjah and Dependencies|Sharjah and Kalba","Emirate","Emirate"
3235,238,"ARE","United Arab Emirates",8,"Umm Al Qaywayn","","Oumm al Qaïwaïn|Umm al Qi`iwayn|Qaiwan|Umm al Qaiwain|Umm al Qayqayn|Umm al Qaywayn|Umm el Quwain|Um al Qaiuan","Emirate","Emirate"
