"PID","ID_0","ISO","NAME_0","ID_1","NAME_1","NL_NAME_1","VARNAME_1","TYPE_1","ENGTYPE_1"
2093,161,"NIC","Nicaragua",1,"Atlántico Norte","","Región Autónoma del Atlántico Norte","Región Autónoma","Autonomous Region"
2094,161,"NIC","Nicaragua",2,"Atlántico Sur","","Región Autónoma del Atlántico Norte","Región Autónoma","Autonomous Region"
2095,161,"NIC","Nicaragua",3,"Boaco","","","Departamento","Department"
2096,161,"NIC","Nicaragua",4,"Carazo","","","Departamento","Department"
2097,161,"NIC","Nicaragua",5,"Chinandega","","","Departamento","Department"
2098,161,"NIC","Nicaragua",6,"Chontales","","","Departamento","Department"
2099,161,"NIC","Nicaragua",7,"Estelí","","Estel¡","Departamento","Department"
2100,161,"NIC","Nicaragua",8,"Granada","","","Departamento","Department"
2101,161,"NIC","Nicaragua",9,"Jinotega","","","Departamento","Department"
2102,161,"NIC","Nicaragua",10,"León","","","Departamento","Department"
2103,161,"NIC","Nicaragua",11,"Madriz","","","Departamento","Department"
2104,161,"NIC","Nicaragua",12,"Managua","","","Departamento","Department"
2105,161,"NIC","Nicaragua",13,"Masaya","","","Departamento","Department"
2106,161,"NIC","Nicaragua",14,"Matagalpa","","","Departamento","Department"
2107,161,"NIC","Nicaragua",15,"Nicaragua","","","Water body","Water body"
2108,161,"NIC","Nicaragua",16,"Nueva Segovia","","","Departamento","Department"
2109,161,"NIC","Nicaragua",17,"Río San Juan","","","Departamento","Department"
2110,161,"NIC","Nicaragua",18,"Rivas","","","Departamento","Department"
