"PID","ID_0","ISO","NAME_0","ID_1","NAME_1","NL_NAME_1","VARNAME_1","TYPE_1","ENGTYPE_1"
624,39,"KHM","Cambodia",1,"Bântéay Méanchey","","Banteay Mean Cheay","Khêt","Province"
625,39,"KHM","Cambodia",2,"Batdâmbâng","","Battambang|Baat Dambang|Bat Dâm Bâng","Khêt","Province"
626,39,"KHM","Cambodia",3,"Kâmpóng Cham","","Kampong Chaam|Kompong Cham","Khêt","Province"
627,39,"KHM","Cambodia",4,"Kâmpóng Chhnang","","Kompong Chnang","Khêt","Province"
628,39,"KHM","Cambodia",5,"Kâmpóng Spœ","","Kampong Speu|Kompong Speu|Kompong Spueu","Khêt","Province"
629,39,"KHM","Cambodia",6,"Kâmpóng Thum","","Kampong Thom|Kompong Thom","Khêt","Province"
630,39,"KHM","Cambodia",7,"Kâmpôt","","","Khêt","Province"
631,39,"KHM","Cambodia",8,"Kândal","","Kandaal","Khêt","Province"
632,39,"KHM","Cambodia",9,"Kaôh Kong","","Koh Kong","Khêt","Province"
633,39,"KHM","Cambodia",10,"Kep","","Keb","Khêt","Province"
634,39,"KHM","Cambodia",11,"Krâchéh","","Kratie|Kratié|Kratiê|Krâ Chéh|Krachen","Khêt","Province"
635,39,"KHM","Cambodia",12,"Krong Pailin","","Pailin","Municipality","Municipality"
636,39,"KHM","Cambodia",13,"Krong Preah Sihanouk","","Sihanoukville|Kampong Som|Kampong Saom","Krong","Municipality"
637,39,"KHM","Cambodia",14,"Môndól Kiri","","Mondul Kiri|Mondolkiri|Môndul Kiri","Khêt","Province"
638,39,"KHM","Cambodia",15,"Otdar Mean Chey","","Oddâr Méanchey","Khêt","Province"
639,39,"KHM","Cambodia",16,"Phnom Penh","","Phnum Pénh","Municipality","Municipality"
640,39,"KHM","Cambodia",17,"Pouthisat","","Pursat","Khêt","Province"
641,39,"KHM","Cambodia",18,"Preah Vihéar","","","Khêt","Province"
642,39,"KHM","Cambodia",19,"Prey Vêng","","Prey Veaeng","Khêt","Province"
643,39,"KHM","Cambodia",20,"Rôtânôkiri","","Ratana Kiri|Râtanakiri|Rotanah Kiri|Rotanak Kiri","Khêt","Province"
644,39,"KHM","Cambodia",21,"Siemréab","","Siem Reap|Siem Reab|Siem Réab|Siemreap","Khêt","Province"
645,39,"KHM","Cambodia",22,"Stœng Trêng","","Stung Treng|Stueng Traeng|Stung Treng","Khêt","Province"
646,39,"KHM","Cambodia",23,"Svay Rieng","","Soairieng|Svaay Rieng","Khêt","Province"
647,39,"KHM","Cambodia",24,"Takêv","","Takeo|Taakaev|Takaev|Takeo","Khêt","Province"
