"PID","ID_0","ISO","NAME_0","ID_1","NAME_1","NL_NAME_1","VARNAME_1","TYPE_1","ENGTYPE_1"
202,16,"AZE","Azerbaijan",1,"S<U+0259>ki","","Shaki","Rayon","District"
203,16,"AZE","Azerbaijan",2,"S<U+0259>mkir","","Shamkir","Rayon","District"
204,16,"AZE","Azerbaijan",3,"S<U+0259>rur","","Sharur","Rayon","District"
205,16,"AZE","Azerbaijan",4,"Sahbuz","","Shakhbuz","Rayon","District"
206,16,"AZE","Azerbaijan",5,"Samaxi","","Shamakhi","Rayon","District"
207,16,"AZE","Azerbaijan",6,"<U+018F>li Bayramli","","Ali Bayramli","Sahar","City"
208,16,"AZE","Azerbaijan",7,"Imisli","","Imishli","Rayon","District"
209,16,"AZE","Azerbaijan",8,"Ismayilli","","Ismailli","Rayon","District"
210,16,"AZE","Azerbaijan",9,"Susa","","Shusha","Rayon","District"
211,16,"AZE","Azerbaijan",10,"Agcab<U+0259>di","","Agjabadi","Rayon","District"
212,16,"AZE","Azerbaijan",11,"Agdas","","Agdash","Rayon","District"
213,16,"AZE","Azerbaijan",12,"Agdam","","Agdam","Rayon","District"
214,16,"AZE","Azerbaijan",13,"Agstafa","","Agstafa","Rayon","District"
215,16,"AZE","Azerbaijan",14,"Agsu","","Agsu","Rayon","District"
216,16,"AZE","Azerbaijan",15,"Abseron","","Absheron","Rayon","District"
217,16,"AZE","Azerbaijan",16,"Astara","","","Rayon","District"
218,16,"AZE","Azerbaijan",17,"B<U+0259>rd<U+0259>","","Barda","Rayon","District"
219,16,"AZE","Azerbaijan",18,"Bab<U+0259>k","","Babek","Rayon","District"
220,16,"AZE","Azerbaijan",19,"Baki","","Baku city","Sahar","City"
221,16,"AZE","Azerbaijan",20,"Balak<U+0259>n","","Balakan","Rayon","District"
222,16,"AZE","Azerbaijan",21,"Beyl<U+0259>qan","","Beylagan","Rayon","District"
223,16,"AZE","Azerbaijan",22,"Bil<U+0259>suvar","","Bilasuvar","Rayon","District"
224,16,"AZE","Azerbaijan",23,"C<U+0259>brayil","","Jabrayil","Rayon","District"
225,16,"AZE","Azerbaijan",24,"C<U+0259>lilabad","","Jalilabad","Rayon","District"
226,16,"AZE","Azerbaijan",25,"Culfa","","Julfa","Rayon","District"
227,16,"AZE","Azerbaijan",26,"D<U+0259>v<U+0259>çi","","Davachi","Rayon","District"
228,16,"AZE","Azerbaijan",27,"Dask<U+0259>s<U+0259>n","","Dashkasan","Rayon","District"
229,16,"AZE","Azerbaijan",28,"Füzuli","","Fizuli","Rayon","District"
230,16,"AZE","Azerbaijan",29,"G<U+0259>d<U+0259>b<U+0259>y","","Gadabay","Rayon","District"
231,16,"AZE","Azerbaijan",30,"G<U+0259>nc<U+0259>","","Ganja city","Sahar","City"
232,16,"AZE","Azerbaijan",31,"Goranboy","","","Rayon","District"
233,16,"AZE","Azerbaijan",32,"Göyçay","","Goychay","Rayon","District"
234,16,"AZE","Azerbaijan",33,"Haciqabul","","Hajigabul","Rayon","District"
235,16,"AZE","Azerbaijan",34,"K<U+0259>lb<U+0259>c<U+0259>r","","Kalbajar","Rayon","District"
236,16,"AZE","Azerbaijan",35,"Kürd<U+0259>mir","","Kurdamir","Rayon","District"
237,16,"AZE","Azerbaijan",36,"L<U+0259>nk<U+0259>ran","","Lankaran","Rayon","District"
238,16,"AZE","Azerbaijan",37,"Lerik","","","Rayon","District"
239,16,"AZE","Azerbaijan",38,"Masalli","","Masally","Rayon","District"
240,16,"AZE","Azerbaijan",39,"Ming<U+0259>çevir","","Mingachevir","Sahar","City"
241,16,"AZE","Azerbaijan",40,"Naxçivan","","Nakhichevan","Sahar","City"
242,16,"AZE","Azerbaijan",41,"Neftçala","","Neftchala","Rayon","District"
243,16,"AZE","Azerbaijan",42,"Oguz","","Oguz","Rayon","District"
244,16,"AZE","Azerbaijan",43,"Ordubad","","","Rayon","District"
245,16,"AZE","Azerbaijan",44,"Q<U+0259>b<U+0259>l<U+0259>","","Qabala","Rayon","District"
246,16,"AZE","Azerbaijan",45,"Qax","","Qakh","Rayon","District"
247,16,"AZE","Azerbaijan",46,"Qazax","","Qazakh","Rayon","District"
248,16,"AZE","Azerbaijan",47,"Qobustan","","","Rayon","District"
249,16,"AZE","Azerbaijan",48,"Quba","","","Rayon","District"
250,16,"AZE","Azerbaijan",49,"Qubadli","","","Rayon","District"
251,16,"AZE","Azerbaijan",50,"Qusar","","","Rayon","District"
252,16,"AZE","Azerbaijan",51,"S<U+0259>d<U+0259>r<U+0259>k","","Sadarak","Rayon","District"
253,16,"AZE","Azerbaijan",52,"Saatli","","Saatly","Rayon","District"
254,16,"AZE","Azerbaijan",53,"Sabirabad","","","Rayon","District"
255,16,"AZE","Azerbaijan",54,"Salyan","","","Rayon","District"
256,16,"AZE","Azerbaijan",55,"Samux","","Samukh","Rayon","District"
257,16,"AZE","Azerbaijan",56,"Siy<U+0259>z<U+0259>n","","Siazan","Rayon","District"
258,16,"AZE","Azerbaijan",57,"Sumqayit","","Sumqayit city","Sahar","City"
259,16,"AZE","Azerbaijan",58,"T<U+0259>rt<U+0259>r","","Tartar","Rayon","District"
260,16,"AZE","Azerbaijan",59,"Tovuz","","","Rayon","District"
261,16,"AZE","Azerbaijan",60,"Ucar","","Ujar","Rayon","District"
262,16,"AZE","Azerbaijan",61,"Xaçmaz","","Khachmaz","Rayon","District"
263,16,"AZE","Azerbaijan",62,"Xanlar","","Khanlar","Rayon","District"
264,16,"AZE","Azerbaijan",63,"Xizi","","Khizi","Rayon","District"
265,16,"AZE","Azerbaijan",64,"Xocali","","Khojali","Rayon","District"
266,16,"AZE","Azerbaijan",65,"Xocav<U+0259>nd","","Khojavend","Rayon","District"
267,16,"AZE","Azerbaijan",66,"Yardimli","","Yardymli","Rayon","District"
268,16,"AZE","Azerbaijan",67,"Yevlax","","Yevlakh","Rayon","District"
269,16,"AZE","Azerbaijan",68,"Z<U+0259>ngilan","","Zangilan","Rayon","District"
270,16,"AZE","Azerbaijan",69,"Z<U+0259>rdab","","Zardab","Rayon","District"
271,16,"AZE","Azerbaijan",70,"Zaqatala","","","Rayon","District"
