"PID","ID_0","ISO","NAME_0","ID_1","NAME_1","ID_2","NAME_2","ID_3","NAME_3","ID_4","NAME_4","VARNAME_4","TYPE_4","ENGTYPE_4"
18269,138,"MLI","Mali",1,"Bamako",1,"Bamako",1,"Kalban-Coro",1,"Commune I","","Commune","Commune"
18270,138,"MLI","Mali",1,"Bamako",1,"Bamako",1,"Kalban-Coro",2,"Commune II","","Commune","Commune"
18271,138,"MLI","Mali",1,"Bamako",1,"Bamako",1,"Kalban-Coro",3,"Commune III","","Commune","Commune"
18272,138,"MLI","Mali",1,"Bamako",1,"Bamako",1,"Kalban-Coro",4,"Commune IV","","Commune","Commune"
18273,138,"MLI","Mali",1,"Bamako",1,"Bamako",1,"Kalban-Coro",5,"Commune V","","Commune","Commune"
18274,138,"MLI","Mali",1,"Bamako",1,"Bamako",1,"Kalban-Coro",6,"Commune VI","","Commune","Commune"
18275,138,"MLI","Mali",2,"Gao",2,"Ansongo",2,"Ansongo",7,"Ansongo","","Commune","Commune"
18276,138,"MLI","Mali",2,"Gao",2,"Ansongo",2,"Ansongo",8,"Bara","","Commune","Commune"
18277,138,"MLI","Mali",2,"Gao",2,"Ansongo",2,"Ansongo",9,"Bourra","","Commune","Commune"
18278,138,"MLI","Mali",2,"Gao",2,"Ansongo",2,"Ansongo",10,"Tin Hama","","Commune","Commune"
18279,138,"MLI","Mali",2,"Gao",2,"Ansongo",3,"Ouatagouna",11,"Ouattagouna","","Commune","Commune"
18280,138,"MLI","Mali",2,"Gao",2,"Ansongo",4,"Talataye",12,"Talataye","","Commune","Commune"
18281,138,"MLI","Mali",2,"Gao",2,"Ansongo",5,"Tessit",13,"Tessit","","Commune","Commune"
18282,138,"MLI","Mali",2,"Gao",3,"Bourem",6,"Almoustarat",14,"Tarkint","","Commune","Commune"
18283,138,"MLI","Mali",2,"Gao",3,"Bourem",7,"Bamba",15,"Bamba-Bou","Bamba","Commune","Commune"
18284,138,"MLI","Mali",2,"Gao",3,"Bourem",8,"Bourem",16,"Bourem","","Commune","Commune"
18285,138,"MLI","Mali",2,"Gao",3,"Bourem",8,"Bourem",17,"Taboye","","Commune","Commune"
18286,138,"MLI","Mali",2,"Gao",3,"Bourem",9,"Temera",18,"Temera","","Commune","Commune"
18287,138,"MLI","Mali",2,"Gao",4,"Gao",10,"Djebock",19,"Anchawadi","Anchawadj","Commune","Commune"
18288,138,"MLI","Mali",2,"Gao",4,"Gao",10,"Djebock",20,"Tilemsi-Gao","","Commune","Commune"
18289,138,"MLI","Mali",2,"Gao",4,"Gao",11,"Gao-Central",21,"Gao","","Commune","Commune"
18290,138,"MLI","Mali",2,"Gao",4,"Gao",12,"Gao",22,"Gounzoureye","","Commune","Commune"
18291,138,"MLI","Mali",2,"Gao",4,"Gao",12,"Gao",23,"Sony-Aliber","","Commune","Commune"
18292,138,"MLI","Mali",2,"Gao",4,"Gao",13,"Haoussa-Foulane",24,"Gabero","","Commune","Commune"
18293,138,"MLI","Mali",2,"Gao",4,"Gao",14,"In-Tillit",25,"N'Tillit","","Commune","Commune"
18294,138,"MLI","Mali",2,"Gao",5,"Ménaka",15,"Anderamboukane",26,"Alata","","Commune","Commune"
18295,138,"MLI","Mali",2,"Gao",5,"Ménaka",15,"Anderamboukane",27,"Anderamboukane","","Commune","Commune"
18296,138,"MLI","Mali",2,"Gao",5,"Ménaka",16,"Inekar",28,"Inekar","","Commune","Commune"
18297,138,"MLI","Mali",2,"Gao",5,"Ménaka",17,"Menaka",29,"Menaka","","Commune","Commune"
18298,138,"MLI","Mali",2,"Gao",5,"Ménaka",18,"Tidermene",30,"Tidermene","","Commune","Commune"
18299,138,"MLI","Mali",3,"Kayes",6,"Bafoulabé",19,"Bafoulabe",31,"Bafoulabe","","Commune","Commune"
18300,138,"MLI","Mali",3,"Kayes",6,"Bafoulabé",20,"Bamafele",32,"Bamafele","","Commune","Commune"
18301,138,"MLI","Mali",3,"Kayes",6,"Bafoulabé",21,"Diakon",33,"Diakon","","Commune","Commune"
18302,138,"MLI","Mali",3,"Kayes",6,"Bafoulabé",22,"Diallan",34,"Diallan","","Commune","Commune"
18303,138,"MLI","Mali",3,"Kayes",6,"Bafoulabé",23,"Kontela",35,"Kontela","","Commune","Commune"
18304,138,"MLI","Mali",3,"Kayes",6,"Bafoulabé",24,"Koundian",36,"Diokeli","","Commune","Commune"
18305,138,"MLI","Mali",3,"Kayes",6,"Bafoulabé",24,"Koundian",37,"Koundian","","Commune","Commune"
18306,138,"MLI","Mali",3,"Kayes",6,"Bafoulabé",25,"Mahina",38,"Gounfan","","Commune","Commune"
18307,138,"MLI","Mali",3,"Kayes",6,"Bafoulabé",25,"Mahina",39,"Mahina","","Commune","Commune"
18308,138,"MLI","Mali",3,"Kayes",6,"Bafoulabé",25,"Mahina",40,"Niambia","","Commune","Commune"
18309,138,"MLI","Mali",3,"Kayes",6,"Bafoulabé",26,"Oualia",41,"Oualia","","Commune","Commune"
18310,138,"MLI","Mali",3,"Kayes",6,"Bafoulabé",27,"Oussoubidiagna",42,"Sidibela","","Commune","Commune"
18311,138,"MLI","Mali",3,"Kayes",6,"Bafoulabé",27,"Oussoubidiagna",43,"Tomora","","Commune","Commune"
18312,138,"MLI","Mali",3,"Kayes",7,"Diéma",28,"Bema",44,"Bema","","Commune","Commune"
18313,138,"MLI","Mali",3,"Kayes",7,"Diéma",28,"Bema",45,"Fassou Debe","","Commune","Commune"
18314,138,"MLI","Mali",3,"Kayes",7,"Diéma",28,"Bema",46,"Groumera","","Commune","Commune"
18315,138,"MLI","Mali",3,"Kayes",7,"Diéma",28,"Bema",47,"Guedebine","","Commune","Commune"
18316,138,"MLI","Mali",3,"Kayes",7,"Diéma",29,"Diangounte-Camara",48,"Diangounte Camara","","Commune","Commune"
18317,138,"MLI","Mali",3,"Kayes",7,"Diéma",29,"Diangounte-Camara",49,"Fatao","","Commune","Commune"
18318,138,"MLI","Mali",3,"Kayes",7,"Diéma",29,"Diangounte-Camara",50,"Lambidou","","Commune","Commune"
18319,138,"MLI","Mali",3,"Kayes",7,"Diéma",29,"Diangounte-Camara",51,"Madiga Sacko","","Commune","Commune"
18320,138,"MLI","Mali",3,"Kayes",7,"Diéma",30,"Diéma",52,"Dianguirde","","Commune","Commune"
18321,138,"MLI","Mali",3,"Kayes",7,"Diéma",30,"Diéma",53,"Diema","","Commune","Commune"
18322,138,"MLI","Mali",3,"Kayes",7,"Diéma",31,"Dioumara",54,"Dioumara Koussata","","Commune","Commune"
18323,138,"MLI","Mali",3,"Kayes",7,"Diéma",31,"Dioumara",55,"Gomitradougou","","Commune","Commune"
18324,138,"MLI","Mali",3,"Kayes",7,"Diéma",32,"Lakamane",56,"Dieoura","","Commune","Commune"
18325,138,"MLI","Mali",3,"Kayes",7,"Diéma",32,"Lakamane",57,"Lakamane","","Commune","Commune"
18326,138,"MLI","Mali",3,"Kayes",7,"Diéma",32,"Lakamane",58,"Sansankide","","Commune","Commune"
18327,138,"MLI","Mali",3,"Kayes",8,"Kayes",33,"Ambidedi",59,"Faleme","","Commune","Commune"
18328,138,"MLI","Mali",3,"Kayes",8,"Kayes",33,"Ambidedi",60,"Fegui","","Commune","Commune"
18329,138,"MLI","Mali",3,"Kayes",8,"Kayes",33,"Ambidedi",61,"Guidimakan Keri Kaff","Guidimakan Keri Kafo","Commune","Commune"
18330,138,"MLI","Mali",3,"Kayes",8,"Kayes",33,"Ambidedi",62,"Kemene Tambo","","Commune","Commune"
18331,138,"MLI","Mali",3,"Kayes",8,"Kayes",33,"Ambidedi",63,"Sony","","Commune","Commune"
18332,138,"MLI","Mali",3,"Kayes",8,"Kayes",33,"Ambidedi",64,"Tafacirga","","Commune","Commune"
18333,138,"MLI","Mali",3,"Kayes",8,"Kayes",34,"Aourou",65,"Djelebou","","Commune","Commune"
18334,138,"MLI","Mali",3,"Kayes",8,"Kayes",34,"Aourou",66,"Karakoro","","Commune","Commune"
18335,138,"MLI","Mali",3,"Kayes",8,"Kayes",34,"Aourou",67,"Sahel","","Commune","Commune"
18336,138,"MLI","Mali",3,"Kayes",8,"Kayes",35,"Diadioumbera",68,"Sero Diamanou","","Commune","Commune"
18337,138,"MLI","Mali",3,"Kayes",8,"Kayes",36,"Diamou",69,"Diamou","","Commune","Commune"
18338,138,"MLI","Mali",3,"Kayes",8,"Kayes",37,"Kayes",70,"Bangassi","","Commune","Commune"
18339,138,"MLI","Mali",3,"Kayes",8,"Kayes",37,"Kayes",71,"Colimbine","","Commune","Commune"
18340,138,"MLI","Mali",3,"Kayes",8,"Kayes",37,"Kayes",72,"Gory Gopela","","Commune","Commune"
18341,138,"MLI","Mali",3,"Kayes",8,"Kayes",37,"Kayes",73,"Goumera","","Commune","Commune"
18342,138,"MLI","Mali",3,"Kayes",8,"Kayes",37,"Kayes",74,"Kayes Commune","","Commune","Commune"
18343,138,"MLI","Mali",3,"Kayes",8,"Kayes",37,"Kayes",75,"Khouloum","","Commune","Commune"
18344,138,"MLI","Mali",3,"Kayes",8,"Kayes",37,"Kayes",76,"Liberte Dembaya","","Commune","Commune"
18345,138,"MLI","Mali",3,"Kayes",8,"Kayes",38,"Koussane",77,"Koussane","","Commune","Commune"
18346,138,"MLI","Mali",3,"Kayes",8,"Kayes",39,"Lontou",78,"Hawa Dembaya","","Commune","Commune"
18347,138,"MLI","Mali",3,"Kayes",8,"Kayes",39,"Lontou",79,"Logo","","Commune","Commune"
18348,138,"MLI","Mali",3,"Kayes",8,"Kayes",40,"Sadiola",80,"Sadiola","","Commune","Commune"
18349,138,"MLI","Mali",3,"Kayes",8,"Kayes",41,"Same",81,"Same Diomboma","Same Diomgoma","Commune","Commune"
18350,138,"MLI","Mali",3,"Kayes",8,"Kayes",41,"Same",82,"Somankidy","","Commune","Commune"
18351,138,"MLI","Mali",3,"Kayes",8,"Kayes",42,"Segala",83,"Koniakary","","Commune","Commune"
18352,138,"MLI","Mali",3,"Kayes",8,"Kayes",42,"Segala",84,"Marena Diombougou","","Commune","Commune"
18353,138,"MLI","Mali",3,"Kayes",8,"Kayes",42,"Segala",85,"Marintoumania","","Commune","Commune"
18354,138,"MLI","Mali",3,"Kayes",8,"Kayes",42,"Segala",86,"Segala","","Commune","Commune"
18355,138,"MLI","Mali",3,"Kayes",9,"Kéniéba",43,"Dialafara",87,"Dialafara","","Commune","Commune"
18356,138,"MLI","Mali",3,"Kayes",9,"Kéniéba",44,"Dombia",88,"Baye-Ken","","Commune","Commune"
18357,138,"MLI","Mali",3,"Kayes",9,"Kéniéba",44,"Dombia",89,"Dombia","","Commune","Commune"
18358,138,"MLI","Mali",3,"Kayes",9,"Kéniéba",45,"Falea",90,"Falea","","Commune","Commune"
18359,138,"MLI","Mali",3,"Kayes",9,"Kéniéba",46,"Faraba",91,"Faraba-Ken","","Commune","Commune"
18360,138,"MLI","Mali",3,"Kayes",9,"Kéniéba",46,"Faraba",92,"Kroukoto","","Commune","Commune"
18361,138,"MLI","Mali",3,"Kayes",9,"Kéniéba",46,"Faraba",93,"Sagalo","","Commune","Commune"
18362,138,"MLI","Mali",3,"Kayes",9,"Kéniéba",47,"Kassama",94,"Kassama","","Commune","Commune"
18363,138,"MLI","Mali",3,"Kayes",9,"Kéniéba",48,"Kéniéba",95,"Dabia","","Commune","Commune"
18364,138,"MLI","Mali",3,"Kayes",9,"Kéniéba",48,"Kéniéba",96,"Guenegore","","Commune","Commune"
18365,138,"MLI","Mali",3,"Kayes",9,"Kéniéba",48,"Kéniéba",97,"Kenieba","","Commune","Commune"
18366,138,"MLI","Mali",3,"Kayes",9,"Kéniéba",48,"Kéniéba",98,"Sitakily","","Commune","Commune"
18367,138,"MLI","Mali",3,"Kayes",10,"Kita",49,"Djidian",99,"Djidian","","Commune","Commune"
18368,138,"MLI","Mali",3,"Kayes",10,"Kita",49,"Djidian",100,"Namala Guimba","Mamala Guimbala","Commune","Commune"
18369,138,"MLI","Mali",3,"Kayes",10,"Kita",49,"Djidian",101,"Saboula","","Commune","Commune"
18370,138,"MLI","Mali",3,"Kayes",10,"Kita",49,"Djidian",102,"Souransan Tomoto","","Commune","Commune"
18371,138,"MLI","Mali",3,"Kayes",10,"Kita",50,"Kita",103,"Badia","","Commune","Commune"
18372,138,"MLI","Mali",3,"Kayes",10,"Kita",50,"Kita",104,"Bendougouba","","Commune","Commune"
18373,138,"MLI","Mali",3,"Kayes",10,"Kita",50,"Kita",105,"Benkadi Founia","","Commune","Commune"
18374,138,"MLI","Mali",3,"Kayes",10,"Kita",50,"Kita",106,"Boudofo","","Commune","Commune"
18375,138,"MLI","Mali",3,"Kayes",10,"Kita",50,"Kita",107,"Kita Commune","","Commune","Commune"
18376,138,"MLI","Mali",3,"Kayes",10,"Kita",50,"Kita",108,"Kita Nord","","Commune","Commune"
18377,138,"MLI","Mali",3,"Kayes",10,"Kita",50,"Kita",109,"Kita Ouest","","Commune","Commune"
18378,138,"MLI","Mali",3,"Kayes",10,"Kita",51,"Kokofata",110,"Bougarybaya","","Commune","Commune"
18379,138,"MLI","Mali",3,"Kayes",10,"Kita",51,"Kokofata",111,"Kokofata","","Commune","Commune"
18380,138,"MLI","Mali",3,"Kayes",10,"Kita",51,"Kokofata",112,"Tambaga","","Commune","Commune"
18381,138,"MLI","Mali",3,"Kayes",10,"Kita",52,"Sagabari",113,"Gadougou 1","","Commune","Commune"
18382,138,"MLI","Mali",3,"Kayes",10,"Kita",52,"Sagabari",114,"Gadougou 2","","Commune","Commune"
18383,138,"MLI","Mali",3,"Kayes",10,"Kita",52,"Sagabari",115,"Koulou","","Commune","Commune"
18384,138,"MLI","Mali",3,"Kayes",10,"Kita",53,"Sebekoro",116,"Kassaro","","Commune","Commune"
18385,138,"MLI","Mali",3,"Kayes",10,"Kita",53,"Sebekoro",117,"Kotouba","","Commune","Commune"
18386,138,"MLI","Mali",3,"Kayes",10,"Kita",53,"Sebekoro",118,"Madina","","Commune","Commune"
18387,138,"MLI","Mali",3,"Kayes",10,"Kita",53,"Sebekoro",119,"Sebekoro","","Commune","Commune"
18388,138,"MLI","Mali",3,"Kayes",10,"Kita",54,"Sefeto",120,"Dindako","","Commune","Commune"
18389,138,"MLI","Mali",3,"Kayes",10,"Kita",54,"Sefeto",121,"Djougoun","","Commune","Commune"
18390,138,"MLI","Mali",3,"Kayes",10,"Kita",54,"Sefeto",122,"Guemoukouraba","","Commune","Commune"
18391,138,"MLI","Mali",3,"Kayes",10,"Kita",54,"Sefeto",123,"Kourounikoto","","Commune","Commune"
18392,138,"MLI","Mali",3,"Kayes",10,"Kita",54,"Sefeto",124,"Sefeto Nord","","Commune","Commune"
18393,138,"MLI","Mali",3,"Kayes",10,"Kita",54,"Sefeto",125,"Sefeto Ouest","","Commune","Commune"
18394,138,"MLI","Mali",3,"Kayes",10,"Kita",55,"Sirakoro",126,"Makano","","Commune","Commune"
18395,138,"MLI","Mali",3,"Kayes",10,"Kita",55,"Sirakoro",127,"Senko","","Commune","Commune"
18396,138,"MLI","Mali",3,"Kayes",10,"Kita",55,"Sirakoro",128,"Sirakoro","","Commune","Commune"
18397,138,"MLI","Mali",3,"Kayes",10,"Kita",56,"Toukoto",129,"Kobri","","Commune","Commune"
18398,138,"MLI","Mali",3,"Kayes",10,"Kita",56,"Toukoto",130,"Niantanso","","Commune","Commune"
18399,138,"MLI","Mali",3,"Kayes",10,"Kita",56,"Toukoto",131,"Toukoto","","Commune","Commune"
18400,138,"MLI","Mali",3,"Kayes",11,"Nioro",57,"Gavinane",132,"Diaye Coura","","Commune","Commune"
18401,138,"MLI","Mali",3,"Kayes",11,"Nioro",57,"Gavinane",133,"Gavinane","","Commune","Commune"
18402,138,"MLI","Mali",3,"Kayes",11,"Nioro",57,"Gavinane",134,"Youri","","Commune","Commune"
18403,138,"MLI","Mali",3,"Kayes",11,"Nioro",58,"Gogui",135,"Gogui","","Commune","Commune"
18404,138,"MLI","Mali",3,"Kayes",11,"Nioro",59,"Korera-Kore",136,"Korera Kore","","Commune","Commune"
18405,138,"MLI","Mali",3,"Kayes",11,"Nioro",60,"Nioro",137,"Guetema","","Commune","Commune"
18406,138,"MLI","Mali",3,"Kayes",11,"Nioro",60,"Nioro",138,"Kadiaba Kadiel","Gadiaba Kadiel","Commune","Commune"
18407,138,"MLI","Mali",3,"Kayes",11,"Nioro",60,"Nioro",139,"Nioro Commune","","Commune","Commune"
18408,138,"MLI","Mali",3,"Kayes",11,"Nioro",60,"Nioro",140,"Nioro Tougoune Ranga","Nioro Tougoune Rangabe","Commune","Commune"
18409,138,"MLI","Mali",3,"Kayes",11,"Nioro",60,"Nioro",141,"Yerere","","Commune","Commune"
18410,138,"MLI","Mali",3,"Kayes",11,"Nioro",61,"Sandare",142,"Sandare","","Commune","Commune"
18411,138,"MLI","Mali",3,"Kayes",11,"Nioro",62,"Simbi",143,"Simbi","","Commune","Commune"
18412,138,"MLI","Mali",3,"Kayes",11,"Nioro",63,"Trongoumbe",144,"Baniere Kore","","Commune","Commune"
18413,138,"MLI","Mali",3,"Kayes",11,"Nioro",63,"Trongoumbe",145,"Diabigue","","Commune","Commune"
18414,138,"MLI","Mali",3,"Kayes",11,"Nioro",63,"Trongoumbe",146,"Diarra","","Commune","Commune"
18415,138,"MLI","Mali",3,"Kayes",11,"Nioro",63,"Trongoumbe",147,"Troungoumbe","","Commune","Commune"
18416,138,"MLI","Mali",3,"Kayes",12,"Yélimané",64,"Kirane",148,"Kirane Kaniaga","","Commune","Commune"
18417,138,"MLI","Mali",3,"Kayes",12,"Yélimané",64,"Kirane",149,"Kremis","","Commune","Commune"
18418,138,"MLI","Mali",3,"Kayes",12,"Yélimané",65,"Marena",150,"Tringa","Tringa Marena","Commune","Commune"
18419,138,"MLI","Mali",3,"Kayes",12,"Yélimané",66,"Tambacara",151,"Diafounou Diongaga","","Commune","Commune"
18420,138,"MLI","Mali",3,"Kayes",12,"Yélimané",66,"Tambacara",152,"Diafounou Gory","","Commune","Commune"
18421,138,"MLI","Mali",3,"Kayes",12,"Yélimané",66,"Tambacara",153,"Konsiga","","Commune","Commune"
18422,138,"MLI","Mali",3,"Kayes",12,"Yélimané",66,"Tambacara",154,"Marekaffo","","Commune","Commune"
18423,138,"MLI","Mali",3,"Kayes",12,"Yélimané",67,"Yelimane-Central",155,"Fanga","","Commune","Commune"
18424,138,"MLI","Mali",3,"Kayes",12,"Yélimané",67,"Yelimane-Central",156,"Gory","","Commune","Commune"
18425,138,"MLI","Mali",3,"Kayes",12,"Yélimané",67,"Yelimane-Central",157,"Guidime","","Commune","Commune"
18426,138,"MLI","Mali",3,"Kayes",12,"Yélimané",67,"Yelimane-Central",158,"Soumpou","","Commune","Commune"
18427,138,"MLI","Mali",3,"Kayes",12,"Yélimané",67,"Yelimane-Central",159,"Toya","","Commune","Commune"
18428,138,"MLI","Mali",4,"Kidal",13,"Abeïbara",68,"Abeibara",160,"Abeibara","","Commune","Commune"
18429,138,"MLI","Mali",4,"Kidal",13,"Abeïbara",69,"Bouressa",161,"Boghassa","","Commune","Commune"
18430,138,"MLI","Mali",4,"Kidal",13,"Abeïbara",70,"Tinzawatene",162,"Tinzawatene","","Commune","Commune"
18431,138,"MLI","Mali",4,"Kidal",14,"Kidal",71,"Anefif",163,"Anefif","","Commune","Commune"
18432,138,"MLI","Mali",4,"Kidal",14,"Kidal",72,"Essouk",164,"Essouk","","Commune","Commune"
18433,138,"MLI","Mali",4,"Kidal",14,"Kidal",73,"Kidal",165,"Kidal","","Commune","Commune"
18434,138,"MLI","Mali",4,"Kidal",15,"Tessalit",74,"Adjelhoc",166,"Adjelhoc","","Commune","Commune"
18435,138,"MLI","Mali",4,"Kidal",15,"Tessalit",75,"Tessalit",167,"Tessalit","","Commune","Commune"
18436,138,"MLI","Mali",4,"Kidal",15,"Tessalit",76,"Timtaghene",168,"Timtaghene","","Commune","Commune"
18437,138,"MLI","Mali",4,"Kidal",16,"Tin-Essako",77,"Abiyou",169,"Abiyou","","Commune","Commune"
18438,138,"MLI","Mali",4,"Kidal",16,"Tin-Essako",78,"Tinessako",170,"Tinessako","","Commune","Commune"
18439,138,"MLI","Mali",4,"Kidal",16,"Tin-Essako",79,"Tinesserine",171,"Tinesserine","","Commune","Commune"
18440,138,"MLI","Mali",5,"Koulikoro",17,"Banamba",80,"Banamba-Central",172,"Banamba","","Commune","Commune"
18441,138,"MLI","Mali",5,"Koulikoro",17,"Banamba",80,"Banamba-Central",173,"Ben Kadi","","Commune","Commune"
18442,138,"MLI","Mali",5,"Koulikoro",17,"Banamba",81,"Boron",174,"Boron","","Commune","Commune"
18443,138,"MLI","Mali",5,"Koulikoro",17,"Banamba",82,"Madina-Sako",175,"Madina Sacko","","Commune","Commune"
18444,138,"MLI","Mali",5,"Koulikoro",17,"Banamba",83,"Sebete",176,"Sebete","","Commune","Commune"
18445,138,"MLI","Mali",5,"Koulikoro",17,"Banamba",83,"Sebete",177,"Toubacoro","","Commune","Commune"
18446,138,"MLI","Mali",5,"Koulikoro",17,"Banamba",84,"Toubakoura",178,"Duguwolowula","","Commune","Commune"
18447,138,"MLI","Mali",5,"Koulikoro",17,"Banamba",85,"Toukouroba",179,"Kiban","","Commune","Commune"
18448,138,"MLI","Mali",5,"Koulikoro",17,"Banamba",85,"Toukouroba",180,"Toukoroba","","Commune","Commune"
18449,138,"MLI","Mali",5,"Koulikoro",18,"Dioïla",86,"Banco",181,"Banco","","Commune","Commune"
18450,138,"MLI","Mali",5,"Koulikoro",18,"Dioïla",86,"Banco",182,"N'Golobougou","","Commune","Commune"
18451,138,"MLI","Mali",5,"Koulikoro",18,"Dioïla",87,"Beleko",183,"Benkadi-Dio","Benkadi","Commune","Commune"
18452,138,"MLI","Mali",5,"Koulikoro",18,"Dioïla",87,"Beleko",184,"Diedougou-Dio","Diedougou","Commune","Commune"
18453,138,"MLI","Mali",5,"Koulikoro",18,"Dioïla",87,"Beleko",185,"Dolendougou","","Commune","Commune"
18454,138,"MLI","Mali",5,"Koulikoro",18,"Dioïla",87,"Beleko",186,"Jekafo","","Commune","Commune"
18455,138,"MLI","Mali",5,"Koulikoro",18,"Dioïla",88,"Dioïla",187,"Degnekoro","","Commune","Commune"
18456,138,"MLI","Mali",5,"Koulikoro",18,"Dioïla",88,"Dioïla",188,"Kaladougou","","Commune","Commune"
18457,138,"MLI","Mali",5,"Koulikoro",18,"Dioïla",88,"Dioïla",189,"Kemekafo","","Commune","Commune"
18458,138,"MLI","Mali",5,"Koulikoro",18,"Dioïla",88,"Dioïla",190,"Kilidougou","","Commune","Commune"
18459,138,"MLI","Mali",5,"Koulikoro",18,"Dioïla",88,"Dioïla",191,"N'Garadougou","","Commune","Commune"
18460,138,"MLI","Mali",5,"Koulikoro",18,"Dioïla",88,"Dioïla",192,"Wacoro","","Commune","Commune"
18461,138,"MLI","Mali",5,"Koulikoro",18,"Dioïla",89,"Fana",193,"Binko","","Commune","Commune"
18462,138,"MLI","Mali",5,"Koulikoro",18,"Dioïla",89,"Fana",194,"Diouman","","Commune","Commune"
18463,138,"MLI","Mali",5,"Koulikoro",18,"Dioïla",89,"Fana",195,"Guegneka","","Commune","Commune"
18464,138,"MLI","Mali",5,"Koulikoro",18,"Dioïla",89,"Fana",196,"Kerela","","Commune","Commune"
18465,138,"MLI","Mali",5,"Koulikoro",18,"Dioïla",89,"Fana",197,"Nangola","","Commune","Commune"
18466,138,"MLI","Mali",5,"Koulikoro",18,"Dioïla",89,"Fana",198,"Tenindougou","","Commune","Commune"
18467,138,"MLI","Mali",5,"Koulikoro",18,"Dioïla",89,"Fana",199,"Zan Coulibaly","","Commune","Commune"
18468,138,"MLI","Mali",5,"Koulikoro",18,"Dioïla",90,"Massigui",200,"Massigui","","Commune","Commune"
18469,138,"MLI","Mali",5,"Koulikoro",18,"Dioïla",90,"Massigui",201,"Niantjila","","Commune","Commune"
18470,138,"MLI","Mali",5,"Koulikoro",18,"Dioïla",91,"Mena",202,"Diebe","","Commune","Commune"
18471,138,"MLI","Mali",5,"Koulikoro",18,"Dioïla",91,"Mena",203,"N'Dlondougou","","Commune","Commune"
18472,138,"MLI","Mali",5,"Koulikoro",19,"Kangaba",92,"Kangaba",204,"Kaniogo","","Commune","Commune"
18473,138,"MLI","Mali",5,"Koulikoro",19,"Kangaba",92,"Kangaba",205,"Maramandougou","","Commune","Commune"
18474,138,"MLI","Mali",5,"Koulikoro",19,"Kangaba",92,"Kangaba",206,"Minidian","","Commune","Commune"
18475,138,"MLI","Mali",5,"Koulikoro",19,"Kangaba",92,"Kangaba",207,"Nouga","","Commune","Commune"
18476,138,"MLI","Mali",5,"Koulikoro",19,"Kangaba",92,"Kangaba",208,"Selefougou","","Commune","Commune"
18477,138,"MLI","Mali",5,"Koulikoro",19,"Kangaba",93,"Narena",209,"Balan Bakama","","Commune","Commune"
18478,138,"MLI","Mali",5,"Koulikoro",19,"Kangaba",93,"Narena",210,"Benkadi-Kan","Benkadi","Commune","Commune"
18479,138,"MLI","Mali",5,"Koulikoro",19,"Kangaba",93,"Narena",211,"Karan","","Urban Commune","Urban Commune"
18480,138,"MLI","Mali",5,"Koulikoro",19,"Kangaba",93,"Narena",212,"Narena","","Commune","Commune"
18481,138,"MLI","Mali",5,"Koulikoro",20,"Kati",94,"Baguineda",213,"Baguineda","","Commune","Commune"
18482,138,"MLI","Mali",5,"Koulikoro",20,"Kati",94,"Baguineda",214,"Mountougoula","","Commune","Commune"
18483,138,"MLI","Mali",5,"Koulikoro",20,"Kati",94,"Baguineda",215,"N'Gouraba","","Commune","Commune"
18484,138,"MLI","Mali",5,"Koulikoro",20,"Kati",94,"Baguineda",216,"Tiele","","Commune","Commune"
18485,138,"MLI","Mali",5,"Koulikoro",20,"Kati",95,"Kalban-Coro",217,"Dialakorodji","","Commune","Commune"
18486,138,"MLI","Mali",5,"Koulikoro",20,"Kati",95,"Kalban-Coro",218,"Dogodouman","","Commune","Commune"
18487,138,"MLI","Mali",5,"Koulikoro",20,"Kati",95,"Kalban-Coro",219,"Kalabancoro","","Commune","Commune"
18488,138,"MLI","Mali",5,"Koulikoro",20,"Kati",95,"Kalban-Coro",220,"Mande","","Commune","Commune"
18489,138,"MLI","Mali",5,"Koulikoro",20,"Kati",95,"Kalban-Coro",221,"Moribabougou","","Commune","Commune"
18490,138,"MLI","Mali",5,"Koulikoro",20,"Kati",95,"Kalban-Coro",222,"N'Gabacoro Droit","N'Gabacoro","Commune","Commune"
18491,138,"MLI","Mali",5,"Koulikoro",20,"Kati",95,"Kalban-Coro",223,"Safo","","Commune","Commune"
18492,138,"MLI","Mali",5,"Koulikoro",20,"Kati",95,"Kalban-Coro",224,"Sangarebougou","","Commune","Commune"
18493,138,"MLI","Mali",5,"Koulikoro",20,"Kati",96,"Kati",225,"Diago","","Commune","Commune"
18494,138,"MLI","Mali",5,"Koulikoro",20,"Kati",96,"Kati",226,"Dio-Gare","","Commune","Commune"
18495,138,"MLI","Mali",5,"Koulikoro",20,"Kati",96,"Kati",227,"Dombila","","Commune","Commune"
18496,138,"MLI","Mali",5,"Koulikoro",20,"Kati",96,"Kati",228,"Doubabougou","","Commune","Commune"
18497,138,"MLI","Mali",5,"Koulikoro",20,"Kati",96,"Kati",229,"Kalifabougou","","Commune","Commune"
18498,138,"MLI","Mali",5,"Koulikoro",20,"Kati",96,"Kati",230,"Kambila","","Commune","Commune"
18499,138,"MLI","Mali",5,"Koulikoro",20,"Kati",96,"Kati",231,"Kati","","Urban Commune","Urban Commune"
18500,138,"MLI","Mali",5,"Koulikoro",20,"Kati",96,"Kati",232,"Yelekebougou","","Commune","Commune"
18501,138,"MLI","Mali",5,"Koulikoro",20,"Kati",97,"Kourouba",233,"Faraba-Kat","","Commune","Commune"
18502,138,"MLI","Mali",5,"Koulikoro",20,"Kati",97,"Kourouba",234,"Kourouba","","Commune","Commune"
18503,138,"MLI","Mali",5,"Koulikoro",20,"Kati",97,"Kourouba",235,"Niagadina","","Commune","Commune"
18504,138,"MLI","Mali",5,"Koulikoro",20,"Kati",97,"Kourouba",236,"Tiakadougou-Dialakoro","","Commune","Commune"
18505,138,"MLI","Mali",5,"Koulikoro",20,"Kati",98,"Neguela",237,"Bossofala","","Commune","Commune"
18506,138,"MLI","Mali",5,"Koulikoro",20,"Kati",98,"Neguela",238,"Daban","","Commune","Commune"
18507,138,"MLI","Mali",5,"Koulikoro",20,"Kati",98,"Neguela",239,"Diedougou-Kat","","Commune","Commune"
18508,138,"MLI","Mali",5,"Koulikoro",20,"Kati",98,"Neguela",240,"N'Tjiba","","Commune","Commune"
18509,138,"MLI","Mali",5,"Koulikoro",20,"Kati",99,"Ouelessebougou",241,"Ouelessebougou","","Commune","Commune"
18510,138,"MLI","Mali",5,"Koulikoro",20,"Kati",99,"Ouelessebougou",242,"Sanankoro Djitoumou","","Commune","Commune"
18511,138,"MLI","Mali",5,"Koulikoro",20,"Kati",100,"Sanakoroba",243,"Bougoula-Kat","","Commune","Commune"
18512,138,"MLI","Mali",5,"Koulikoro",20,"Kati",100,"Sanakoroba",244,"Dialakoroba","","Commune","Commune"
18513,138,"MLI","Mali",5,"Koulikoro",20,"Kati",100,"Sanakoroba",245,"Sanankoroba","","Commune","Commune"
18514,138,"MLI","Mali",5,"Koulikoro",20,"Kati",101,"Siby",246,"Bancoumana","","Commune","Commune"
18515,138,"MLI","Mali",5,"Koulikoro",20,"Kati",101,"Siby",247,"Nioumamakana","","Commune","Commune"
18516,138,"MLI","Mali",5,"Koulikoro",20,"Kati",101,"Siby",248,"Siby","","Commune","Commune"
18517,138,"MLI","Mali",5,"Koulikoro",20,"Kati",101,"Siby",249,"Sobra","","Commune","Commune"
18518,138,"MLI","Mali",5,"Koulikoro",21,"Kolokani",102,"Djidieni",250,"Didieni","","Commune","Commune"
18519,138,"MLI","Mali",5,"Koulikoro",21,"Kolokani",102,"Djidieni",251,"Sagabala","","Commune","Commune"
18520,138,"MLI","Mali",5,"Koulikoro",21,"Kolokani",103,"Kolokani",252,"Guihoyo","","Commune","Commune"
18521,138,"MLI","Mali",5,"Koulikoro",21,"Kolokani",103,"Kolokani",253,"Kolokani","","Commune","Commune"
18522,138,"MLI","Mali",5,"Koulikoro",21,"Kolokani",103,"Kolokani",254,"Sebecoro 1","","Commune","Commune"
18523,138,"MLI","Mali",5,"Koulikoro",21,"Kolokani",103,"Kolokani",255,"Tioribougou","","Commune","Commune"
18524,138,"MLI","Mali",5,"Koulikoro",21,"Kolokani",104,"Massantola",256,"Massantola","","Commune","Commune"
18525,138,"MLI","Mali",5,"Koulikoro",21,"Kolokani",105,"Nonssonbougou",257,"Nonkon","","Commune","Commune"
18526,138,"MLI","Mali",5,"Koulikoro",21,"Kolokani",105,"Nonssonbougou",258,"Nossombougou","","Commune","Commune"
18527,138,"MLI","Mali",5,"Koulikoro",21,"Kolokani",105,"Nonssonbougou",259,"Ouolodo","","Commune","Commune"
18528,138,"MLI","Mali",5,"Koulikoro",22,"Koulikoro",106,"Kenekou",260,"Dinandougou-Kou","Dinandougou","Commune","Commune"
18529,138,"MLI","Mali",5,"Koulikoro",22,"Koulikoro",107,"Koula (Koul)",261,"Doumba","","Commune","Commune"
18530,138,"MLI","Mali",5,"Koulikoro",22,"Koulikoro",107,"Koula (Koul)",262,"Koula-Kol","Koula","Commune","Commune"
18531,138,"MLI","Mali",5,"Koulikoro",22,"Koulikoro",108,"Koulakoulikoro",263,"Koulikoro","","Urban Commune","Urban Commune"
18532,138,"MLI","Mali",5,"Koulikoro",22,"Koulikoro",108,"Koulakoulikoro",264,"Meguetan","","Commune","Commune"
18533,138,"MLI","Mali",5,"Koulikoro",22,"Koulikoro",109,"Niamina",265,"Nyamina","","Commune","Commune"
18534,138,"MLI","Mali",5,"Koulikoro",22,"Koulikoro",110,"Sirakorola",266,"Sirakorola","","Commune","Commune"
18535,138,"MLI","Mali",5,"Koulikoro",22,"Koulikoro",111,"Tienfala",267,"Tienfala","","Commune","Commune"
18536,138,"MLI","Mali",5,"Koulikoro",22,"Koulikoro",112,"Tougouni",268,"Tougouni","","Commune","Commune"
18537,138,"MLI","Mali",5,"Koulikoro",23,"Nara",113,"Balle",269,"Allahina","","Commune","Commune"
18538,138,"MLI","Mali",5,"Koulikoro",23,"Nara",113,"Balle",270,"Dabo","","Commune","Commune"
18539,138,"MLI","Mali",5,"Koulikoro",23,"Nara",113,"Balle",271,"Dogofry-Nar","Dogofry","Commune","Commune"
18540,138,"MLI","Mali",5,"Koulikoro",23,"Nara",114,"Dilly",272,"Dilly","","Commune","Commune"
18541,138,"MLI","Mali",5,"Koulikoro",23,"Nara",115,"Falou",273,"Fallou","","Commune","Commune"
18542,138,"MLI","Mali",5,"Koulikoro",23,"Nara",116,"Guire",274,"Guire","","Commune","Commune"
18543,138,"MLI","Mali",5,"Koulikoro",23,"Nara",117,"Mourdiah",275,"Niamana-Nar","Niamana","Commune","Commune"
18544,138,"MLI","Mali",5,"Koulikoro",23,"Nara",118,"Nara",276,"Gueneibe","","Commune","Commune"
18545,138,"MLI","Mali",5,"Koulikoro",23,"Nara",118,"Nara",277,"Koronga","","Commune","Commune"
18546,138,"MLI","Mali",5,"Koulikoro",23,"Nara",118,"Nara",278,"Nara","","Commune","Commune"
18547,138,"MLI","Mali",5,"Koulikoro",23,"Nara",118,"Nara",279,"Ouagadou","","Commune","Commune"
18548,138,"MLI","Mali",6,"Mopti",24,"Bandiagara",119,"Bandiagara",280,"Bandiagara","","Commune","Commune"
18549,138,"MLI","Mali",6,"Mopti",24,"Bandiagara",119,"Bandiagara",281,"Dandoli","","Commune","Commune"
18550,138,"MLI","Mali",6,"Mopti",24,"Bandiagara",119,"Bandiagara",282,"Doucoumbo","","Commune","Commune"
18551,138,"MLI","Mali",6,"Mopti",24,"Bandiagara",119,"Bandiagara",283,"Soroly","","Commune","Commune"
18552,138,"MLI","Mali",6,"Mopti",24,"Bandiagara",120,"Dourou",284,"Dourou","","Commune","Commune"
18553,138,"MLI","Mali",6,"Mopti",24,"Bandiagara",120,"Dourou",285,"Pelou","","Commune","Commune"
18554,138,"MLI","Mali",6,"Mopti",24,"Bandiagara",121,"Goundaka",286,"Lowol Gueou","","Commune","Commune"
18555,138,"MLI","Mali",6,"Mopti",24,"Bandiagara",121,"Goundaka",287,"Pignari Bana","","Commune","Commune"
18556,138,"MLI","Mali",6,"Mopti",24,"Bandiagara",122,"Kani-Gogouna",288,"Wadouba","","Commune","Commune"
18557,138,"MLI","Mali",6,"Mopti",24,"Bandiagara",123,"Kendie",289,"Borko","","Commune","Commune"
18558,138,"MLI","Mali",6,"Mopti",24,"Bandiagara",123,"Kendie",290,"Dogani Bere","","Commune","Commune"
18559,138,"MLI","Mali",6,"Mopti",24,"Bandiagara",123,"Kendie",291,"Kende","","Commune","Commune"
18560,138,"MLI","Mali",6,"Mopti",24,"Bandiagara",123,"Kendie",292,"Kendie","","Commune","Commune"
18561,138,"MLI","Mali",6,"Mopti",24,"Bandiagara",124,"Ningari",293,"Diamnati","","Commune","Commune"
18562,138,"MLI","Mali",6,"Mopti",24,"Bandiagara",124,"Ningari",294,"Metoumou","","Commune","Commune"
18563,138,"MLI","Mali",6,"Mopti",24,"Bandiagara",124,"Ningari",295,"Ondougou","","Commune","Commune"
18564,138,"MLI","Mali",6,"Mopti",24,"Bandiagara",124,"Ningari",296,"Segue Ire","","Commune","Commune"
18565,138,"MLI","Mali",6,"Mopti",24,"Bandiagara",125,"Ouo",297,"Bara Sara","","Commune","Commune"
18566,138,"MLI","Mali",6,"Mopti",24,"Bandiagara",125,"Ouo",298,"Pignari","","Commune","Commune"
18567,138,"MLI","Mali",6,"Mopti",24,"Bandiagara",125,"Ouo",299,"Timiri","TIMINIRI","Commune","Commune"
18568,138,"MLI","Mali",6,"Mopti",24,"Bandiagara",126,"Sangha",300,"Sangha","","Commune","Commune"
18569,138,"MLI","Mali",6,"Mopti",25,"Bankass",127,"Bankass",301,"Bankass","","Commune","Commune"
18570,138,"MLI","Mali",6,"Mopti",25,"Bankass",128,"Baye",302,"Baye-Ban","Baye","Commune","Commune"
18571,138,"MLI","Mali",6,"Mopti",25,"Bankass",129,"Diallassagou",303,"Diallassagou","","Commune","Commune"
18572,138,"MLI","Mali",6,"Mopti",25,"Bankass",129,"Diallassagou",304,"Koulogon Habe","","Commune","Commune"
18573,138,"MLI","Mali",6,"Mopti",25,"Bankass",129,"Diallassagou",305,"Lessagou Habe","","Commune","Commune"
18574,138,"MLI","Mali",6,"Mopti",25,"Bankass",129,"Diallassagou",306,"Soubala","","Commune","Commune"
18575,138,"MLI","Mali",6,"Mopti",25,"Bankass",129,"Diallassagou",307,"Tori","","Commune","Commune"
18576,138,"MLI","Mali",6,"Mopti",25,"Bankass",130,"Kani-Bonzon",308,"Dimbal Habe","","Commune","Commune"
18577,138,"MLI","Mali",6,"Mopti",25,"Bankass",130,"Kani-Bonzon",309,"Kani Bozon","","Commune","Commune"
18578,138,"MLI","Mali",6,"Mopti",25,"Bankass",131,"Ouenkoro",310,"Ouonkoro","Ouenkoro","Commune","Commune"
18579,138,"MLI","Mali",6,"Mopti",25,"Bankass",132,"Segue",311,"Segue","","Commune","Commune"
18580,138,"MLI","Mali",6,"Mopti",25,"Bankass",133,"Sokoura",312,"Sokoura","","Commune","Commune"
18581,138,"MLI","Mali",6,"Mopti",26,"Djenné",134,"Djenné",313,"Derrary","","Commune","Commune"
18582,138,"MLI","Mali",6,"Mopti",26,"Djenné",134,"Djenné",314,"Djenne","","Urban Commune","Urban Commune"
18583,138,"MLI","Mali",6,"Mopti",26,"Djenné",134,"Djenné",315,"Ouro Ali","","Commune","Commune"
18584,138,"MLI","Mali",6,"Mopti",26,"Djenné",134,"Djenné",316,"Pondori","","Commune","Commune"
18585,138,"MLI","Mali",6,"Mopti",26,"Djenné",135,"Konio",317,"Dandougou Fakala","","Commune","Commune"
18586,138,"MLI","Mali",6,"Mopti",26,"Djenné",135,"Konio",318,"Niansanari","Niansanarie","Commune","Commune"
18587,138,"MLI","Mali",6,"Mopti",26,"Djenné",136,"Kouakourou",319,"Kewa","","Commune","Commune"
18588,138,"MLI","Mali",6,"Mopti",26,"Djenné",136,"Kouakourou",320,"Togue Mourari","","Commune","Commune"
18589,138,"MLI","Mali",6,"Mopti",26,"Djenné",137,"Mougna",321,"Nema Badenyakafo","","Commune","Commune"
18590,138,"MLI","Mali",6,"Mopti",26,"Djenné",138,"Sofara",322,"Fakala-Dje","Fakala","Commune","Commune"
18591,138,"MLI","Mali",6,"Mopti",26,"Djenné",138,"Sofara",323,"Madiama","","Commune","Commune"
18592,138,"MLI","Mali",6,"Mopti",26,"Djenné",139,"Taga",324,"Femaye","","Commune","Commune"
18593,138,"MLI","Mali",6,"Mopti",27,"Douentza",140,"Boni",325,"Haire","","Commune","Commune"
18594,138,"MLI","Mali",6,"Mopti",27,"Douentza",141,"Bore",326,"Dangol Bore","","Commune","Commune"
18595,138,"MLI","Mali",6,"Mopti",27,"Douentza",142,"Douentza",327,"Dallah","","Commune","Commune"
18596,138,"MLI","Mali",6,"Mopti",27,"Douentza",142,"Douentza",328,"Debere","","Commune","Commune"
18597,138,"MLI","Mali",6,"Mopti",27,"Douentza",142,"Douentza",329,"Dianwely","","Commune","Commune"
18598,138,"MLI","Mali",6,"Mopti",27,"Douentza",142,"Douentza",330,"Douentza","","Urban Commune","Urban Commune"
18599,138,"MLI","Mali",6,"Mopti",27,"Douentza",142,"Douentza",331,"Gandamia","","Commune","Commune"
18600,138,"MLI","Mali",6,"Mopti",27,"Douentza",142,"Douentza",332,"Kerena","","Commune","Commune"
18601,138,"MLI","Mali",6,"Mopti",27,"Douentza",142,"Douentza",333,"Korarou","","Commune","Commune"
18602,138,"MLI","Mali",6,"Mopti",27,"Douentza",142,"Douentza",334,"Koubewel Koundia","","Commune","Commune"
18603,138,"MLI","Mali",6,"Mopti",27,"Douentza",142,"Douentza",335,"Petaka","","Commune","Commune"
18604,138,"MLI","Mali",6,"Mopti",27,"Douentza",142,"Douentza",336,"Tedie","","Commune","Commune"
18605,138,"MLI","Mali",6,"Mopti",27,"Douentza",143,"Hombori",337,"Hombori","","Commune","Commune"
18606,138,"MLI","Mali",6,"Mopti",27,"Douentza",144,"Mondoro",338,"Mondoro","","Commune","Commune"
18607,138,"MLI","Mali",6,"Mopti",27,"Douentza",145,"NGouma",339,"Djaptodji","","Commune","Commune"
18608,138,"MLI","Mali",6,"Mopti",28,"Koro",146,"Diankabou",340,"Bamba-Kor","Bamba","Commune","Commune"
18609,138,"MLI","Mali",6,"Mopti",28,"Koro",146,"Diankabou",341,"Diankabou","","Commune","Commune"
18610,138,"MLI","Mali",6,"Mopti",28,"Koro",146,"Diankabou",342,"Kassa","","Commune","Commune"
18611,138,"MLI","Mali",6,"Mopti",28,"Koro",147,"Dinangourou",343,"Dinangourou-Kor","Dinangourou","Commune","Commune"
18612,138,"MLI","Mali",6,"Mopti",28,"Koro",147,"Dinangourou",344,"Yoro","","Commune","Commune"
18613,138,"MLI","Mali",6,"Mopti",28,"Koro",148,"Dioungani",345,"Dioungani","","Commune","Commune"
18614,138,"MLI","Mali",6,"Mopti",28,"Koro",149,"Koporokeniena",346,"Koporo Pen","","Commune","Commune"
18615,138,"MLI","Mali",6,"Mopti",28,"Koro",149,"Koporokeniena",347,"Koporokendie Na","","Commune","Commune"
18616,138,"MLI","Mali",6,"Mopti",28,"Koro",149,"Koporokeniena",348,"Pel Maoude","","Commune","Commune"
18617,138,"MLI","Mali",6,"Mopti",28,"Koro",150,"Koro-Central",349,"Bondo","","Commune","Commune"
18618,138,"MLI","Mali",6,"Mopti",28,"Koro",150,"Koro-Central",350,"Koro","","Commune","Commune"
18619,138,"MLI","Mali",6,"Mopti",28,"Koro",150,"Koro-Central",351,"Youdiou","","Commune","Commune"
18620,138,"MLI","Mali",6,"Mopti",28,"Koro",151,"Madougou",352,"Barapireli","","Commune","Commune"
18621,138,"MLI","Mali",6,"Mopti",28,"Koro",151,"Madougou",353,"Madougou","","Commune","Commune"
18622,138,"MLI","Mali",6,"Mopti",28,"Koro",152,"Toroli",354,"Dougoutene 1","Dougoutene I","Commune","Commune"
18623,138,"MLI","Mali",6,"Mopti",28,"Koro",152,"Toroli",355,"Dougoutene 2","Dougoutene II","Commune","Commune"
18624,138,"MLI","Mali",6,"Mopti",29,"Mopti",153,"Dialloube",356,"Dialloube","","Commune","Commune"
18625,138,"MLI","Mali",6,"Mopti",29,"Mopti",154,"Fatoma",357,"Bassirou","","Commune","Commune"
18626,138,"MLI","Mali",6,"Mopti",29,"Mopti",154,"Fatoma",358,"Fatoma","","Commune","Commune"
18627,138,"MLI","Mali",6,"Mopti",29,"Mopti",154,"Fatoma",359,"Kounari","","Commune","Commune"
18628,138,"MLI","Mali",6,"Mopti",29,"Mopti",155,"Konna",360,"Borondougou","","Commune","Commune"
18629,138,"MLI","Mali",6,"Mopti",29,"Mopti",155,"Konna",361,"Konna","","Commune","Commune"
18630,138,"MLI","Mali",6,"Mopti",29,"Mopti",156,"Korientze",362,"Korombana","","Commune","Commune"
18631,138,"MLI","Mali",6,"Mopti",29,"Mopti",157,"Mopti",363,"Mopti","","Urban Commune","Urban Commune"
18632,138,"MLI","Mali",6,"Mopti",29,"Mopti",157,"Mopti",364,"Socoura","","Commune","Commune"
18633,138,"MLI","Mali",6,"Mopti",29,"Mopti",158,"Ouromodi",365,"Koubaye","","Commune","Commune"
18634,138,"MLI","Mali",6,"Mopti",29,"Mopti",158,"Ouromodi",366,"Ouro Modi","","Commune","Commune"
18635,138,"MLI","Mali",6,"Mopti",29,"Mopti",158,"Ouromodi",367,"Sasalbe","","Commune","Commune"
18636,138,"MLI","Mali",6,"Mopti",29,"Mopti",159,"Sendegue",368,"Ouroube Doude","","Commune","Commune"
18637,138,"MLI","Mali",6,"Mopti",29,"Mopti",160,"Soufouroulaye",369,"Sio","","Commune","Commune"
18638,138,"MLI","Mali",6,"Mopti",29,"Mopti",161,"Soye",370,"Soye","","Commune","Commune"
18639,138,"MLI","Mali",6,"Mopti",30,"Ténenkou",162,"Diafarabe",371,"Diafarabe","","Commune","Commune"
18640,138,"MLI","Mali",6,"Mopti",30,"Ténenkou",163,"Diondori",372,"Diondori","","Commune","Commune"
18641,138,"MLI","Mali",6,"Mopti",30,"Ténenkou",164,"Dioura",373,"Kareri","","Commune","Commune"
18642,138,"MLI","Mali",6,"Mopti",30,"Ténenkou",165,"Sossobe",374,"Togoro Kotia","Togoro Kotiya","Commune","Commune"
18643,138,"MLI","Mali",6,"Mopti",30,"Ténenkou",166,"Ténenkou",375,"Diaka","","Commune","Commune"
18644,138,"MLI","Mali",6,"Mopti",30,"Ténenkou",166,"Ténenkou",376,"Ouro Ardo","","Commune","Commune"
18645,138,"MLI","Mali",6,"Mopti",30,"Ténenkou",166,"Ténenkou",377,"Ouro Guire","","Commune","Commune"
18646,138,"MLI","Mali",6,"Mopti",30,"Ténenkou",166,"Ténenkou",378,"Sougoulbe","","Commune","Commune"
18647,138,"MLI","Mali",6,"Mopti",30,"Ténenkou",166,"Ténenkou",379,"Tenenkou","","Urban Commune","Urban Commune"
18648,138,"MLI","Mali",6,"Mopti",30,"Ténenkou",167,"Toguerecoumbe",380,"Toguere Coumbe","","Commune","Commune"
18649,138,"MLI","Mali",6,"Mopti",31,"Youwarou",168,"Ambiri",381,"Dirma","","Commune","Commune"
18650,138,"MLI","Mali",6,"Mopti",31,"Youwarou",168,"Ambiri",382,"Dongo","","Commune","Commune"
18651,138,"MLI","Mali",6,"Mopti",31,"Youwarou",169,"Dogo",383,"Bimbere Tama","","Commune","Commune"
18652,138,"MLI","Mali",6,"Mopti",31,"Youwarou",170,"Gathi-Loumo",384,"Farimake","","Commune","Commune"
18653,138,"MLI","Mali",6,"Mopti",31,"Youwarou",171,"Guidiosarre",385,"Deboye","","Commune","Commune"
18654,138,"MLI","Mali",6,"Mopti",31,"Youwarou",172,"Sah",386,"N'Dodjiga","","Commune","Commune"
18655,138,"MLI","Mali",6,"Mopti",31,"Youwarou",173,"Youvarou",387,"Youwarou","","Commune","Commune"
18656,138,"MLI","Mali",7,"Ségou",32,"Barouéli",174,"Barouéli",388,"Baraoueli","","Commune","Commune"
18657,138,"MLI","Mali",7,"Ségou",32,"Barouéli",174,"Barouéli",389,"Kalake","","Commune","Commune"
18658,138,"MLI","Mali",7,"Ségou",32,"Barouéli",175,"Konobougou",390,"Konobougou","","Commune","Commune"
18659,138,"MLI","Mali",7,"Ségou",32,"Barouéli",176,"Sanando",391,"Gouendo","","Commune","Commune"
18660,138,"MLI","Mali",7,"Ségou",32,"Barouéli",176,"Sanando",392,"N'Gassola","","Commune","Commune"
18661,138,"MLI","Mali",7,"Ségou",32,"Barouéli",176,"Sanando",393,"Samine","Samene","Commune","Commune"
18662,138,"MLI","Mali",7,"Ségou",32,"Barouéli",176,"Sanando",394,"Sanando","","Commune","Commune"
18663,138,"MLI","Mali",7,"Ségou",32,"Barouéli",176,"Sanando",395,"Tesserla","","Commune","Commune"
18664,138,"MLI","Mali",7,"Ségou",32,"Barouéli",177,"Tamani",396,"Boidie","","Commune","Commune"
18665,138,"MLI","Mali",7,"Ségou",32,"Barouéli",177,"Tamani",397,"Dougoufie","","Commune","Commune"
18666,138,"MLI","Mali",7,"Ségou",32,"Barouéli",177,"Tamani",398,"Somo-Bar","Somo","Commune","Commune"
18667,138,"MLI","Mali",7,"Ségou",32,"Barouéli",177,"Tamani",399,"Tamani","","Commune","Commune"
18668,138,"MLI","Mali",7,"Ségou",33,"Bla",178,"Bla",400,"Beguene","","Commune","Commune"
18669,138,"MLI","Mali",7,"Ségou",33,"Bla",178,"Bla",401,"Bla","","Commune","Commune"
18670,138,"MLI","Mali",7,"Ségou",33,"Bla",178,"Bla",402,"Dougouolo","","Commune","Commune"
18671,138,"MLI","Mali",7,"Ségou",33,"Bla",178,"Bla",403,"Kemeni","","Commune","Commune"
18672,138,"MLI","Mali",7,"Ségou",33,"Bla",178,"Bla",404,"Niala","","Commune","Commune"
18673,138,"MLI","Mali",7,"Ségou",33,"Bla",178,"Bla",405,"Somasso","","Commune","Commune"
18674,138,"MLI","Mali",7,"Ségou",33,"Bla",178,"Bla",406,"Tiemena","","Commune","Commune"
18675,138,"MLI","Mali",7,"Ségou",33,"Bla",179,"Diaramana",407,"Diaramana","","Commune","Commune"
18676,138,"MLI","Mali",7,"Ségou",33,"Bla",179,"Diaramana",408,"Samabogo","","Commune","Commune"
18677,138,"MLI","Mali",7,"Ségou",33,"Bla",180,"Falo",409,"Falo","","Commune","Commune"
18678,138,"MLI","Mali",7,"Ségou",33,"Bla",181,"Touna",410,"Diena","","Commune","Commune"
18679,138,"MLI","Mali",7,"Ségou",33,"Bla",181,"Touna",411,"Touna","","Commune","Commune"
18680,138,"MLI","Mali",7,"Ségou",33,"Bla",182,"Yangasso",412,"Fani","","Commune","Commune"
18681,138,"MLI","Mali",7,"Ségou",33,"Bla",182,"Yangasso",413,"Kazangasso","","Commune","Commune"
18682,138,"MLI","Mali",7,"Ségou",33,"Bla",182,"Yangasso",414,"Korodougou","","Commune","Commune"
18683,138,"MLI","Mali",7,"Ségou",33,"Bla",182,"Yangasso",415,"Koulandougou","","Commune","Commune"
18684,138,"MLI","Mali",7,"Ségou",33,"Bla",182,"Yangasso",416,"Yangasso","","Commune","Commune"
18685,138,"MLI","Mali",7,"Ségou",34,"Macina",183,"Kolongotomo",417,"Boky Were","","Commune","Commune"
18686,138,"MLI","Mali",7,"Ségou",34,"Macina",183,"Kolongotomo",418,"Kokry Centre","","Commune","Commune"
18687,138,"MLI","Mali",7,"Ségou",34,"Macina",183,"Kolongotomo",419,"Kolongo","","Commune","Commune"
18688,138,"MLI","Mali",7,"Ségou",34,"Macina",184,"Macina",420,"Macina","","Commune","Commune"
18689,138,"MLI","Mali",7,"Ségou",34,"Macina",185,"Monimpe",421,"Monimpebougou","","Commune","Commune"
18690,138,"MLI","Mali",7,"Ségou",34,"Macina",186,"Sarro",422,"Folomana","","Commune","Commune"
18691,138,"MLI","Mali",7,"Ségou",34,"Macina",186,"Sarro",423,"Saloba","","Commune","Commune"
18692,138,"MLI","Mali",7,"Ségou",34,"Macina",186,"Sarro",424,"Tongue","","Commune","Commune"
18693,138,"MLI","Mali",7,"Ségou",34,"Macina",187,"Saye",425,"Matomo","","Commune","Commune"
18694,138,"MLI","Mali",7,"Ségou",34,"Macina",187,"Saye",426,"Sana","","Commune","Commune"
18695,138,"MLI","Mali",7,"Ségou",34,"Macina",187,"Saye",427,"Souleye","","Commune","Commune"
18696,138,"MLI","Mali",7,"Ségou",35,"Niono",188,"Nampala",428,"Nampalari","","Commune","Commune"
18697,138,"MLI","Mali",7,"Ségou",35,"Niono",189,"Niono",429,"Kala Siguida","","Commune","Commune"
18698,138,"MLI","Mali",7,"Ségou",35,"Niono",189,"Niono",430,"Mariko","","Commune","Commune"
18699,138,"MLI","Mali",7,"Ségou",35,"Niono",189,"Niono",431,"Niono","","Commune","Commune"
18700,138,"MLI","Mali",7,"Ségou",35,"Niono",189,"Niono",432,"Siribala","","Commune","Commune"
18701,138,"MLI","Mali",7,"Ségou",35,"Niono",189,"Niono",433,"Sirifila Boundy","","Commune","Commune"
18702,138,"MLI","Mali",7,"Ségou",35,"Niono",189,"Niono",434,"Toridaga-Ko","","Commune","Commune"
18703,138,"MLI","Mali",7,"Ségou",35,"Niono",189,"Niono",435,"Yeredon Saniona","","Commune","Commune"
18704,138,"MLI","Mali",7,"Ségou",35,"Niono",190,"Pogo",436,"Pogo","","Commune","Commune"
18705,138,"MLI","Mali",7,"Ségou",35,"Niono",191,"Sokolo",437,"Diabaly","","Commune","Commune"
18706,138,"MLI","Mali",7,"Ségou",35,"Niono",191,"Sokolo",438,"Dogofry-Nio","Dogofry","Commune","Commune"
18707,138,"MLI","Mali",7,"Ségou",35,"Niono",191,"Sokolo",439,"Sokolo","","Commune","Commune"
18708,138,"MLI","Mali",7,"Ségou",36,"San",192,"Dieli",440,"Diakourouna","","Commune","Commune"
18709,138,"MLI","Mali",7,"Ségou",36,"San",192,"Dieli",441,"Dieli","","Commune","Commune"
18710,138,"MLI","Mali",7,"Ségou",36,"San",192,"Dieli",442,"N'Torosso","","Commune","Commune"
18711,138,"MLI","Mali",7,"Ségou",36,"San",192,"Dieli",443,"Niamana-San","Niamana","Commune","Commune"
18712,138,"MLI","Mali",7,"Ségou",36,"San",193,"Kassorola",444,"Kassorola","","Commune","Commune"
18713,138,"MLI","Mali",7,"Ségou",36,"San",193,"Kassorola",445,"Moribila","","Commune","Commune"
18714,138,"MLI","Mali",7,"Ségou",36,"San",193,"Kassorola",446,"Tourakolomba","","Commune","Commune"
18715,138,"MLI","Mali",7,"Ségou",36,"San",194,"Kimparana",447,"Kaniegue","","Commune","Commune"
18716,138,"MLI","Mali",7,"Ségou",36,"San",194,"Kimparana",448,"Karaba","","Commune","Commune"
18717,138,"MLI","Mali",7,"Ségou",36,"San",194,"Kimparana",449,"Kava","","Commune","Commune"
18718,138,"MLI","Mali",7,"Ségou",36,"San",194,"Kimparana",450,"Waki","","Commune","Commune"
18719,138,"MLI","Mali",7,"Ségou",36,"San",195,"San",451,"Djeguena","","Commune","Commune"
18720,138,"MLI","Mali",7,"Ségou",36,"San",195,"San",452,"N'Goa","","Commune","Commune"
18721,138,"MLI","Mali",7,"Ségou",36,"San",195,"San",453,"Niasso","","Commune","Commune"
18722,138,"MLI","Mali",7,"Ségou",36,"San",195,"San",454,"San","","Urban Commune","Urban Commune"
18723,138,"MLI","Mali",7,"Ségou",36,"San",195,"San",455,"Somo-San","Somo","Commune","Commune"
18724,138,"MLI","Mali",7,"Ségou",36,"San",195,"San",456,"Teneni","","Commune","Commune"
18725,138,"MLI","Mali",7,"Ségou",36,"San",196,"Sourountouna",457,"Dah","","Commune","Commune"
18726,138,"MLI","Mali",7,"Ségou",36,"San",196,"Sourountouna",458,"Sourountouna","","Commune","Commune"
18727,138,"MLI","Mali",7,"Ségou",36,"San",197,"Sy",459,"Ouolon","","Commune","Commune"
18728,138,"MLI","Mali",7,"Ségou",36,"San",197,"Sy",460,"Siadougou","","Commune","Commune"
18729,138,"MLI","Mali",7,"Ségou",36,"San",197,"Sy",461,"Sy","","Commune","Commune"
18730,138,"MLI","Mali",7,"Ségou",36,"San",198,"Tene",462,"Baramandougou","","Commune","Commune"
18731,138,"MLI","Mali",7,"Ségou",36,"San",198,"Tene",463,"Fion","Fio","Commune","Commune"
18732,138,"MLI","Mali",7,"Ségou",36,"San",198,"Tene",464,"Tene","","Commune","Commune"
18733,138,"MLI","Mali",7,"Ségou",37,"Ségou",199,"Cinzana",465,"Cinzana","","Commune","Commune"
18734,138,"MLI","Mali",7,"Ségou",37,"Ségou",200,"Dioro",466,"Diedougou-Seg","Diedougou","Commune","Commune"
18735,138,"MLI","Mali",7,"Ségou",37,"Ségou",200,"Dioro",467,"Dioro","","Commune","Commune"
18736,138,"MLI","Mali",7,"Ségou",37,"Ségou",200,"Dioro",468,"Farakou Massa","","Commune","Commune"
18737,138,"MLI","Mali",7,"Ségou",37,"Ségou",200,"Dioro",469,"Kamiandougou","","Commune","Commune"
18738,138,"MLI","Mali",7,"Ségou",37,"Ségou",201,"Doura",470,"Baguindadougou","","Commune","Commune"
18739,138,"MLI","Mali",7,"Ségou",37,"Ségou",201,"Doura",471,"Bellen","","Commune","Commune"
18740,138,"MLI","Mali",7,"Ségou",37,"Ségou",201,"Doura",472,"N'Koumandougou","","Commune","Commune"
18741,138,"MLI","Mali",7,"Ségou",37,"Ségou",202,"Farako",473,"Diganibougou","","Commune","Commune"
18742,138,"MLI","Mali",7,"Ségou",37,"Ségou",202,"Farako",474,"Farako-Seg","Farako","Commune","Commune"
18743,138,"MLI","Mali",7,"Ségou",37,"Ségou",202,"Farako",475,"Sama Foulala","","Commune","Commune"
18744,138,"MLI","Mali",7,"Ségou",37,"Ségou",202,"Farako",476,"Souba","","Commune","Commune"
18745,138,"MLI","Mali",7,"Ségou",37,"Ségou",203,"Katiena",477,"Diouna","","Commune","Commune"
18746,138,"MLI","Mali",7,"Ségou",37,"Ségou",203,"Katiena",478,"Fatine","","Commune","Commune"
18747,138,"MLI","Mali",7,"Ségou",37,"Ségou",203,"Katiena",479,"Katiena","","Commune","Commune"
18748,138,"MLI","Mali",7,"Ségou",37,"Ségou",204,"Markala",480,"Boussin","","Commune","Commune"
18749,138,"MLI","Mali",7,"Ségou",37,"Ségou",204,"Markala",481,"Dougabougou","","Commune","Commune"
18750,138,"MLI","Mali",7,"Ségou",37,"Ségou",204,"Markala",482,"Markala","","Commune","Commune"
18751,138,"MLI","Mali",7,"Ségou",37,"Ségou",204,"Markala",483,"Togou","","Commune","Commune"
18752,138,"MLI","Mali",7,"Ségou",37,"Ségou",205,"Sansading",484,"Sansanding","","Commune","Commune"
18753,138,"MLI","Mali",7,"Ségou",37,"Ségou",205,"Sansading",485,"Sibila","","Commune","Commune"
18754,138,"MLI","Mali",7,"Ségou",37,"Ségou",206,"Ségou",486,"Konodimini","","Commune","Commune"
18755,138,"MLI","Mali",7,"Ségou",37,"Ségou",206,"Ségou",487,"Massala","","Commune","Commune"
18756,138,"MLI","Mali",7,"Ségou",37,"Ségou",206,"Ségou",488,"N'Gara","","Commune","Commune"
18757,138,"MLI","Mali",7,"Ségou",37,"Ségou",206,"Ségou",489,"Pelengana","","Commune","Commune"
18758,138,"MLI","Mali",7,"Ségou",37,"Ségou",206,"Ségou",490,"Sakoiba","","Commune","Commune"
18759,138,"MLI","Mali",7,"Ségou",37,"Ségou",206,"Ségou",491,"Sebougou","","Commune","Commune"
18760,138,"MLI","Mali",7,"Ségou",37,"Ségou",206,"Ségou",492,"Segou","","Urban Commune","Urban Commune"
18761,138,"MLI","Mali",7,"Ségou",37,"Ségou",206,"Ségou",493,"Soignebougou","","Commune","Commune"
18762,138,"MLI","Mali",7,"Ségou",38,"Tominian",207,"Fangasso",494,"Fangasso","","Commune","Commune"
18763,138,"MLI","Mali",7,"Ségou",38,"Tominian",207,"Fangasso",495,"Ouan","","Commune","Commune"
18764,138,"MLI","Mali",7,"Ségou",38,"Tominian",208,"Koula",496,"Koula-Tom","Koula","Commune","Commune"
18765,138,"MLI","Mali",7,"Ségou",38,"Tominian",208,"Koula",497,"Lanfiala","","Commune","Commune"
18766,138,"MLI","Mali",7,"Ségou",38,"Tominian",209,"Mafoune",498,"Mafoune","","Commune","Commune"
18767,138,"MLI","Mali",7,"Ségou",38,"Tominian",210,"Mandiakuy",499,"Benena","","Commune","Commune"
18768,138,"MLI","Mali",7,"Ségou",38,"Tominian",210,"Mandiakuy",500,"Diora","","Commune","Commune"
18769,138,"MLI","Mali",7,"Ségou",38,"Tominian",210,"Mandiakuy",501,"Mandiakuy","","Commune","Commune"
18770,138,"MLI","Mali",7,"Ségou",38,"Tominian",210,"Mandiakuy",502,"Sanekuy","","Commune","Commune"
18771,138,"MLI","Mali",7,"Ségou",38,"Tominian",211,"Timissa",503,"Timissa","","Commune","Commune"
18772,138,"MLI","Mali",7,"Ségou",38,"Tominian",212,"Tominiam",504,"Tominian","","Commune","Commune"
18773,138,"MLI","Mali",7,"Ségou",38,"Tominian",212,"Tominiam",505,"Yasso","","Commune","Commune"
18774,138,"MLI","Mali",8,"Sikasso",39,"Bougouni",213,"Bougouni",506,"Bougouni","","Urban Commune","Urban Commune"
18775,138,"MLI","Mali",8,"Sikasso",39,"Bougouni",213,"Bougouni",507,"Faradiele","","Commune","Commune"
18776,138,"MLI","Mali",8,"Sikasso",39,"Bougouni",213,"Bougouni",508,"Kokele","","Commune","Commune"
18777,138,"MLI","Mali",8,"Sikasso",39,"Bougouni",213,"Bougouni",509,"Kola","","Commune","Commune"
18778,138,"MLI","Mali",8,"Sikasso",39,"Bougouni",213,"Bougouni",510,"Sido","","Commune","Commune"
18779,138,"MLI","Mali",8,"Sikasso",39,"Bougouni",213,"Bougouni",511,"Tiemala Banimonotie","","Commune","Commune"
18780,138,"MLI","Mali",8,"Sikasso",39,"Bougouni",214,"Dogosikasso",512,"Dogo","","Commune","Commune"
18781,138,"MLI","Mali",8,"Sikasso",39,"Bougouni",214,"Dogosikasso",513,"Meridiela","","Commune","Commune"
18782,138,"MLI","Mali",8,"Sikasso",39,"Bougouni",215,"Faragouaran",514,"Danou","","Commune","Commune"
18783,138,"MLI","Mali",8,"Sikasso",39,"Bougouni",215,"Faragouaran",515,"Faragouaran","","Commune","Commune"
18784,138,"MLI","Mali",8,"Sikasso",39,"Bougouni",215,"Faragouaran",516,"Kouroulamini","","Commune","Commune"
18785,138,"MLI","Mali",8,"Sikasso",39,"Bougouni",216,"Garalo",517,"Bladie-Tiemala","","Commune","Commune"
18786,138,"MLI","Mali",8,"Sikasso",39,"Bougouni",216,"Garalo",518,"Defina","","Commune","Commune"
18787,138,"MLI","Mali",8,"Sikasso",39,"Bougouni",216,"Garalo",519,"Garalo","","Commune","Commune"
18788,138,"MLI","Mali",8,"Sikasso",39,"Bougouni",216,"Garalo",520,"Yiridougou","","Commune","Commune"
18789,138,"MLI","Mali",8,"Sikasso",39,"Bougouni",217,"Keleya",521,"Chantoula","","Commune","Commune"
18790,138,"MLI","Mali",8,"Sikasso",39,"Bougouni",217,"Keleya",522,"Keleya","","Commune","Commune"
18791,138,"MLI","Mali",8,"Sikasso",39,"Bougouni",217,"Keleya",523,"Ouroun","","Commune","Commune"
18792,138,"MLI","Mali",8,"Sikasso",39,"Bougouni",218,"Koumantou",524,"Koumantou","","Commune","Commune"
18793,138,"MLI","Mali",8,"Sikasso",39,"Bougouni",219,"Manakoro",525,"Sibirila","","Commune","Commune"
18794,138,"MLI","Mali",8,"Sikasso",39,"Bougouni",219,"Manakoro",526,"Yinindougou","","Commune","Commune"
18795,138,"MLI","Mali",8,"Sikasso",39,"Bougouni",220,"Sanso",527,"Debelin","","Commune","Commune"
18796,138,"MLI","Mali",8,"Sikasso",39,"Bougouni",220,"Sanso",528,"Domba","","Commune","Commune"
18797,138,"MLI","Mali",8,"Sikasso",39,"Bougouni",220,"Sanso",529,"Sanso","","Commune","Commune"
18798,138,"MLI","Mali",8,"Sikasso",39,"Bougouni",220,"Sanso",530,"Wola","","Commune","Commune"
18799,138,"MLI","Mali",8,"Sikasso",39,"Bougouni",221,"Zantiebougou",531,"Zantiebougou","","Commune","Commune"
18800,138,"MLI","Mali",8,"Sikasso",40,"Kadiolo",222,"Fourou",532,"Diou","","Commune","Commune"
18801,138,"MLI","Mali",8,"Sikasso",40,"Kadiolo",222,"Fourou",533,"Fourou","","Commune","Commune"
18802,138,"MLI","Mali",8,"Sikasso",40,"Kadiolo",223,"Kadiolo",534,"Dioumatene","","Commune","Commune"
18803,138,"MLI","Mali",8,"Sikasso",40,"Kadiolo",223,"Kadiolo",535,"Kadiolo","","Commune","Commune"
18804,138,"MLI","Mali",8,"Sikasso",40,"Kadiolo",223,"Kadiolo",536,"Zegoua","","Commune","Commune"
18805,138,"MLI","Mali",8,"Sikasso",40,"Kadiolo",224,"Loulouni",537,"Kai","","Commune","Commune"
18806,138,"MLI","Mali",8,"Sikasso",40,"Kadiolo",224,"Loulouni",538,"Loulouni","","Commune","Commune"
18807,138,"MLI","Mali",8,"Sikasso",40,"Kadiolo",224,"Loulouni",539,"Nimbougou","","Commune","Commune"
18808,138,"MLI","Mali",8,"Sikasso",40,"Kadiolo",225,"Misseni",540,"Misseni","","Commune","Commune"
18809,138,"MLI","Mali",8,"Sikasso",41,"Kolondiéba",226,"Fakola",541,"Bougoula-Kol","Bougoula","Commune","Commune"
18810,138,"MLI","Mali",8,"Sikasso",41,"Kolondiéba",226,"Fakola",542,"Fakola-Kol","Fakola","Commune","Commune"
18811,138,"MLI","Mali",8,"Sikasso",41,"Kolondiéba",226,"Fakola",543,"Farako-Kol","Farako","Commune","Commune"
18812,138,"MLI","Mali",8,"Sikasso",41,"Kolondiéba",227,"Kadiana",544,"Kadiana","","Commune","Commune"
18813,138,"MLI","Mali",8,"Sikasso",41,"Kolondiéba",227,"Kadiana",545,"Nangalasso","","Commune","Commune"
18814,138,"MLI","Mali",8,"Sikasso",41,"Kolondiéba",227,"Kadiana",546,"Tiongui","","Commune","Commune"
18815,138,"MLI","Mali",8,"Sikasso",41,"Kolondiéba",228,"Kebila",547,"Kebila","","Commune","Commune"
18816,138,"MLI","Mali",8,"Sikasso",41,"Kolondiéba",229,"Kolondiéba",548,"Kolondieba","","Commune","Commune"
18817,138,"MLI","Mali",8,"Sikasso",41,"Kolondiéba",229,"Kolondiéba",549,"Mena","","Commune","Commune"
18818,138,"MLI","Mali",8,"Sikasso",41,"Kolondiéba",229,"Kolondiéba",550,"N'Golodiana","","Commune","Commune"
18819,138,"MLI","Mali",8,"Sikasso",41,"Kolondiéba",230,"Toussekela",551,"Kolosso","","Commune","Commune"
18820,138,"MLI","Mali",8,"Sikasso",41,"Kolondiéba",230,"Toussekela",552,"Tousseguela","","Commune","Commune"
18821,138,"MLI","Mali",8,"Sikasso",42,"Koutiala",231,"Konseguela",553,"Diedougou-Kou","Diedougou","Commune","Commune"
18822,138,"MLI","Mali",8,"Sikasso",42,"Koutiala",231,"Konseguela",554,"Fagui","","Commune","Commune"
18823,138,"MLI","Mali",8,"Sikasso",42,"Koutiala",231,"Konseguela",555,"Konina","","Commune","Commune"
18824,138,"MLI","Mali",8,"Sikasso",42,"Koutiala",231,"Konseguela",556,"Konseguela","","Commune","Commune"
18825,138,"MLI","Mali",8,"Sikasso",42,"Koutiala",232,"Kouniana",557,"Gouadji Kao","","Commune","Commune"
18826,138,"MLI","Mali",8,"Sikasso",42,"Koutiala",232,"Kouniana",558,"Koromo","","Commune","Commune"
18827,138,"MLI","Mali",8,"Sikasso",42,"Koutiala",232,"Kouniana",559,"Kouniana","","Commune","Commune"
18828,138,"MLI","Mali",8,"Sikasso",42,"Koutiala",232,"Kouniana",560,"Niantaga","","Commune","Commune"
18829,138,"MLI","Mali",8,"Sikasso",42,"Koutiala",232,"Kouniana",561,"Songo Doubakore","Songo Doubacore","Commune","Commune"
18830,138,"MLI","Mali",8,"Sikasso",42,"Koutiala",232,"Kouniana",562,"Sorobasso","","Commune","Commune"
18831,138,"MLI","Mali",8,"Sikasso",42,"Koutiala",232,"Kouniana",563,"Zanfigue","","Commune","Commune"
18832,138,"MLI","Mali",8,"Sikasso",42,"Koutiala",233,"Koutiala",564,"Koutiala","","Urban Commune","Urban Commune"
18833,138,"MLI","Mali",8,"Sikasso",42,"Koutiala",233,"Koutiala",565,"Logouana","","Commune","Commune"
18834,138,"MLI","Mali",8,"Sikasso",42,"Koutiala",233,"Koutiala",566,"N'Goutjina","","Commune","Commune"
18835,138,"MLI","Mali",8,"Sikasso",42,"Koutiala",233,"Koutiala",567,"Nafanga","","Commune","Commune"
18836,138,"MLI","Mali",8,"Sikasso",42,"Koutiala",233,"Koutiala",568,"Nampe","","Commune","Commune"
18837,138,"MLI","Mali",8,"Sikasso",42,"Koutiala",233,"Koutiala",569,"Sincina","","Commune","Commune"
18838,138,"MLI","Mali",8,"Sikasso",42,"Koutiala",233,"Koutiala",570,"Songoua","","Commune","Commune"
18839,138,"MLI","Mali",8,"Sikasso",42,"Koutiala",233,"Koutiala",571,"Yognogo","","Commune","Commune"
18840,138,"MLI","Mali",8,"Sikasso",42,"Koutiala",233,"Koutiala",572,"Zebala","","Commune","Commune"
18841,138,"MLI","Mali",8,"Sikasso",42,"Koutiala",234,"Molobala",573,"Diouradougou Kafo","","Commune","Commune"
18842,138,"MLI","Mali",8,"Sikasso",42,"Koutiala",234,"Molobala",574,"Goudie Sougouna","","Commune","Commune"
18843,138,"MLI","Mali",8,"Sikasso",42,"Koutiala",234,"Molobala",575,"Kapala-Kou","","Commune","Commune"
18844,138,"MLI","Mali",8,"Sikasso",42,"Koutiala",234,"Molobala",576,"Kolonigue","","Commune","Commune"
18845,138,"MLI","Mali",8,"Sikasso",42,"Koutiala",234,"Molobala",577,"Koningue","","Commune","Commune"
18846,138,"MLI","Mali",8,"Sikasso",42,"Koutiala",235,"MPessoba",578,"Fakolo-Kou","Fakolo","Commune","Commune"
18847,138,"MLI","Mali",8,"Sikasso",42,"Koutiala",235,"MPessoba",579,"Kafo Faboli","","Commune","Commune"
18848,138,"MLI","Mali",8,"Sikasso",42,"Koutiala",235,"MPessoba",580,"Karagouana Malle","","Commune","Commune"
18849,138,"MLI","Mali",8,"Sikasso",42,"Koutiala",235,"MPessoba",581,"M'Pessoba","","Commune","Commune"
18850,138,"MLI","Mali",8,"Sikasso",42,"Koutiala",235,"MPessoba",582,"Miena","","Commune","Commune"
18851,138,"MLI","Mali",8,"Sikasso",42,"Koutiala",235,"MPessoba",583,"N'Tossoni","","Commune","Commune"
18852,138,"MLI","Mali",8,"Sikasso",42,"Koutiala",235,"MPessoba",584,"Tao","","Commune","Commune"
18853,138,"MLI","Mali",8,"Sikasso",42,"Koutiala",235,"MPessoba",585,"Zanina","","Commune","Commune"
18854,138,"MLI","Mali",8,"Sikasso",42,"Koutiala",236,"Zangasso",586,"N'Golonianasso","","Commune","Commune"
18855,138,"MLI","Mali",8,"Sikasso",42,"Koutiala",236,"Zangasso",587,"Sinkolo","","Commune","Commune"
18856,138,"MLI","Mali",8,"Sikasso",42,"Koutiala",236,"Zangasso",588,"Zangasso","","Commune","Commune"
18857,138,"MLI","Mali",8,"Sikasso",43,"Sikasso",237,"Blendio",589,"Benkadi-Sik","Benkadi","Commune","Commune"
18858,138,"MLI","Mali",8,"Sikasso",43,"Sikasso",237,"Blendio",590,"Blendio","","Commune","Commune"
18859,138,"MLI","Mali",8,"Sikasso",43,"Sikasso",237,"Blendio",591,"Dembela","","Commune","Commune"
18860,138,"MLI","Mali",8,"Sikasso",43,"Sikasso",237,"Blendio",592,"Miria","","Commune","Commune"
18861,138,"MLI","Mali",8,"Sikasso",43,"Sikasso",237,"Blendio",593,"Tiankadi","","Commune","Commune"
18862,138,"MLI","Mali",8,"Sikasso",43,"Sikasso",238,"Danderesso",594,"Danderesso","","Commune","Commune"
18863,138,"MLI","Mali",8,"Sikasso",43,"Sikasso",238,"Danderesso",595,"Finkolo","","Commune","Commune"
18864,138,"MLI","Mali",8,"Sikasso",43,"Sikasso",238,"Danderesso",596,"Nongo Souala","","Commune","Commune"
18865,138,"MLI","Mali",8,"Sikasso",43,"Sikasso",239,"Dogori",597,"Dialakoro","","Commune","Commune"
18866,138,"MLI","Mali",8,"Sikasso",43,"Sikasso",239,"Dogori",598,"Dogoni","","Commune","Commune"
18867,138,"MLI","Mali",8,"Sikasso",43,"Sikasso",239,"Dogori",599,"Kabarasso","","Commune","Commune"
18868,138,"MLI","Mali",8,"Sikasso",43,"Sikasso",240,"Finkolo",600,"Finkolo Ganadougou","","Commune","Commune"
18869,138,"MLI","Mali",8,"Sikasso",43,"Sikasso",240,"Finkolo",601,"N'Tjikouna","","Commune","Commune"
18870,138,"MLI","Mali",8,"Sikasso",43,"Sikasso",241,"Kignan",602,"Doumanaba","","Commune","Commune"
18871,138,"MLI","Mali",8,"Sikasso",43,"Sikasso",241,"Kignan",603,"Kignan","","Commune","Commune"
18872,138,"MLI","Mali",8,"Sikasso",43,"Sikasso",241,"Kignan",604,"Koumankou","","Commune","Commune"
18873,138,"MLI","Mali",8,"Sikasso",43,"Sikasso",241,"Kignan",605,"Kourouma","","Commune","Commune"
18874,138,"MLI","Mali",8,"Sikasso",43,"Sikasso",241,"Kignan",606,"Sanzana","","Commune","Commune"
18875,138,"MLI","Mali",8,"Sikasso",43,"Sikasso",241,"Kignan",607,"Tella","","Commune","Commune"
18876,138,"MLI","Mali",8,"Sikasso",43,"Sikasso",242,"Klela",608,"Fama","","Commune","Commune"
18877,138,"MLI","Mali",8,"Sikasso",43,"Sikasso",242,"Klela",609,"Gongasso","","Commune","Commune"
18878,138,"MLI","Mali",8,"Sikasso",43,"Sikasso",242,"Klela",610,"Klela","","Commune","Commune"
18879,138,"MLI","Mali",8,"Sikasso",43,"Sikasso",242,"Klela",611,"Kouoro","","Commune","Commune"
18880,138,"MLI","Mali",8,"Sikasso",43,"Sikasso",243,"Lobougoula",612,"Kolokoba","","Commune","Commune"
18881,138,"MLI","Mali",8,"Sikasso",43,"Sikasso",243,"Lobougoula",613,"Lobougoula","","Commune","Commune"
18882,138,"MLI","Mali",8,"Sikasso",43,"Sikasso",244,"Niena",614,"Miniko","","Commune","Commune"
18883,138,"MLI","Mali",8,"Sikasso",43,"Sikasso",244,"Niena",615,"Niena","","Commune","Commune"
18884,138,"MLI","Mali",8,"Sikasso",43,"Sikasso",244,"Niena",616,"Wateni","","Commune","Commune"
18885,138,"MLI","Mali",8,"Sikasso",43,"Sikasso",244,"Niena",617,"Zaniena","","Commune","Commune"
18886,138,"MLI","Mali",8,"Sikasso",43,"Sikasso",245,"Nkourala",618,"Farakala","","Commune","Commune"
18887,138,"MLI","Mali",8,"Sikasso",43,"Sikasso",245,"Nkourala",619,"Kapolondougou","","Commune","Commune"
18888,138,"MLI","Mali",8,"Sikasso",43,"Sikasso",245,"Nkourala",620,"Kofan","","Commune","Commune"
18889,138,"MLI","Mali",8,"Sikasso",43,"Sikasso",245,"Nkourala",621,"Zanferebougou","","Commune","Commune"
18890,138,"MLI","Mali",8,"Sikasso",43,"Sikasso",246,"Sikasso",622,"Diomatene","","Commune","Commune"
18891,138,"MLI","Mali",8,"Sikasso",43,"Sikasso",246,"Sikasso",623,"Kaboila","","Commune","Commune"
18892,138,"MLI","Mali",8,"Sikasso",43,"Sikasso",246,"Sikasso",624,"Kafoziela","","Commune","Commune"
18893,138,"MLI","Mali",8,"Sikasso",43,"Sikasso",246,"Sikasso",625,"Kapala-Sik","Kapala","Commune","Commune"
18894,138,"MLI","Mali",8,"Sikasso",43,"Sikasso",246,"Sikasso",626,"Missirikoro","","Commune","Commune"
18895,138,"MLI","Mali",8,"Sikasso",43,"Sikasso",246,"Sikasso",627,"Natien","","Commune","Commune"
18896,138,"MLI","Mali",8,"Sikasso",43,"Sikasso",246,"Sikasso",628,"Pimperna","","Commune","Commune"
18897,138,"MLI","Mali",8,"Sikasso",43,"Sikasso",246,"Sikasso",629,"Sikasso","","Urban Commune","Urban Commune"
18898,138,"MLI","Mali",8,"Sikasso",43,"Sikasso",246,"Sikasso",630,"Sokourani","","Commune","Commune"
18899,138,"MLI","Mali",8,"Sikasso",43,"Sikasso",246,"Sikasso",631,"Zangaradougou","","Commune","Commune"
18900,138,"MLI","Mali",8,"Sikasso",44,"Yanfolila",247,"Doussodiana",632,"Bolo-Fouta","","Commune","Commune"
18901,138,"MLI","Mali",8,"Sikasso",44,"Yanfolila",247,"Doussodiana",633,"Djiguiya De Koloni","","Commune","Commune"
18902,138,"MLI","Mali",8,"Sikasso",44,"Yanfolila",248,"Filamana",634,"Koussan","","Commune","Commune"
18903,138,"MLI","Mali",8,"Sikasso",44,"Yanfolila",249,"Gueleninkoro",635,"Djallon-Foula","","Commune","Commune"
18904,138,"MLI","Mali",8,"Sikasso",44,"Yanfolila",249,"Gueleninkoro",636,"Yallankoro-Soloba","","Commune","Commune"
18905,138,"MLI","Mali",8,"Sikasso",44,"Yanfolila",250,"Kalana",637,"Gouandiaka","","Commune","Commune"
18906,138,"MLI","Mali",8,"Sikasso",44,"Yanfolila",251,"Kangare",638,"Baya","","Commune","Commune"
18907,138,"MLI","Mali",8,"Sikasso",44,"Yanfolila",251,"Kangare",639,"Sankarani","","Commune","Commune"
18908,138,"MLI","Mali",8,"Sikasso",44,"Yanfolila",251,"Kangare",640,"Tagandougou","","Commune","Commune"
18909,138,"MLI","Mali",8,"Sikasso",44,"Yanfolila",252,"Siekorole",641,"Sere Moussa Ani","","Commune","Commune"
18910,138,"MLI","Mali",8,"Sikasso",44,"Yanfolila",253,"Yanfolila",642,"Wassoulou-Balle","","Commune","Commune"
18911,138,"MLI","Mali",8,"Sikasso",44,"Yanfolila",254,"Yorobougoula",643,"Gouanan","","Commune","Commune"
18912,138,"MLI","Mali",8,"Sikasso",45,"Yorosso",255,"Boura",644,"Boura","","Commune","Commune"
18913,138,"MLI","Mali",8,"Sikasso",45,"Yorosso",255,"Boura",645,"Koumbia","","Commune","Commune"
18914,138,"MLI","Mali",8,"Sikasso",45,"Yorosso",255,"Boura",646,"Menamba 1","","Commune","Commune"
18915,138,"MLI","Mali",8,"Sikasso",45,"Yorosso",256,"Kouri",647,"Koury","","Commune","Commune"
18916,138,"MLI","Mali",8,"Sikasso",45,"Yorosso",256,"Kouri",648,"Ourikela","","Commune","Commune"
18917,138,"MLI","Mali",8,"Sikasso",45,"Yorosso",257,"Mahou",649,"Mahou","","Commune","Commune"
18918,138,"MLI","Mali",8,"Sikasso",45,"Yorosso",258,"Yorosso",650,"Karangana","","Commune","Commune"
18919,138,"MLI","Mali",8,"Sikasso",45,"Yorosso",258,"Yorosso",651,"Kiffosso 1","","Commune","Commune"
18920,138,"MLI","Mali",8,"Sikasso",45,"Yorosso",258,"Yorosso",652,"Yorosso","","Commune","Commune"
18921,138,"MLI","Mali",9,"Timbuktu",46,"Diré",259,"Danga",653,"Dangha","","Commune","Commune"
18922,138,"MLI","Mali",9,"Timbuktu",46,"Diré",259,"Danga",654,"Garbakoira","","Commune","Commune"
18923,138,"MLI","Mali",9,"Timbuktu",46,"Diré",260,"Diré",655,"Arham","","Commune","Commune"
18924,138,"MLI","Mali",9,"Timbuktu",46,"Diré",260,"Diré",656,"Bourem Sidi Amar","","Commune","Commune"
18925,138,"MLI","Mali",9,"Timbuktu",46,"Diré",260,"Diré",657,"Dire","","Commune","Commune"
18926,138,"MLI","Mali",9,"Timbuktu",46,"Diré",260,"Diré",658,"Kirchamba","","Commune","Commune"
18927,138,"MLI","Mali",9,"Timbuktu",46,"Diré",260,"Diré",659,"Kondi","","Commune","Commune"
18928,138,"MLI","Mali",9,"Timbuktu",46,"Diré",260,"Diré",660,"Tienkour","","Commune","Commune"
18929,138,"MLI","Mali",9,"Timbuktu",46,"Diré",260,"Diré",661,"Tindirma","","Commune","Commune"
18930,138,"MLI","Mali",9,"Timbuktu",46,"Diré",260,"Diré",662,"Tinguereguif","Tinguereguif Gari","Commune","Commune"
18931,138,"MLI","Mali",9,"Timbuktu",46,"Diré",261,"Haibongo",663,"Haibongo","","Commune","Commune"
18932,138,"MLI","Mali",9,"Timbuktu",46,"Diré",262,"Sareyamou",664,"Binga","","Commune","Commune"
18933,138,"MLI","Mali",9,"Timbuktu",46,"Diré",262,"Sareyamou",665,"Sareyamou","","Commune","Commune"
18934,138,"MLI","Mali",9,"Timbuktu",47,"Goundam",263,"Bintagoungou",666,"Bintagoungou","","Commune","Commune"
18935,138,"MLI","Mali",9,"Timbuktu",47,"Goundam",263,"Bintagoungou",667,"Issa Bery","","Commune","Commune"
18936,138,"MLI","Mali",9,"Timbuktu",47,"Goundam",263,"Bintagoungou",668,"M'Bouna","","Commune","Commune"
18937,138,"MLI","Mali",9,"Timbuktu",47,"Goundam",264,"Douekire",669,"Douekire","","Commune","Commune"
18938,138,"MLI","Mali",9,"Timbuktu",47,"Goundam",265,"Farach",670,"Essakane","","Commune","Commune"
18939,138,"MLI","Mali",9,"Timbuktu",47,"Goundam",266,"Gargando",671,"Adarmalane","","Commune","Commune"
18940,138,"MLI","Mali",9,"Timbuktu",47,"Goundam",266,"Gargando",672,"Gargando","","Commune","Commune"
18941,138,"MLI","Mali",9,"Timbuktu",47,"Goundam",267,"Goundam",673,"Doukouria","","Commune","Commune"
18942,138,"MLI","Mali",9,"Timbuktu",47,"Goundam",267,"Goundam",674,"Goundam","","Urban Commune","Urban Commune"
18943,138,"MLI","Mali",9,"Timbuktu",47,"Goundam",267,"Goundam",675,"Kaneye","","Commune","Commune"
18944,138,"MLI","Mali",9,"Timbuktu",47,"Goundam",267,"Goundam",676,"Tele","","Commune","Commune"
18945,138,"MLI","Mali",9,"Timbuktu",47,"Goundam",268,"Raz-El-Ma",677,"Raz El Ma","","Commune","Commune"
18946,138,"MLI","Mali",9,"Timbuktu",47,"Goundam",268,"Raz-El-Ma",678,"Tin Aicha","","Commune","Commune"
18947,138,"MLI","Mali",9,"Timbuktu",47,"Goundam",269,"Tilemsi (Lenere)",679,"Alzounoub","","Commune","Commune"
18948,138,"MLI","Mali",9,"Timbuktu",47,"Goundam",269,"Tilemsi (Lenere)",680,"Tilemsi-Gou","","Commune","Commune"
18949,138,"MLI","Mali",9,"Timbuktu",47,"Goundam",270,"Tonka",681,"Tonka","","Commune","Commune"
18950,138,"MLI","Mali",9,"Timbuktu",48,"Gourma-Rharous",271,"Bambara-Maoude",682,"Bambara Maoude","","Commune","Commune"
18951,138,"MLI","Mali",9,"Timbuktu",48,"Gourma-Rharous",272,"Gossi",683,"Gossi","","Commune","Commune"
18952,138,"MLI","Mali",9,"Timbuktu",48,"Gourma-Rharous",273,"Gourma-Rharous",684,"Banicane","","Commune","Commune"
18953,138,"MLI","Mali",9,"Timbuktu",48,"Gourma-Rharous",273,"Gourma-Rharous",685,"Rharous","","Commune","Commune"
18954,138,"MLI","Mali",9,"Timbuktu",48,"Gourma-Rharous",274,"Haribomo",686,"Haribomo","","Commune","Commune"
18955,138,"MLI","Mali",9,"Timbuktu",48,"Gourma-Rharous",275,"Inadiatafane",687,"Inadiatafane","","Commune","Commune"
18956,138,"MLI","Mali",9,"Timbuktu",48,"Gourma-Rharous",276,"Modiakoye",688,"Hamzakona","","Commune","Commune"
18957,138,"MLI","Mali",9,"Timbuktu",48,"Gourma-Rharous",276,"Modiakoye",689,"Serere","","Commune","Commune"
18958,138,"MLI","Mali",9,"Timbuktu",48,"Gourma-Rharous",277,"Ouinerden",690,"Ouinerden","","Commune","Commune"
18959,138,"MLI","Mali",9,"Timbuktu",49,"Niafunké",278,"Banikane",691,"Banikane Narhawa","","Commune","Commune"
18960,138,"MLI","Mali",9,"Timbuktu",49,"Niafunké",279,"Koumaira",692,"Koumaira","","Commune","Commune"
18961,138,"MLI","Mali",9,"Timbuktu",49,"Niafunké",280,"Lere",693,"Dianke","","Commune","Commune"
18962,138,"MLI","Mali",9,"Timbuktu",49,"Niafunké",280,"Lere",694,"Lere","","Commune","Commune"
18963,138,"MLI","Mali",9,"Timbuktu",49,"Niafunké",281,"NGorkou",695,"N'Gorkou","","Commune","Commune"
18964,138,"MLI","Mali",9,"Timbuktu",49,"Niafunké",282,"Niafunké",696,"Souboundou","","Commune","Commune"
18965,138,"MLI","Mali",9,"Timbuktu",49,"Niafunké",283,"Sarafere",697,"Fitounga","","Commune","Commune"
18966,138,"MLI","Mali",9,"Timbuktu",49,"Niafunké",284,"Soumpi",698,"Soumpi","","Commune","Commune"
18967,138,"MLI","Mali",9,"Timbuktu",50,"Tombouctou",285,"Aglal",699,"Lafia","","Commune","Commune"
18968,138,"MLI","Mali",9,"Timbuktu",50,"Tombouctou",286,"Ber",700,"Ber","","Commune","Commune"
18969,138,"MLI","Mali",9,"Timbuktu",50,"Tombouctou",287,"Bourem-Inaly",701,"Bourem-Inaly","","Commune","Commune"
18970,138,"MLI","Mali",9,"Timbuktu",50,"Tombouctou",288,"Tinaguelhaj",702,"Salam","","Commune","Commune"
18971,138,"MLI","Mali",9,"Timbuktu",50,"Tombouctou",289,"Tombouctou",703,"Alafia","","Commune","Commune"
18972,138,"MLI","Mali",9,"Timbuktu",50,"Tombouctou",289,"Tombouctou",704,"Tombouctou","","Urban Commune","Urban Commune"
