"PID","ID_0","ISO","NAME_0","ID_1","NAME_1","ID_2","NAME_2","NL_NAME_2","VARNAME_2","TYPE_2","ENGTYPE_2"
21652,138,"MLI","Mali",1,"Bamako",1,"Bamako","","","Cercle","Circle"
21653,138,"MLI","Mali",2,"Gao",2,"Ansongo","","","Cercle","Circle"
21654,138,"MLI","Mali",2,"Gao",3,"Bourem","","","Cercle","Circle"
21655,138,"MLI","Mali",2,"Gao",4,"Gao","","","Cercle","Circle"
21656,138,"MLI","Mali",2,"Gao",5,"Ménaka","","","Cercle","Circle"
21657,138,"MLI","Mali",3,"Kayes",6,"Bafoulabé","","Bafoulabe","Cercle","Circle"
21658,138,"MLI","Mali",3,"Kayes",7,"Diéma","","Diema","Cercle","Circle"
21659,138,"MLI","Mali",3,"Kayes",8,"Kayes","","","Cercle","Circle"
21660,138,"MLI","Mali",3,"Kayes",9,"Kéniéba","","Kenieba","Cercle","Circle"
21661,138,"MLI","Mali",3,"Kayes",10,"Kita","","","Cercle","Circle"
21662,138,"MLI","Mali",3,"Kayes",11,"Nioro","","Nioro du Sahel","Cercle","Circle"
21663,138,"MLI","Mali",3,"Kayes",12,"Yélimané","","Yelimane","Cercle","Circle"
21664,138,"MLI","Mali",4,"Kidal",13,"Abeïbara","","","Cercle","Circle"
21665,138,"MLI","Mali",4,"Kidal",14,"Kidal","","","Cercle","Circle"
21666,138,"MLI","Mali",4,"Kidal",15,"Tessalit","","","Cercle","Circle"
21667,138,"MLI","Mali",4,"Kidal",16,"Tin-Essako","","","Cercle","Circle"
21668,138,"MLI","Mali",5,"Koulikoro",17,"Banamba","","","Cercle","Circle"
21669,138,"MLI","Mali",5,"Koulikoro",18,"Dioïla","","","Cercle","Circle"
21670,138,"MLI","Mali",5,"Koulikoro",19,"Kangaba","","","Cercle","Circle"
21671,138,"MLI","Mali",5,"Koulikoro",20,"Kati","","","Cercle","Circle"
21672,138,"MLI","Mali",5,"Koulikoro",21,"Kolokani","","","Cercle","Circle"
21673,138,"MLI","Mali",5,"Koulikoro",22,"Koulikoro","","","Cercle","Circle"
21674,138,"MLI","Mali",5,"Koulikoro",23,"Nara","","","Cercle","Circle"
21675,138,"MLI","Mali",6,"Mopti",24,"Bandiagara","","","Cercle","Circle"
21676,138,"MLI","Mali",6,"Mopti",25,"Bankass","","","Cercle","Circle"
21677,138,"MLI","Mali",6,"Mopti",26,"Djenné","","Djenne","Cercle","Circle"
21678,138,"MLI","Mali",6,"Mopti",27,"Douentza","","","Cercle","Circle"
21679,138,"MLI","Mali",6,"Mopti",28,"Koro","","","Cercle","Circle"
21680,138,"MLI","Mali",6,"Mopti",29,"Mopti","","","Cercle","Circle"
21681,138,"MLI","Mali",6,"Mopti",30,"Ténenkou","","Tenenkou","Cercle","Circle"
21682,138,"MLI","Mali",6,"Mopti",31,"Youwarou","","Youvarou","Cercle","Circle"
21683,138,"MLI","Mali",7,"Ségou",32,"Barouéli","","Baraoueli","Cercle","Circle"
21684,138,"MLI","Mali",7,"Ségou",33,"Bla","","","Cercle","Circle"
21685,138,"MLI","Mali",7,"Ségou",34,"Macina","","","Cercle","Circle"
21686,138,"MLI","Mali",7,"Ségou",35,"Niono","","","Cercle","Circle"
21687,138,"MLI","Mali",7,"Ségou",36,"San","","","Cercle","Circle"
21688,138,"MLI","Mali",7,"Ségou",37,"Ségou","","Segou","Cercle","Circle"
21689,138,"MLI","Mali",7,"Ségou",38,"Tominian","","","Cercle","Circle"
21690,138,"MLI","Mali",8,"Sikasso",39,"Bougouni","","","Cercle","Circle"
21691,138,"MLI","Mali",8,"Sikasso",40,"Kadiolo","","","Cercle","Circle"
21692,138,"MLI","Mali",8,"Sikasso",41,"Kolondiéba","","Kolondieba","Cercle","Circle"
21693,138,"MLI","Mali",8,"Sikasso",42,"Koutiala","","","Cercle","Circle"
21694,138,"MLI","Mali",8,"Sikasso",43,"Sikasso","","","Cercle","Circle"
21695,138,"MLI","Mali",8,"Sikasso",44,"Yanfolila","","","Cercle","Circle"
21696,138,"MLI","Mali",8,"Sikasso",45,"Yorosso","","","Cercle","Circle"
21697,138,"MLI","Mali",9,"Timbuktu",46,"Diré","","","Cercle","Circle"
21698,138,"MLI","Mali",9,"Timbuktu",47,"Goundam","","","Cercle","Circle"
21699,138,"MLI","Mali",9,"Timbuktu",48,"Gourma-Rharous","","","Cercle","Circle"
21700,138,"MLI","Mali",9,"Timbuktu",49,"Niafunké","","Niafunke","Cercle","Circle"
21701,138,"MLI","Mali",9,"Timbuktu",50,"Tombouctou","","Timbuktu","Cercle","Circle"
