"PID","ID_0","ISO","NAME_0","ID_1","NAME_1","NL_NAME_1","VARNAME_1","TYPE_1","ENGTYPE_1"
1845,138,"MLI","Mali",1,"Bamako","","","District","District"
1846,138,"MLI","Mali",2,"Gao","","","Région","Region"
1847,138,"MLI","Mali",3,"Kayes","","","Région","Region"
1848,138,"MLI","Mali",4,"Kidal","","","Région","Region"
1849,138,"MLI","Mali",5,"Koulikoro","","","Région","Region"
1850,138,"MLI","Mali",6,"Mopti","","","Région","Region"
1851,138,"MLI","Mali",7,"Ségou","","Segou","Région","Region"
1852,138,"MLI","Mali",8,"Sikasso","","","Région","Region"
1853,138,"MLI","Mali",9,"Timbuktu","","Timbouctou|Tombouctou|Timbuct|Timbuctu|Tombuktu|Tombuctú|Tomboucto","Région","Region"
