"PID","ID_0","ISO","NAME_0","ID_1","NAME_1","ID_2","NAME_2","ID_3","NAME_3","NL_NAME_3","VARNAME_3","TYPE_3","ENGTYPE_3"
47066,138,"MLI","Mali",1,"Bamako",1,"Bamako",1,"Kalban-Coro","","","Arrondissement","Arrondissement"
47067,138,"MLI","Mali",2,"Gao",2,"Ansongo",2,"Ansongo","","","Arrondissement","Arrondissement"
47068,138,"MLI","Mali",2,"Gao",2,"Ansongo",3,"Ouatagouna","","","Arrondissement","Arrondissement"
47069,138,"MLI","Mali",2,"Gao",2,"Ansongo",4,"Talataye","","","Arrondissement","Arrondissement"
47070,138,"MLI","Mali",2,"Gao",2,"Ansongo",5,"Tessit","","","Arrondissement","Arrondissement"
47071,138,"MLI","Mali",2,"Gao",3,"Bourem",6,"Almoustarat","","","Arrondissement","Arrondissement"
47072,138,"MLI","Mali",2,"Gao",3,"Bourem",7,"Bamba","","","Arrondissement","Arrondissement"
47073,138,"MLI","Mali",2,"Gao",3,"Bourem",8,"Bourem","","","Arrondissement","Arrondissement"
47074,138,"MLI","Mali",2,"Gao",3,"Bourem",9,"Temera","","","Arrondissement","Arrondissement"
47075,138,"MLI","Mali",2,"Gao",4,"Gao",10,"Djebock","","","Arrondissement","Arrondissement"
47076,138,"MLI","Mali",2,"Gao",4,"Gao",11,"Gao-Central","","","Arrondissement","Arrondissement"
47077,138,"MLI","Mali",2,"Gao",4,"Gao",12,"Gao","","","Arrondissement","Arrondissement"
47078,138,"MLI","Mali",2,"Gao",4,"Gao",13,"Haoussa-Foulane","","","Arrondissement","Arrondissement"
47079,138,"MLI","Mali",2,"Gao",4,"Gao",14,"In-Tillit","","","Arrondissement","Arrondissement"
47080,138,"MLI","Mali",2,"Gao",5,"Ménaka",15,"Anderamboukane","","","Arrondissement","Arrondissement"
47081,138,"MLI","Mali",2,"Gao",5,"Ménaka",16,"Inekar","","","Arrondissement","Arrondissement"
47082,138,"MLI","Mali",2,"Gao",5,"Ménaka",17,"Menaka","","","Arrondissement","Arrondissement"
47083,138,"MLI","Mali",2,"Gao",5,"Ménaka",18,"Tidermene","","","Arrondissement","Arrondissement"
47084,138,"MLI","Mali",3,"Kayes",6,"Bafoulabé",19,"Bafoulabe","","","Arrondissement","Arrondissement"
47085,138,"MLI","Mali",3,"Kayes",6,"Bafoulabé",20,"Bamafele","","","Arrondissement","Arrondissement"
47086,138,"MLI","Mali",3,"Kayes",6,"Bafoulabé",21,"Diakon","","","Arrondissement","Arrondissement"
47087,138,"MLI","Mali",3,"Kayes",6,"Bafoulabé",22,"Diallan","","","Arrondissement","Arrondissement"
47088,138,"MLI","Mali",3,"Kayes",6,"Bafoulabé",23,"Kontela","","","Arrondissement","Arrondissement"
47089,138,"MLI","Mali",3,"Kayes",6,"Bafoulabé",24,"Koundian","","","Arrondissement","Arrondissement"
47090,138,"MLI","Mali",3,"Kayes",6,"Bafoulabé",25,"Mahina","","","Arrondissement","Arrondissement"
47091,138,"MLI","Mali",3,"Kayes",6,"Bafoulabé",26,"Oualia","","","Arrondissement","Arrondissement"
47092,138,"MLI","Mali",3,"Kayes",6,"Bafoulabé",27,"Oussoubidiagna","","","Arrondissement","Arrondissement"
47093,138,"MLI","Mali",3,"Kayes",7,"Diéma",28,"Bema","","","Arrondissement","Arrondissement"
47094,138,"MLI","Mali",3,"Kayes",7,"Diéma",29,"Diangounte-Camara","","","Arrondissement","Arrondissement"
47095,138,"MLI","Mali",3,"Kayes",7,"Diéma",30,"Diéma","","","Arrondissement","Arrondissement"
47096,138,"MLI","Mali",3,"Kayes",7,"Diéma",31,"Dioumara","","","Arrondissement","Arrondissement"
47097,138,"MLI","Mali",3,"Kayes",7,"Diéma",32,"Lakamane","","","Arrondissement","Arrondissement"
47098,138,"MLI","Mali",3,"Kayes",8,"Kayes",33,"Ambidedi","","","Arrondissement","Arrondissement"
47099,138,"MLI","Mali",3,"Kayes",8,"Kayes",34,"Aourou","","","Arrondissement","Arrondissement"
47100,138,"MLI","Mali",3,"Kayes",8,"Kayes",35,"Diadioumbera","","","Arrondissement","Arrondissement"
47101,138,"MLI","Mali",3,"Kayes",8,"Kayes",36,"Diamou","","","Arrondissement","Arrondissement"
47102,138,"MLI","Mali",3,"Kayes",8,"Kayes",37,"Kayes","","","Arrondissement","Arrondissement"
47103,138,"MLI","Mali",3,"Kayes",8,"Kayes",38,"Koussane","","","Arrondissement","Arrondissement"
47104,138,"MLI","Mali",3,"Kayes",8,"Kayes",39,"Lontou","","","Arrondissement","Arrondissement"
47105,138,"MLI","Mali",3,"Kayes",8,"Kayes",40,"Sadiola","","","Arrondissement","Arrondissement"
47106,138,"MLI","Mali",3,"Kayes",8,"Kayes",41,"Same","","","Arrondissement","Arrondissement"
47107,138,"MLI","Mali",3,"Kayes",8,"Kayes",42,"Segala","","","Arrondissement","Arrondissement"
47108,138,"MLI","Mali",3,"Kayes",9,"Kéniéba",43,"Dialafara","","","Arrondissement","Arrondissement"
47109,138,"MLI","Mali",3,"Kayes",9,"Kéniéba",44,"Dombia","","","Arrondissement","Arrondissement"
47110,138,"MLI","Mali",3,"Kayes",9,"Kéniéba",45,"Falea","","","Arrondissement","Arrondissement"
47111,138,"MLI","Mali",3,"Kayes",9,"Kéniéba",46,"Faraba","","","Arrondissement","Arrondissement"
47112,138,"MLI","Mali",3,"Kayes",9,"Kéniéba",47,"Kassama","","","Arrondissement","Arrondissement"
47113,138,"MLI","Mali",3,"Kayes",9,"Kéniéba",48,"Kéniéba","","","Arrondissement","Arrondissement"
47114,138,"MLI","Mali",3,"Kayes",10,"Kita",49,"Djidian","","","Arrondissement","Arrondissement"
47115,138,"MLI","Mali",3,"Kayes",10,"Kita",50,"Kita","","","Arrondissement","Arrondissement"
47116,138,"MLI","Mali",3,"Kayes",10,"Kita",51,"Kokofata","","","Arrondissement","Arrondissement"
47117,138,"MLI","Mali",3,"Kayes",10,"Kita",52,"Sagabari","","","Arrondissement","Arrondissement"
47118,138,"MLI","Mali",3,"Kayes",10,"Kita",53,"Sebekoro","","","Arrondissement","Arrondissement"
47119,138,"MLI","Mali",3,"Kayes",10,"Kita",54,"Sefeto","","","Arrondissement","Arrondissement"
47120,138,"MLI","Mali",3,"Kayes",10,"Kita",55,"Sirakoro","","","Arrondissement","Arrondissement"
47121,138,"MLI","Mali",3,"Kayes",10,"Kita",56,"Toukoto","","","Arrondissement","Arrondissement"
47122,138,"MLI","Mali",3,"Kayes",11,"Nioro",57,"Gavinane","","","Arrondissement","Arrondissement"
47123,138,"MLI","Mali",3,"Kayes",11,"Nioro",58,"Gogui","","","Arrondissement","Arrondissement"
47124,138,"MLI","Mali",3,"Kayes",11,"Nioro",59,"Korera-Kore","","","Arrondissement","Arrondissement"
47125,138,"MLI","Mali",3,"Kayes",11,"Nioro",60,"Nioro","","","Arrondissement","Arrondissement"
47126,138,"MLI","Mali",3,"Kayes",11,"Nioro",61,"Sandare","","","Arrondissement","Arrondissement"
47127,138,"MLI","Mali",3,"Kayes",11,"Nioro",62,"Simbi","","","Arrondissement","Arrondissement"
47128,138,"MLI","Mali",3,"Kayes",11,"Nioro",63,"Trongoumbe","","","Arrondissement","Arrondissement"
47129,138,"MLI","Mali",3,"Kayes",12,"Yélimané",64,"Kirane","","","Arrondissement","Arrondissement"
47130,138,"MLI","Mali",3,"Kayes",12,"Yélimané",65,"Marena","","","Arrondissement","Arrondissement"
47131,138,"MLI","Mali",3,"Kayes",12,"Yélimané",66,"Tambacara","","","Arrondissement","Arrondissement"
47132,138,"MLI","Mali",3,"Kayes",12,"Yélimané",67,"Yelimane-Central","","","Arrondissement","Arrondissement"
47133,138,"MLI","Mali",4,"Kidal",13,"Abeïbara",68,"Abeibara","","","Arrondissement","Arrondissement"
47134,138,"MLI","Mali",4,"Kidal",13,"Abeïbara",69,"Bouressa","","","Arrondissement","Arrondissement"
47135,138,"MLI","Mali",4,"Kidal",13,"Abeïbara",70,"Tinzawatene","","Tinzaouatene","Arrondissement","Arrondissement"
47136,138,"MLI","Mali",4,"Kidal",14,"Kidal",71,"Anefif","","Annefis","Arrondissement","Arrondissement"
47137,138,"MLI","Mali",4,"Kidal",14,"Kidal",72,"Essouk","","","Arrondissement","Arrondissement"
47138,138,"MLI","Mali",4,"Kidal",14,"Kidal",73,"Kidal","","","Arrondissement","Arrondissement"
47139,138,"MLI","Mali",4,"Kidal",15,"Tessalit",74,"Adjelhoc","","Aguelhoc","Arrondissement","Arrondissement"
47140,138,"MLI","Mali",4,"Kidal",15,"Tessalit",75,"Tessalit","","","Arrondissement","Arrondissement"
47141,138,"MLI","Mali",4,"Kidal",15,"Tessalit",76,"Timtaghene","","","Arrondissement","Arrondissement"
47142,138,"MLI","Mali",4,"Kidal",16,"Tin-Essako",77,"Abiyou","","","Arrondissement","Arrondissement"
47143,138,"MLI","Mali",4,"Kidal",16,"Tin-Essako",78,"Tinessako","","","Arrondissement","Arrondissement"
47144,138,"MLI","Mali",4,"Kidal",16,"Tin-Essako",79,"Tinesserine","","","Arrondissement","Arrondissement"
47145,138,"MLI","Mali",5,"Koulikoro",17,"Banamba",80,"Banamba-Central","","","Arrondissement","Arrondissement"
47146,138,"MLI","Mali",5,"Koulikoro",17,"Banamba",81,"Boron","","","Arrondissement","Arrondissement"
47147,138,"MLI","Mali",5,"Koulikoro",17,"Banamba",82,"Madina-Sako","","","Arrondissement","Arrondissement"
47148,138,"MLI","Mali",5,"Koulikoro",17,"Banamba",83,"Sebete","","","Arrondissement","Arrondissement"
47149,138,"MLI","Mali",5,"Koulikoro",17,"Banamba",84,"Toubakoura","","","Arrondissement","Arrondissement"
47150,138,"MLI","Mali",5,"Koulikoro",17,"Banamba",85,"Toukouroba","","","Arrondissement","Arrondissement"
47151,138,"MLI","Mali",5,"Koulikoro",18,"Dioïla",86,"Banco","","","Arrondissement","Arrondissement"
47152,138,"MLI","Mali",5,"Koulikoro",18,"Dioïla",87,"Beleko","","","Arrondissement","Arrondissement"
47153,138,"MLI","Mali",5,"Koulikoro",18,"Dioïla",88,"Dioïla","","Doila-Central","Arrondissement","Arrondissement"
47154,138,"MLI","Mali",5,"Koulikoro",18,"Dioïla",89,"Fana","","","Arrondissement","Arrondissement"
47155,138,"MLI","Mali",5,"Koulikoro",18,"Dioïla",90,"Massigui","","","Arrondissement","Arrondissement"
47156,138,"MLI","Mali",5,"Koulikoro",18,"Dioïla",91,"Mena","","","Arrondissement","Arrondissement"
47157,138,"MLI","Mali",5,"Koulikoro",19,"Kangaba",92,"Kangaba","","Kangaba-Central","Arrondissement","Arrondissement"
47158,138,"MLI","Mali",5,"Koulikoro",19,"Kangaba",93,"Narena","","","Arrondissement","Arrondissement"
47159,138,"MLI","Mali",5,"Koulikoro",20,"Kati",94,"Baguineda","","","Arrondissement","Arrondissement"
47160,138,"MLI","Mali",5,"Koulikoro",20,"Kati",95,"Kalban-Coro","","","Arrondissement","Arrondissement"
47161,138,"MLI","Mali",5,"Koulikoro",20,"Kati",96,"Kati","","Kati-Central","Arrondissement","Arrondissement"
47162,138,"MLI","Mali",5,"Koulikoro",20,"Kati",97,"Kourouba","","","Arrondissement","Arrondissement"
47163,138,"MLI","Mali",5,"Koulikoro",20,"Kati",98,"Neguela","","","Arrondissement","Arrondissement"
47164,138,"MLI","Mali",5,"Koulikoro",20,"Kati",99,"Ouelessebougou","","","Arrondissement","Arrondissement"
47165,138,"MLI","Mali",5,"Koulikoro",20,"Kati",100,"Sanakoroba","","","Arrondissement","Arrondissement"
47166,138,"MLI","Mali",5,"Koulikoro",20,"Kati",101,"Siby","","","Arrondissement","Arrondissement"
47167,138,"MLI","Mali",5,"Koulikoro",21,"Kolokani",102,"Djidieni","","","Arrondissement","Arrondissement"
47168,138,"MLI","Mali",5,"Koulikoro",21,"Kolokani",103,"Kolokani","","Kolokani-Central","Arrondissement","Arrondissement"
47169,138,"MLI","Mali",5,"Koulikoro",21,"Kolokani",104,"Massantola","","","Arrondissement","Arrondissement"
47170,138,"MLI","Mali",5,"Koulikoro",21,"Kolokani",105,"Nonssonbougou","","","Arrondissement","Arrondissement"
47171,138,"MLI","Mali",5,"Koulikoro",22,"Koulikoro",106,"Kenekou","","","Arrondissement","Arrondissement"
47172,138,"MLI","Mali",5,"Koulikoro",22,"Koulikoro",107,"Koula (Koul)","","","Arrondissement","Arrondissement"
47173,138,"MLI","Mali",5,"Koulikoro",22,"Koulikoro",108,"Koulakoulikoro","","","Arrondissement","Arrondissement"
47174,138,"MLI","Mali",5,"Koulikoro",22,"Koulikoro",109,"Niamina","","","Arrondissement","Arrondissement"
47175,138,"MLI","Mali",5,"Koulikoro",22,"Koulikoro",110,"Sirakorola","","","Arrondissement","Arrondissement"
47176,138,"MLI","Mali",5,"Koulikoro",22,"Koulikoro",111,"Tienfala","","","Arrondissement","Arrondissement"
47177,138,"MLI","Mali",5,"Koulikoro",22,"Koulikoro",112,"Tougouni","","","Arrondissement","Arrondissement"
47178,138,"MLI","Mali",5,"Koulikoro",23,"Nara",113,"Balle","","","Arrondissement","Arrondissement"
47179,138,"MLI","Mali",5,"Koulikoro",23,"Nara",114,"Dilly","","","Arrondissement","Arrondissement"
47180,138,"MLI","Mali",5,"Koulikoro",23,"Nara",115,"Falou","","","Arrondissement","Arrondissement"
47181,138,"MLI","Mali",5,"Koulikoro",23,"Nara",116,"Guire","","","Arrondissement","Arrondissement"
47182,138,"MLI","Mali",5,"Koulikoro",23,"Nara",117,"Mourdiah","","","Arrondissement","Arrondissement"
47183,138,"MLI","Mali",5,"Koulikoro",23,"Nara",118,"Nara","","Nara-Central","Arrondissement","Arrondissement"
47184,138,"MLI","Mali",6,"Mopti",24,"Bandiagara",119,"Bandiagara","","Bandiagara-Central","Arrondissement","Arrondissement"
47185,138,"MLI","Mali",6,"Mopti",24,"Bandiagara",120,"Dourou","","","Arrondissement","Arrondissement"
47186,138,"MLI","Mali",6,"Mopti",24,"Bandiagara",121,"Goundaka","","","Arrondissement","Arrondissement"
47187,138,"MLI","Mali",6,"Mopti",24,"Bandiagara",122,"Kani-Gogouna","","","Arrondissement","Arrondissement"
47188,138,"MLI","Mali",6,"Mopti",24,"Bandiagara",123,"Kendie","","","Arrondissement","Arrondissement"
47189,138,"MLI","Mali",6,"Mopti",24,"Bandiagara",124,"Ningari","","","Arrondissement","Arrondissement"
47190,138,"MLI","Mali",6,"Mopti",24,"Bandiagara",125,"Ouo","","","Arrondissement","Arrondissement"
47191,138,"MLI","Mali",6,"Mopti",24,"Bandiagara",126,"Sangha","","","Arrondissement","Arrondissement"
47192,138,"MLI","Mali",6,"Mopti",25,"Bankass",127,"Bankass","","Bankass-Central","Arrondissement","Arrondissement"
47193,138,"MLI","Mali",6,"Mopti",25,"Bankass",128,"Baye","","","Arrondissement","Arrondissement"
47194,138,"MLI","Mali",6,"Mopti",25,"Bankass",129,"Diallassagou","","","Arrondissement","Arrondissement"
47195,138,"MLI","Mali",6,"Mopti",25,"Bankass",130,"Kani-Bonzon","","","Arrondissement","Arrondissement"
47196,138,"MLI","Mali",6,"Mopti",25,"Bankass",131,"Ouenkoro","","","Arrondissement","Arrondissement"
47197,138,"MLI","Mali",6,"Mopti",25,"Bankass",132,"Segue","","","Arrondissement","Arrondissement"
47198,138,"MLI","Mali",6,"Mopti",25,"Bankass",133,"Sokoura","","","Arrondissement","Arrondissement"
47199,138,"MLI","Mali",6,"Mopti",26,"Djenné",134,"Djenné","","Djenne-Central","Arrondissement","Arrondissement"
47200,138,"MLI","Mali",6,"Mopti",26,"Djenné",135,"Konio","","","Arrondissement","Arrondissement"
47201,138,"MLI","Mali",6,"Mopti",26,"Djenné",136,"Kouakourou","","","Arrondissement","Arrondissement"
47202,138,"MLI","Mali",6,"Mopti",26,"Djenné",137,"Mougna","","","Arrondissement","Arrondissement"
47203,138,"MLI","Mali",6,"Mopti",26,"Djenné",138,"Sofara","","","Arrondissement","Arrondissement"
47204,138,"MLI","Mali",6,"Mopti",26,"Djenné",139,"Taga","","","Arrondissement","Arrondissement"
47205,138,"MLI","Mali",6,"Mopti",27,"Douentza",140,"Boni","","","Arrondissement","Arrondissement"
47206,138,"MLI","Mali",6,"Mopti",27,"Douentza",141,"Bore","","","Arrondissement","Arrondissement"
47207,138,"MLI","Mali",6,"Mopti",27,"Douentza",142,"Douentza","","Douentzan-Central","Arrondissement","Arrondissement"
47208,138,"MLI","Mali",6,"Mopti",27,"Douentza",143,"Hombori","","","Arrondissement","Arrondissement"
47209,138,"MLI","Mali",6,"Mopti",27,"Douentza",144,"Mondoro","","","Arrondissement","Arrondissement"
47210,138,"MLI","Mali",6,"Mopti",27,"Douentza",145,"NGouma","","","Arrondissement","Arrondissement"
47211,138,"MLI","Mali",6,"Mopti",28,"Koro",146,"Diankabou","","","Arrondissement","Arrondissement"
47212,138,"MLI","Mali",6,"Mopti",28,"Koro",147,"Dinangourou","","","Arrondissement","Arrondissement"
47213,138,"MLI","Mali",6,"Mopti",28,"Koro",148,"Dioungani","","","Arrondissement","Arrondissement"
47214,138,"MLI","Mali",6,"Mopti",28,"Koro",149,"Koporokeniena","","","Arrondissement","Arrondissement"
47215,138,"MLI","Mali",6,"Mopti",28,"Koro",150,"Koro-Central","","","Arrondissement","Arrondissement"
47216,138,"MLI","Mali",6,"Mopti",28,"Koro",151,"Madougou","","","Arrondissement","Arrondissement"
47217,138,"MLI","Mali",6,"Mopti",28,"Koro",152,"Toroli","","","Arrondissement","Arrondissement"
47218,138,"MLI","Mali",6,"Mopti",29,"Mopti",153,"Dialloube","","","Arrondissement","Arrondissement"
47219,138,"MLI","Mali",6,"Mopti",29,"Mopti",154,"Fatoma","","","Arrondissement","Arrondissement"
47220,138,"MLI","Mali",6,"Mopti",29,"Mopti",155,"Konna","","","Arrondissement","Arrondissement"
47221,138,"MLI","Mali",6,"Mopti",29,"Mopti",156,"Korientze","","","Arrondissement","Arrondissement"
47222,138,"MLI","Mali",6,"Mopti",29,"Mopti",157,"Mopti","","Mopti-Central","Arrondissement","Arrondissement"
47223,138,"MLI","Mali",6,"Mopti",29,"Mopti",158,"Ouromodi","","","Arrondissement","Arrondissement"
47224,138,"MLI","Mali",6,"Mopti",29,"Mopti",159,"Sendegue","","","Arrondissement","Arrondissement"
47225,138,"MLI","Mali",6,"Mopti",29,"Mopti",160,"Soufouroulaye","","","Arrondissement","Arrondissement"
47226,138,"MLI","Mali",6,"Mopti",29,"Mopti",161,"Soye","","","Arrondissement","Arrondissement"
47227,138,"MLI","Mali",6,"Mopti",30,"Ténenkou",162,"Diafarabe","","","Arrondissement","Arrondissement"
47228,138,"MLI","Mali",6,"Mopti",30,"Ténenkou",163,"Diondori","","","Arrondissement","Arrondissement"
47229,138,"MLI","Mali",6,"Mopti",30,"Ténenkou",164,"Dioura","","","Arrondissement","Arrondissement"
47230,138,"MLI","Mali",6,"Mopti",30,"Ténenkou",165,"Sossobe","","","Arrondissement","Arrondissement"
47231,138,"MLI","Mali",6,"Mopti",30,"Ténenkou",166,"Ténenkou","","Tenenkou-Central","Arrondissement","Arrondissement"
47232,138,"MLI","Mali",6,"Mopti",30,"Ténenkou",167,"Toguerecoumbe","","","Arrondissement","Arrondissement"
47233,138,"MLI","Mali",6,"Mopti",31,"Youwarou",168,"Ambiri","","","Arrondissement","Arrondissement"
47234,138,"MLI","Mali",6,"Mopti",31,"Youwarou",169,"Dogo","","","Arrondissement","Arrondissement"
47235,138,"MLI","Mali",6,"Mopti",31,"Youwarou",170,"Gathi-Loumo","","","Arrondissement","Arrondissement"
47236,138,"MLI","Mali",6,"Mopti",31,"Youwarou",171,"Guidiosarre","","Guidio","Arrondissement","Arrondissement"
47237,138,"MLI","Mali",6,"Mopti",31,"Youwarou",172,"Sah","","","Arrondissement","Arrondissement"
47238,138,"MLI","Mali",6,"Mopti",31,"Youwarou",173,"Youvarou","","Youwarou-Central","Arrondissement","Arrondissement"
47239,138,"MLI","Mali",7,"Ségou",32,"Barouéli",174,"Barouéli","","Baroueli-Central","Arrondissement","Arrondissement"
47240,138,"MLI","Mali",7,"Ségou",32,"Barouéli",175,"Konobougou","","","Arrondissement","Arrondissement"
47241,138,"MLI","Mali",7,"Ségou",32,"Barouéli",176,"Sanando","","","Arrondissement","Arrondissement"
47242,138,"MLI","Mali",7,"Ségou",32,"Barouéli",177,"Tamani","","","Arrondissement","Arrondissement"
47243,138,"MLI","Mali",7,"Ségou",33,"Bla",178,"Bla","","Bla-Central","Arrondissement","Arrondissement"
47244,138,"MLI","Mali",7,"Ségou",33,"Bla",179,"Diaramana","","","Arrondissement","Arrondissement"
47245,138,"MLI","Mali",7,"Ségou",33,"Bla",180,"Falo","","","Arrondissement","Arrondissement"
47246,138,"MLI","Mali",7,"Ségou",33,"Bla",181,"Touna","","","Arrondissement","Arrondissement"
47247,138,"MLI","Mali",7,"Ségou",33,"Bla",182,"Yangasso","","","Arrondissement","Arrondissement"
47248,138,"MLI","Mali",7,"Ségou",34,"Macina",183,"Kolongotomo","","Kolongo","Arrondissement","Arrondissement"
47249,138,"MLI","Mali",7,"Ségou",34,"Macina",184,"Macina","","Macina-Central","Arrondissement","Arrondissement"
47250,138,"MLI","Mali",7,"Ségou",34,"Macina",185,"Monimpe","","","Arrondissement","Arrondissement"
47251,138,"MLI","Mali",7,"Ségou",34,"Macina",186,"Sarro","","","Arrondissement","Arrondissement"
47252,138,"MLI","Mali",7,"Ségou",34,"Macina",187,"Saye","","","Arrondissement","Arrondissement"
47253,138,"MLI","Mali",7,"Ségou",35,"Niono",188,"Nampala","","","Arrondissement","Arrondissement"
47254,138,"MLI","Mali",7,"Ségou",35,"Niono",189,"Niono","","Niono-Central","Arrondissement","Arrondissement"
47255,138,"MLI","Mali",7,"Ségou",35,"Niono",190,"Pogo","","","Arrondissement","Arrondissement"
47256,138,"MLI","Mali",7,"Ségou",35,"Niono",191,"Sokolo","","","Arrondissement","Arrondissement"
47257,138,"MLI","Mali",7,"Ségou",36,"San",192,"Dieli","","","Arrondissement","Arrondissement"
47258,138,"MLI","Mali",7,"Ségou",36,"San",193,"Kassorola","","","Arrondissement","Arrondissement"
47259,138,"MLI","Mali",7,"Ségou",36,"San",194,"Kimparana","","","Arrondissement","Arrondissement"
47260,138,"MLI","Mali",7,"Ségou",36,"San",195,"San","","San-Central","Arrondissement","Arrondissement"
47261,138,"MLI","Mali",7,"Ségou",36,"San",196,"Sourountouna","","","Arrondissement","Arrondissement"
47262,138,"MLI","Mali",7,"Ségou",36,"San",197,"Sy","","","Arrondissement","Arrondissement"
47263,138,"MLI","Mali",7,"Ségou",36,"San",198,"Tene","","","Arrondissement","Arrondissement"
47264,138,"MLI","Mali",7,"Ségou",37,"Ségou",199,"Cinzana","","","Arrondissement","Arrondissement"
47265,138,"MLI","Mali",7,"Ségou",37,"Ségou",200,"Dioro","","","Arrondissement","Arrondissement"
47266,138,"MLI","Mali",7,"Ségou",37,"Ségou",201,"Doura","","","Arrondissement","Arrondissement"
47267,138,"MLI","Mali",7,"Ségou",37,"Ségou",202,"Farako","","","Arrondissement","Arrondissement"
47268,138,"MLI","Mali",7,"Ségou",37,"Ségou",203,"Katiena","","","Arrondissement","Arrondissement"
47269,138,"MLI","Mali",7,"Ségou",37,"Ségou",204,"Markala","","","Arrondissement","Arrondissement"
47270,138,"MLI","Mali",7,"Ségou",37,"Ségou",205,"Sansading","","","Arrondissement","Arrondissement"
47271,138,"MLI","Mali",7,"Ségou",37,"Ségou",206,"Ségou","","Segou-Central","Arrondissement","Arrondissement"
47272,138,"MLI","Mali",7,"Ségou",38,"Tominian",207,"Fangasso","","","Arrondissement","Arrondissement"
47273,138,"MLI","Mali",7,"Ségou",38,"Tominian",208,"Koula","","","Arrondissement","Arrondissement"
47274,138,"MLI","Mali",7,"Ségou",38,"Tominian",209,"Mafoune","","","Arrondissement","Arrondissement"
47275,138,"MLI","Mali",7,"Ségou",38,"Tominian",210,"Mandiakuy","","","Arrondissement","Arrondissement"
47276,138,"MLI","Mali",7,"Ségou",38,"Tominian",211,"Timissa","","","Arrondissement","Arrondissement"
47277,138,"MLI","Mali",7,"Ségou",38,"Tominian",212,"Tominiam","","Tominiam-Central","Arrondissement","Arrondissement"
47278,138,"MLI","Mali",8,"Sikasso",39,"Bougouni",213,"Bougouni","","Bougouni-Central","Arrondissement","Arrondissement"
47279,138,"MLI","Mali",8,"Sikasso",39,"Bougouni",214,"Dogosikasso","","Dogo (Boug)","Arrondissement","Arrondissement"
47280,138,"MLI","Mali",8,"Sikasso",39,"Bougouni",215,"Faragouaran","","","Arrondissement","Arrondissement"
47281,138,"MLI","Mali",8,"Sikasso",39,"Bougouni",216,"Garalo","","","Arrondissement","Arrondissement"
47282,138,"MLI","Mali",8,"Sikasso",39,"Bougouni",217,"Keleya","","","Arrondissement","Arrondissement"
47283,138,"MLI","Mali",8,"Sikasso",39,"Bougouni",218,"Koumantou","","","Arrondissement","Arrondissement"
47284,138,"MLI","Mali",8,"Sikasso",39,"Bougouni",219,"Manakoro","","","Arrondissement","Arrondissement"
47285,138,"MLI","Mali",8,"Sikasso",39,"Bougouni",220,"Sanso","","","Arrondissement","Arrondissement"
47286,138,"MLI","Mali",8,"Sikasso",39,"Bougouni",221,"Zantiebougou","","","Arrondissement","Arrondissement"
47287,138,"MLI","Mali",8,"Sikasso",40,"Kadiolo",222,"Fourou","","","Arrondissement","Arrondissement"
47288,138,"MLI","Mali",8,"Sikasso",40,"Kadiolo",223,"Kadiolo","","Kadiolo-Central","Arrondissement","Arrondissement"
47289,138,"MLI","Mali",8,"Sikasso",40,"Kadiolo",224,"Loulouni","","","Arrondissement","Arrondissement"
47290,138,"MLI","Mali",8,"Sikasso",40,"Kadiolo",225,"Misseni","","","Arrondissement","Arrondissement"
47291,138,"MLI","Mali",8,"Sikasso",41,"Kolondiéba",226,"Fakola","","","Arrondissement","Arrondissement"
47292,138,"MLI","Mali",8,"Sikasso",41,"Kolondiéba",227,"Kadiana","","","Arrondissement","Arrondissement"
47293,138,"MLI","Mali",8,"Sikasso",41,"Kolondiéba",228,"Kebila","","","Arrondissement","Arrondissement"
47294,138,"MLI","Mali",8,"Sikasso",41,"Kolondiéba",229,"Kolondiéba","","Kolondieba-Central","Arrondissement","Arrondissement"
47295,138,"MLI","Mali",8,"Sikasso",41,"Kolondiéba",230,"Toussekela","","","Arrondissement","Arrondissement"
47296,138,"MLI","Mali",8,"Sikasso",42,"Koutiala",231,"Konseguela","","","Arrondissement","Arrondissement"
47297,138,"MLI","Mali",8,"Sikasso",42,"Koutiala",232,"Kouniana","","","Arrondissement","Arrondissement"
47298,138,"MLI","Mali",8,"Sikasso",42,"Koutiala",233,"Koutiala","","","Arrondissement","Arrondissement"
47299,138,"MLI","Mali",8,"Sikasso",42,"Koutiala",234,"Molobala","","","Arrondissement","Arrondissement"
47300,138,"MLI","Mali",8,"Sikasso",42,"Koutiala",235,"MPessoba","","","Arrondissement","Arrondissement"
47301,138,"MLI","Mali",8,"Sikasso",42,"Koutiala",236,"Zangasso","","","Arrondissement","Arrondissement"
47302,138,"MLI","Mali",8,"Sikasso",43,"Sikasso",237,"Blendio","","","Arrondissement","Arrondissement"
47303,138,"MLI","Mali",8,"Sikasso",43,"Sikasso",238,"Danderesso","","","Arrondissement","Arrondissement"
47304,138,"MLI","Mali",8,"Sikasso",43,"Sikasso",239,"Dogori","","","Arrondissement","Arrondissement"
47305,138,"MLI","Mali",8,"Sikasso",43,"Sikasso",240,"Finkolo","","","Arrondissement","Arrondissement"
47306,138,"MLI","Mali",8,"Sikasso",43,"Sikasso",241,"Kignan","","","Arrondissement","Arrondissement"
47307,138,"MLI","Mali",8,"Sikasso",43,"Sikasso",242,"Klela","","","Arrondissement","Arrondissement"
47308,138,"MLI","Mali",8,"Sikasso",43,"Sikasso",243,"Lobougoula","","","Arrondissement","Arrondissement"
47309,138,"MLI","Mali",8,"Sikasso",43,"Sikasso",244,"Niena","","","Arrondissement","Arrondissement"
47310,138,"MLI","Mali",8,"Sikasso",43,"Sikasso",245,"Nkourala","","","Arrondissement","Arrondissement"
47311,138,"MLI","Mali",8,"Sikasso",43,"Sikasso",246,"Sikasso","","Sikasso-Central","Arrondissement","Arrondissement"
47312,138,"MLI","Mali",8,"Sikasso",44,"Yanfolila",247,"Doussodiana","","","Arrondissement","Arrondissement"
47313,138,"MLI","Mali",8,"Sikasso",44,"Yanfolila",248,"Filamana","","","Arrondissement","Arrondissement"
47314,138,"MLI","Mali",8,"Sikasso",44,"Yanfolila",249,"Gueleninkoro","","","Arrondissement","Arrondissement"
47315,138,"MLI","Mali",8,"Sikasso",44,"Yanfolila",250,"Kalana","","","Arrondissement","Arrondissement"
47316,138,"MLI","Mali",8,"Sikasso",44,"Yanfolila",251,"Kangare","","","Arrondissement","Arrondissement"
47317,138,"MLI","Mali",8,"Sikasso",44,"Yanfolila",252,"Siekorole","","","Arrondissement","Arrondissement"
47318,138,"MLI","Mali",8,"Sikasso",44,"Yanfolila",253,"Yanfolila","","Yanfolila-Central","Arrondissement","Arrondissement"
47319,138,"MLI","Mali",8,"Sikasso",44,"Yanfolila",254,"Yorobougoula","","","Arrondissement","Arrondissement"
47320,138,"MLI","Mali",8,"Sikasso",45,"Yorosso",255,"Boura","","","Arrondissement","Arrondissement"
47321,138,"MLI","Mali",8,"Sikasso",45,"Yorosso",256,"Kouri","","","Arrondissement","Arrondissement"
47322,138,"MLI","Mali",8,"Sikasso",45,"Yorosso",257,"Mahou","","","Arrondissement","Arrondissement"
47323,138,"MLI","Mali",8,"Sikasso",45,"Yorosso",258,"Yorosso","","Yorosso-Central","Arrondissement","Arrondissement"
47324,138,"MLI","Mali",9,"Timbuktu",46,"Diré",259,"Danga","","","Arrondissement","Arrondissement"
47325,138,"MLI","Mali",9,"Timbuktu",46,"Diré",260,"Diré","","Dire-Central","Arrondissement","Arrondissement"
47326,138,"MLI","Mali",9,"Timbuktu",46,"Diré",261,"Haibongo","","","Arrondissement","Arrondissement"
47327,138,"MLI","Mali",9,"Timbuktu",46,"Diré",262,"Sareyamou","","","Arrondissement","Arrondissement"
47328,138,"MLI","Mali",9,"Timbuktu",47,"Goundam",263,"Bintagoungou","","","Arrondissement","Arrondissement"
47329,138,"MLI","Mali",9,"Timbuktu",47,"Goundam",264,"Douekire","","","Arrondissement","Arrondissement"
47330,138,"MLI","Mali",9,"Timbuktu",47,"Goundam",265,"Farach","","Farach (Faguibine)","Arrondissement","Arrondissement"
47331,138,"MLI","Mali",9,"Timbuktu",47,"Goundam",266,"Gargando","","","Arrondissement","Arrondissement"
47332,138,"MLI","Mali",9,"Timbuktu",47,"Goundam",267,"Goundam","","Goundam-Central","Arrondissement","Arrondissement"
47333,138,"MLI","Mali",9,"Timbuktu",47,"Goundam",268,"Raz-El-Ma","","","Arrondissement","Arrondissement"
47334,138,"MLI","Mali",9,"Timbuktu",47,"Goundam",269,"Tilemsi (Lenere)","","Tilemsi (El Haria)","Arrondissement","Arrondissement"
47335,138,"MLI","Mali",9,"Timbuktu",47,"Goundam",270,"Tonka","","","Arrondissement","Arrondissement"
47336,138,"MLI","Mali",9,"Timbuktu",48,"Gourma-Rharous",271,"Bambara-Maoude","","","Arrondissement","Arrondissement"
47337,138,"MLI","Mali",9,"Timbuktu",48,"Gourma-Rharous",272,"Gossi","","","Arrondissement","Arrondissement"
47338,138,"MLI","Mali",9,"Timbuktu",48,"Gourma-Rharous",273,"Gourma-Rharous","","","Arrondissement","Arrondissement"
47339,138,"MLI","Mali",9,"Timbuktu",48,"Gourma-Rharous",274,"Haribomo","","","Arrondissement","Arrondissement"
47340,138,"MLI","Mali",9,"Timbuktu",48,"Gourma-Rharous",275,"Inadiatafane","","","Arrondissement","Arrondissement"
47341,138,"MLI","Mali",9,"Timbuktu",48,"Gourma-Rharous",276,"Modiakoye","","","Arrondissement","Arrondissement"
47342,138,"MLI","Mali",9,"Timbuktu",48,"Gourma-Rharous",277,"Ouinerden","","","Arrondissement","Arrondissement"
47343,138,"MLI","Mali",9,"Timbuktu",49,"Niafunké",278,"Banikane","","","Arrondissement","Arrondissement"
47344,138,"MLI","Mali",9,"Timbuktu",49,"Niafunké",279,"Koumaira","","","Arrondissement","Arrondissement"
47345,138,"MLI","Mali",9,"Timbuktu",49,"Niafunké",280,"Lere","","","Arrondissement","Arrondissement"
47346,138,"MLI","Mali",9,"Timbuktu",49,"Niafunké",281,"NGorkou","","","Arrondissement","Arrondissement"
47347,138,"MLI","Mali",9,"Timbuktu",49,"Niafunké",282,"Niafunké","","Nianfuke-Central","Arrondissement","Arrondissement"
47348,138,"MLI","Mali",9,"Timbuktu",49,"Niafunké",283,"Sarafere","","","Arrondissement","Arrondissement"
47349,138,"MLI","Mali",9,"Timbuktu",49,"Niafunké",284,"Soumpi","","","Arrondissement","Arrondissement"
47350,138,"MLI","Mali",9,"Timbuktu",50,"Tombouctou",285,"Aglal","","","Arrondissement","Arrondissement"
47351,138,"MLI","Mali",9,"Timbuktu",50,"Tombouctou",286,"Ber","","","Arrondissement","Arrondissement"
47352,138,"MLI","Mali",9,"Timbuktu",50,"Tombouctou",287,"Bourem-Inaly","","","Arrondissement","Arrondissement"
47353,138,"MLI","Mali",9,"Timbuktu",50,"Tombouctou",288,"Tinaguelhaj","","","Arrondissement","Arrondissement"
47354,138,"MLI","Mali",9,"Timbuktu",50,"Tombouctou",289,"Tombouctou","","Tombouctou-Central","Arrondissement","Arrondissement"
