"PID","ID_0","ISO","NAME_0","ID_1","NAME_1","NL_NAME_1","VARNAME_1","TYPE_1","ENGTYPE_1"
1973,149,"MNG","Mongolia",1,"Arhangay","","Alahangai|Ara Hangay|Ara-Khangai|Archangaj|Arkhangai|North Hangay|North Khangai|Archangai","Aimag|aymag","Province"
1974,149,"MNG","Mongolia",2,"Bayan-Ölgiy","","Bajan-Ölgij|Bayan Ölögey|Bayan-Ulegei|Bayanulgee|Bayan-Ulgii|Bajan-Ulegei","Aimag|aymag","Province"
1975,149,"MNG","Mongolia",3,"Bayanhongor","","Bajan-Chongor|Bayan Khangor|Bayan Khongor","Aimag|aymag","Province"
1976,149,"MNG","Mongolia",4,"Bulgan","","Bulagan","Aimag|aymag","Province"
1977,149,"MNG","Mongolia",5,"Darhan-Uul","","Darchan|Darhan|Darkhan|Darkhan-Uul|Darchan-Uul","Hot","Municipality"
1978,149,"MNG","Mongolia",6,"Dornod","","Choibalsan|Choybalsan|Doronad|Doronod|Eastern","Aimag|aymag","Province"
1979,149,"MNG","Mongolia",7,"Dornogovi","","Dornogobi|Dornogov'|Dorono Gobi|East Gobi|Dornogow'|Ostgobi|G¢bi Oriental","Aimag|aymag","Province"
1980,149,"MNG","Mongolia",8,"Dundgovi","","Central Gobi|Dunda Gobi|Dundgobi|Dundgov'|Middle Gobi|Dundgow'|Mittelgobi|G¢bi Central","Aimag|aymag","Province"
1981,149,"MNG","Mongolia",9,"Dzavhan","","Dsawchan|Dzabhan|Dzabkhan|Dzavchan|Psapchyn|Zavhan|Zavkhan","Aimag|aymag","Province"
1982,149,"MNG","Mongolia",10,"Govi-Altay","","Gobi-Altai|Gobi Altay|Gov'altaj|Gov'altay|Govyaltaj|Gow'altai","Aimag|aymag","Province"
1983,149,"MNG","Mongolia",11,"Govisümber","","Gobisumber","Hot","Municipality"
1984,149,"MNG","Mongolia",12,"Hentiy","","Chentii|Chentij|Hentey|Hentii|Kentai|Kentei|Khentei|Khenti","Aimag|aymag","Province"
1985,149,"MNG","Mongolia",13,"Hovd","","Chovd|Hobdo|Khobdo|Khovd|Kobdo|Chowd","Aimag|aymag","Province"
1986,149,"MNG","Mongolia",14,"Hövsgöl","","Chövsgöl|Chuwsgul|Hobsgol|Höbsögöl|Hubsugul|Khubsugal|Khubsugud|Khubsugul|Kossogol","Aimag|aymag","Province"
1987,149,"MNG","Mongolia",15,"Ömnögovi","","Góbi do Sul|Ömnögov'|Ömönö Gobi|South Gobi|Umnu|Ömnögow'|Südgobi","Aimag|aymag","Province"
1988,149,"MNG","Mongolia",16,"Orhon","","Erdenet|Orkhon","Hot","Municipality"
1989,149,"MNG","Mongolia",17,"Övörhangay","","Öbör Hangay|Övörchangaj|South Hangay|South Khangai|Ublhangai|Ubur-Khangai|Ovorkhangai|Öwörchangai|Uwurchangaj","Aimag|aymag","Province"
1990,149,"MNG","Mongolia",18,"Selenge","","Selenga","Aimag|aymag","Province"
1991,149,"MNG","Mongolia",19,"Sühbaatar","","Sühe Baatar|Suhe-Bator|Sükhbaatar|Sukh-Batar|Sukhe-Bator|Süchbaatar","Aimag|aymag","Province"
1992,149,"MNG","Mongolia",20,"Töv","","Central|Töb|Tub|Tuvaimag|Töw|Tuw","Aimag|aymag","Province"
1993,149,"MNG","Mongolia",21,"Ulaanbaatar","","Oulan-Bator|Ulan Bator|Ulan Bator Choto","Hot","Municipality"
1994,149,"MNG","Mongolia",22,"Uvs","","Ubs|Ubsa Nor|Ubsa Nur|Ubsu Hur|Upsanol|Uws","Aimag|aymag","Province"
