"PID","ID_0","ISO","NAME_0","ID_1","NAME_1","ID_2","NAME_2","NL_NAME_2","VARNAME_2","TYPE_2","ENGTYPE_2"
23280,149,"MNG","Mongolia",17,"Övörhangay",236,"Baruun Bayan-Ulaan","<U+0411><U+0430><U+0440><U+0443><U+0443><U+043D> <U+0411><U+0430><U+044F><U+043D>-<U+0423><U+043B><U+0430><U+0430><U+043D>","Baruunbayan-Ulaan","Soum","Sum"
23281,149,"MNG","Mongolia",17,"Övörhangay",237,"Bat-Ölzii","<U+0411><U+0430><U+0442>-<U+04E8><U+043B><U+0437><U+0438><U+0439>","Bat-Olzii","Soum","Sum"
23282,149,"MNG","Mongolia",17,"Övörhangay",238,"Bayan-Öndör","<U+0411><U+0430><U+044F><U+043D>-<U+04E8><U+043D><U+0434><U+04E9><U+0440>","Bayan-Ondor","Soum","Sum"
23283,149,"MNG","Mongolia",17,"Övörhangay",239,"Bayangol","<U+0411><U+0430><U+044F><U+043D><U+0433><U+043E><U+043B>","","Soum","Sum"
23284,149,"MNG","Mongolia",17,"Övörhangay",240,"Bogd","<U+0411><U+043E><U+0433><U+0434>","","Soum","Sum"
23285,149,"MNG","Mongolia",17,"Övörhangay",241,"Bürd","<U+0411><U+04AF><U+0440><U+0434>","Burd","Soum","Sum"
23286,149,"MNG","Mongolia",17,"Övörhangay",242,"Guchin-Us","<U+0413><U+0443><U+0447><U+0438><U+043D>-<U+0423><U+0441>","","Soum","Sum"
23287,149,"MNG","Mongolia",17,"Övörhangay",243,"Khairkhandulaan","<U+0425><U+0430><U+0439><U+0440><U+0445><U+0430><U+043D><U+0434><U+0443><U+043B><U+0430><U+0430><U+043D>","Hairhandulaan","Soum","Sum"
23288,149,"MNG","Mongolia",17,"Övörhangay",244,"Kharkhorin","	<U+0425><U+0430><U+0440><U+0445><U+043E><U+0440><U+0438><U+043D>","Harhorin","Soum","Sum"
23289,149,"MNG","Mongolia",17,"Övörhangay",245,"Khujirt","<U+0425><U+0443><U+0436><U+0438><U+0440><U+0442>","Hujirt","Soum","Sum"
23290,149,"MNG","Mongolia",17,"Övörhangay",246,"Nariinteel","<U+041D><U+0430><U+0440><U+0438><U+0439><U+043D><U+0442><U+044D><U+044D><U+043B>","","Soum","Sum"
23291,149,"MNG","Mongolia",17,"Övörhangay",247,"Ölziit","	<U+04E8><U+043B><U+0437><U+0438><U+0439><U+0442>","Olziit","Soum","Sum"
23292,149,"MNG","Mongolia",17,"Övörhangay",248,"Sant","	<U+0421><U+0430><U+043D><U+0442>","","Soum","Sum"
23293,149,"MNG","Mongolia",17,"Övörhangay",249,"Taragt","	<U+0422><U+0430><U+0440><U+0430><U+0433><U+0442>","","Soum","Sum"
23294,149,"MNG","Mongolia",17,"Övörhangay",250,"Tögrög","	<U+0422><U+04E9><U+0433><U+0440><U+04E9><U+0433>","Togrog","Soum","Sum"
23295,149,"MNG","Mongolia",17,"Övörhangay",251,"Uyanga","	<U+0423><U+044F><U+043D><U+0433><U+0430>","","Soum","Sum"
23296,149,"MNG","Mongolia",17,"Övörhangay",252,"Yesönzüil","	<U+0415><U+0441><U+04E9><U+043D><U+0437><U+04AF><U+0439><U+043B>","Eson-Zuil","Soum","Sum"
23297,149,"MNG","Mongolia",17,"Övörhangay",253,"Züünbayan-Ulaan","<U+0417><U+04AF><U+04AF><U+043D><U+0431><U+0430><U+044F><U+043D>-<U+0423><U+043B><U+0430><U+0430><U+043D>","Zuunbayan-Ulaan","Soum","Sum"
23298,149,"MNG","Mongolia",18,"Selenge",254,"Altanbulag","<U+0410><U+043B><U+0442><U+0430><U+043D><U+0431><U+0443><U+043B><U+0430><U+0433>","","Soum","Sum"
23299,149,"MNG","Mongolia",18,"Selenge",255,"Baruunbüren","<U+0411><U+0430><U+0440><U+0443><U+0443><U+043D><U+0431><U+04AF><U+0440><U+044D><U+043D>","Baruunburen","Soum","Sum"
23300,149,"MNG","Mongolia",18,"Selenge",256,"Bayangol","<U+0411><U+0430><U+044F><U+043D><U+0433><U+043E><U+043B>","","Soum","Sum"
23301,149,"MNG","Mongolia",18,"Selenge",257,"Javkhlant","<U+0416><U+0430><U+0432><U+0445><U+043B><U+0430><U+043D><U+0442>","Javhlant","Soum","Sum"
23302,149,"MNG","Mongolia",18,"Selenge",258,"Khüder","<U+0425><U+04AF><U+0434><U+044D><U+0440>","Huder","Soum","Sum"
23722,149,"MNG","Mongolia",1,"Arhangay",1,"Battsengel","<U+0411><U+0430><U+0442><U+0446><U+044D><U+043D><U+0433><U+044D><U+043B>","","Soum","Sum"
23723,149,"MNG","Mongolia",1,"Arhangay",2,"Bulgan","<U+0411><U+0443><U+043B><U+0433><U+0430><U+043D>","","Soum","Sum"
23724,149,"MNG","Mongolia",1,"Arhangay",3,"Chuluut","<U+0427><U+0443><U+043B><U+0443><U+0443><U+0442>","","Soum","Sum"
23725,149,"MNG","Mongolia",1,"Arhangay",4,"Erdenebulgan","<U+042D><U+0440><U+0434><U+044D><U+043D><U+044D><U+0431><U+0443><U+043B><U+0433><U+0430><U+043D>","Erdene-Bulgan","Soum","Sum"
23726,149,"MNG","Mongolia",1,"Arhangay",5,"Erdenemandal","<U+042D><U+0440><U+0434><U+044D><U+043D><U+044D><U+043C><U+0430><U+043D><U+0434><U+0430><U+043B>","Erdeenemandal","Soum","Sum"
23727,149,"MNG","Mongolia",1,"Arhangay",6,"Ikh-Tamir","<U+0418><U+0445> <U+0442><U+0430><U+043C><U+0438><U+0440>","Ih-Tamir","Soum","Sum"
23728,149,"MNG","Mongolia",1,"Arhangay",7,"Jargalant","<U+0416><U+0430><U+0440><U+0433><U+0430><U+043B><U+0430><U+043D><U+0442>","","Soum","Sum"
23729,149,"MNG","Mongolia",1,"Arhangay",8,"Khairkhan","<U+0425><U+0430><U+0439><U+0440><U+0445><U+0430><U+043D>","Hairhan","Soum","Sum"
23730,149,"MNG","Mongolia",1,"Arhangay",9,"Khangai","<U+0425><U+0430><U+043D><U+0433><U+0430><U+0439>","Hangai","Soum","Sum"
23731,149,"MNG","Mongolia",1,"Arhangay",10,"Khashaat","<U+0425><U+0430><U+0448><U+0430><U+0430><U+0442>","Hashaat","Soum","Sum"
23732,149,"MNG","Mongolia",1,"Arhangay",11,"Khotont","<U+0425><U+043E><U+0442><U+043E><U+043D><U+0442>","Hotont","Soum","Sum"
23733,149,"MNG","Mongolia",1,"Arhangay",12,"Ögii nuur","<U+04E8><U+0433><U+0438><U+0439> <U+043D><U+0443><U+0443><U+0440>","Ugiinuur","Soum","Sum"
23734,149,"MNG","Mongolia",1,"Arhangay",13,"Ölziit","<U+04E8><U+043B><U+0437><U+0438><U+0439><U+0442>","Ulziit","Soum","Sum"
23735,149,"MNG","Mongolia",1,"Arhangay",14,"Öndör-Ulaan","<U+04E8><U+043D><U+0434><U+04E9><U+0440>-<U+0423><U+043B><U+0430><U+0430><U+043D>","Ondor-Ulaan","Soum","Sum"
23736,149,"MNG","Mongolia",1,"Arhangay",15,"Tariat","<U+0422><U+0430><U+0440><U+0438><U+0430><U+0442>","","Soum","Sum"
23737,149,"MNG","Mongolia",1,"Arhangay",16,"Tsakhir","<U+0426><U+0430><U+0445><U+0438><U+0440>","Tsahir","Soum","Sum"
23738,149,"MNG","Mongolia",1,"Arhangay",17,"Tsenkher","<U+0426><U+044D><U+043D><U+0445><U+044D><U+0440>","Tsenher","Soum","Sum"
23739,149,"MNG","Mongolia",1,"Arhangay",18,"Tsetserleg","<U+0426><U+044D><U+0446><U+044D><U+0440><U+043B><U+044D><U+0433>","","Soum","Sum"
23740,149,"MNG","Mongolia",1,"Arhangay",19,"Tüvshrüülekh","<U+0422><U+04AF><U+0432><U+0448><U+0440><U+04AF><U+04AF><U+043B><U+044D><U+0445>","Tuvshruuleh","Soum","Sum"
23741,149,"MNG","Mongolia",2,"Bayan-Ölgiy",20,"Altai","<U+0410><U+043B><U+0442><U+0430><U+0439>","","Soum","Sum"
23742,149,"MNG","Mongolia",2,"Bayan-Ölgiy",21,"Altantsögts","<U+0410><U+043B><U+0442><U+0430><U+043D><U+0446><U+04E9><U+0433><U+0446>","Altansogts","Soum","Sum"
23743,149,"MNG","Mongolia",2,"Bayan-Ölgiy",22,"Bayannuur","<U+0411><U+0430><U+044F><U+043D><U+043D><U+0443><U+0443><U+0440>","","Soum","Sum"
23744,149,"MNG","Mongolia",2,"Bayan-Ölgiy",23,"Bugat","<U+0411><U+0443><U+0433><U+0430><U+0442>","","Soum","Sum"
23745,149,"MNG","Mongolia",2,"Bayan-Ölgiy",24,"Bulgan","	<U+0411><U+0443><U+043B><U+0433><U+0430><U+043D>","","Soum","Sum"
23746,149,"MNG","Mongolia",2,"Bayan-Ölgiy",25,"Buyant","	<U+0411><U+0443><U+044F><U+043D><U+0442>","","Soum","Sum"
23747,149,"MNG","Mongolia",2,"Bayan-Ölgiy",26,"Delüün","<U+0414><U+044D><U+043B><U+04AF><U+04AF><U+043D>","Deluun","Soum","Sum"
23748,149,"MNG","Mongolia",2,"Bayan-Ölgiy",27,"Nogoonnuur","<U+041D><U+043E><U+0433><U+043E><U+043E><U+043D><U+043D><U+0443><U+0443><U+0440>","","Soum","Sum"
23749,149,"MNG","Mongolia",2,"Bayan-Ölgiy",28,"Ölgii (city)","<U+04E8><U+043B><U+0433><U+0438><U+0439>","Olgii","Soum","Sum"
23750,149,"MNG","Mongolia",2,"Bayan-Ölgiy",29,"Sagsai","<U+0421><U+0430><U+0433><U+0441><U+0430><U+0439>","","Soum","Sum"
23751,149,"MNG","Mongolia",2,"Bayan-Ölgiy",30,"Tolbo","<U+0422><U+043E><U+043B><U+0431><U+043E>","","Soum","Sum"
23752,149,"MNG","Mongolia",2,"Bayan-Ölgiy",31,"Tsagaannuur","<U+0426><U+0430><U+0433><U+0430><U+0430><U+043D><U+043D><U+0443><U+0443><U+0440>","","Soum","Sum"
23753,149,"MNG","Mongolia",2,"Bayan-Ölgiy",32,"Tsengel","	<U+0426><U+044D><U+043D><U+0433><U+044D><U+043B>","","Soum","Sum"
23754,149,"MNG","Mongolia",2,"Bayan-Ölgiy",33,"Ulaankhus","<U+0423><U+043B><U+0430><U+0430><U+043D><U+0445><U+0443><U+0441>","Ulaanhus","Soum","Sum"
23755,149,"MNG","Mongolia",3,"Bayanhongor",34,"Baatsagaan","<U+0411><U+0430><U+0430><U+0446><U+0430><U+0433><U+0430><U+0430><U+043D>","","Soum","Sum"
23756,149,"MNG","Mongolia",3,"Bayanhongor",35,"Bayan-Öndör","<U+0411><U+0430><U+044F><U+043D>-<U+04E8><U+043D><U+0434><U+04E9><U+0440>","Bayan-Ondor","Soum","Sum"
23757,149,"MNG","Mongolia",3,"Bayanhongor",36,"Bayan-Ovoo","<U+0411><U+0430><U+044F><U+043D>-<U+041E><U+0432><U+043E><U+043E>","","Soum","Sum"
23758,149,"MNG","Mongolia",3,"Bayanhongor",37,"Bayanbulag","<U+0411><U+0430><U+044F><U+043D><U+0431><U+0443><U+043B><U+0430><U+0433>","","Soum","Sum"
23759,149,"MNG","Mongolia",3,"Bayanhongor",38,"Bayangovi","<U+0411><U+0430><U+044F><U+043D><U+0433><U+043E><U+0432><U+044C>","","Soum","Sum"
23760,149,"MNG","Mongolia",3,"Bayanhongor",39,"Bayankhongor","<U+0411><U+0430><U+044F><U+043D><U+0445><U+043E><U+043D><U+0433><U+043E><U+0440>","Bayanhongor","Soum","Sum"
23761,149,"MNG","Mongolia",3,"Bayanhongor",40,"Bayanlig","<U+0411><U+0430><U+044F><U+043D><U+043B><U+0438><U+0433>","","Soum","Sum"
23762,149,"MNG","Mongolia",3,"Bayanhongor",41,"Bayantsagaan","<U+0411><U+0430><U+0430><U+0446><U+0430><U+0433><U+0430><U+0430><U+043D>","Bayansagaan","Soum","Sum"
23763,149,"MNG","Mongolia",3,"Bayanhongor",42,"Bogd","<U+0411><U+043E><U+0433><U+0434>","","Soum","Sum"
23764,149,"MNG","Mongolia",3,"Bayanhongor",43,"Bömbögör","<U+0411><U+04E9><U+043C><U+0431><U+04E9><U+0433><U+04E9><U+0440>","Bombogor","Soum","Sum"
23765,149,"MNG","Mongolia",3,"Bayanhongor",44,"Buutsagaan","<U+0411><U+0443><U+0443><U+0446><U+0430><U+0433><U+0430><U+0430><U+043D>","","Soum","Sum"
23766,149,"MNG","Mongolia",3,"Bayanhongor",45,"Erdenetsogt","<U+042D><U+0440><U+0434><U+044D><U+043D><U+044D><U+0446><U+043E><U+0433><U+0442>","","Soum","Sum"
23767,149,"MNG","Mongolia",3,"Bayanhongor",46,"Galuut","<U+0413><U+0430><U+043B><U+0443><U+0443><U+0442>","","Soum","Sum"
23768,149,"MNG","Mongolia",3,"Bayanhongor",47,"Gurvanbulag","<U+0413><U+0443><U+0440><U+0432><U+0430><U+043D><U+0431><U+0443><U+043B><U+0430><U+0433>","","Soum","Sum"
23769,149,"MNG","Mongolia",3,"Bayanhongor",48,"Jargalant","	<U+0416><U+0430><U+0440><U+0433><U+0430><U+043B><U+0430><U+043D><U+0442>","","Soum","Sum"
23770,149,"MNG","Mongolia",3,"Bayanhongor",49,"Jinst","<U+0416><U+0438><U+043D><U+0441><U+0442>","","Soum","Sum"
23771,149,"MNG","Mongolia",3,"Bayanhongor",50,"Khüreemaral","	<U+0425><U+04AF><U+0440><U+044D><U+044D><U+043C><U+0430><U+0440><U+0430><U+043B>","Hureemaral","Soum","Sum"
23772,149,"MNG","Mongolia",3,"Bayanhongor",51,"Ölziit","	<U+04E8><U+043B><U+0437><U+0438><U+0439><U+0442>","Olziit","Soum","Sum"
23773,149,"MNG","Mongolia",3,"Bayanhongor",52,"Shinejinst","	<U+0428><U+0438><U+043D><U+044D><U+0436><U+0438><U+043D><U+0441><U+0442>","","Soum","Sum"
23774,149,"MNG","Mongolia",3,"Bayanhongor",53,"Zag","	<U+0417><U+0430><U+0433>","","Soum","Sum"
23775,149,"MNG","Mongolia",4,"Bulgan",54,"Bayan-Agt","<U+0411><U+0430><U+044F><U+043D>-<U+0410><U+0433><U+0442>","","Soum","Sum"
23776,149,"MNG","Mongolia",4,"Bulgan",55,"Bayannuur","<U+0411><U+0430><U+044F><U+043D><U+043D><U+0443><U+0443><U+0440>","","Soum","Sum"
23777,149,"MNG","Mongolia",4,"Bulgan",56,"Bugat","<U+0411><U+0443><U+0433><U+0430><U+0442>","","Soum","Sum"
23778,149,"MNG","Mongolia",4,"Bulgan",57,"Büregkhangai","<U+0411><U+04AF><U+0440><U+044D><U+0433><U+0445><U+0430><U+043D><U+0433><U+0430><U+0439>","Bureghangai","Soum","Sum"
23779,149,"MNG","Mongolia",4,"Bulgan",58,"Dashinchilen","<U+0414><U+0430><U+0448><U+0438><U+043D><U+0447><U+0438><U+043B><U+044D><U+043D>","","Soum","Sum"
23780,149,"MNG","Mongolia",4,"Bulgan",59,"Gurvanbulag","<U+0413><U+0443><U+0440><U+0432><U+0430><U+043D><U+0431><U+0443><U+043B><U+0430><U+0433>","","Soum","Sum"
23781,149,"MNG","Mongolia",4,"Bulgan",60,"Khangal","<U+0425><U+0430><U+043D><U+0433><U+0430><U+043B>","Hangal","Soum","Sum"
23782,149,"MNG","Mongolia",4,"Bulgan",61,"Khishig-Öndör","<U+0425><U+0438><U+0448><U+0438><U+0433>-<U+04E8><U+043D><U+0434><U+04E9><U+0440>","Hishig-Ondor","Soum","Sum"
23783,149,"MNG","Mongolia",4,"Bulgan",62,"Khutag-Öndör","<U+0425><U+0443><U+0442><U+0430><U+0433>-<U+04E8><U+043D><U+0434><U+04E9><U+0440>","Hutag","Soum","Sum"
23784,149,"MNG","Mongolia",4,"Bulgan",63,"Mogod","<U+041C><U+043E><U+0433><U+043E><U+0434>","","Soum","Sum"
23785,149,"MNG","Mongolia",4,"Bulgan",64,"Orkhon","<U+041E><U+0440><U+0445><U+043E><U+043D>","Orhon","Soum","Sum"
23786,149,"MNG","Mongolia",4,"Bulgan",65,"Rashaant","<U+0420><U+0430><U+0448><U+0430><U+0430><U+043D><U+0442>","","Soum","Sum"
23787,149,"MNG","Mongolia",4,"Bulgan",66,"Saikhan","<U+0421><U+0430><U+0439><U+0445><U+0430><U+043D>","Saihan","Soum","Sum"
23788,149,"MNG","Mongolia",4,"Bulgan",67,"Selenge","<U+0421><U+044D><U+043B><U+044D><U+043D><U+0433><U+044D>","","Soum","Sum"
23789,149,"MNG","Mongolia",4,"Bulgan",68,"Teshig","<U+0422><U+044D><U+0448><U+0438><U+0433>","","Soum","Sum"
23790,149,"MNG","Mongolia",5,"Darhan-Uul",69,"Darkhan","<U+0414><U+0430><U+0440><U+0445><U+0430><U+043D>","Darhan","Soum","Sum"
23791,149,"MNG","Mongolia",5,"Darhan-Uul",70,"Khongor","<U+0425><U+043E><U+043D><U+0433><U+043E><U+0440>","Hongor","Soum","Sum"
23792,149,"MNG","Mongolia",5,"Darhan-Uul",71,"Orkhon","<U+041E><U+0440><U+0445><U+043E><U+043D>","Orhon","Soum","Sum"
23793,149,"MNG","Mongolia",5,"Darhan-Uul",72,"Sharyngol","<U+0428><U+0430><U+0440><U+044B><U+043D><U+0433><U+043E><U+043B>","Shariingol","Soum","Sum"
23794,149,"MNG","Mongolia",6,"Dornod",73,"Bayan-Uul","<U+0411><U+0430><U+044F><U+043D>-<U+0423><U+0443><U+043B>","","Soum","Sum"
23795,149,"MNG","Mongolia",6,"Dornod",74,"Bayandun","<U+0411><U+0430><U+044F><U+043D><U+0434><U+0443><U+043D>","","Soum","Sum"
23796,149,"MNG","Mongolia",6,"Dornod",75,"Bayantümen","<U+0411><U+0430><U+044F><U+043D><U+0442><U+04AF><U+043C><U+044D><U+043D>","Bayantumen","Soum","Sum"
23797,149,"MNG","Mongolia",6,"Dornod",76,"Bulgan","<U+0411><U+0443><U+043B><U+0433><U+0430><U+043D>","","Soum","Sum"
23798,149,"MNG","Mongolia",6,"Dornod",77,"Choibalsan","<U+0427><U+043E><U+0439><U+0431><U+0430><U+043B><U+0441><U+0430><U+043D>","","Soum","Sum"
23799,149,"MNG","Mongolia",6,"Dornod",78,"Chuluunkhoroot","<U+0427><U+0443><U+043B><U+0443><U+0443><U+043D><U+0445><U+043E><U+0440><U+043E><U+043E><U+0442>","Eereentsav|Chuluunhoroot","Soum","Sum"
23800,149,"MNG","Mongolia",6,"Dornod",79,"Dashbalbar","<U+0414><U+0430><U+0448><U+0431><U+0430><U+043B><U+0431><U+0430><U+0440>","","Soum","Sum"
23801,149,"MNG","Mongolia",6,"Dornod",80,"Gurvanzagal","<U+0413><U+0443><U+0440><U+0432><U+0430><U+043D><U+0437><U+0430><U+0433><U+0430><U+043B>","","Soum","Sum"
23802,149,"MNG","Mongolia",6,"Dornod",81,"Khalkhgol","<U+0425><U+0430><U+043B><U+0445><U+0433><U+043E><U+043B>","Halhgol","Soum","Sum"
23803,149,"MNG","Mongolia",6,"Dornod",82,"Kherlen","<U+0425><U+044D><U+0440><U+043B><U+044D><U+043D>","Herlen","Soum","Sum"
23804,149,"MNG","Mongolia",6,"Dornod",83,"Khölönbuir","<U+0425><U+04E9><U+043B><U+04E9><U+043D><U+0431><U+0443><U+0439><U+0440>","Holonbuir","Soum","Sum"
23805,149,"MNG","Mongolia",6,"Dornod",84,"Matad","<U+041C><U+0430><U+0442><U+0430><U+0434>","","Soum","Sum"
23806,149,"MNG","Mongolia",6,"Dornod",85,"Sergelen","<U+0421><U+044D><U+0440><U+0433><U+044D><U+043B><U+044D><U+043D>","","Soum","Sum"
23807,149,"MNG","Mongolia",6,"Dornod",86,"Tsagaan-Ovoo","<U+0426><U+0430><U+0433><U+0430><U+0430><U+043D>-<U+041E><U+0432><U+043E><U+043E>","","Soum","Sum"
23808,149,"MNG","Mongolia",7,"Dornogovi",87,"Airag","<U+0410><U+0439><U+0440><U+0430><U+0433>","","Soum","Sum"
23809,149,"MNG","Mongolia",7,"Dornogovi",88,"Altanshiree","<U+0410><U+043B><U+0442><U+0430><U+043D><U+0448><U+0438><U+0440><U+044D><U+044D>","","Soum","Sum"
23810,149,"MNG","Mongolia",7,"Dornogovi",89,"Dalanjargalan","<U+0414><U+0430><U+043B><U+0430><U+043D><U+0436><U+0430><U+0440><U+0433><U+0430><U+043B><U+0430><U+043D>","","Soum","Sum"
23811,149,"MNG","Mongolia",7,"Dornogovi",90,"Delgerekh","<U+0414><U+044D><U+043B><U+0433><U+044D><U+0440><U+044D><U+0445>","Delgereh","Soum","Sum"
23812,149,"MNG","Mongolia",7,"Dornogovi",91,"Erdene","<U+042D><U+0440><U+0434><U+044D><U+043D><U+044D>","","Soum","Sum"
23813,149,"MNG","Mongolia",7,"Dornogovi",92,"Ikhkhet","<U+0418><U+0445><U+0445><U+044D><U+0442>","Ihhet","Soum","Sum"
23814,149,"MNG","Mongolia",7,"Dornogovi",93,"Khatanbulag","<U+0425><U+0430><U+0442><U+0430><U+043D><U+0431><U+0443><U+043B><U+0430><U+0433>","Hatanbulag","Soum","Sum"
23815,149,"MNG","Mongolia",7,"Dornogovi",94,"Khövsgöl","<U+0425><U+04E9><U+0432><U+0441><U+0433><U+04E9><U+043B>","Hovsgol","Soum","Sum"
23816,149,"MNG","Mongolia",7,"Dornogovi",95,"Mandakh","<U+041C><U+0430><U+043D><U+0434><U+0430><U+0445>","Mandah","Soum","Sum"
23817,149,"MNG","Mongolia",7,"Dornogovi",96,"Örgön","<U+04E8><U+0440><U+0433><U+04E9><U+043D>","Orgon","Soum","Sum"
23818,149,"MNG","Mongolia",7,"Dornogovi",97,"Saikhandulaan","<U+0421><U+0430><U+0439><U+0445><U+0430><U+043D><U+0434><U+0443><U+043B><U+0430><U+0430><U+043D>","Saihandulaan","Soum","Sum"
23819,149,"MNG","Mongolia",7,"Dornogovi",98,"Sainshand","<U+0421><U+0430><U+0439><U+043D><U+0448><U+0430><U+043D><U+0434>","Saynshand","Soum","Sum"
23820,149,"MNG","Mongolia",7,"Dornogovi",99,"Ulaanbadrakh","<U+0423><U+043B><U+0430><U+0430><U+043D><U+0431><U+0430><U+0434><U+0440><U+0430><U+0445>","Ulaanbadrah","Soum","Sum"
23821,149,"MNG","Mongolia",7,"Dornogovi",100,"Zamyn-Üüd","<U+0417><U+0430><U+043C><U+044B><U+043D>-<U+04AE><U+04AF><U+0434>","Zammyn-uud","Soum","Sum"
23822,149,"MNG","Mongolia",8,"Dundgovi",101,"Adaatsag","<U+0410><U+0434><U+0430><U+0430><U+0446><U+0430><U+0433>","","Soum","Sum"
23823,149,"MNG","Mongolia",8,"Dundgovi",102,"Bayanjargalan","<U+0411><U+0430><U+044F><U+043D><U+0436><U+0430><U+0440><U+0433><U+0430><U+043B><U+0430><U+043D>","","Soum","Sum"
23824,149,"MNG","Mongolia",8,"Dundgovi",103,"Delgerkhangai","<U+0414><U+044D><U+043B><U+0433><U+044D><U+0440><U+0445><U+0430><U+043D><U+0433><U+0430><U+0439>","Delgerhangai","Soum","Sum"
23825,149,"MNG","Mongolia",8,"Dundgovi",104,"Delgertsogt","	<U+0414><U+044D><U+043B><U+0433><U+044D><U+0440><U+0446><U+043E><U+0433><U+0442>","","Soum","Sum"
23826,149,"MNG","Mongolia",8,"Dundgovi",105,"Deren","<U+0414><U+044D><U+0440><U+044D><U+043D>","","Soum","Sum"
23827,149,"MNG","Mongolia",8,"Dundgovi",106,"Erdenedalai","<U+042D><U+0440><U+0434><U+044D><U+043D><U+044D><U+0434><U+0430><U+043B><U+0430><U+0439>","","Soum","Sum"
23828,149,"MNG","Mongolia",8,"Dundgovi",107,"Govi-Ugtaal","<U+0413><U+043E><U+0432><U+044C>-<U+0423><U+0433><U+0442><U+0430><U+0430><U+043B>","","Soum","Sum"
23829,149,"MNG","Mongolia",8,"Dundgovi",108,"Gurvansaikhan","<U+0413><U+0443><U+0440><U+0432><U+0430><U+043D><U+0441><U+0430><U+0439><U+0445><U+0430><U+043D>","Gurvansaihan","Soum","Sum"
23830,149,"MNG","Mongolia",8,"Dundgovi",109,"Khuld","<U+0425><U+0443><U+043B><U+0434>","Huld","Soum","Sum"
23831,149,"MNG","Mongolia",8,"Dundgovi",110,"Luus","<U+041B><U+0443><U+0443><U+0441>","","Soum","Sum"
23832,149,"MNG","Mongolia",8,"Dundgovi",111,"Ölziit","<U+04E8><U+043B><U+0437><U+0438><U+0439><U+0442>","Olziit","Soum","Sum"
23833,149,"MNG","Mongolia",8,"Dundgovi",112,"Öndörshil","<U+04E8><U+043D><U+0434><U+04E9><U+0440><U+0448><U+0438><U+043B>","Ondorshil","Soum","Sum"
23834,149,"MNG","Mongolia",8,"Dundgovi",113,"Saikhan-Ovoo","<U+0421><U+0430><U+0439><U+0445><U+0430><U+043D>-<U+041E><U+0432><U+043E><U+043E>","Saihan-Ovoo","Soum","Sum"
23835,149,"MNG","Mongolia",8,"Dundgovi",114,"Saintsagaan","<U+0421><U+0430><U+0439><U+043D><U+0446><U+0430><U+0433><U+0430><U+0430><U+043D>","","Soum","Sum"
23836,149,"MNG","Mongolia",8,"Dundgovi",115,"Tsagaandelger","<U+0426><U+0430><U+0433><U+0430><U+0430><U+043D><U+0434><U+044D><U+043B><U+0433><U+044D><U+0440>","","Soum","Sum"
23837,149,"MNG","Mongolia",9,"Dzavhan",116,"Aldarkhaan","<U+0410><U+043B><U+0434><U+0430><U+0440><U+0445><U+0430><U+0430><U+043D>","Aldarhaan","Soum","Sum"
23838,149,"MNG","Mongolia",9,"Dzavhan",117,"Asgat","<U+0410><U+0441><U+0433><U+0430><U+0442>","","Soum","Sum"
23839,149,"MNG","Mongolia",9,"Dzavhan",118,"Bayankhairkhan","<U+0411><U+0430><U+044F><U+043D><U+0445><U+0430><U+0439><U+0440><U+0445><U+0430><U+043D>","Byanhairhan","Soum","Sum"
23840,149,"MNG","Mongolia",9,"Dzavhan",119,"Bayantes","<U+0411><U+0430><U+044F><U+043D><U+0442><U+044D><U+0441>","Bayan-Tes","Soum","Sum"
23841,149,"MNG","Mongolia",9,"Dzavhan",120,"Dörvöljin","<U+0414><U+04E9><U+0440><U+0432><U+04E9><U+043B><U+0436><U+0438><U+043D>","Dorvoljin","Soum","Sum"
23842,149,"MNG","Mongolia",9,"Dzavhan",121,"Erdenekhairkhan","<U+042D><U+0440><U+0434><U+044D><U+043D><U+044D><U+0445><U+0430><U+0439><U+0440><U+0445><U+0430><U+043D>","Erdenehairhan","Soum","Sum"
23843,149,"MNG","Mongolia",9,"Dzavhan",122,"Ider","<U+0418><U+0434><U+044D><U+0440>","","Soum","Sum"
23844,149,"MNG","Mongolia",9,"Dzavhan",123,"Ikh-Uul","<U+0418><U+0445>-<U+0423><U+0443><U+043B>","Ih-Uul","Soum","Sum"
23845,149,"MNG","Mongolia",9,"Dzavhan",124,"Nömrög","<U+041D><U+04E9><U+043C><U+0440><U+04E9><U+0433>","Nomrog","Soum","Sum"
23846,149,"MNG","Mongolia",9,"Dzavhan",125,"Otgon","<U+041E><U+0442><U+0433><U+043E><U+043D>","","Soum","Sum"
23847,149,"MNG","Mongolia",9,"Dzavhan",126,"Santmargats","<U+0421><U+0430><U+043D><U+0442><U+043C><U+0430><U+0440><U+0433><U+0430><U+0446>","","Soum","Sum"
23848,149,"MNG","Mongolia",9,"Dzavhan",127,"Shilüüstei","<U+0428><U+0438><U+043B><U+04AF><U+04AF><U+0441><U+0442><U+044D><U+0439>","Shiluustei","Soum","Sum"
23849,149,"MNG","Mongolia",9,"Dzavhan",128,"Songino","<U+0421><U+043E><U+043D><U+0433><U+0438><U+043D><U+043E>","","Soum","Sum"
23850,149,"MNG","Mongolia",9,"Dzavhan",129,"Telmen","<U+0422><U+044D><U+043B><U+043C><U+044D><U+043D>","","Soum","Sum"
23851,149,"MNG","Mongolia",9,"Dzavhan",130,"Tes","<U+0422><U+044D><U+0441>","","Soum","Sum"
23852,149,"MNG","Mongolia",9,"Dzavhan",131,"Tosontsengel","<U+0422><U+043E><U+0441><U+043E><U+043D><U+0446><U+044D><U+043D><U+0433><U+044D><U+043B>","","Soum","Sum"
23853,149,"MNG","Mongolia",9,"Dzavhan",132,"Tsagaanchuluut","<U+0426><U+0430><U+0433><U+0430><U+0430><U+043D><U+0447><U+0443><U+043B><U+0443><U+0443><U+0442>","","Soum","Sum"
23854,149,"MNG","Mongolia",9,"Dzavhan",133,"Tsagaankhairkhan","<U+0426><U+0430><U+0433><U+0430><U+0430><U+043D><U+0445><U+0430><U+0439><U+0440><U+0445><U+0430><U+043D>","Tsagaanhairhan","Soum","Sum"
23855,149,"MNG","Mongolia",9,"Dzavhan",134,"Tsetsen-Uul","<U+0426><U+044D><U+0446><U+044D><U+043D>-<U+0423><U+0443><U+043B>","","Soum","Sum"
23856,149,"MNG","Mongolia",9,"Dzavhan",135,"Tüdevtei","<U+0422><U+04AF><U+0434><U+044D><U+0432><U+0442><U+044D><U+0439>","Tudevtei","Soum","Sum"
23857,149,"MNG","Mongolia",9,"Dzavhan",136,"Urgamal","<U+0423><U+0440><U+0433><U+0430><U+043C><U+0430><U+043B>","","Soum","Sum"
23858,149,"MNG","Mongolia",9,"Dzavhan",137,"Yaruu","<U+042F><U+0440><U+0443><U+0443>","","Soum","Sum"
23859,149,"MNG","Mongolia",9,"Dzavhan",138,"Zavkhanmandal","<U+0417><U+0430><U+0432><U+0445><U+0430><U+043D><U+043C><U+0430><U+043D><U+0434><U+0430><U+043B>","Zavhanmandal","Soum","Sum"
23860,149,"MNG","Mongolia",10,"Govi-Altay",139,"Altai","<U+0410><U+043B><U+0442><U+0430><U+0439>","","Soum","Sum"
23861,149,"MNG","Mongolia",10,"Govi-Altay",140,"Bayan-Uul","<U+0411><U+0430><U+044F><U+043D>-<U+0423><U+0443><U+043B>","","Soum","Sum"
23862,149,"MNG","Mongolia",10,"Govi-Altay",141,"Biger","<U+0411><U+0438><U+0433><U+044D><U+0440>","","Soum","Sum"
23863,149,"MNG","Mongolia",10,"Govi-Altay",142,"Bugat","<U+0411><U+0443><U+0433><U+0430><U+0442>","","Soum","Sum"
23864,149,"MNG","Mongolia",10,"Govi-Altay",143,"Chandmani","<U+0427><U+0430><U+043D><U+0434><U+043C><U+0430><U+043D><U+044C>","","Soum","Sum"
23865,149,"MNG","Mongolia",10,"Govi-Altay",144,"Darvi","<U+0414><U+0430><U+0440><U+0432><U+0438>","Dariv","Soum","Sum"
23866,149,"MNG","Mongolia",10,"Govi-Altay",145,"Delger","<U+0414><U+044D><U+043B><U+0433><U+044D><U+0440>","","Soum","Sum"
23867,149,"MNG","Mongolia",10,"Govi-Altay",146,"Erdene","<U+042D><U+0440><U+0434><U+044D><U+043D><U+044D>","","Soum","Sum"
23868,149,"MNG","Mongolia",10,"Govi-Altay",147,"Jargalan","<U+0425><U+0430><U+043B><U+0438><U+0443><U+043D><U+0416><U+0430><U+0440><U+0433><U+0430><U+043B><U+0430><U+043D>","","Soum","Sum"
23869,149,"MNG","Mongolia",10,"Govi-Altay",148,"Khaliun","<U+0425><U+0430><U+043B><U+0438><U+0443><U+043D>","Haliun","Soum","Sum"
23870,149,"MNG","Mongolia",10,"Govi-Altay",149,"Khökh morit","<U+0425><U+04E9><U+0445> <U+043C><U+043E><U+0440><U+044C><U+0442>","Hohmorit","Soum","Sum"
23871,149,"MNG","Mongolia",10,"Govi-Altay",150,"Sharga","<U+0428><U+0430><U+0440><U+0433><U+0430>","","Soum","Sum"
23872,149,"MNG","Mongolia",10,"Govi-Altay",151,"Taishir","<U+0422><U+0430><U+0439><U+0448><U+0438><U+0440>","","Soum","Sum"
23873,149,"MNG","Mongolia",10,"Govi-Altay",152,"Tögrög","<U+0422><U+04E9><U+0433><U+0440><U+04E9><U+0433>","Togrog","Soum","Sum"
23874,149,"MNG","Mongolia",10,"Govi-Altay",153,"Tonkhil","<U+0422><U+043E><U+043D><U+0445><U+0438><U+043B>","Tonhil","Soum","Sum"
23875,149,"MNG","Mongolia",10,"Govi-Altay",154,"Tseel","<U+0426><U+044D><U+044D><U+043B>","","Soum","Sum"
23876,149,"MNG","Mongolia",10,"Govi-Altay",155,"Tsogt","<U+0426><U+043E><U+0433><U+0442>","","Soum","Sum"
23877,149,"MNG","Mongolia",10,"Govi-Altay",156,"Yesönbulag","	<U+0415><U+0441><U+04E9><U+043D><U+0431><U+0443><U+043B><U+0430><U+0433>","Esonbulag","Soum","Sum"
23878,149,"MNG","Mongolia",11,"Govisümber",157,"Bayantal","<U+0411><U+0430><U+044F><U+043D><U+0442><U+0430><U+043B>","","Soum","Sum"
23879,149,"MNG","Mongolia",11,"Govisümber",158,"Shiveegovi","<U+0428><U+0438><U+0432><U+044D><U+044D><U+0433><U+043E><U+0432><U+044C>","","Soum","Sum"
23880,149,"MNG","Mongolia",11,"Govisümber",159,"Sümber","<U+0421><U+04AF><U+043C><U+0431><U+044D><U+0440>","Sumber","Soum","Sum"
23881,149,"MNG","Mongolia",12,"Hentiy",160,"Batnorov","<U+0411><U+0430><U+0442><U+043D><U+043E><U+0440><U+043E><U+0432>","","Soum","Sum"
23882,149,"MNG","Mongolia",12,"Hentiy",161,"Batshireet","<U+0411><U+0430><U+0442><U+0448><U+0438><U+0440><U+044D><U+044D><U+0442>","","Soum","Sum"
23883,149,"MNG","Mongolia",12,"Hentiy",162,"Bayan-Adarga","<U+0411><U+0430><U+044F><U+043D>-<U+0410><U+0434><U+0430><U+0440><U+0433><U+0430>","Bayan-Adraga","Soum","Sum"
23884,149,"MNG","Mongolia",12,"Hentiy",163,"Bayan-Ovoo","<U+0411><U+0430><U+044F><U+043D>-<U+041E><U+0432><U+043E><U+043E>","","Soum","Sum"
23885,149,"MNG","Mongolia",12,"Hentiy",164,"Bayankhutag","<U+0411><U+0430><U+044F><U+043D><U+0445><U+0443><U+0442><U+0430><U+0433>","Bayanhutag","Soum","Sum"
23886,149,"MNG","Mongolia",12,"Hentiy",165,"Bayanmönkh","<U+0411><U+0430><U+044F><U+043D><U+043C><U+04E9><U+043D><U+0445>","Bayanmonh","Soum","Sum"
23887,149,"MNG","Mongolia",12,"Hentiy",166,"Binder","<U+0411><U+0438><U+043D><U+0434><U+044D><U+0440>","","Soum","Sum"
23888,149,"MNG","Mongolia",12,"Hentiy",167,"Dadal","	<U+0414><U+0430><U+0434><U+0430><U+043B>","","Soum","Sum"
23889,149,"MNG","Mongolia",12,"Hentiy",168,"Darkhan","	<U+0414><U+0430><U+0440><U+0445><U+0430><U+043D>","Darhan","Soum","Sum"
23890,149,"MNG","Mongolia",12,"Hentiy",169,"Delgerkhaan","<U+0414><U+044D><U+043B><U+0433><U+044D><U+0440><U+0445><U+0430><U+0430><U+043D>","Delgerhaan","Soum","Sum"
23891,149,"MNG","Mongolia",12,"Hentiy",170,"Galshar","	<U+0413><U+0430><U+043B><U+0448><U+0430><U+0440>","Galshir","Soum","Sum"
23892,149,"MNG","Mongolia",12,"Hentiy",171,"Jargaltkhaan","	<U+0416><U+0430><U+0440><U+0433><U+0430><U+043B><U+0442><U+0445><U+0430><U+0430><U+043D>","Jargalthaan","Soum","Sum"
23893,149,"MNG","Mongolia",12,"Hentiy",172,"Kherlen","<U+0425><U+044D><U+0440><U+043B><U+044D><U+043D>","Herlen","Soum","Sum"
23894,149,"MNG","Mongolia",12,"Hentiy",173,"Mörön","<U+041C><U+04E9><U+0440><U+04E9><U+043D>","Moron","Soum","Sum"
23895,149,"MNG","Mongolia",12,"Hentiy",174,"Norovlin","	<U+041D><U+043E><U+0440><U+043E><U+0432><U+043B><U+0438><U+043D>","","Soum","Sum"
23896,149,"MNG","Mongolia",12,"Hentiy",175,"Ömnödelger","<U+04E8><U+043C><U+043D><U+04E9><U+0434><U+044D><U+043B><U+0433><U+044D><U+0440>","Omnodelger","Soum","Sum"
23897,149,"MNG","Mongolia",12,"Hentiy",176,"Tsenkhermandal","	<U+0426><U+044D><U+043D><U+0445><U+044D><U+0440><U+043C><U+0430><U+043D><U+0434><U+0430><U+043B>","Tsenhermandal","Soum","Sum"
23898,149,"MNG","Mongolia",13,"Hovd",177,"Altai","<U+0410><U+043B><U+0442><U+0430><U+0439>","","Soum","Sum"
23899,149,"MNG","Mongolia",13,"Hovd",178,"Bulgan","<U+0411><U+0443><U+043B><U+0433><U+0430><U+043D>","","Soum","Sum"
23900,149,"MNG","Mongolia",13,"Hovd",179,"Buyant","<U+0411><U+0443><U+044F><U+043D><U+0442>","","Soum","Sum"
23901,149,"MNG","Mongolia",13,"Hovd",180,"Chandmani","<U+0427><U+0430><U+043D><U+0434><U+043C><U+0430><U+043D><U+044C>","","Soum","Sum"
23902,149,"MNG","Mongolia",13,"Hovd",181,"Darvi","	<U+0414><U+0430><U+0440><U+0432><U+0438>","Dariv","Soum","Sum"
23903,149,"MNG","Mongolia",13,"Hovd",182,"Dörgön","<U+0414><U+04E9><U+0440><U+0433><U+04E9><U+043D>","Dorgon","Soum","Sum"
23904,149,"MNG","Mongolia",13,"Hovd",183,"Duut","	<U+0414><U+0443><U+0443><U+0442>","","Soum","Sum"
23905,149,"MNG","Mongolia",13,"Hovd",184,"Erdenebüren","<U+042D><U+0440><U+0434><U+044D><U+043D><U+044D><U+0431><U+04AF><U+0440><U+044D><U+043D>","Erdeneburen","Soum","Sum"
23906,149,"MNG","Mongolia",13,"Hovd",185,"Jargalant","<U+0416><U+0430><U+0440><U+0433><U+0430><U+043B><U+0430><U+043D><U+0442>","","Soum","Sum"
23907,149,"MNG","Mongolia",13,"Hovd",186,"Khovd","	<U+0425><U+043E><U+0432><U+0434>","Hovd","Soum","Sum"
23908,149,"MNG","Mongolia",13,"Hovd",187,"Mankhan","<U+041C><U+0430><U+043D><U+0445><U+0430><U+043D>","Manhan","Soum","Sum"
23909,149,"MNG","Mongolia",13,"Hovd",188,"Mönkhkhairkhan","<U+041C><U+04E9><U+043D><U+0445><U+0445><U+0430><U+0439><U+0440><U+0445><U+0430><U+043D>","Monhhairhan","Soum","Sum"
23910,149,"MNG","Mongolia",13,"Hovd",189,"Möst","	<U+041C><U+04E9><U+0441><U+0442>","Most","Soum","Sum"
23911,149,"MNG","Mongolia",13,"Hovd",190,"Myangad","<U+041C><U+044F><U+043D><U+0433><U+0430><U+0434>","","Soum","Sum"
23912,149,"MNG","Mongolia",13,"Hovd",191,"Tsetseg","	<U+0426><U+044D><U+0446><U+044D><U+0433>","","Soum","Sum"
23913,149,"MNG","Mongolia",13,"Hovd",192,"Üyench","	<U+04AE><U+0435><U+043D><U+0447>","Uyench","Soum","Sum"
23914,149,"MNG","Mongolia",13,"Hovd",193,"Zereg","	<U+0417><U+044D><U+0440><U+044D><U+0433>","","Soum","Sum"
23915,149,"MNG","Mongolia",14,"Hövsgöl",194,"Alag-Erdene","<U+0410><U+043B><U+0430><U+0433>-<U+042D><U+0440><U+0434><U+044D><U+043D><U+044D>","Khatgal","Soum","Sum"
23916,149,"MNG","Mongolia",14,"Hövsgöl",195,"Arbulag","<U+0410><U+0440><U+0431><U+0443><U+043B><U+0430><U+0433>","","Soum","Sum"
23917,149,"MNG","Mongolia",14,"Hövsgöl",196,"Bayanzürkh","<U+0411><U+0430><U+044F><U+043D><U+0437><U+04AF><U+0440><U+0445>","Bayanzurh","Soum","Sum"
23918,149,"MNG","Mongolia",14,"Hövsgöl",197,"Bürentogtokh","<U+0411><U+04AF><U+0440><U+044D><U+043D><U+0442><U+043E><U+0433><U+0442><U+043E><U+0445>","Burentogtoh","Soum","Sum"
23919,149,"MNG","Mongolia",14,"Hövsgöl",198,"Chandmani-Öndör","<U+0427><U+0430><U+043D><U+0434><U+043C><U+0430><U+043D><U+044C>-<U+04E8><U+043D><U+0434><U+04E9><U+0440>","Chandmani-Ondor","Soum","Sum"
23920,149,"MNG","Mongolia",14,"Hövsgöl",199,"Erdenebulgan","	<U+042D><U+0440><U+0434><U+044D><U+043D><U+044D><U+0431><U+0443><U+043B><U+0433><U+0430><U+043D>","","Soum","Sum"
23921,149,"MNG","Mongolia",14,"Hövsgöl",200,"Galt","<U+0413><U+0430><U+043B><U+0442>","","Soum","Sum"
23922,149,"MNG","Mongolia",14,"Hövsgöl",201,"Ikh-Uul","	<U+0418><U+0445>-<U+0423><U+0443><U+043B>","Ih-Uul","Soum","Sum"
23923,149,"MNG","Mongolia",14,"Hövsgöl",202,"Jargalant","<U+0416><U+0430><U+0440><U+0433><U+0430><U+043B><U+0430><U+043D><U+0442>","","Soum","Sum"
23924,149,"MNG","Mongolia",14,"Hövsgöl",203,"Khankh","	<U+0425><U+0430><U+043D><U+0445>","Hanh","Soum","Sum"
23925,149,"MNG","Mongolia",14,"Hövsgöl",204,"Khatgal","<U+0425><U+0430><U+0442><U+0433><U+0430><U+043B>","Hatgal","Soum","Sum"
23926,149,"MNG","Mongolia",14,"Hövsgöl",205,"Mörön","	<U+041C><U+04E9><U+0440><U+04E9><U+043D>","Moron","Soum","Sum"
23927,149,"MNG","Mongolia",14,"Hövsgöl",206,"Rashaant","<U+0420><U+0430><U+0448><U+0430><U+0430><U+043D><U+0442>","","Soum","Sum"
23928,149,"MNG","Mongolia",14,"Hövsgöl",207,"Renchinlkhümbe","<U+0420><U+044D><U+043D><U+0447><U+0438><U+043D><U+043B><U+0445><U+04AF><U+043C><U+0431><U+044D>","Renchinlhumbe","Soum","Sum"
23929,149,"MNG","Mongolia",14,"Hövsgöl",208,"Shine-Ider","<U+0428><U+0438><U+043D><U+044D>-<U+0418><U+0434><U+044D><U+0440>","","Soum","Sum"
23930,149,"MNG","Mongolia",14,"Hövsgöl",209,"Tarialan","<U+0422><U+0430><U+0440><U+0438><U+0430><U+043B><U+0430><U+043D>","","Soum","Sum"
23931,149,"MNG","Mongolia",14,"Hövsgöl",210,"Tömörbulag","<U+0422><U+04E9><U+043C><U+04E9><U+0440><U+0431><U+0443><U+043B><U+0430><U+0433>","Tomorbulag","Soum","Sum"
23932,149,"MNG","Mongolia",14,"Hövsgöl",211,"Tosontsengel","<U+0422><U+043E><U+0441><U+043E><U+043D><U+0446><U+044D><U+043D><U+0433><U+044D><U+043B>","","Soum","Sum"
23933,149,"MNG","Mongolia",14,"Hövsgöl",212,"Tsagaan-Uul","<U+0426><U+0430><U+0433><U+0430><U+0430><U+043D>-<U+0423><U+0443><U+043B>","","Soum","Sum"
23934,149,"MNG","Mongolia",14,"Hövsgöl",213,"Tsagaan-Üür","	<U+0426><U+0430><U+0433><U+0430><U+0430><U+043D>-<U+04AE><U+04AF><U+0440>","Tsagaan-Uur","Soum","Sum"
23935,149,"MNG","Mongolia",14,"Hövsgöl",214,"Tsagaannuur","<U+0426><U+0430><U+0433><U+0430><U+0430><U+043D><U+043D><U+0443><U+0443><U+0440>","","Soum","Sum"
23936,149,"MNG","Mongolia",14,"Hövsgöl",215,"Tsetserleg","<U+0426><U+044D><U+0446><U+044D><U+0440><U+043B><U+044D><U+0433>","","Soum","Sum"
23937,149,"MNG","Mongolia",14,"Hövsgöl",216,"Tünel","	<U+0422><U+04AF><U+043D><U+044D><U+043B>","Tunel","Soum","Sum"
23938,149,"MNG","Mongolia",14,"Hövsgöl",217,"Ulaan-Uul","<U+0423><U+043B><U+0430><U+0430><U+043D>-<U+0423><U+0443><U+043B>","","Soum","Sum"
23939,149,"MNG","Mongolia",15,"Ömnögovi",218,"Bayan-Ovoo","<U+0411><U+0430><U+044F><U+043D>-<U+041E><U+0432><U+043E><U+043E>","","Soum","Sum"
23940,149,"MNG","Mongolia",15,"Ömnögovi",219,"Bayandalai","<U+0411><U+0430><U+044F><U+043D><U+0434><U+0430><U+043B><U+0430><U+0439>","","Soum","Sum"
23941,149,"MNG","Mongolia",15,"Ömnögovi",220,"Bulgan","	<U+0411><U+0443><U+043B><U+0433><U+0430><U+043D>","","Soum","Sum"
23942,149,"MNG","Mongolia",15,"Ömnögovi",221,"Dalanzadgad","	<U+0414><U+0430><U+043B><U+0430><U+043D><U+0437><U+0430><U+0434><U+0433><U+0430><U+0434>","","Soum","Sum"
23943,149,"MNG","Mongolia",15,"Ömnögovi",222,"Gurvan tes","	<U+0413><U+0443><U+0440><U+0432><U+0430><U+043D> <U+0442><U+044D><U+0441>","Gurvantes","Soum","Sum"
23944,149,"MNG","Mongolia",15,"Ömnögovi",223,"Khan khongor","<U+0425><U+0430><U+043D> <U+0445><U+043E><U+043D><U+0433><U+043E><U+0440>","Hanhongor","Soum","Sum"
23945,149,"MNG","Mongolia",15,"Ömnögovi",224,"Khanbogd","<U+0425><U+0430><U+043D><U+0431><U+043E><U+0433><U+0434>","Hanbogd","Soum","Sum"
23946,149,"MNG","Mongolia",15,"Ömnögovi",225,"Khürmen","<U+0425><U+04AF><U+0440><U+043C><U+044D><U+043D>","Hurmen","Soum","Sum"
23947,149,"MNG","Mongolia",15,"Ömnögovi",226,"Mandal-Ovoo","<U+041C><U+0430><U+043D><U+0434><U+0430><U+043B>-<U+041E><U+0432><U+043E><U+043E>","","Soum","Sum"
23948,149,"MNG","Mongolia",15,"Ömnögovi",227,"Manlai","<U+041C><U+0430><U+043D><U+043B><U+0430><U+0439>","","Soum","Sum"
23949,149,"MNG","Mongolia",15,"Ömnögovi",228,"Nomgon","	<U+041D><U+043E><U+043C><U+0433><U+043E><U+043D>","","Soum","Sum"
23950,149,"MNG","Mongolia",15,"Ömnögovi",229,"Noyon","<U+041D><U+043E><U+0451><U+043D>","","Soum","Sum"
23951,149,"MNG","Mongolia",15,"Ömnögovi",230,"Sevrei","	<U+0421><U+044D><U+0432><U+0440><U+044D><U+0439>","","Soum","Sum"
23952,149,"MNG","Mongolia",15,"Ömnögovi",231,"Tsogt-Ovoo","<U+0426><U+043E><U+0433><U+0442>-<U+041E><U+0432><U+043E><U+043E>","","Soum","Sum"
23953,149,"MNG","Mongolia",15,"Ömnögovi",232,"Tsogttsetsii","<U+0426><U+043E><U+0433><U+0442><U+0446><U+044D><U+0446><U+0438><U+0439>","","Soum","Sum"
23954,149,"MNG","Mongolia",16,"Orhon",233,"Bayan-Öndör","<U+0411><U+0430><U+044F><U+043D>-<U+04E8><U+043D><U+0434><U+04E9><U+0440>","Bayan-Under","Soum","Sum"
23955,149,"MNG","Mongolia",16,"Orhon",234,"Jargalant","	<U+0416><U+0430><U+0440><U+0433><U+0430><U+043B><U+0430><U+043D><U+0442>","","Soum","Sum"
23956,149,"MNG","Mongolia",17,"Övörhangay",235,"Arvaikheer","<U+0410><U+0440><U+0432><U+0430><U+0439><U+0445><U+044D><U+044D><U+0440>","Arvaiheer","Soum","Sum"
23957,149,"MNG","Mongolia",18,"Selenge",259,"Khushaat","<U+0425><U+0443><U+0448><U+0430><U+0430><U+0442>","Huzhaat","Soum","Sum"
23958,149,"MNG","Mongolia",18,"Selenge",260,"Mandal","<U+041C><U+0430><U+043D><U+0434><U+0430><U+043B>","","Soum","Sum"
23959,149,"MNG","Mongolia",18,"Selenge",261,"Orkhon","<U+041E><U+0440><U+0445><U+043E><U+043D>","Orhon","Soum","Sum"
23960,149,"MNG","Mongolia",18,"Selenge",262,"Orkhontuul","<U+041E><U+0440><U+0445><U+043E><U+043D><U+0442><U+0443><U+0443><U+043B>","Orhontuul","Soum","Sum"
23961,149,"MNG","Mongolia",18,"Selenge",263,"Sant","<U+0421><U+0430><U+043D><U+0442>","","Soum","Sum"
23962,149,"MNG","Mongolia",18,"Selenge",264,"Saykhan","<U+0421><U+0430><U+0439><U+0445><U+0430><U+043D>","Saihan","Soum","Sum"
23963,149,"MNG","Mongolia",18,"Selenge",265,"Shaamar","<U+0428><U+0430><U+0430><U+043C><U+0430><U+0440>","","Soum","Sum"
23964,149,"MNG","Mongolia",18,"Selenge",266,"Tsagaannuur","<U+0426><U+0430><U+0433><U+0430><U+0430><U+043D><U+043D><U+0443><U+0443><U+0440>","","Soum","Sum"
23965,149,"MNG","Mongolia",18,"Selenge",267,"Tüshig","	<U+0422><U+04AF><U+0448><U+0438><U+0433>","Tushig","Soum","Sum"
23966,149,"MNG","Mongolia",18,"Selenge",268,"Yeröö","<U+0415><U+0440><U+04E9><U+04E9>","Yeroo","Soum","Sum"
23967,149,"MNG","Mongolia",18,"Selenge",269,"Züünbüren","	<U+0417><U+04AF><U+04AF><U+043D><U+0431><U+04AF><U+0440><U+044D><U+043D>","Zuunburen","Soum","Sum"
23968,149,"MNG","Mongolia",19,"Sühbaatar",270,"Airag","","","Soum","Sum"
23969,149,"MNG","Mongolia",19,"Sühbaatar",271,"Asgat","<U+0410><U+0441><U+0433><U+0430><U+0442>","","Soum","Sum"
23970,149,"MNG","Mongolia",19,"Sühbaatar",272,"Bayandelger","<U+0411><U+0430><U+044F><U+043D><U+0434><U+044D><U+043B><U+0433><U+044D><U+0440>","","Soum","Sum"
23971,149,"MNG","Mongolia",19,"Sühbaatar",273,"Dariganga","	<U+0414><U+0430><U+0440><U+044C><U+0433><U+0430><U+043D><U+0433><U+0430>","","Soum","Sum"
23972,149,"MNG","Mongolia",19,"Sühbaatar",274,"Erdenetsagaan","<U+042D><U+0440><U+0434><U+044D><U+043D><U+044D><U+0446><U+0430><U+0433><U+0430><U+0430><U+043D>","","Soum","Sum"
23973,149,"MNG","Mongolia",19,"Sühbaatar",275,"Khalzan","<U+0425><U+0430><U+043B><U+0437><U+0430><U+043D>","Halzan","Soum","Sum"
23974,149,"MNG","Mongolia",19,"Sühbaatar",276,"Naran","<U+041D><U+0430><U+0440><U+0430><U+043D>","","Soum","Sum"
23975,149,"MNG","Mongolia",19,"Sühbaatar",277,"Ongon","<U+041E><U+043D><U+0433><U+043E><U+043D>","","Soum","Sum"
23976,149,"MNG","Mongolia",19,"Sühbaatar",278,"Sükhbaatar","<U+0421><U+04AF><U+0445><U+0431><U+0430><U+0430><U+0442><U+0430><U+0440>","Suhbaatar","Soum","Sum"
23977,149,"MNG","Mongolia",19,"Sühbaatar",279,"Tümentsogt","<U+0422><U+04AF><U+043C><U+044D><U+043D><U+0446><U+043E><U+0433><U+0442>","Tumentsogt","Soum","Sum"
23978,149,"MNG","Mongolia",19,"Sühbaatar",280,"Tüvshinshiree","<U+0422><U+04AF><U+0432><U+0448><U+0438><U+043D><U+0448><U+0438><U+0440><U+044D><U+044D>","Tuvshinshiree","Soum","Sum"
23979,149,"MNG","Mongolia",19,"Sühbaatar",281,"Uulbayan","<U+0423><U+0443><U+043B><U+0431><U+0430><U+044F><U+043D>","","Soum","Sum"
23980,149,"MNG","Mongolia",20,"Töv",282,"Altanbulag","<U+0410><U+043B><U+0442><U+0430><U+043D><U+0431><U+0443><U+043B><U+0430><U+0433>","","Soum","Sum"
23981,149,"MNG","Mongolia",20,"Töv",283,"Argalant","<U+0410><U+0440><U+0433><U+0430><U+043B><U+0430><U+043D><U+0442>","","Soum","Sum"
23982,149,"MNG","Mongolia",20,"Töv",284,"Arkhust","<U+0410><U+0440><U+0445><U+0443><U+0441><U+0442>","Arhust","Soum","Sum"
23983,149,"MNG","Mongolia",20,"Töv",285,"Batsümber","<U+0411><U+0430><U+0442><U+0441><U+04AF><U+043C><U+0431><U+044D><U+0440>","Batsumber","Soum","Sum"
23984,149,"MNG","Mongolia",20,"Töv",286,"Bayan-Önjüül","<U+0411><U+0430><U+044F><U+043D>-<U+04E8><U+043D><U+0436><U+04AF><U+04AF><U+043B>","Bayan-Onjuul","Soum","Sum"
23985,149,"MNG","Mongolia",20,"Töv",287,"Bayan","	<U+0411><U+0430><U+044F><U+043D>","","Soum","Sum"
23986,149,"MNG","Mongolia",20,"Töv",288,"Bayanchandmani","	<U+0411><U+0430><U+044F><U+043D><U+0447><U+0430><U+043D><U+0434><U+043C><U+0430><U+043D><U+044C>","","Soum","Sum"
23987,149,"MNG","Mongolia",20,"Töv",289,"Bayandelger","<U+0411><U+0430><U+044F><U+043D><U+0434><U+044D><U+043B><U+0433><U+044D><U+0440>","","Soum","Sum"
23988,149,"MNG","Mongolia",20,"Töv",290,"Bayanjargalan","<U+0411><U+0430><U+044F><U+043D><U+0436><U+0430><U+0440><U+0433><U+0430><U+043B><U+0430><U+043D>","","Soum","Sum"
23989,149,"MNG","Mongolia",20,"Töv",291,"Bayankhangai","<U+0411><U+0430><U+044F><U+043D><U+0445><U+0430><U+043D><U+0433><U+0430><U+0439>","","Soum","Sum"
23990,149,"MNG","Mongolia",20,"Töv",292,"Bayantsagaan","<U+0411><U+0430><U+044F><U+043D><U+0446><U+0430><U+0433><U+0430><U+0430><U+043D>","","Soum","Sum"
23991,149,"MNG","Mongolia",20,"Töv",293,"Bayantsogt","	<U+0411><U+0430><U+044F><U+043D><U+0446><U+043E><U+0433><U+0442>","","Soum","Sum"
23992,149,"MNG","Mongolia",20,"Töv",294,"Bornuur","<U+0411><U+043E><U+0440><U+043D><U+0443><U+0443><U+0440>","","Soum","Sum"
23993,149,"MNG","Mongolia",20,"Töv",295,"Büren","<U+0411><U+04AF><U+0440><U+044D><U+043D>","Buren","Soum","Sum"
23994,149,"MNG","Mongolia",20,"Töv",296,"Delgerkhaan","<U+0414><U+044D><U+043B><U+0433><U+044D><U+0440><U+0445><U+0430><U+0430><U+043D>","Delgerhaan","Soum","Sum"
23995,149,"MNG","Mongolia",20,"Töv",297,"Erdene","<U+042D><U+0440><U+0434><U+044D><U+043D><U+044D>","","Soum","Sum"
23996,149,"MNG","Mongolia",20,"Töv",298,"Erdenesant","<U+042D><U+0440><U+0434><U+044D><U+043D><U+044D><U+0441><U+0430><U+043D><U+0442>","","Soum","Sum"
23997,149,"MNG","Mongolia",20,"Töv",299,"Jargalant","<U+0416><U+0430><U+0440><U+0433><U+0430><U+043B><U+0430><U+043D><U+0442>","","Soum","Sum"
23998,149,"MNG","Mongolia",20,"Töv",300,"Lün","<U+041B><U+04AF><U+043D>","Lun","Soum","Sum"
23999,149,"MNG","Mongolia",20,"Töv",301,"Möngönmorit","<U+041C><U+04E9><U+043D><U+0433><U+04E9><U+043D><U+043C><U+043E><U+0440><U+044C><U+0442>","Mongonmorit","Soum","Sum"
24000,149,"MNG","Mongolia",20,"Töv",302,"Öndörshireet","<U+04E8><U+043D><U+0434><U+04E9><U+0440><U+0448><U+0438><U+0440><U+044D><U+044D><U+0442>","Ondorshireet","Soum","Sum"
24001,149,"MNG","Mongolia",20,"Töv",303,"Sergelen","<U+0421><U+044D><U+0440><U+0433><U+044D><U+043B><U+044D><U+043D>","","Soum","Sum"
24002,149,"MNG","Mongolia",20,"Töv",304,"Sümber","<U+0421><U+04AF><U+043C><U+0431><U+044D><U+0440>","Sumber","Soum","Sum"
24003,149,"MNG","Mongolia",20,"Töv",305,"Tseel","<U+0426><U+044D><U+044D><U+043B>","","Soum","Sum"
24004,149,"MNG","Mongolia",20,"Töv",306,"Ugtaal","<U+0423><U+0433><U+0442><U+0430><U+0430><U+043B>","","Soum","Sum"
24005,149,"MNG","Mongolia",20,"Töv",307,"Zaamar","<U+0417><U+0430><U+0430><U+043C><U+0430><U+0440>","","Soum","Sum"
24006,149,"MNG","Mongolia",21,"Ulaanbaatar",308,"Ulan Bator","","","Soum","Sum"
24007,149,"MNG","Mongolia",22,"Uvs",309,"Baruuntutuun","<U+0411><U+0430><U+0440><U+0443><U+0443><U+043D><U+0442><U+0443><U+0440><U+0443><U+0443><U+043D>","Baruunturuun","Soum","Sum"
24008,149,"MNG","Mongolia",22,"Uvs",310,"Bökhmörön","<U+0411><U+0275><U+0445><U+043C><U+0275><U+0440><U+0275><U+043D>","Bohmoron","Soum","Sum"
24009,149,"MNG","Mongolia",22,"Uvs",311,"Davst","<U+0414><U+0430><U+0432><U+0441><U+0442>","","Soum","Sum"
24010,149,"MNG","Mongolia",22,"Uvs",312,"Khovd","<U+0425><U+043E><U+0432><U+0434>","Hovd","Soum","Sum"
24011,149,"MNG","Mongolia",22,"Uvs",313,"Khyargas","<U+0425><U+044F><U+0440><U+0433><U+0430><U+0441>","Hyargas","Soum","Sum"
24012,149,"MNG","Mongolia",22,"Uvs",314,"Malchin","<U+041C><U+0430><U+043B><U+0447><U+0438><U+043D>","","Soum","Sum"
24013,149,"MNG","Mongolia",22,"Uvs",315,"Naranbulag","<U+041D><U+0430><U+0440><U+0430><U+043D><U+0431><U+0443><U+043B><U+0430><U+0433>","","Soum","Sum"
24014,149,"MNG","Mongolia",22,"Uvs",316,"Ölgii","<U+03B8><U+043B><U+0433><U+0438><U+0439>","Olgii","Soum","Sum"
24015,149,"MNG","Mongolia",22,"Uvs",317,"Ömnögovi","<U+03B8><U+043C><U+043D><U+0275><U+0433><U+043E><U+0432><U+044C>","Omnogovi","Soum","Sum"
24016,149,"MNG","Mongolia",22,"Uvs",318,"Öndörkhangai","<U+03B8><U+043D><U+0434><U+0275><U+0440><U+0445><U+0430><U+043D><U+0433><U+0430><U+0439>","Ondorhangai","Soum","Sum"
24017,149,"MNG","Mongolia",22,"Uvs",319,"Sagil","<U+0421><U+0430><U+0433><U+0438><U+043B>","","Soum","Sum"
24018,149,"MNG","Mongolia",22,"Uvs",320,"Tarialan","<U+0422><U+0430><U+0440><U+0438><U+0430><U+043B><U+0430><U+043D>","Tarialin","Soum","Sum"
24019,149,"MNG","Mongolia",22,"Uvs",321,"Tes","	<U+0422><U+044D><U+0441>","","Soum","Sum"
24020,149,"MNG","Mongolia",22,"Uvs",322,"Tsagaanhairhan","<U+0426><U+0430><U+0433><U+0430><U+0430><U+043D><U+0445><U+0430><U+0439><U+0440><U+0445><U+0430><U+043D>","","Soum","Sum"
24021,149,"MNG","Mongolia",22,"Uvs",323,"Türgen","<U+0422><U+03B3><U+0440><U+0433><U+044D><U+043D>","Turgen","Soum","Sum"
24022,149,"MNG","Mongolia",22,"Uvs",324,"Ulaangom","<U+0423><U+043B><U+0430><U+0430><U+043D><U+0433><U+043E><U+043C>","","Soum","Sum"
24023,149,"MNG","Mongolia",22,"Uvs",325,"Zavkhan","	<U+0417><U+0430><U+0432><U+0445><U+0430><U+043D>","Zavhan","Soum","Sum"
24024,149,"MNG","Mongolia",22,"Uvs",326,"Züüngovi","	<U+0417><U+03B3><U+03B3><U+043D><U+0433><U+043E><U+0432><U+044C>","Zuungovi","Soum","Sum"
24025,149,"MNG","Mongolia",22,"Uvs",327,"Züünkhangai","<U+0417><U+03B3><U+03B3><U+043D><U+0445><U+0430><U+043D><U+0433><U+0430><U+0439>","Zuunhangai","Soum","Sum"
