"PID","ID_0","ISO","NAME_0","ID_1","NAME_1","NL_NAME_1","VARNAME_1","TYPE_1","ENGTYPE_1"
1157,71,"GNQ","Equatorial Guinea",1,"Annobón","","","Provincia","Province"
1158,71,"GNQ","Equatorial Guinea",2,"Bioko Norte","","","Provincia","Province"
1159,71,"GNQ","Equatorial Guinea",3,"Bioko Sur","","","Provincia","Province"
1160,71,"GNQ","Equatorial Guinea",4,"Centro Sur","","","Provincia","Province"
1161,71,"GNQ","Equatorial Guinea",5,"Kié-Ntem","","","Provincia","Province"
1162,71,"GNQ","Equatorial Guinea",6,"Litoral","","","Provincia","Province"
1163,71,"GNQ","Equatorial Guinea",7,"Wele-Nzás","","","Provincia","Province"
