"PID","ID_0","ISO","NAME_0","ID_1","NAME_1","ID_2","NAME_2","ID_3","NAME_3","NL_NAME_3","VARNAME_3","TYPE_3","ENGTYPE_3"
43539,154,"MMR","Myanmar",7,"Magway",22,"Pakokku",107,"Gangaw","","","Village|Township","Village|Township"
43540,154,"MMR","Myanmar",7,"Magway",22,"Pakokku",108,"Htilin","","","Village|Township","Village|Township"
43541,154,"MMR","Myanmar",7,"Magway",22,"Pakokku",109,"Myaing","","","Village|Township","Village|Township"
43542,154,"MMR","Myanmar",7,"Magway",22,"Pakokku",110,"Pakokku","","","Village|Township","Village|Township"
43543,154,"MMR","Myanmar",7,"Magway",22,"Pakokku",111,"Pauk","","","Village|Township","Village|Township"
43544,154,"MMR","Myanmar",7,"Magway",22,"Pakokku",112,"Saw","","","Village|Township","Village|Township"
43545,154,"MMR","Myanmar",7,"Magway",22,"Pakokku",113,"Seikpyu","","","Village|Township","Village|Township"
43546,154,"MMR","Myanmar",7,"Magway",22,"Pakokku",114,"Yesagyo","","","Village|Township","Village|Township"
43547,154,"MMR","Myanmar",7,"Magway",23,"Thayetmyo",115,"Kama","","","Village|Township","Village|Township"
43548,154,"MMR","Myanmar",7,"Magway",23,"Thayetmyo",116,"Mindon","","","Village|Township","Village|Township"
43549,154,"MMR","Myanmar",7,"Magway",23,"Thayetmyo",117,"Minhla","","","Village|Township","Village|Township"
43550,154,"MMR","Myanmar",7,"Magway",23,"Thayetmyo",118,"Myayde (Aunglan)","","","Village|Township","Village|Township"
43551,154,"MMR","Myanmar",7,"Magway",23,"Thayetmyo",119,"Sinbaungwe (Tantabin)","","","Village|Township","Village|Township"
43552,154,"MMR","Myanmar",7,"Magway",23,"Thayetmyo",120,"Thayet","","","Village|Township","Village|Township"
43553,154,"MMR","Myanmar",8,"Mandalay",24,"Kyaukse",121,"Kyaukse","","","Village|Township","Village|Township"
43554,154,"MMR","Myanmar",8,"Mandalay",24,"Kyaukse",122,"Myitha","","","Village|Township","Village|Township"
43555,154,"MMR","Myanmar",8,"Mandalay",24,"Kyaukse",123,"Singaing","","","Village|Township","Village|Township"
43556,154,"MMR","Myanmar",8,"Mandalay",24,"Kyaukse",124,"Tada-U","","","Village|Township","Village|Township"
43557,154,"MMR","Myanmar",8,"Mandalay",25,"Mandalay",125,"Amarapura","","","Village|Township","Village|Township"
43558,154,"MMR","Myanmar",11,"Sagaing",39,"Katha",184,"Kawlin","","","Village|Township","Village|Township"
43559,154,"MMR","Myanmar",11,"Sagaing",39,"Katha",185,"Pinlebu","","","Village|Township","Village|Township"
43560,154,"MMR","Myanmar",11,"Sagaing",39,"Katha",186,"Tigyaing","","","Village|Township","Village|Township"
43561,154,"MMR","Myanmar",11,"Sagaing",39,"Katha",187,"Wuntho","","","Village|Township","Village|Township"
43562,154,"MMR","Myanmar",11,"Sagaing",40,"Mawleik",188,"Mawlaik","","","Village|Township","Village|Township"
43563,154,"MMR","Myanmar",11,"Sagaing",40,"Mawleik",189,"Phaungbyin","","","Village|Township","Village|Township"
43564,154,"MMR","Myanmar",11,"Sagaing",41,"Monywa",190,"Ayadaw","","","Village|Township","Village|Township"
43565,154,"MMR","Myanmar",11,"Sagaing",41,"Monywa",191,"Budalin","","","Village|Township","Village|Township"
43566,154,"MMR","Myanmar",11,"Sagaing",41,"Monywa",192,"Chaung-U","","","Village|Township","Village|Township"
43567,154,"MMR","Myanmar",11,"Sagaing",41,"Monywa",193,"Kani","","","Village|Township","Village|Township"
43568,154,"MMR","Myanmar",11,"Sagaing",41,"Monywa",194,"Monywa","","","Village|Township","Village|Township"
43569,154,"MMR","Myanmar",11,"Sagaing",41,"Monywa",195,"Pale","","","Village|Township","Village|Township"
43570,154,"MMR","Myanmar",11,"Sagaing",41,"Monywa",196,"Salingyi","","","Village|Township","Village|Township"
43571,154,"MMR","Myanmar",11,"Sagaing",41,"Monywa",197,"Yinmabin","","","Village|Township","Village|Township"
43572,154,"MMR","Myanmar",11,"Sagaing",42,"Sagaing",198,"Myaung","","","Village|Township","Village|Township"
43573,154,"MMR","Myanmar",11,"Sagaing",42,"Sagaing",199,"Myinmu","","","Village|Township","Village|Township"
43574,154,"MMR","Myanmar",11,"Sagaing",42,"Sagaing",200,"Ngazun","","","Village|Township","Village|Township"
43575,154,"MMR","Myanmar",11,"Sagaing",42,"Sagaing",201,"Sagaing","","","Village|Township","Village|Township"
43576,154,"MMR","Myanmar",11,"Sagaing",43,"Shwebo",202,"Kanbalu","","","Village|Township","Village|Township"
43577,154,"MMR","Myanmar",11,"Sagaing",43,"Shwebo",203,"Khin-U","","","Village|Township","Village|Township"
48103,154,"MMR","Myanmar",1,"Ayeyarwady",1,"Bassein",1,"Bassein West","","","Village|Township","Village|Township"
48104,154,"MMR","Myanmar",1,"Ayeyarwady",1,"Bassein",2,"Kyaunggon","","","Village|Township","Village|Township"
48105,154,"MMR","Myanmar",1,"Ayeyarwady",1,"Bassein",3,"Kyonpyaw","","","Village|Township","Village|Township"
48106,154,"MMR","Myanmar",1,"Ayeyarwady",1,"Bassein",4,"Ngaputaw","","","Village|Township","Village|Township"
48107,154,"MMR","Myanmar",1,"Ayeyarwady",1,"Bassein",5,"Thabaung","","","Village|Township","Village|Township"
48108,154,"MMR","Myanmar",1,"Ayeyarwady",1,"Bassein",6,"Yegyi","","","Village|Township","Village|Township"
48109,154,"MMR","Myanmar",1,"Ayeyarwady",2,"Hinthada",7,"Danubyu","","","Village|Township","Village|Township"
48110,154,"MMR","Myanmar",1,"Ayeyarwady",2,"Hinthada",8,"Henzada","","Hinthada","Village|Township","Village|Township"
48111,154,"MMR","Myanmar",1,"Ayeyarwady",2,"Hinthada",9,"Ingapu","","","Village|Township","Village|Township"
48112,154,"MMR","Myanmar",1,"Ayeyarwady",2,"Hinthada",10,"Kyangin","","Kyankhin","Village|Township","Village|Township"
48113,154,"MMR","Myanmar",1,"Ayeyarwady",2,"Hinthada",11,"Lemyethna","","Laymyethna","Village|Township","Village|Township"
48114,154,"MMR","Myanmar",1,"Ayeyarwady",2,"Hinthada",12,"Myanaung","","","Village|Township","Village|Township"
48115,154,"MMR","Myanmar",1,"Ayeyarwady",2,"Hinthada",13,"Zalun","","","Village|Township","Village|Township"
48116,154,"MMR","Myanmar",1,"Ayeyarwady",3,"Maubin",14,"Danubyu","","Danuphyu","Village|Township","Village|Township"
48117,154,"MMR","Myanmar",1,"Ayeyarwady",3,"Maubin",15,"Irrawaddy","","","Village|Township","Village|Township"
48118,154,"MMR","Myanmar",1,"Ayeyarwady",3,"Maubin",16,"Ma-Ubin","","Maubin","Village|Township","Village|Township"
48119,154,"MMR","Myanmar",1,"Ayeyarwady",3,"Maubin",17,"Pantanaw","","","Village|Township","Village|Township"
48120,154,"MMR","Myanmar",1,"Ayeyarwady",3,"Maubin",18,"Yandoon","","Nyaungdon","Village|Township","Village|Township"
48121,154,"MMR","Myanmar",1,"Ayeyarwady",4,"Myoungmya",19,"Einme","","","Village|Township","Village|Township"
48122,154,"MMR","Myanmar",1,"Ayeyarwady",4,"Myoungmya",20,"Labutta","","","Village|Township","Village|Township"
48123,154,"MMR","Myanmar",1,"Ayeyarwady",4,"Myoungmya",21,"Moulmeingyun","","Mawlamyinegyun","Village|Township","Village|Township"
48124,154,"MMR","Myanmar",1,"Ayeyarwady",4,"Myoungmya",22,"Myaungmya","","","Village|Township","Village|Township"
48125,154,"MMR","Myanmar",1,"Ayeyarwady",4,"Myoungmya",23,"Wakema","","","Village|Township","Village|Township"
48126,154,"MMR","Myanmar",1,"Ayeyarwady",5,"Pharpon",24,"Bogale","","Bogalay","Village|Township","Village|Township"
48127,154,"MMR","Myanmar",1,"Ayeyarwady",5,"Pharpon",25,"Dedaye","","","Village|Township","Village|Township"
48128,154,"MMR","Myanmar",1,"Ayeyarwady",5,"Pharpon",26,"Kyaiklat","","","Village|Township","Village|Township"
48129,154,"MMR","Myanmar",1,"Ayeyarwady",5,"Pharpon",27,"Pyapon","","","Village|Township","Village|Township"
48130,154,"MMR","Myanmar",2,"Bago",6,"Pegu",28,"Bago (Pegu)","","","Village|Township","Village|Township"
48131,154,"MMR","Myanmar",2,"Bago",6,"Pegu",29,"Daik-U","","","Village|Township","Village|Township"
48132,154,"MMR","Myanmar",2,"Bago",6,"Pegu",30,"Kawa","","","Village|Township","Village|Township"
48133,154,"MMR","Myanmar",2,"Bago",6,"Pegu",31,"Kyauktaga","","","Village|Township","Village|Township"
48134,154,"MMR","Myanmar",2,"Bago",6,"Pegu",32,"Nyaungiebin","","","Village|Township","Village|Township"
48135,154,"MMR","Myanmar",2,"Bago",6,"Pegu",33,"Shwegyin","","","Village|Township","Village|Township"
48136,154,"MMR","Myanmar",2,"Bago",6,"Pegu",34,"Thanatpin","","","Village|Township","Village|Township"
48137,154,"MMR","Myanmar",2,"Bago",6,"Pegu",35,"Waw","","","Village|Township","Village|Township"
48138,154,"MMR","Myanmar",2,"Bago",7,"Pyay",36,"Padaung","","","Village|Township","Village|Township"
48139,154,"MMR","Myanmar",2,"Bago",7,"Pyay",37,"Paukkaung","","","Village|Township","Village|Township"
48140,154,"MMR","Myanmar",2,"Bago",7,"Pyay",38,"Paungde","","","Village|Township","Village|Township"
48141,154,"MMR","Myanmar",2,"Bago",7,"Pyay",39,"Prome","","","Village|Township","Village|Township"
48142,154,"MMR","Myanmar",2,"Bago",7,"Pyay",40,"Shwedaung","","","Village|Township","Village|Township"
48143,154,"MMR","Myanmar",2,"Bago",7,"Pyay",41,"Thegon","","","Village|Township","Village|Township"
48144,154,"MMR","Myanmar",2,"Bago",8,"Taungoo",42,"Kyaukki","","","Village|Township","Village|Township"
48145,154,"MMR","Myanmar",2,"Bago",8,"Taungoo",43,"Oktwin","","","Village|Township","Village|Township"
48146,154,"MMR","Myanmar",2,"Bago",8,"Taungoo",44,"Pyu","","","Village|Township","Village|Township"
48147,154,"MMR","Myanmar",2,"Bago",8,"Taungoo",45,"Tantabin","","","Village|Township","Village|Township"
48148,154,"MMR","Myanmar",2,"Bago",8,"Taungoo",46,"Thoungoo","","","Village|Township","Village|Township"
48149,154,"MMR","Myanmar",2,"Bago",8,"Taungoo",47,"Yedashe","","","Village|Township","Village|Township"
48150,154,"MMR","Myanmar",2,"Bago",9,"Thayarwady",48,"Gyobingauk","","","Village|Township","Village|Township"
48151,154,"MMR","Myanmar",2,"Bago",9,"Thayarwady",49,"Letpatan","","","Village|Township","Village|Township"
48152,154,"MMR","Myanmar",2,"Bago",9,"Thayarwady",50,"Minhla","","","Village|Township","Village|Township"
48153,154,"MMR","Myanmar",2,"Bago",9,"Thayarwady",51,"Monyo","","","Village|Township","Village|Township"
48154,154,"MMR","Myanmar",2,"Bago",9,"Thayarwady",52,"Nattalin","","","Village|Township","Village|Township"
48155,154,"MMR","Myanmar",2,"Bago",9,"Thayarwady",53,"Okpo","","","Village|Township","Village|Township"
48156,154,"MMR","Myanmar",2,"Bago",9,"Thayarwady",54,"Tharrawaddy","","","Village|Township","Village|Township"
48157,154,"MMR","Myanmar",2,"Bago",9,"Thayarwady",55,"Zigon","","","Village|Township","Village|Township"
48158,154,"MMR","Myanmar",3,"Chin",10,"Mindat",56,"Kanpetlet","","","Village|Township","Village|Township"
48159,154,"MMR","Myanmar",3,"Chin",10,"Mindat",57,"Matupi","","","Village|Township","Village|Township"
48160,154,"MMR","Myanmar",3,"Chin",10,"Mindat",58,"Mindat","","","Village|Township","Village|Township"
48161,154,"MMR","Myanmar",3,"Chin",10,"Mindat",59,"Paletwa","","","Village|Township","Village|Township"
48162,154,"MMR","Myanmar",3,"Chin",11,"Palam",60,"Falam","","","Village|Township","Village|Township"
48163,154,"MMR","Myanmar",3,"Chin",11,"Palam",61,"Haka","","","Village|Township","Village|Township"
48164,154,"MMR","Myanmar",3,"Chin",11,"Palam",62,"Thlangtlang","","Htlantlang","Village|Township","Village|Township"
48165,154,"MMR","Myanmar",3,"Chin",11,"Palam",63,"Tiddim","","Tedim","Village|Township","Village|Township"
48166,154,"MMR","Myanmar",3,"Chin",11,"Palam",64,"Tonzang","","","Village|Township","Village|Township"
48167,154,"MMR","Myanmar",4,"Kachin",12,"Bhamo",65,"Bhamo","","","Village|Township","Village|Township"
48168,154,"MMR","Myanmar",4,"Kachin",12,"Bhamo",66,"Mansi","","","Village|Township","Village|Township"
48169,154,"MMR","Myanmar",4,"Kachin",12,"Bhamo",67,"Momauk","","","Village|Township","Village|Township"
48170,154,"MMR","Myanmar",4,"Kachin",12,"Bhamo",68,"Shwegu","","","Village|Township","Village|Township"
48171,154,"MMR","Myanmar",4,"Kachin",13,"Myitkyina",69,"Chipwi","","","Village|Township","Village|Township"
48172,154,"MMR","Myanmar",4,"Kachin",13,"Myitkyina",70,"Hsawlaw","","","Village|Township","Village|Township"
48173,154,"MMR","Myanmar",4,"Kachin",13,"Myitkyina",71,"Kamaing","","","Village|Township","Village|Township"
48174,154,"MMR","Myanmar",4,"Kachin",13,"Myitkyina",72,"Mogaung","","","Village|Township","Village|Township"
48175,154,"MMR","Myanmar",4,"Kachin",13,"Myitkyina",73,"Mohnyin","","","Village|Township","Village|Township"
48176,154,"MMR","Myanmar",4,"Kachin",13,"Myitkyina",74,"Myitkyina","","","Village|Township","Village|Township"
48177,154,"MMR","Myanmar",4,"Kachin",13,"Myitkyina",75,"Njangyang","","","Village|Township","Village|Township"
48178,154,"MMR","Myanmar",4,"Kachin",13,"Myitkyina",76,"Tanai","","","Village|Township","Village|Township"
48179,154,"MMR","Myanmar",4,"Kachin",13,"Myitkyina",77,"Waingmaw","","","Village|Township","Village|Township"
48180,154,"MMR","Myanmar",4,"Kachin",14,"Putao",78,"Khawbude","","","Village|Township","Village|Township"
48181,154,"MMR","Myanmar",4,"Kachin",14,"Putao",79,"Machanbaw","","","Village|Township","Village|Township"
48182,154,"MMR","Myanmar",4,"Kachin",14,"Putao",80,"Nogmung","","","Village|Township","Village|Township"
48183,154,"MMR","Myanmar",4,"Kachin",14,"Putao",81,"Putao","","","Village|Township","Village|Township"
48184,154,"MMR","Myanmar",4,"Kachin",14,"Putao",82,"Sumpranbum","","","Village|Township","Village|Township"
48185,154,"MMR","Myanmar",5,"Kayah",15,"Bawlake",83,"Bawlakhe","","","Village|Township","Village|Township"
48186,154,"MMR","Myanmar",5,"Kayah",15,"Bawlake",84,"Pasawng","","","Village|Township","Village|Township"
48187,154,"MMR","Myanmar",5,"Kayah",16,"Loikaw",85,"Dimawhso","","","Village|Township","Village|Township"
48188,154,"MMR","Myanmar",5,"Kayah",16,"Loikaw",86,"Hsataw","","","Village|Township","Village|Township"
48189,154,"MMR","Myanmar",5,"Kayah",16,"Loikaw",87,"Loi-Kaw","","","Village|Township","Village|Township"
48190,154,"MMR","Myanmar",5,"Kayah",16,"Loikaw",88,"Phruhso","","","Village|Township","Village|Township"
48191,154,"MMR","Myanmar",6,"Kayin",17,"Hpa-an",89,"Kawkareik","","","Village|Township","Village|Township"
48192,154,"MMR","Myanmar",6,"Kayin",17,"Hpa-an",90,"Kya-In Seikkyi","","","Village|Township","Village|Township"
48193,154,"MMR","Myanmar",6,"Kayin",18,"Kawkareik",91,"Hlaingbwe","","","Village|Township","Village|Township"
48194,154,"MMR","Myanmar",6,"Kayin",18,"Kawkareik",92,"Pa-An","","","Village|Township","Village|Township"
48195,154,"MMR","Myanmar",6,"Kayin",18,"Kawkareik",93,"Papun","","","Village|Township","Village|Township"
48196,154,"MMR","Myanmar",6,"Kayin",18,"Kawkareik",94,"Thandaung","","","Village|Township","Village|Township"
48197,154,"MMR","Myanmar",6,"Kayin",19,"Myawady",95,"Myawadi","","","Village|Township","Village|Township"
48198,154,"MMR","Myanmar",7,"Magway",20,"Magwe Minbu",96,"Chauk","","","Village|Township","Village|Township"
48199,154,"MMR","Myanmar",7,"Magway",20,"Magwe Minbu",97,"Magwe","","","Village|Township","Village|Township"
48200,154,"MMR","Myanmar",7,"Magway",20,"Magwe Minbu",98,"Myothit","","","Village|Township","Village|Township"
48201,154,"MMR","Myanmar",7,"Magway",20,"Magwe Minbu",99,"Natmauk","","","Village|Township","Village|Township"
48202,154,"MMR","Myanmar",7,"Magway",20,"Magwe Minbu",100,"Taungdwingyi","","","Village|Township","Village|Township"
48203,154,"MMR","Myanmar",7,"Magway",20,"Magwe Minbu",101,"Yenangyaung","","","Village|Township","Village|Township"
48204,154,"MMR","Myanmar",7,"Magway",21,"Minbu",102,"Minbu (Sagu)","","","Village|Township","Village|Township"
48205,154,"MMR","Myanmar",7,"Magway",21,"Minbu",103,"Ngape","","","Village|Township","Village|Township"
48206,154,"MMR","Myanmar",7,"Magway",21,"Minbu",104,"Pwinbyu","","","Village|Township","Village|Township"
48207,154,"MMR","Myanmar",7,"Magway",21,"Minbu",105,"Salin","","","Village|Township","Village|Township"
48208,154,"MMR","Myanmar",7,"Magway",21,"Minbu",106,"Sidoktaya","","","Village|Township","Village|Township"
48209,154,"MMR","Myanmar",8,"Mandalay",25,"Mandalay",126,"Mandalay","","","Village|Township","Village|Township"
48210,154,"MMR","Myanmar",8,"Mandalay",25,"Mandalay",127,"Maymyo","","","Village|Township","Village|Township"
48211,154,"MMR","Myanmar",8,"Mandalay",25,"Mandalay",128,"Patheingyi","","","Village|Township","Village|Township"
48212,154,"MMR","Myanmar",8,"Mandalay",26,"Meiktila",129,"Meiktila","","","Village|Township","Village|Township"
48213,154,"MMR","Myanmar",8,"Mandalay",26,"Meiktila",130,"Pyawbwe","","","Village|Township","Village|Township"
48214,154,"MMR","Myanmar",8,"Mandalay",26,"Meiktila",131,"Thazi","","","Village|Township","Village|Township"
48215,154,"MMR","Myanmar",8,"Mandalay",26,"Meiktila",132,"Wudwin","","","Village|Township","Village|Township"
48216,154,"MMR","Myanmar",8,"Mandalay",27,"Myingyan",133,"Kyaukpadaung","","","Village|Township","Village|Township"
48217,154,"MMR","Myanmar",8,"Mandalay",27,"Myingyan",134,"Mahlaing","","","Village|Township","Village|Township"
48218,154,"MMR","Myanmar",8,"Mandalay",27,"Myingyan",135,"Myingyan","","","Village|Township","Village|Township"
48219,154,"MMR","Myanmar",8,"Mandalay",27,"Myingyan",136,"Natogyi","","","Village|Township","Village|Township"
48220,154,"MMR","Myanmar",8,"Mandalay",27,"Myingyan",137,"Nyaungu","","","Village|Township","Village|Township"
48221,154,"MMR","Myanmar",8,"Mandalay",27,"Myingyan",138,"Taungtha","","","Village|Township","Village|Township"
48222,154,"MMR","Myanmar",8,"Mandalay",28,"Pyin-Oo-Lwin",139,"Madaya","","","Village|Township","Village|Township"
48223,154,"MMR","Myanmar",8,"Mandalay",28,"Pyin-Oo-Lwin",140,"Mogok","","","Village|Township","Village|Township"
48224,154,"MMR","Myanmar",8,"Mandalay",28,"Pyin-Oo-Lwin",141,"Singu","","","Village|Township","Village|Township"
48225,154,"MMR","Myanmar",8,"Mandalay",28,"Pyin-Oo-Lwin",142,"Thabeikkyin","","","Village|Township","Village|Township"
48226,154,"MMR","Myanmar",8,"Mandalay",29,"Yamethin",143,"Lewe","","","Village|Township","Village|Township"
48227,154,"MMR","Myanmar",8,"Mandalay",29,"Yamethin",144,"Pyinmana","","","Village|Township","Village|Township"
48228,154,"MMR","Myanmar",8,"Mandalay",29,"Yamethin",145,"Tatkon","","","Village|Township","Village|Township"
48229,154,"MMR","Myanmar",8,"Mandalay",29,"Yamethin",146,"Yamethin","","","Village|Township","Village|Township"
48230,154,"MMR","Myanmar",9,"Mon",30,"Mawlamyine",147,"Chaungzon","","","Village|Township","Village|Township"
48231,154,"MMR","Myanmar",9,"Mon",30,"Mawlamyine",148,"Kyaikmaraw","","","Village|Township","Village|Township"
48232,154,"MMR","Myanmar",9,"Mon",30,"Mawlamyine",149,"Moulmein","","Mawlamyine","Village|Township","Village|Township"
48233,154,"MMR","Myanmar",9,"Mon",30,"Mawlamyine",150,"Mudon","","","Village|Township","Village|Township"
48234,154,"MMR","Myanmar",9,"Mon",30,"Mawlamyine",151,"Thanbyuzayat","","","Village|Township","Village|Township"
48235,154,"MMR","Myanmar",9,"Mon",30,"Mawlamyine",152,"Ye","","","Village|Township","Village|Township"
48236,154,"MMR","Myanmar",9,"Mon",31,"Thaton",153,"Bilin","","","Village|Township","Village|Township"
48237,154,"MMR","Myanmar",9,"Mon",31,"Thaton",154,"Kyaikto","","","Village|Township","Village|Township"
48238,154,"MMR","Myanmar",9,"Mon",31,"Thaton",155,"Paung","","","Village|Township","Village|Township"
48239,154,"MMR","Myanmar",9,"Mon",31,"Thaton",156,"Thaton","","","Village|Township","Village|Township"
48240,154,"MMR","Myanmar",10,"Rakhine",32,"Buthidaung",157,"Buthidaung","","","Village|Township","Village|Township"
48241,154,"MMR","Myanmar",10,"Rakhine",32,"Buthidaung",158,"Ponnagyun & Rathedaung","","","Village|Township","Village|Township"
48242,154,"MMR","Myanmar",10,"Rakhine",32,"Buthidaung",159,"Sittwe (Akyab)","","","Village|Township","Village|Township"
48243,154,"MMR","Myanmar",10,"Rakhine",33,"Kyaunkpyu",160,"An","","","Village|Township","Village|Township"
48244,154,"MMR","Myanmar",10,"Rakhine",33,"Kyaunkpyu",161,"Kyaukpyu","","","Village|Township","Village|Township"
48245,154,"MMR","Myanmar",10,"Rakhine",33,"Kyaunkpyu",162,"Man Aung","","","Village|Township","Village|Township"
48246,154,"MMR","Myanmar",10,"Rakhine",33,"Kyaunkpyu",163,"Ramree","","","Village|Township","Village|Township"
48247,154,"MMR","Myanmar",10,"Rakhine",34,"Maungtaw",164,"Maungdaw","","","Village|Township","Village|Township"
48248,154,"MMR","Myanmar",10,"Rakhine",35,"Sittwe",165,"Kyauktaw","","","Village|Township","Village|Township"
48249,154,"MMR","Myanmar",10,"Rakhine",35,"Sittwe",166,"Minbya","","","Village|Township","Village|Township"
48250,154,"MMR","Myanmar",10,"Rakhine",35,"Sittwe",167,"Mrauk-Oo","","","Village|Township","Village|Township"
48251,154,"MMR","Myanmar",10,"Rakhine",35,"Sittwe",168,"Myebon","","","Village|Township","Village|Township"
48252,154,"MMR","Myanmar",10,"Rakhine",35,"Sittwe",169,"Pauktaw","","","Village|Township","Village|Township"
48253,154,"MMR","Myanmar",10,"Rakhine",36,"Thandwe",170,"Arakan (Sandoway)","","","Village|Township","Village|Township"
48254,154,"MMR","Myanmar",10,"Rakhine",36,"Thandwe",171,"Gwa","","","Village|Township","Village|Township"
48255,154,"MMR","Myanmar",10,"Rakhine",36,"Thandwe",172,"Taungup","","","Village|Township","Village|Township"
48256,154,"MMR","Myanmar",11,"Sagaing",37,"Hkamti",173,"Homalin","","","Village|Township","Village|Township"
48257,154,"MMR","Myanmar",11,"Sagaing",37,"Hkamti",174,"Khamti","","","Village|Township","Village|Township"
48258,154,"MMR","Myanmar",11,"Sagaing",37,"Hkamti",175,"Lahe","","","Village|Township","Village|Township"
48259,154,"MMR","Myanmar",11,"Sagaing",37,"Hkamti",176,"Lashe","","","Village|Township","Village|Township"
48260,154,"MMR","Myanmar",11,"Sagaing",37,"Hkamti",177,"Nanyun","","","Village|Township","Village|Township"
48261,154,"MMR","Myanmar",11,"Sagaing",38,"Kalemyo",178,"Kale","","","Village|Township","Village|Township"
48262,154,"MMR","Myanmar",11,"Sagaing",38,"Kalemyo",179,"Kalewa","","","Village|Township","Village|Township"
48263,154,"MMR","Myanmar",11,"Sagaing",38,"Kalemyo",180,"Mingin","","","Village|Township","Village|Township"
48264,154,"MMR","Myanmar",11,"Sagaing",39,"Katha",181,"Banmauk","","","Village|Township","Village|Township"
48265,154,"MMR","Myanmar",11,"Sagaing",39,"Katha",182,"Indaw","","","Village|Township","Village|Township"
48266,154,"MMR","Myanmar",11,"Sagaing",39,"Katha",183,"Katha","","","Village|Township","Village|Township"
48267,154,"MMR","Myanmar",11,"Sagaing",43,"Shwebo",204,"Kyunhla","","","Village|Township","Village|Township"
48268,154,"MMR","Myanmar",11,"Sagaing",43,"Shwebo",205,"Shwebo","","","Village|Township","Village|Township"
48269,154,"MMR","Myanmar",11,"Sagaing",43,"Shwebo",206,"Tabayin","","","Village|Township","Village|Township"
48270,154,"MMR","Myanmar",11,"Sagaing",43,"Shwebo",207,"Tantabin","","","Village|Township","Village|Township"
48271,154,"MMR","Myanmar",11,"Sagaing",43,"Shwebo",208,"Taze","","","Village|Township","Village|Township"
48272,154,"MMR","Myanmar",11,"Sagaing",43,"Shwebo",209,"Wetlet","","","Village|Township","Village|Township"
48273,154,"MMR","Myanmar",11,"Sagaing",43,"Shwebo",210,"Ye-U","","","Village|Township","Village|Township"
48274,154,"MMR","Myanmar",11,"Sagaing",44,"Tamu",211,"Tamu","","","Village|Township","Village|Township"
48275,154,"MMR","Myanmar",12,"Shan",45,"Kengtung",212,"Keng Tung","","Kengtung","Village|Township","Village|Township"
48276,154,"MMR","Myanmar",12,"Shan",45,"Kengtung",213,"Mong Yang","","","Village|Township","Village|Township"
48277,154,"MMR","Myanmar",12,"Shan",45,"Kengtung",214,"Mongkhak","","Mong Khet","Village|Township","Village|Township"
48278,154,"MMR","Myanmar",12,"Shan",46,"Kunlong",215,"Ho-Pang","","Hopang","Village|Township","Village|Township"
48279,154,"MMR","Myanmar",12,"Shan",46,"Kunlong",216,"Kunlong","","","Village|Township","Village|Township"
48280,154,"MMR","Myanmar",12,"Shan",47,"Kyaukme",217,"Hsipaw","","","Village|Township","Village|Township"
48281,154,"MMR","Myanmar",12,"Shan",47,"Kyaukme",218,"Kyaukme","","","Village|Township","Village|Township"
48282,154,"MMR","Myanmar",12,"Shan",47,"Kyaukme",219,"Mabein","","","Village|Township","Village|Township"
48283,154,"MMR","Myanmar",12,"Shan",47,"Kyaukme",220,"Mong Mit","","","Village|Township","Village|Township"
48284,154,"MMR","Myanmar",12,"Shan",47,"Kyaukme",221,"Namhsan","","","Village|Township","Village|Township"
48285,154,"MMR","Myanmar",12,"Shan",47,"Kyaukme",222,"Namtu","","","Village|Township","Village|Township"
48286,154,"MMR","Myanmar",12,"Shan",47,"Kyaukme",223,"Nawnghkio","","","Village|Township","Village|Township"
48287,154,"MMR","Myanmar",12,"Shan",48,"Lasho",224,"Hsenwi","","Hseni","Village|Township","Village|Township"
48288,154,"MMR","Myanmar",12,"Shan",48,"Lasho",225,"Lashio","","","Village|Township","Village|Township"
48289,154,"MMR","Myanmar",12,"Shan",48,"Lasho",226,"Man Hpang","","","Village|Township","Village|Township"
48290,154,"MMR","Myanmar",12,"Shan",48,"Lasho",227,"Mong Mao","","","Village|Township","Village|Township"
48291,154,"MMR","Myanmar",12,"Shan",48,"Lasho",228,"Mong Yai","","","Village|Township","Village|Township"
48292,154,"MMR","Myanmar",12,"Shan",48,"Lasho",229,"Nampan","","","Village|Township","Village|Township"
48293,154,"MMR","Myanmar",12,"Shan",48,"Lasho",230,"Pang-Yang","","","Village|Township","Village|Township"
48294,154,"MMR","Myanmar",12,"Shan",48,"Lasho",231,"Pangwaum","","","Village|Township","Village|Township"
48295,154,"MMR","Myanmar",12,"Shan",48,"Lasho",232,"Tangyan","","","Village|Township","Village|Township"
48296,154,"MMR","Myanmar",12,"Shan",49,"Lauking",233,"Kong-Kyan","","","Village|Township","Village|Township"
48297,154,"MMR","Myanmar",12,"Shan",50,"Loilen",234,"Ke-Hsi","","","Village|Township","Village|Township"
48298,154,"MMR","Myanmar",12,"Shan",50,"Loilen",235,"Kunhing","","","Village|Township","Village|Township"
48299,154,"MMR","Myanmar",12,"Shan",50,"Loilen",236,"Lai-Hka","","","Village|Township","Village|Township"
48300,154,"MMR","Myanmar",12,"Shan",50,"Loilen",237,"Langkho","","","Village|Township","Village|Township"
48301,154,"MMR","Myanmar",12,"Shan",50,"Loilen",238,"Loi Lem","","Loi Len","Village|Township","Village|Township"
48302,154,"MMR","Myanmar",12,"Shan",50,"Loilen",239,"Mawkmai","","","Village|Township","Village|Township"
48303,154,"MMR","Myanmar",12,"Shan",50,"Loilen",240,"Mong Hsu","","","Village|Township","Village|Township"
48304,154,"MMR","Myanmar",12,"Shan",50,"Loilen",241,"Mong Kung","","","Village|Township","Village|Township"
48305,154,"MMR","Myanmar",12,"Shan",50,"Loilen",242,"Mong Nai","","","Village|Township","Village|Township"
48306,154,"MMR","Myanmar",12,"Shan",50,"Loilen",243,"Mong Pan","","","Village|Township","Village|Township"
48307,154,"MMR","Myanmar",12,"Shan",50,"Loilen",244,"Namsang","","Nansang","Village|Township","Village|Township"
48308,154,"MMR","Myanmar",12,"Shan",51,"Mongphat",245,"Mong Hpayak","","","Village|Township","Village|Township"
48309,154,"MMR","Myanmar",12,"Shan",51,"Mongphat",246,"Mong Yawng","","","Village|Township","Village|Township"
48310,154,"MMR","Myanmar",12,"Shan",52,"Mongsat",247,"Mong Hsat","","","Village|Township","Village|Township"
48311,154,"MMR","Myanmar",12,"Shan",52,"Mongsat",248,"Mong Ping","","","Village|Township","Village|Township"
48312,154,"MMR","Myanmar",12,"Shan",52,"Mongsat",249,"Mong Tung","","","Village|Township","Village|Township"
48313,154,"MMR","Myanmar",12,"Shan",53,"Muse",250,"Kutkai","","","Village|Township","Village|Township"
48314,154,"MMR","Myanmar",12,"Shan",53,"Muse",251,"Mu-Se","","","Village|Township","Village|Township"
48315,154,"MMR","Myanmar",12,"Shan",53,"Muse",252,"Namhkan","","","Village|Township","Village|Township"
48316,154,"MMR","Myanmar",12,"Shan",54,"Tarchilaik",253,"Tachilek","","","Village|Township","Village|Township"
48317,154,"MMR","Myanmar",12,"Shan",55,"Taunggye",254,"Ho-Pong","","Hopong","Village|Township","Village|Township"
48318,154,"MMR","Myanmar",12,"Shan",55,"Taunggye",255,"Hsi Hseng","","","Village|Township","Village|Township"
48319,154,"MMR","Myanmar",12,"Shan",55,"Taunggye",256,"Kalaw","","","Village|Township","Village|Township"
48320,154,"MMR","Myanmar",12,"Shan",55,"Taunggye",257,"Lawksawk","","","Village|Township","Village|Township"
48321,154,"MMR","Myanmar",12,"Shan",55,"Taunggye",258,"Pekhon","","Pekon","Village|Township","Village|Township"
48322,154,"MMR","Myanmar",12,"Shan",55,"Taunggye",259,"Pindaya","","Pingdaya","Village|Township","Village|Township"
48323,154,"MMR","Myanmar",12,"Shan",55,"Taunggye",260,"Pinlaung","","","Village|Township","Village|Township"
48324,154,"MMR","Myanmar",12,"Shan",55,"Taunggye",261,"Taunggyi","","","Village|Township","Village|Township"
48325,154,"MMR","Myanmar",12,"Shan",55,"Taunggye",262,"Yawunghwe","","Nyaungshwe","Village|Township","Village|Township"
48326,154,"MMR","Myanmar",12,"Shan",55,"Taunggye",263,"Ye-Ngan","","Ywangan","Village|Township","Village|Township"
48327,154,"MMR","Myanmar",13,"Tanintharyi",56,"Dawei",264,"Launglon","","","Village|Township","Village|Township"
48328,154,"MMR","Myanmar",13,"Tanintharyi",56,"Dawei",265,"Tavoy","","","Village|Township","Village|Township"
48329,154,"MMR","Myanmar",13,"Tanintharyi",56,"Dawei",266,"Thayetchaung","","","Village|Township","Village|Township"
48330,154,"MMR","Myanmar",13,"Tanintharyi",56,"Dawei",267,"Yebyu","","","Village|Township","Village|Township"
48331,154,"MMR","Myanmar",13,"Tanintharyi",57,"Kawthoung",268,"Bokpyin","","","Village|Township","Village|Township"
48332,154,"MMR","Myanmar",13,"Tanintharyi",57,"Kawthoung",269,"Kawthaung","","","Village|Township","Village|Township"
48333,154,"MMR","Myanmar",13,"Tanintharyi",58,"Mergui",270,"Mergui","","","Village|Township","Village|Township"
48334,154,"MMR","Myanmar",13,"Tanintharyi",58,"Mergui",271,"Palaw","","","Village|Township","Village|Township"
48335,154,"MMR","Myanmar",13,"Tanintharyi",58,"Mergui",272,"Tenasserim","","","Village|Township","Village|Township"
48336,154,"MMR","Myanmar",14,"Yangon",59,"Yangon-E",273,"Yangon (Rangoon)","","","Village|Township","Village|Township"
48337,154,"MMR","Myanmar",14,"Yangon",60,"Yangon-N",274,"Hlegu","","","Village|Township","Village|Township"
48338,154,"MMR","Myanmar",14,"Yangon",60,"Yangon-N",275,"Hmawbi","","","Village|Township","Village|Township"
48339,154,"MMR","Myanmar",14,"Yangon",60,"Yangon-N",276,"Htantabin","","","Village|Township","Village|Township"
48340,154,"MMR","Myanmar",14,"Yangon",60,"Yangon-N",277,"Taikkyi","","","Village|Township","Village|Township"
48341,154,"MMR","Myanmar",14,"Yangon",61,"Yangon-S",278,"Insein","","","Village|Township","Village|Township"
48342,154,"MMR","Myanmar",14,"Yangon",61,"Yangon-S",279,"Kawkhmu","","","Village|Township","Village|Township"
48343,154,"MMR","Myanmar",14,"Yangon",61,"Yangon-S",280,"Kayan","","","Village|Township","Village|Township"
48344,154,"MMR","Myanmar",14,"Yangon",61,"Yangon-S",281,"Kungyangon","","","Village|Township","Village|Township"
48345,154,"MMR","Myanmar",14,"Yangon",61,"Yangon-S",282,"Kyauktan","","","Village|Township","Village|Township"
48346,154,"MMR","Myanmar",14,"Yangon",61,"Yangon-S",283,"Syriam","","","Village|Township","Village|Township"
48347,154,"MMR","Myanmar",14,"Yangon",61,"Yangon-S",284,"Thongwa","","","Village|Township","Village|Township"
48348,154,"MMR","Myanmar",14,"Yangon",62,"Yangon-W",285,"Yangon (Rangoon)","","","Village|Township","Village|Township"
