"PID","ID_0","ISO","NAME_0","ID_1","NAME_1","NL_NAME_1","VARNAME_1","TYPE_1","ENGTYPE_1"
798,154,"MMR","Myanmar",1,"Ayeyarwady","","Irrawaddy|Ayeyarwaddy|Ayeyawady|Irawadi|Irraouaddi|Irrauaddy","Yin","Division"
799,154,"MMR","Myanmar",2,"Bago","","Pégou|Pegu","Yin","Division"
800,154,"MMR","Myanmar",3,"Chin","","Chin Hills","Pyine","State"
801,154,"MMR","Myanmar",4,"Kachin","","Jingphaw Mungdaw","Pyine","State"
802,154,"MMR","Myanmar",5,"Kayah","","Karenni","Pyine","State"
803,154,"MMR","Myanmar",6,"Kayin","","Kawthulei|Karen|Karin|Kawthoolei|Kawthulay","Pyine","State"
804,154,"MMR","Myanmar",7,"Magway","","Magwe|Minbu","Yin","Division"
805,154,"MMR","Myanmar",8,"Mandalay","","","Yin","Division"
806,154,"MMR","Myanmar",9,"Mon","","Mun","Pyine","State"
807,154,"MMR","Myanmar",10,"Rakhine","","Arakan","Pyine","State"
808,154,"MMR","Myanmar",11,"Sagaing","","","Yin","Division"
809,154,"MMR","Myanmar",12,"Shan","","","Pyine","State"
810,154,"MMR","Myanmar",13,"Tanintharyi","","Tenasserim|Thanintharyi","Yin","Division"
2027,154,"MMR","Myanmar",14,"Yangon","","Rangoon|Rangum|Rangun|Rang£n","Yin","Division"
