"PID","ID_0","ISO","NAME_0","ID_1","NAME_1","ID_2","NAME_2","NL_NAME_2","VARNAME_2","TYPE_2","ENGTYPE_2"
24183,154,"MMR","Myanmar",1,"Ayeyarwady",1,"Bassein","","Pathein","Kayaing","District"
24184,154,"MMR","Myanmar",1,"Ayeyarwady",2,"Hinthada","","Hinthata|Henzada","Kayaing","District"
24185,154,"MMR","Myanmar",1,"Ayeyarwady",3,"Maubin","","Ma-U-Pin|Manbin| Ma-oo-beng| Ma-ubin","Kayaing","District"
24186,154,"MMR","Myanmar",1,"Ayeyarwady",4,"Myoungmya","","","Kayaing","District"
24187,154,"MMR","Myanmar",1,"Ayeyarwady",5,"Pharpon","","Pyapon","Kayaing","District"
24188,154,"MMR","Myanmar",2,"Bago",6,"Pegu","","","Kayaing","District"
24189,154,"MMR","Myanmar",2,"Bago",7,"Pyay","","Prome| Pye","Kayaing","District"
24190,154,"MMR","Myanmar",2,"Bago",8,"Taungoo","","Taungngu| Toungoo","Kayaing","District"
24191,154,"MMR","Myanmar",2,"Bago",9,"Thayarwady","","Tharyarwady|Thayawaddy| Tharrawaddy| Tharyarwady","Kayaing","District"
24192,154,"MMR","Myanmar",3,"Chin",10,"Mindat","","","Kayaing","District"
24193,154,"MMR","Myanmar",3,"Chin",11,"Palam","","Hpalam| Palam| Falam","Kayaing","District"
24194,154,"MMR","Myanmar",4,"Kachin",12,"Bhamo","","Bhamaw;Banmo| Hsinkai","Kayaing","District"
24195,154,"MMR","Myanmar",4,"Kachin",13,"Myitkyina","","","Kayaing","District"
24196,154,"MMR","Myanmar",4,"Kachin",14,"Putao","","Putato|Pudao| Kamde| Fort Hertz| Hkamti| Hkamti Patau","Kayaing","District"
24197,154,"MMR","Myanmar",5,"Kayah",15,"Bawlake","","","Kayaing","District"
24198,154,"MMR","Myanmar",5,"Kayah",16,"Loikaw","","Loi-kaw| Luykau","Kayaing","District"
24199,154,"MMR","Myanmar",6,"Kayin",17,"Hpa-an","","Pha-An|Pa-an","Kayaing","District"
24200,154,"MMR","Myanmar",6,"Kayin",18,"Kawkareik","","Kawkeraik|Kawkareit| Kawkayeik","Kayaing","District"
24201,154,"MMR","Myanmar",6,"Kayin",19,"Myawady","","","Kayaing","District"
24202,154,"MMR","Myanmar",7,"Magway",20,"Magwe Minbu","","Magwe|Minbu","Kayaing","District"
24203,154,"MMR","Myanmar",7,"Magway",21,"Minbu","","","Kayaing","District"
24204,154,"MMR","Myanmar",7,"Magway",22,"Pakokku","","Pakoku|Pagukku| Pakkoku","Kayaing","District"
24205,154,"MMR","Myanmar",7,"Magway",23,"Thayetmyo","","Thayet|Thayet| Thyatmyo| Thayetmo","Kayaing","District"
24206,154,"MMR","Myanmar",8,"Mandalay",24,"Kyaukse","","","Kayaing","District"
24207,154,"MMR","Myanmar",8,"Mandalay",25,"Mandalay","","","Kayaing","District"
24208,154,"MMR","Myanmar",8,"Mandalay",26,"Meiktila","","","Kayaing","District"
24209,154,"MMR","Myanmar",8,"Mandalay",27,"Myingyan","","Myingan| Myingyin","Kayaing","District"
24210,154,"MMR","Myanmar",8,"Mandalay",28,"Pyin-Oo-Lwin","","Maymyo| Meimyu| Pyin U Lwin","Kayaing","District"
24211,154,"MMR","Myanmar",8,"Mandalay",29,"Yamethin","","Yemathin|Yamethinn","Kayaing","District"
24212,154,"MMR","Myanmar",9,"Mon",30,"Mawlamyine","","Mawlemyine|Mawlamyaing| Moulmein","Kayaing","District"
24213,154,"MMR","Myanmar",9,"Mon",31,"Thaton","","Tha-tun| Thadon","Kayaing","District"
24214,154,"MMR","Myanmar",10,"Rakhine",32,"Buthidaung","","Buthitaung|Buthedaung","Kayaing","District"
24215,154,"MMR","Myanmar",10,"Rakhine",33,"Kyaunkpyu","","Kyaukphyu|Kyaukpyu","Kayaing","District"
24216,154,"MMR","Myanmar",10,"Rakhine",34,"Maungtaw","","","Kayaing","District"
24217,154,"MMR","Myanmar",10,"Rakhine",35,"Sittwe","","Sitwe|Sittway| Akyab","Kayaing","District"
24218,154,"MMR","Myanmar",10,"Rakhine",36,"Thandwe","","Thantwe|Sandoway| Arakan| Thandway","Kayaing","District"
24219,154,"MMR","Myanmar",11,"Sagaing",37,"Hkamti","","Kamti|Kanti| Singkaling Hkamti| Singkawng| Zingkaling Hkamt","Kayaing","District"
24220,154,"MMR","Myanmar",11,"Sagaing",38,"Kalemyo","","Kale Myo|Kale","Kayaing","District"
24221,154,"MMR","Myanmar",11,"Sagaing",39,"Katha","","","Kayaing","District"
24222,154,"MMR","Myanmar",11,"Sagaing",40,"Mawleik","","","Kayaing","District"
24223,154,"MMR","Myanmar",11,"Sagaing",41,"Monywa","","","Kayaing","District"
24224,154,"MMR","Myanmar",11,"Sagaing",42,"Sagaing","","Sugaing| Sitkaing","Kayaing","District"
24225,154,"MMR","Myanmar",11,"Sagaing",43,"Shwebo","","","Kayaing","District"
24226,154,"MMR","Myanmar",11,"Sagaing",44,"Tamu","","Tammu| Tama| Tana","Kayaing","District"
24227,154,"MMR","Myanmar",12,"Shan",45,"Kengtung","","Kengtong| Kentung| Kyaingdon","Kayaing","District"
24228,154,"MMR","Myanmar",12,"Shan",46,"Kunlong","","Kunglon|Kunlon| Kunlong Ferry","Kayaing","District"
24229,154,"MMR","Myanmar",12,"Shan",47,"Kyaukme","","","Kayaing","District"
24230,154,"MMR","Myanmar",12,"Shan",48,"Lasho","","Lashio","Kayaing","District"
24231,154,"MMR","Myanmar",12,"Shan",49,"Lauking","","","Kayaing","District"
24232,154,"MMR","Myanmar",12,"Shan",50,"Loilen","","Loilem|Loi-lem| Loi-leng","Kayaing","District"
24233,154,"MMR","Myanmar",12,"Shan",51,"Mongphat","","Maingbyat|Mongphat","Kayaing","District"
24234,154,"MMR","Myanmar",12,"Shan",52,"Mongsat","","Muang Sat| Maingsat","Kayaing","District"
24235,154,"MMR","Myanmar",12,"Shan",53,"Muse","","Mu-se","Kayaing","District"
24236,154,"MMR","Myanmar",12,"Shan",54,"Tarchilaik","","Tachilek| Tha Chi Lek| Tha Chaleak| Tachileik","Kayaing","District"
24237,154,"MMR","Myanmar",12,"Shan",55,"Taunggye","","Taunggyi","Kayaing","District"
24238,154,"MMR","Myanmar",13,"Tanintharyi",56,"Dawei","","Daewi|Htawei| Tavoi| Tavoy","Kayaing","District"
24239,154,"MMR","Myanmar",13,"Tanintharyi",57,"Kawthoung","","Kawthaung|Kau Saung| Kawsung| Kawthaung| Pulodua| Victoria","Kayaing","District"
24240,154,"MMR","Myanmar",13,"Tanintharyi",58,"Mergui","","","Kayaing","District"
24241,154,"MMR","Myanmar",14,"Yangon",59,"Yangon-E","","Yangon East","Kayaing","District"
24242,154,"MMR","Myanmar",14,"Yangon",60,"Yangon-N","","Yangon North","Kayaing","District"
24243,154,"MMR","Myanmar",14,"Yangon",61,"Yangon-S","","Yangon South","Kayaing","District"
24244,154,"MMR","Myanmar",14,"Yangon",62,"Yangon-W","","Yangon West","Kayaing","District"
