"PID","ID_0","ISO","NAME_0","ID_1","NAME_1","NL_NAME_1","VARNAME_1","TYPE_1","ENGTYPE_1"
2725,209,"ZAF","South Africa",1,"Eastern Cape","","Oos-Kaap","Provinsie","Province"
2726,209,"ZAF","South Africa",2,"Gauteng","","Pretoria/Witwatersrand/Vaal","Provinsie","Province"
2727,209,"ZAF","South Africa",3,"KwaZulu-Natal","","Natal and Zululand","Provinsie","Province"
2728,209,"ZAF","South Africa",4,"Limpopo","","Noordelike Provinsie|Northern Transvaal|Northern Province","Provinsie","Province"
2729,209,"ZAF","South Africa",5,"Mpumalanga","","Eastern Transvaal","Provinsie","Province"
2730,209,"ZAF","South Africa",6,"North West","","North-West|Noordwes","Provinsie","Province"
2731,209,"ZAF","South Africa",7,"Northern Cape","","Noord-Kaap","Provinsie","Province"
2732,209,"ZAF","South Africa",8,"Orange Free State","","Free State|Vrystaat","Provinsie","Province"
2733,209,"ZAF","South Africa",9,"Prince Edward Islands","","","",""
2734,209,"ZAF","South Africa",10,"Western Cape","","Wes-Kaap","Provinsie","Province"
