"PID","ID_0","ISO","NAME_0","ID_1","NAME_1","NL_NAME_1","VARNAME_1","TYPE_1","ENGTYPE_1"
1936,147,"MDA","Moldova",1,"Soldanesti","","","Raion","District"
1937,147,"MDA","Moldova",2,"Stefan Voda","","","Raion","District"
1938,147,"MDA","Moldova",3,"Anenii Noi","","","Raion","District"
1939,147,"MDA","Moldova",4,"Balti","","","Municipiu","City"
1940,147,"MDA","Moldova",5,"Basarabeasca","","","Raion","District"
1941,147,"MDA","Moldova",6,"Bender","","","Municipiu","City"
1942,147,"MDA","Moldova",7,"Briceni","","","Raion","District"
1943,147,"MDA","Moldova",8,"Cahul","","","Raion","District"
1944,147,"MDA","Moldova",9,"Calarasi","","","Raion","District"
1945,147,"MDA","Moldova",10,"Cantemir","","","Raion","District"
1946,147,"MDA","Moldova",11,"Causeni","","","Raion","District"
1947,147,"MDA","Moldova",12,"Chisinau","","","Municipiu","City"
1948,147,"MDA","Moldova",13,"Cimislia","","","Raion","District"
1949,147,"MDA","Moldova",14,"Criuleni","","","Raion","District"
1950,147,"MDA","Moldova",15,"Donduseni","","","Raion","District"
1951,147,"MDA","Moldova",16,"Drochia","","","Raion","District"
1952,147,"MDA","Moldova",17,"Dubasari","","","Raion","District"
1953,147,"MDA","Moldova",18,"Edinet","","","Raion","District"
1954,147,"MDA","Moldova",19,"Falesti","","","Raion","District"
1955,147,"MDA","Moldova",20,"Floresti","","","Raion","District"
1956,147,"MDA","Moldova",21,"Gagauzia","","Unitate Teritoriala Autonoma Gagauzia|UTAG","Unitate Teritoriala Autonoma","Autonomous Territory"
1957,147,"MDA","Moldova",22,"Glodeni","","","Raion","District"
1958,147,"MDA","Moldova",23,"Hîncesti","","","Raion","District"
1959,147,"MDA","Moldova",24,"Ialoveni","","","Raion","District"
1960,147,"MDA","Moldova",25,"Leova","","","Raion","District"
1961,147,"MDA","Moldova",26,"Nisporeni","","","Raion","District"
1962,147,"MDA","Moldova",27,"Ocnita","","","Raion","District"
1963,147,"MDA","Moldova",28,"Orhei","","","Raion","District"
1964,147,"MDA","Moldova",29,"Rezina","","","Raion","District"
1965,147,"MDA","Moldova",30,"Rîscani","","","Raion","District"
1966,147,"MDA","Moldova",31,"Sîngerei","","","Raion","District"
1967,147,"MDA","Moldova",32,"Soroca","","","Raion","District"
1968,147,"MDA","Moldova",33,"Straseni","","","Raion","District"
1969,147,"MDA","Moldova",34,"Taraclia","","","Raion","District"
1970,147,"MDA","Moldova",35,"Telenesti","","","Raion","District"
1971,147,"MDA","Moldova",36,"Transnistria","","","Unitatea Teritoriala","Territorial Unit"
1972,147,"MDA","Moldova",37,"Ungheni","","","Raion","District"
