"PID","ID_0","ISO","NAME_0","ID_1","NAME_1","NL_NAME_1","VARNAME_1","TYPE_1","ENGTYPE_1"
854,185,"ROU","Romania",1,"Alba","","","Judet","County"
855,185,"ROU","Romania",2,"Arad","","","Judet","County"
856,185,"ROU","Romania",3,"Arges","","Arge<U+0219>","Judet","County"
857,185,"ROU","Romania",4,"Bacau","","Bacau","Judet","County"
858,185,"ROU","Romania",5,"Bihor","","","Judet","County"
859,185,"ROU","Romania",6,"Bistrita-Nasaud","","Bistrisa-Nasaud|Bistritz","Judet","County"
860,185,"ROU","Romania",7,"Botosani","","Botosani|Botoschani","Judet","County"
2450,185,"ROU","Romania",8,"Braila","","Braila","Judet","County"
2451,185,"ROU","Romania",9,"Brasov","","Brasov|Kronstadt|Stalin","Judet","County"
2452,185,"ROU","Romania",10,"Bucharest","","Bucarest|Bucareste|Bucuresti|Bukarest","Municipiu","City"
2453,185,"ROU","Romania",11,"Buzau","","Buzau","Judet","County"
2454,185,"ROU","Romania",12,"Calarasi","","Calara<U+0219>i|Kalarasch","Judet","County"
2455,185,"ROU","Romania",13,"Caras-Severin","","Cara<U+0219>-Severin","Judet","County"
2456,185,"ROU","Romania",14,"Cluj","","Klausenburg","Judet","County"
2457,185,"ROU","Romania",15,"Constanta","","Constan<U+021B>a|Konstanza","Judet","County"
2458,185,"ROU","Romania",16,"Covasna","","","Judet","County"
2459,185,"ROU","Romania",17,"Dâmbovita","","Dâmbovi<U+021B>a","Judet","County"
2460,185,"ROU","Romania",18,"Dolj","","","Judet","County"
2461,185,"ROU","Romania",19,"Galati","","Gala<U+021B>i|Galatz","Judet","County"
2462,185,"ROU","Romania",20,"Giurgiu","","","Judet","County"
2463,185,"ROU","Romania",21,"Gorj","","","Judet","County"
2464,185,"ROU","Romania",22,"Harghita","","","Judet","County"
2465,185,"ROU","Romania",23,"Hunedoara","","","Judet","County"
2466,185,"ROU","Romania",24,"Ialomita","","Ialomi<U+021B>a","Judet","County"
2467,185,"ROU","Romania",25,"Iasi","","Ia<U+0219>i|Jassy","Judet","County"
2468,185,"ROU","Romania",26,"Maramures","","Maramure<U+0219>","Judet","County"
2469,185,"ROU","Romania",27,"Mehedinti","","Mehedin<U+021B>i","Judet","County"
2470,185,"ROU","Romania",28,"Mures","","Mure<U+0219>","Judet","County"
2471,185,"ROU","Romania",29,"Neamt","","Neam<U+021B>","Judet","County"
2472,185,"ROU","Romania",30,"Olt","","","Judet","County"
2473,185,"ROU","Romania",31,"Prahova","","","Judet","County"
2474,185,"ROU","Romania",32,"Salaj","","Salaj","Judet","County"
2475,185,"ROU","Romania",33,"Satu Mare","","","Judet","County"
2476,185,"ROU","Romania",34,"Sibiu","","Hermannstadt","Judet","County"
2477,185,"ROU","Romania",35,"Suceava","","","Judet","County"
2478,185,"ROU","Romania",36,"Teleorman","","","Judet","County"
2479,185,"ROU","Romania",37,"Timis","","Timi<U+0219>","Judet","County"
2480,185,"ROU","Romania",38,"Tulcea","","Tultscha","Judet","County"
2481,185,"ROU","Romania",39,"Vâlcea","","","Judet","County"
2482,185,"ROU","Romania",40,"Vaslui","","","Judet","County"
2483,185,"ROU","Romania",41,"Vrancea","","","Judet","County"
