"PID","ID_0","ISO","NAME_0","ID_1","NAME_1","ID_2","NAME_2","ID_3","NAME_3","NL_NAME_3","VARNAME_3","TYPE_3","ENGTYPE_3"
113314,236,"UGA","Uganda",1,"Adjumani",1,"East Moyo",1,"Adjumani Tc","","","Sub-county","Sub-county"
113315,236,"UGA","Uganda",1,"Adjumani",1,"East Moyo",2,"Adropi","","","Sub-county","Sub-county"
113316,236,"UGA","Uganda",1,"Adjumani",1,"East Moyo",3,"Ciforo","","","Sub-county","Sub-county"
113317,236,"UGA","Uganda",1,"Adjumani",1,"East Moyo",4,"Dzaipi","","","Sub-county","Sub-county"
113318,236,"UGA","Uganda",1,"Adjumani",1,"East Moyo",5,"Ofua","","","Sub-county","Sub-county"
113319,236,"UGA","Uganda",1,"Adjumani",1,"East Moyo",6,"Pakelle","","","Sub-county","Sub-county"
113320,236,"UGA","Uganda",2,"Apac",2,"Kole",7,"Aboke","","","Sub-county","Sub-county"
113321,236,"UGA","Uganda",2,"Apac",2,"Kole",8,"Akalo","","","Sub-county","Sub-county"
113322,236,"UGA","Uganda",2,"Apac",2,"Kole",9,"Alito","","","Sub-county","Sub-county"
113323,236,"UGA","Uganda",2,"Apac",2,"Kole",10,"Ayer","","","Sub-county","Sub-county"
113324,236,"UGA","Uganda",2,"Apac",2,"Kole",11,"Balla","","Bala","Sub-county","Sub-county"
113325,236,"UGA","Uganda",2,"Apac",3,"Kwania",12,"Abongomola","","","Sub-county","Sub-county"
113326,236,"UGA","Uganda",2,"Apac",3,"Kwania",13,"Aduku","","","Sub-county","Sub-county"
113327,236,"UGA","Uganda",2,"Apac",3,"Kwania",14,"Cawente","","Chawente","Sub-county","Sub-county"
113328,236,"UGA","Uganda",2,"Apac",3,"Kwania",15,"Inomo","","","Sub-county","Sub-county"
113329,236,"UGA","Uganda",2,"Apac",3,"Kwania",16,"Nambieso","","","Sub-county","Sub-county"
113330,236,"UGA","Uganda",2,"Apac",4,"Maruzi",17,"Akokoro","","","Sub-county","Sub-county"
113331,236,"UGA","Uganda",2,"Apac",4,"Maruzi",18,"Apac Tc","","","Sub-county","Sub-county"
113332,236,"UGA","Uganda",2,"Apac",4,"Maruzi",19,"Apac","","","Sub-county","Sub-county"
113333,236,"UGA","Uganda",2,"Apac",4,"Maruzi",20,"Cegere","","","Sub-county","Sub-county"
113334,236,"UGA","Uganda",2,"Apac",4,"Maruzi",21,"Ibuje","","","Sub-county","Sub-county"
113335,236,"UGA","Uganda",2,"Apac",5,"Oyam",22,"Aber","","","Sub-county","Sub-county"
113336,236,"UGA","Uganda",2,"Apac",5,"Oyam",23,"Achaba","","Acaba","Sub-county","Sub-county"
113337,236,"UGA","Uganda",2,"Apac",5,"Oyam",24,"Icheme","","Iceme","Sub-county","Sub-county"
113338,236,"UGA","Uganda",2,"Apac",5,"Oyam",25,"Loro","","","Sub-county","Sub-county"
113339,236,"UGA","Uganda",2,"Apac",5,"Oyam",26,"Minakulu","","","Sub-county","Sub-county"
113340,236,"UGA","Uganda",2,"Apac",5,"Oyam",27,"Ngai","","","Sub-county","Sub-county"
113341,236,"UGA","Uganda",2,"Apac",5,"Oyam",28,"Otwal","","","Sub-county","Sub-county"
113342,236,"UGA","Uganda",3,"Arua",6,"Arua Municipality",29,"Arua Hill","","","Sub-county","Sub-county"
113343,236,"UGA","Uganda",3,"Arua",6,"Arua Municipality",30,"Oli River","","","Sub-county","Sub-county"
113344,236,"UGA","Uganda",3,"Arua",7,"Ayivu",31,"Adumi","","","Sub-county","Sub-county"
113345,236,"UGA","Uganda",3,"Arua",7,"Ayivu",32,"Aroi","","","Sub-county","Sub-county"
113346,236,"UGA","Uganda",3,"Arua",7,"Ayivu",33,"Dadamu","","","Sub-county","Sub-county"
113347,236,"UGA","Uganda",3,"Arua",7,"Ayivu",34,"Manibe","","","Sub-county","Sub-county"
113348,236,"UGA","Uganda",3,"Arua",7,"Ayivu",35,"Oluko","","","Sub-county","Sub-county"
113349,236,"UGA","Uganda",3,"Arua",7,"Ayivu",36,"Pajulu","","","Sub-county","Sub-county"
113350,236,"UGA","Uganda",3,"Arua",8,"Koboko",37,"Koboko Tc","","","Sub-county","Sub-county"
113351,236,"UGA","Uganda",3,"Arua",8,"Koboko",38,"Kuluba","","","Sub-county","Sub-county"
113352,236,"UGA","Uganda",3,"Arua",8,"Koboko",39,"Lobule","","","Sub-county","Sub-county"
113353,236,"UGA","Uganda",3,"Arua",8,"Koboko",40,"Ludara","","","Sub-county","Sub-county"
113354,236,"UGA","Uganda",3,"Arua",8,"Koboko",41,"Midia","","","Sub-county","Sub-county"
113355,236,"UGA","Uganda",3,"Arua",9,"Madi-Okollo",42,"Offaka","","","Sub-county","Sub-county"
113356,236,"UGA","Uganda",3,"Arua",9,"Madi-Okollo",43,"Ogoko","","","Sub-county","Sub-county"
113357,236,"UGA","Uganda",3,"Arua",9,"Madi-Okollo",44,"Okollo","","","Sub-county","Sub-county"
113358,236,"UGA","Uganda",3,"Arua",9,"Madi-Okollo",45,"Rhino Camp","","","Sub-county","Sub-county"
113359,236,"UGA","Uganda",3,"Arua",9,"Madi-Okollo",46,"Rigbo","","","Sub-county","Sub-county"
113360,236,"UGA","Uganda",3,"Arua",9,"Madi-Okollo",47,"Uleppi","","","Sub-county","Sub-county"
113361,236,"UGA","Uganda",3,"Arua",10,"Maracha",48,"Kijomoro","","","Sub-county","Sub-county"
113362,236,"UGA","Uganda",3,"Arua",10,"Maracha",49,"Nyadri","","","Sub-county","Sub-county"
113363,236,"UGA","Uganda",3,"Arua",10,"Maracha",50,"Oleba","","","Sub-county","Sub-county"
113364,236,"UGA","Uganda",3,"Arua",10,"Maracha",51,"Oluffe","","","Sub-county","Sub-county"
113365,236,"UGA","Uganda",3,"Arua",10,"Maracha",52,"Oluvu","","","Sub-county","Sub-county"
113366,236,"UGA","Uganda",3,"Arua",10,"Maracha",53,"Tara","","","Sub-county","Sub-county"
113367,236,"UGA","Uganda",3,"Arua",10,"Maracha",54,"Yivu","","","Sub-county","Sub-county"
113368,236,"UGA","Uganda",3,"Arua",11,"Terego",55,"Ali-vu","","Aii - Vu","Sub-county","Sub-county"
113369,236,"UGA","Uganda",3,"Arua",11,"Terego",56,"Beleafe","","","Sub-county","Sub-county"
113370,236,"UGA","Uganda",3,"Arua",11,"Terego",57,"Katrini","","","Sub-county","Sub-county"
113371,236,"UGA","Uganda",3,"Arua",11,"Terego",58,"Odupi","","","Sub-county","Sub-county"
113372,236,"UGA","Uganda",3,"Arua",11,"Terego",59,"Omugo","","","Sub-county","Sub-county"
113373,236,"UGA","Uganda",3,"Arua",11,"Terego",60,"Uriama","","","Sub-county","Sub-county"
113374,236,"UGA","Uganda",3,"Arua",12,"Vurra",61,"Ajia","","","Sub-county","Sub-county"
113375,236,"UGA","Uganda",3,"Arua",12,"Vurra",62,"Arivu","","","Sub-county","Sub-county"
113376,236,"UGA","Uganda",3,"Arua",12,"Vurra",63,"Logiri","","","Sub-county","Sub-county"
113377,236,"UGA","Uganda",3,"Arua",12,"Vurra",64,"Vurra","","","Sub-county","Sub-county"
113378,236,"UGA","Uganda",4,"Bugiri",13,"Bukooli",65,"Banda","","","Sub-county","Sub-county"
113379,236,"UGA","Uganda",4,"Bugiri",13,"Bukooli",66,"Budhaya","","","Sub-county","Sub-county"
113380,236,"UGA","Uganda",4,"Bugiri",13,"Bukooli",67,"Bugiri Tc","","","Sub-county","Sub-county"
113381,236,"UGA","Uganda",4,"Bugiri",13,"Bukooli",68,"Bulidha","","","Sub-county","Sub-county"
113382,236,"UGA","Uganda",4,"Bugiri",13,"Bukooli",69,"Buliisa","","Bulesa","Sub-county","Sub-county"
113383,236,"UGA","Uganda",4,"Bugiri",13,"Bukooli",70,"Buluguyi","","","Sub-county","Sub-county"
113384,236,"UGA","Uganda",4,"Bugiri",13,"Bukooli",71,"Buswale","","","Sub-county","Sub-county"
113385,236,"UGA","Uganda",4,"Bugiri",13,"Bukooli",72,"Buwunga","","","Sub-county","Sub-county"
113386,236,"UGA","Uganda",4,"Bugiri",13,"Bukooli",73,"Buyinja","","","Sub-county","Sub-county"
113387,236,"UGA","Uganda",4,"Bugiri",13,"Bukooli",74,"Iwemba","","","Sub-county","Sub-county"
113388,236,"UGA","Uganda",4,"Bugiri",13,"Bukooli",75,"Kapyanga","","","Sub-county","Sub-county"
113389,236,"UGA","Uganda",4,"Bugiri",13,"Bukooli",76,"L.Victoria","","","Sub-county","Sub-county"
113390,236,"UGA","Uganda",4,"Bugiri",13,"Bukooli",77,"Muterere","","","Sub-county","Sub-county"
113391,236,"UGA","Uganda",4,"Bugiri",13,"Bukooli",78,"Mutumba","","","Sub-county","Sub-county"
113392,236,"UGA","Uganda",4,"Bugiri",13,"Bukooli",79,"Nabukalu","","","Sub-county","Sub-county"
113393,236,"UGA","Uganda",4,"Bugiri",13,"Bukooli",80,"Nankoma","","","Sub-county","Sub-county"
113394,236,"UGA","Uganda",4,"Bugiri",13,"Bukooli",81,"Sigulu Islands","","","Sub-county","Sub-county"
113395,236,"UGA","Uganda",5,"Bundibugyo",14,"Bwamba",82,"Bubandi","","","Sub-county","Sub-county"
113396,236,"UGA","Uganda",5,"Bundibugyo",14,"Bwamba",83,"Bubukwanga","","","Sub-county","Sub-county"
113397,236,"UGA","Uganda",5,"Bundibugyo",14,"Bwamba",84,"Bundibugyo Tc","","","Sub-county","Sub-county"
113398,236,"UGA","Uganda",5,"Bundibugyo",14,"Bwamba",85,"Busaru","","","Sub-county","Sub-county"
113399,236,"UGA","Uganda",5,"Bundibugyo",14,"Bwamba",86,"Harugali","","","Sub-county","Sub-county"
113400,236,"UGA","Uganda",5,"Bundibugyo",14,"Bwamba",87,"Kasitu","","","Sub-county","Sub-county"
113401,236,"UGA","Uganda",5,"Bundibugyo",14,"Bwamba",88,"Nduguto","","","Sub-county","Sub-county"
113402,236,"UGA","Uganda",5,"Bundibugyo",15,"Ntoroko",89,"Kanara","","","Sub-county","Sub-county"
113403,236,"UGA","Uganda",5,"Bundibugyo",15,"Ntoroko",90,"Karugutu","","","Sub-county","Sub-county"
113404,236,"UGA","Uganda",5,"Bundibugyo",15,"Ntoroko",91,"Rwebisengo","","","Sub-county","Sub-county"
113405,236,"UGA","Uganda",6,"Bushenyi",16,"Buhweju",92,"Bihanga","","","Sub-county","Sub-county"
113406,236,"UGA","Uganda",6,"Bushenyi",16,"Buhweju",93,"Burere","","","Sub-county","Sub-county"
113407,236,"UGA","Uganda",6,"Bushenyi",16,"Buhweju",94,"Karungu","","","Sub-county","Sub-county"
113408,236,"UGA","Uganda",6,"Bushenyi",16,"Buhweju",95,"Rwengwe","","","Sub-county","Sub-county"
113409,236,"UGA","Uganda",6,"Bushenyi",17,"Bunyaruguru",96,"Burere","","","Sub-county","Sub-county"
113410,236,"UGA","Uganda",6,"Bushenyi",17,"Bunyaruguru",97,"Katerera","","","Sub-county","Sub-county"
113411,236,"UGA","Uganda",6,"Bushenyi",17,"Bunyaruguru",98,"Katunguru","","","Sub-county","Sub-county"
113412,236,"UGA","Uganda",6,"Bushenyi",17,"Bunyaruguru",99,"Kichwamba","","","Sub-county","Sub-county"
113413,236,"UGA","Uganda",6,"Bushenyi",17,"Bunyaruguru",100,"Ryeru","","","Sub-county","Sub-county"
113414,236,"UGA","Uganda",6,"Bushenyi",18,"Igara",101,"Bumbaire","","","Sub-county","Sub-county"
113415,236,"UGA","Uganda",6,"Bushenyi",18,"Igara",102,"Bushenyi-Ishaka Tc","","","Sub-county","Sub-county"
113416,236,"UGA","Uganda",6,"Bushenyi",18,"Igara",103,"Kakanju","","","Sub-county","Sub-county"
113417,236,"UGA","Uganda",6,"Bushenyi",18,"Igara",104,"Kyabugimbi","","","Sub-county","Sub-county"
113418,236,"UGA","Uganda",6,"Bushenyi",18,"Igara",105,"Kyamuhunga","","","Sub-county","Sub-county"
113419,236,"UGA","Uganda",6,"Bushenyi",18,"Igara",106,"Kyeizoba","","","Sub-county","Sub-county"
113420,236,"UGA","Uganda",6,"Bushenyi",18,"Igara",107,"Nyabubare","","","Sub-county","Sub-county"
113421,236,"UGA","Uganda",6,"Bushenyi",19,"Ruhinda",108,"Bitereko","","","Sub-county","Sub-county"
113422,236,"UGA","Uganda",6,"Bushenyi",19,"Ruhinda",109,"Kabira","","","Sub-county","Sub-county"
113423,236,"UGA","Uganda",6,"Bushenyi",19,"Ruhinda",110,"Kanyabwanga","","","Sub-county","Sub-county"
113424,236,"UGA","Uganda",6,"Bushenyi",19,"Ruhinda",111,"Kashenshero","","","Sub-county","Sub-county"
113425,236,"UGA","Uganda",6,"Bushenyi",19,"Ruhinda",112,"Kiyanga","","","Sub-county","Sub-county"
113426,236,"UGA","Uganda",6,"Bushenyi",19,"Ruhinda",113,"Mitooma","","","Sub-county","Sub-county"
113427,236,"UGA","Uganda",6,"Bushenyi",19,"Ruhinda",114,"Mutara","","","Sub-county","Sub-county"
113428,236,"UGA","Uganda",6,"Bushenyi",20,"Sheema",115,"Bugongi","","","Sub-county","Sub-county"
113429,236,"UGA","Uganda",6,"Bushenyi",20,"Sheema",116,"Kabwohe-Itender","","","Sub-county","Sub-county"
113430,236,"UGA","Uganda",6,"Bushenyi",20,"Sheema",117,"Kagango","","","Sub-county","Sub-county"
113431,236,"UGA","Uganda",6,"Bushenyi",20,"Sheema",118,"Kigarama","","","Sub-county","Sub-county"
113432,236,"UGA","Uganda",6,"Bushenyi",20,"Sheema",119,"Kitagata","","","Sub-county","Sub-county"
113433,236,"UGA","Uganda",6,"Bushenyi",20,"Sheema",120,"Kyangyenyi","","","Sub-county","Sub-county"
113434,236,"UGA","Uganda",6,"Bushenyi",20,"Sheema",121,"Shuuku","","","Sub-county","Sub-county"
113435,236,"UGA","Uganda",7,"Busia",21,"Samia-Bugwe",122,"Buhehe","","","Sub-county","Sub-county"
113436,236,"UGA","Uganda",7,"Busia",21,"Samia-Bugwe",123,"Bulumbi","","","Sub-county","Sub-county"
113437,236,"UGA","Uganda",7,"Busia",21,"Samia-Bugwe",124,"Busia Tc","","","Sub-county","Sub-county"
113438,236,"UGA","Uganda",7,"Busia",21,"Samia-Bugwe",125,"Busitema","","","Sub-county","Sub-county"
113439,236,"UGA","Uganda",7,"Busia",21,"Samia-Bugwe",126,"Buteba","","","Sub-county","Sub-county"
113440,236,"UGA","Uganda",7,"Busia",21,"Samia-Bugwe",127,"Dabani","","","Sub-county","Sub-county"
113441,236,"UGA","Uganda",7,"Busia",21,"Samia-Bugwe",128,"Lumino","","","Sub-county","Sub-county"
113442,236,"UGA","Uganda",7,"Busia",21,"Samia-Bugwe",129,"Lunyo","","","Sub-county","Sub-county"
113443,236,"UGA","Uganda",7,"Busia",21,"Samia-Bugwe",130,"Masaba","","","Sub-county","Sub-county"
113444,236,"UGA","Uganda",7,"Busia",21,"Samia-Bugwe",131,"Masafu","","","Sub-county","Sub-county"
113445,236,"UGA","Uganda",8,"Gulu",22,"Aswa",132,"Awach","","","Sub-county","Sub-county"
113446,236,"UGA","Uganda",8,"Gulu",22,"Aswa",133,"Bungatira","","","Sub-county","Sub-county"
113447,236,"UGA","Uganda",8,"Gulu",22,"Aswa",134,"Paicho","","","Sub-county","Sub-county"
113448,236,"UGA","Uganda",8,"Gulu",22,"Aswa",135,"Palaro","","","Sub-county","Sub-county"
113449,236,"UGA","Uganda",8,"Gulu",22,"Aswa",136,"Patiko","","","Sub-county","Sub-county"
113450,236,"UGA","Uganda",8,"Gulu",23,"Gulu",137,"Bar-Dege","","","Sub-county","Sub-county"
113451,236,"UGA","Uganda",8,"Gulu",23,"Gulu",138,"Laroo","","","Sub-county","Sub-county"
113452,236,"UGA","Uganda",8,"Gulu",23,"Gulu",139,"Layibi","","","Sub-county","Sub-county"
113453,236,"UGA","Uganda",8,"Gulu",23,"Gulu",140,"Pece","","","Sub-county","Sub-county"
113454,236,"UGA","Uganda",8,"Gulu",24,"Kilak",141,"Amuru","","","Sub-county","Sub-county"
113455,236,"UGA","Uganda",8,"Gulu",24,"Kilak",142,"Atiak","","","Sub-county","Sub-county"
113456,236,"UGA","Uganda",8,"Gulu",24,"Kilak",143,"Lamogi","","","Sub-county","Sub-county"
113457,236,"UGA","Uganda",8,"Gulu",24,"Kilak",144,"Pabbo","","","Sub-county","Sub-county"
113458,236,"UGA","Uganda",8,"Gulu",25,"Nwoya",145,"Alero","","","Sub-county","Sub-county"
113459,236,"UGA","Uganda",8,"Gulu",25,"Nwoya",146,"Anaka","","","Sub-county","Sub-county"
113460,236,"UGA","Uganda",8,"Gulu",25,"Nwoya",147,"Koch Goma","","","Sub-county","Sub-county"
113461,236,"UGA","Uganda",8,"Gulu",25,"Nwoya",148,"Purongo","","","Sub-county","Sub-county"
113462,236,"UGA","Uganda",8,"Gulu",26,"Omoro",149,"Bobi","","","Sub-county","Sub-county"
113463,236,"UGA","Uganda",8,"Gulu",26,"Omoro",150,"Koro","","","Sub-county","Sub-county"
113464,236,"UGA","Uganda",8,"Gulu",26,"Omoro",151,"Lakwana","","","Sub-county","Sub-county"
113465,236,"UGA","Uganda",8,"Gulu",26,"Omoro",152,"Lalogi","","","Sub-county","Sub-county"
113466,236,"UGA","Uganda",8,"Gulu",26,"Omoro",153,"Odek","","","Sub-county","Sub-county"
113467,236,"UGA","Uganda",8,"Gulu",26,"Omoro",154,"Ongako","","","Sub-county","Sub-county"
113468,236,"UGA","Uganda",9,"Hoima",27,"Bugahya",155,"Buhanika","","","Sub-county","Sub-county"
113469,236,"UGA","Uganda",9,"Hoima",27,"Bugahya",156,"Buseruka","","","Sub-county","Sub-county"
113470,236,"UGA","Uganda",9,"Hoima",27,"Bugahya",157,"Busiisi","","","Sub-county","Sub-county"
113471,236,"UGA","Uganda",9,"Hoima",27,"Bugahya",158,"Hoima Tc","","","Sub-county","Sub-county"
113472,236,"UGA","Uganda",9,"Hoima",27,"Bugahya",159,"Kigorobya Tc","","","Sub-county","Sub-county"
113473,236,"UGA","Uganda",9,"Hoima",27,"Bugahya",160,"Kigorobya","","","Sub-county","Sub-county"
113474,236,"UGA","Uganda",9,"Hoima",27,"Bugahya",161,"Kitoba","","","Sub-county","Sub-county"
113475,236,"UGA","Uganda",9,"Hoima",27,"Bugahya",162,"Kyabigambire","","","Sub-county","Sub-county"
113476,236,"UGA","Uganda",9,"Hoima",27,"Bugahya",163,"Kyangwali","","","Sub-county","Sub-county"
113477,236,"UGA","Uganda",9,"Hoima",28,"Buhaguzi",164,"Bugambe","","","Sub-county","Sub-county"
113478,236,"UGA","Uganda",9,"Hoima",28,"Buhaguzi",165,"Buhimba","","","Sub-county","Sub-county"
113479,236,"UGA","Uganda",9,"Hoima",28,"Buhaguzi",166,"Kabwoya","","","Sub-county","Sub-county"
113480,236,"UGA","Uganda",9,"Hoima",28,"Buhaguzi",167,"Kiziranfumbi","","","Sub-county","Sub-county"
113481,236,"UGA","Uganda",9,"Hoima",28,"Buhaguzi",168,"Kyangwali","","","Sub-county","Sub-county"
113482,236,"UGA","Uganda",10,"Iganga",29,"Bugweri",169,"Buyanga","","","Sub-county","Sub-county"
113483,236,"UGA","Uganda",10,"Iganga",29,"Bugweri",170,"Ibulanku","","","Sub-county","Sub-county"
113484,236,"UGA","Uganda",10,"Iganga",29,"Bugweri",171,"Makuutu","","","Sub-county","Sub-county"
113485,236,"UGA","Uganda",10,"Iganga",29,"Bugweri",172,"Namalemba","","","Sub-county","Sub-county"
113486,236,"UGA","Uganda",10,"Iganga",30,"Busiki",173,"Bulange","","","Sub-county","Sub-county"
113487,236,"UGA","Uganda",10,"Iganga",30,"Busiki",174,"Ivukula","","","Sub-county","Sub-county"
113488,236,"UGA","Uganda",10,"Iganga",30,"Busiki",175,"Kibaale","","","Sub-county","Sub-county"
113489,236,"UGA","Uganda",10,"Iganga",30,"Busiki",176,"Magada","","","Sub-county","Sub-county"
113490,236,"UGA","Uganda",10,"Iganga",30,"Busiki",177,"Namutumba","","","Sub-county","Sub-county"
113491,236,"UGA","Uganda",10,"Iganga",30,"Busiki",178,"Nsinze","","","Sub-county","Sub-county"
113492,236,"UGA","Uganda",10,"Iganga",31,"Kigulu",179,"Bulamagi","","","Sub-county","Sub-county"
113493,236,"UGA","Uganda",10,"Iganga",31,"Kigulu",180,"Iganga Tc","","","Sub-county","Sub-county"
113494,236,"UGA","Uganda",10,"Iganga",31,"Kigulu",181,"Nabitende","","","Sub-county","Sub-county"
113495,236,"UGA","Uganda",10,"Iganga",31,"Kigulu",182,"Nakalama","","","Sub-county","Sub-county"
113496,236,"UGA","Uganda",10,"Iganga",31,"Kigulu",183,"Nakigo","","","Sub-county","Sub-county"
113497,236,"UGA","Uganda",10,"Iganga",31,"Kigulu",184,"Nambale","","","Sub-county","Sub-county"
113498,236,"UGA","Uganda",10,"Iganga",31,"Kigulu",185,"Namungalwe","","","Sub-county","Sub-county"
113499,236,"UGA","Uganda",10,"Iganga",31,"Kigulu",186,"Nawandala","","","Sub-county","Sub-county"
113500,236,"UGA","Uganda",10,"Iganga",32,"Luuka",187,"Bukanga","","","Sub-county","Sub-county"
113501,236,"UGA","Uganda",10,"Iganga",32,"Luuka",188,"Bukooma","","","Sub-county","Sub-county"
113502,236,"UGA","Uganda",10,"Iganga",32,"Luuka",189,"Bulongo","","","Sub-county","Sub-county"
113503,236,"UGA","Uganda",10,"Iganga",32,"Luuka",190,"Ikumbya","","","Sub-county","Sub-county"
113504,236,"UGA","Uganda",10,"Iganga",32,"Luuka",191,"Irongo","","","Sub-county","Sub-county"
113505,236,"UGA","Uganda",10,"Iganga",32,"Luuka",192,"Nawampiti","","","Sub-county","Sub-county"
113506,236,"UGA","Uganda",10,"Iganga",32,"Luuka",193,"Waibuga","","","Sub-county","Sub-county"
113507,236,"UGA","Uganda",11,"Jinja",33,"Butembe",194,"Busedde","","","Sub-county","Sub-county"
113508,236,"UGA","Uganda",11,"Jinja",33,"Butembe",195,"Kakira","","","Sub-county","Sub-county"
113509,236,"UGA","Uganda",11,"Jinja",33,"Butembe",196,"Mafubira","","","Sub-county","Sub-county"
113510,236,"UGA","Uganda",11,"Jinja",34,"Jinja",197,"Central Division","","","Sub-county","Sub-county"
113511,236,"UGA","Uganda",11,"Jinja",34,"Jinja",198,"Masese/Walukuba","","","Sub-county","Sub-county"
113512,236,"UGA","Uganda",11,"Jinja",34,"Jinja",199,"Mpumudde/Kimaka","","","Sub-county","Sub-county"
113513,236,"UGA","Uganda",11,"Jinja",35,"Kagoma",200,"Budondo","","","Sub-county","Sub-county"
113514,236,"UGA","Uganda",11,"Jinja",35,"Kagoma",201,"Butagaya","","","Sub-county","Sub-county"
113515,236,"UGA","Uganda",11,"Jinja",35,"Kagoma",202,"Buwenge Tc","","","Sub-county","Sub-county"
113516,236,"UGA","Uganda",11,"Jinja",35,"Kagoma",203,"Buwenge","","","Sub-county","Sub-county"
113517,236,"UGA","Uganda",11,"Jinja",35,"Kagoma",204,"Buyengo","","","Sub-county","Sub-county"
113518,236,"UGA","Uganda",12,"Kabale",36,"Kabale",205,"Kabale Central","","","Sub-county","Sub-county"
113519,236,"UGA","Uganda",12,"Kabale",36,"Kabale",206,"Kabale Northern","","","Sub-county","Sub-county"
113520,236,"UGA","Uganda",12,"Kabale",36,"Kabale",207,"Kabale Southern","","","Sub-county","Sub-county"
113521,236,"UGA","Uganda",12,"Kabale",37,"Ndorwa",208,"Buhara","","","Sub-county","Sub-county"
113522,236,"UGA","Uganda",12,"Kabale",37,"Ndorwa",209,"Kaharo","","","Sub-county","Sub-county"
113523,236,"UGA","Uganda",12,"Kabale",37,"Ndorwa",210,"Kamuganguzi","","","Sub-county","Sub-county"
113524,236,"UGA","Uganda",12,"Kabale",37,"Ndorwa",211,"Kitumba","","","Sub-county","Sub-county"
113525,236,"UGA","Uganda",12,"Kabale",37,"Ndorwa",212,"Kyanamira","","","Sub-county","Sub-county"
113526,236,"UGA","Uganda",12,"Kabale",37,"Ndorwa",213,"Maziba","","","Sub-county","Sub-county"
113527,236,"UGA","Uganda",12,"Kabale",37,"Ndorwa",214,"Rubaya","","","Sub-county","Sub-county"
113528,236,"UGA","Uganda",12,"Kabale",38,"Rubanda",215,"Bubaare","","Bubare","Sub-county","Sub-county"
113529,236,"UGA","Uganda",12,"Kabale",38,"Rubanda",216,"Bufundi","","","Sub-county","Sub-county"
113530,236,"UGA","Uganda",12,"Kabale",38,"Rubanda",217,"Hamurwa","","","Sub-county","Sub-county"
113531,236,"UGA","Uganda",12,"Kabale",38,"Rubanda",218,"Ikumba","","","Sub-county","Sub-county"
113532,236,"UGA","Uganda",12,"Kabale",38,"Rubanda",219,"Muko","","","Sub-county","Sub-county"
113533,236,"UGA","Uganda",12,"Kabale",39,"Rukiga",220,"Bukinda","","","Sub-county","Sub-county"
113534,236,"UGA","Uganda",12,"Kabale",39,"Rukiga",221,"Kamwezi","","","Sub-county","Sub-county"
113535,236,"UGA","Uganda",12,"Kabale",39,"Rukiga",222,"Kashambya","","","Sub-county","Sub-county"
113536,236,"UGA","Uganda",12,"Kabale",39,"Rukiga",223,"Rwamucucu","","","Sub-county","Sub-county"
113537,236,"UGA","Uganda",13,"Kabarole",40,"Bunyangabu",224,"Buhesi","","Buheesi","Sub-county","Sub-county"
113538,236,"UGA","Uganda",13,"Kabarole",40,"Bunyangabu",225,"Kibiito","","","Sub-county","Sub-county"
113539,236,"UGA","Uganda",13,"Kabarole",40,"Bunyangabu",226,"Kisomoro","","","Sub-county","Sub-county"
113540,236,"UGA","Uganda",13,"Kabarole",40,"Bunyangabu",227,"Rwiimi","","","Sub-county","Sub-county"
113541,236,"UGA","Uganda",13,"Kabarole",41,"Burahya",228,"Bukuku","","","Sub-county","Sub-county"
113542,236,"UGA","Uganda",13,"Kabarole",41,"Burahya",229,"Busoro","","","Sub-county","Sub-county"
113543,236,"UGA","Uganda",13,"Kabarole",41,"Burahya",230,"Hakibaale","","","Sub-county","Sub-county"
113544,236,"UGA","Uganda",13,"Kabarole",41,"Burahya",231,"Karambi","","","Sub-county","Sub-county"
113545,236,"UGA","Uganda",13,"Kabarole",41,"Burahya",232,"Kichwamba","","Kicwamba","Sub-county","Sub-county"
113546,236,"UGA","Uganda",13,"Kabarole",41,"Burahya",233,"Mugusu","","","Sub-county","Sub-county"
113547,236,"UGA","Uganda",13,"Kabarole",41,"Burahya",234,"Ruteete","","","Sub-county","Sub-county"
113548,236,"UGA","Uganda",13,"Kabarole",41,"Burahya",235,"Rwiimi","","","Sub-county","Sub-county"
113549,236,"UGA","Uganda",13,"Kabarole",42,"Fort Portal",236,"Eastern","","","Sub-county","Sub-county"
113550,236,"UGA","Uganda",13,"Kabarole",42,"Fort Portal",237,"Southern","","","Sub-county","Sub-county"
113551,236,"UGA","Uganda",13,"Kabarole",42,"Fort Portal",238,"Western","","","Sub-county","Sub-county"
113552,236,"UGA","Uganda",14,"Kaberamaido",43,"Kaberamaido",239,"Alwa","","","Sub-county","Sub-county"
113553,236,"UGA","Uganda",14,"Kaberamaido",43,"Kaberamaido",240,"Kaberamaido Tc","","","Sub-county","Sub-county"
113554,236,"UGA","Uganda",14,"Kaberamaido",43,"Kaberamaido",241,"Kaberamaido","","","Sub-county","Sub-county"
113555,236,"UGA","Uganda",14,"Kaberamaido",43,"Kaberamaido",242,"Kobulubulu","","","Sub-county","Sub-county"
113556,236,"UGA","Uganda",14,"Kaberamaido",43,"Kaberamaido",243,"Ochero","","","Sub-county","Sub-county"
113557,236,"UGA","Uganda",14,"Kaberamaido",44,"Kalaki",244,"Anyara","","","Sub-county","Sub-county"
113558,236,"UGA","Uganda",14,"Kaberamaido",44,"Kalaki",245,"Bululu","","","Sub-county","Sub-county"
113559,236,"UGA","Uganda",14,"Kaberamaido",44,"Kalaki",246,"Kalaki","","","Sub-county","Sub-county"
113560,236,"UGA","Uganda",14,"Kaberamaido",44,"Kalaki",247,"Otuboi","","","Sub-county","Sub-county"
113561,236,"UGA","Uganda",15,"Kalangala",45,"Bujumba",248,"Bujumba","","","Sub-county","Sub-county"
113562,236,"UGA","Uganda",15,"Kalangala",45,"Bujumba",249,"Kalangala Tc","","","Sub-county","Sub-county"
113563,236,"UGA","Uganda",15,"Kalangala",45,"Bujumba",250,"Mugoye","","","Sub-county","Sub-county"
113564,236,"UGA","Uganda",15,"Kalangala",46,"Kyamuswa",251,"Bubeke","","","Sub-county","Sub-county"
113565,236,"UGA","Uganda",15,"Kalangala",46,"Kyamuswa",252,"Bufumira","","","Sub-county","Sub-county"
113566,236,"UGA","Uganda",15,"Kalangala",46,"Kyamuswa",253,"Kyamuswa","","","Sub-county","Sub-county"
113567,236,"UGA","Uganda",15,"Kalangala",46,"Kyamuswa",254,"Mazinga","","","Sub-county","Sub-county"
113568,236,"UGA","Uganda",16,"Kampala",47,"Kampala",255,"Central Division","","","Sub-county","Sub-county"
113569,236,"UGA","Uganda",16,"Kampala",47,"Kampala",256,"Kawempe Division","","","Sub-county","Sub-county"
113570,236,"UGA","Uganda",16,"Kampala",47,"Kampala",257,"Makindye","","Makindye Division","Sub-county","Sub-county"
113571,236,"UGA","Uganda",16,"Kampala",47,"Kampala",258,"Nakawa Division","","","Sub-county","Sub-county"
113572,236,"UGA","Uganda",16,"Kampala",47,"Kampala",259,"Rubaga Division","","","Sub-county","Sub-county"
113573,236,"UGA","Uganda",17,"Kamuli",48,"Budiope",260,"Bugaya","","","Sub-county","Sub-county"
113574,236,"UGA","Uganda",17,"Kamuli",48,"Budiope",261,"Buyende","","","Sub-county","Sub-county"
113575,236,"UGA","Uganda",17,"Kamuli",48,"Budiope",262,"Kagulu","","","Sub-county","Sub-county"
113576,236,"UGA","Uganda",17,"Kamuli",48,"Budiope",263,"Kidera","","","Sub-county","Sub-county"
113577,236,"UGA","Uganda",17,"Kamuli",48,"Budiope",264,"Nkondo","","","Sub-county","Sub-county"
113578,236,"UGA","Uganda",17,"Kamuli",49,"Bugabula",265,"Balawoli","","","Sub-county","Sub-county"
113579,236,"UGA","Uganda",17,"Kamuli",49,"Bugabula",266,"Bulopa","","","Sub-county","Sub-county"
113580,236,"UGA","Uganda",17,"Kamuli",49,"Bugabula",267,"Butansi","","","Sub-county","Sub-county"
113581,236,"UGA","Uganda",17,"Kamuli",49,"Bugabula",268,"Kamuli Tc","","","Sub-county","Sub-county"
113582,236,"UGA","Uganda",17,"Kamuli",49,"Bugabula",269,"Kitayunjwa","","","Sub-county","Sub-county"
113583,236,"UGA","Uganda",17,"Kamuli",49,"Bugabula",270,"Nabwigulu","","","Sub-county","Sub-county"
113584,236,"UGA","Uganda",17,"Kamuli",49,"Bugabula",271,"Namasagali","","","Sub-county","Sub-county"
113585,236,"UGA","Uganda",17,"Kamuli",49,"Bugabula",272,"Namwendwa","","","Sub-county","Sub-county"
113586,236,"UGA","Uganda",17,"Kamuli",50,"Bulamogi",273,"Bumanya","","","Sub-county","Sub-county"
113587,236,"UGA","Uganda",17,"Kamuli",50,"Bulamogi",274,"Gadumire","","","Sub-county","Sub-county"
113588,236,"UGA","Uganda",17,"Kamuli",50,"Bulamogi",275,"Namugongo","","","Sub-county","Sub-county"
113589,236,"UGA","Uganda",17,"Kamuli",50,"Bulamogi",276,"Namwiwa","","","Sub-county","Sub-county"
113590,236,"UGA","Uganda",17,"Kamuli",50,"Bulamogi",277,"Nawaikoke","","","Sub-county","Sub-county"
113591,236,"UGA","Uganda",17,"Kamuli",51,"Buzaaya",278,"Bugulumbya","","","Sub-county","Sub-county"
113592,236,"UGA","Uganda",17,"Kamuli",51,"Buzaaya",279,"Kisozi","","","Sub-county","Sub-county"
113593,236,"UGA","Uganda",17,"Kamuli",51,"Buzaaya",280,"Mbulamuti","","","Sub-county","Sub-county"
113594,236,"UGA","Uganda",17,"Kamuli",51,"Buzaaya",281,"Nawanyago","","","Sub-county","Sub-county"
113595,236,"UGA","Uganda",17,"Kamuli",51,"Buzaaya",282,"Wankole","","","Sub-county","Sub-county"
113596,236,"UGA","Uganda",18,"Kamwenge",52,"Kibale",283,"Bwiizi","","","Sub-county","Sub-county"
113597,236,"UGA","Uganda",18,"Kamwenge",52,"Kibale",284,"Kahunge","","","Sub-county","Sub-county"
113598,236,"UGA","Uganda",18,"Kamwenge",52,"Kibale",285,"Kamwenge Tc","","","Sub-county","Sub-county"
113599,236,"UGA","Uganda",18,"Kamwenge",52,"Kibale",286,"Kamwenge","","","Sub-county","Sub-county"
113600,236,"UGA","Uganda",18,"Kamwenge",52,"Kibale",287,"Nkoma","","","Sub-county","Sub-county"
113601,236,"UGA","Uganda",18,"Kamwenge",53,"Kitagwenda",288,"Kacheche","","","Sub-county","Sub-county"
113602,236,"UGA","Uganda",18,"Kamwenge",53,"Kitagwenda",289,"Mahyoro","","","Sub-county","Sub-county"
113603,236,"UGA","Uganda",18,"Kamwenge",53,"Kitagwenda",290,"Ntara","","","Sub-county","Sub-county"
113604,236,"UGA","Uganda",18,"Kamwenge",53,"Kitagwenda",291,"Nyabbani","","","Sub-county","Sub-county"
113605,236,"UGA","Uganda",19,"Kanungu",54,"Kinkiizi",292,"Kambuga","","","Sub-county","Sub-county"
113606,236,"UGA","Uganda",19,"Kanungu",54,"Kinkiizi",293,"Kanungu Tc","","","Sub-county","Sub-county"
113607,236,"UGA","Uganda",19,"Kanungu",54,"Kinkiizi",294,"Kanyantorogo","","","Sub-county","Sub-county"
113608,236,"UGA","Uganda",19,"Kanungu",54,"Kinkiizi",295,"Kayonza","","","Sub-county","Sub-county"
113609,236,"UGA","Uganda",19,"Kanungu",54,"Kinkiizi",296,"Kihiihi","","","Sub-county","Sub-county"
113610,236,"UGA","Uganda",19,"Kanungu",54,"Kinkiizi",297,"Kirima","","","Sub-county","Sub-county"
113611,236,"UGA","Uganda",19,"Kanungu",54,"Kinkiizi",298,"Mpungu","","","Sub-county","Sub-county"
113612,236,"UGA","Uganda",19,"Kanungu",54,"Kinkiizi",299,"Nyamirama","","","Sub-county","Sub-county"
113613,236,"UGA","Uganda",19,"Kanungu",54,"Kinkiizi",300,"Rugyeyo","","","Sub-county","Sub-county"
113614,236,"UGA","Uganda",19,"Kanungu",54,"Kinkiizi",301,"Rutenga","","","Sub-county","Sub-county"
113615,236,"UGA","Uganda",20,"Kapchorwa",55,"Kongasis",302,"Bukwa","","","Sub-county","Sub-county"
113616,236,"UGA","Uganda",20,"Kapchorwa",55,"Kongasis",303,"Chesower","","","Sub-county","Sub-county"
113617,236,"UGA","Uganda",20,"Kapchorwa",55,"Kongasis",304,"Kabei","","","Sub-county","Sub-county"
113618,236,"UGA","Uganda",20,"Kapchorwa",55,"Kongasis",305,"Suam","","","Sub-county","Sub-county"
113619,236,"UGA","Uganda",20,"Kapchorwa",56,"Kween",306,"Benet","","","Sub-county","Sub-county"
113620,236,"UGA","Uganda",20,"Kapchorwa",56,"Kween",307,"Binyiny","","","Sub-county","Sub-county"
113621,236,"UGA","Uganda",20,"Kapchorwa",56,"Kween",308,"Kaproron","","","Sub-county","Sub-county"
113622,236,"UGA","Uganda",20,"Kapchorwa",56,"Kween",309,"Kwanyiny","","","Sub-county","Sub-county"
113623,236,"UGA","Uganda",20,"Kapchorwa",56,"Kween",310,"Ngenge","","","Sub-county","Sub-county"
113624,236,"UGA","Uganda",20,"Kapchorwa",57,"Tingey",311,"Chema","","","Sub-county","Sub-county"
113625,236,"UGA","Uganda",20,"Kapchorwa",57,"Tingey",312,"Kapchorwa Tc","","","Sub-county","Sub-county"
113626,236,"UGA","Uganda",20,"Kapchorwa",57,"Tingey",313,"Kaptanya","","","Sub-county","Sub-county"
113627,236,"UGA","Uganda",20,"Kapchorwa",57,"Tingey",314,"Kaserem","","","Sub-county","Sub-county"
113628,236,"UGA","Uganda",20,"Kapchorwa",57,"Tingey",315,"Kawowo","","","Sub-county","Sub-county"
113629,236,"UGA","Uganda",20,"Kapchorwa",57,"Tingey",316,"Sipi","","","Sub-county","Sub-county"
113630,236,"UGA","Uganda",20,"Kapchorwa",57,"Tingey",317,"Tegeres","","","Sub-county","Sub-county"
113631,236,"UGA","Uganda",21,"Kasese",58,"Bukonjo",318,"Bwera","","","Sub-county","Sub-county"
113632,236,"UGA","Uganda",21,"Kasese",58,"Bukonjo",319,"Ihandiro","","","Sub-county","Sub-county"
113633,236,"UGA","Uganda",21,"Kasese",58,"Bukonjo",320,"Karambi","","","Sub-county","Sub-county"
113634,236,"UGA","Uganda",21,"Kasese",58,"Bukonjo",321,"Kilembe","","","Sub-county","Sub-county"
113635,236,"UGA","Uganda",21,"Kasese",58,"Bukonjo",322,"Kisinga","","","Sub-county","Sub-county"
113636,236,"UGA","Uganda",21,"Kasese",58,"Bukonjo",323,"Kitholhu","","","Sub-county","Sub-county"
113637,236,"UGA","Uganda",21,"Kasese",58,"Bukonjo",324,"Kyarumba","","","Sub-county","Sub-county"
113638,236,"UGA","Uganda",21,"Kasese",58,"Bukonjo",325,"Kyondo","","","Sub-county","Sub-county"
113639,236,"UGA","Uganda",21,"Kasese",58,"Bukonjo",326,"Mahango","","","Sub-county","Sub-county"
113640,236,"UGA","Uganda",21,"Kasese",58,"Bukonjo",327,"Munkunyu","","","Sub-county","Sub-county"
113641,236,"UGA","Uganda",21,"Kasese",58,"Bukonjo",328,"Nyakiyumbu","","","Sub-county","Sub-county"
113642,236,"UGA","Uganda",21,"Kasese",59,"Busongora",329,"Bugoye","","","Sub-county","Sub-county"
113643,236,"UGA","Uganda",21,"Kasese",59,"Busongora",330,"Karusandara","","","Sub-county","Sub-county"
113644,236,"UGA","Uganda",21,"Kasese",59,"Busongora",331,"Kasese Tc","","","Sub-county","Sub-county"
113645,236,"UGA","Uganda",21,"Kasese",59,"Busongora",332,"Katwe Kabatoro","","","Sub-county","Sub-county"
113646,236,"UGA","Uganda",21,"Kasese",59,"Busongora",333,"Kilembe","","","Sub-county","Sub-county"
113647,236,"UGA","Uganda",21,"Kasese",59,"Busongora",334,"Kitswamba","","","Sub-county","Sub-county"
113648,236,"UGA","Uganda",21,"Kasese",59,"Busongora",335,"Kyabarungira","","","Sub-county","Sub-county"
113649,236,"UGA","Uganda",21,"Kasese",59,"Busongora",336,"L.Katwe","","","Sub-county","Sub-county"
113650,236,"UGA","Uganda",21,"Kasese",59,"Busongora",337,"Maliba","","","Sub-county","Sub-county"
113651,236,"UGA","Uganda",21,"Kasese",59,"Busongora",338,"Muhokya","","","Sub-county","Sub-county"
113652,236,"UGA","Uganda",21,"Kasese",59,"Busongora",339,"Rukoki","","","Sub-county","Sub-county"
113653,236,"UGA","Uganda",22,"Katakwi",60,"Amuria",340,"Abarilela","","","Sub-county","Sub-county"
113654,236,"UGA","Uganda",22,"Katakwi",60,"Amuria",341,"Asamuk","","","Sub-county","Sub-county"
113655,236,"UGA","Uganda",22,"Katakwi",60,"Amuria",342,"Kuju","","","Sub-county","Sub-county"
113656,236,"UGA","Uganda",22,"Katakwi",60,"Amuria",343,"Morungatuny","","","Sub-county","Sub-county"
113657,236,"UGA","Uganda",22,"Katakwi",60,"Amuria",344,"Orungo","","","Sub-county","Sub-county"
113658,236,"UGA","Uganda",22,"Katakwi",60,"Amuria",345,"Wera","","","Sub-county","Sub-county"
113659,236,"UGA","Uganda",22,"Katakwi",61,"Kapelebyong",346,"Achowa","","Acowa","Sub-county","Sub-county"
113660,236,"UGA","Uganda",22,"Katakwi",61,"Kapelebyong",347,"Kapelebyong","","","Sub-county","Sub-county"
113661,236,"UGA","Uganda",22,"Katakwi",61,"Kapelebyong",348,"Obalanga","","","Sub-county","Sub-county"
113662,236,"UGA","Uganda",22,"Katakwi",62,"Usuk",349,"Kapujan","","","Sub-county","Sub-county"
113663,236,"UGA","Uganda",22,"Katakwi",62,"Usuk",350,"Katakwi Tc","","","Sub-county","Sub-county"
113664,236,"UGA","Uganda",22,"Katakwi",62,"Usuk",351,"Katakwi","","","Sub-county","Sub-county"
113665,236,"UGA","Uganda",22,"Katakwi",62,"Usuk",352,"Magoro","","","Sub-county","Sub-county"
113666,236,"UGA","Uganda",22,"Katakwi",62,"Usuk",353,"Ngariam","","","Sub-county","Sub-county"
113667,236,"UGA","Uganda",22,"Katakwi",62,"Usuk",354,"Omodoi","","","Sub-county","Sub-county"
113668,236,"UGA","Uganda",22,"Katakwi",62,"Usuk",355,"Ongongoja","","","Sub-county","Sub-county"
113669,236,"UGA","Uganda",22,"Katakwi",62,"Usuk",356,"Toroma","","","Sub-county","Sub-county"
113670,236,"UGA","Uganda",22,"Katakwi",62,"Usuk",357,"Usuk","","","Sub-county","Sub-county"
113671,236,"UGA","Uganda",23,"Kayunga",63,"Bbaale",358,"Bbaale","","","Sub-county","Sub-county"
113672,236,"UGA","Uganda",23,"Kayunga",63,"Bbaale",359,"Galiraya","","Galiraaya","Sub-county","Sub-county"
113673,236,"UGA","Uganda",23,"Kayunga",63,"Bbaale",360,"Kayonza","","","Sub-county","Sub-county"
113674,236,"UGA","Uganda",23,"Kayunga",63,"Bbaale",361,"Wabwoko-Kitimbwa","","","Sub-county","Sub-county"
113675,236,"UGA","Uganda",23,"Kayunga",64,"Ntenjeru",362,"Busana","","","Sub-county","Sub-county"
113676,236,"UGA","Uganda",23,"Kayunga",64,"Ntenjeru",363,"Kangulumira","","","Sub-county","Sub-county"
113677,236,"UGA","Uganda",23,"Kayunga",64,"Ntenjeru",364,"Kayunga Tc","","","Sub-county","Sub-county"
113678,236,"UGA","Uganda",23,"Kayunga",64,"Ntenjeru",365,"Kayunga","","","Sub-county","Sub-county"
113679,236,"UGA","Uganda",23,"Kayunga",64,"Ntenjeru",366,"Nazigo","","","Sub-county","Sub-county"
113680,236,"UGA","Uganda",24,"Kibale",65,"Bugangaizi",367,"Bwanswa","","","Sub-county","Sub-county"
113681,236,"UGA","Uganda",24,"Kibale",65,"Bugangaizi",368,"Kakindo","","","Sub-county","Sub-county"
113682,236,"UGA","Uganda",24,"Kibale",65,"Bugangaizi",369,"Kasambya","","","Sub-county","Sub-county"
113683,236,"UGA","Uganda",24,"Kibale",65,"Bugangaizi",370,"Kisiita","","","Sub-county","Sub-county"
113684,236,"UGA","Uganda",24,"Kibale",65,"Bugangaizi",371,"Nalweyo","","","Sub-county","Sub-county"
113685,236,"UGA","Uganda",24,"Kibale",65,"Bugangaizi",372,"Nkooko","","","Sub-county","Sub-county"
113686,236,"UGA","Uganda",24,"Kibale",66,"Buyaga",373,"Bwamiramira","","","Sub-county","Sub-county"
113687,236,"UGA","Uganda",24,"Kibale",66,"Buyaga",374,"Bwikara","","","Sub-county","Sub-county"
113688,236,"UGA","Uganda",24,"Kibale",66,"Buyaga",375,"Kagadi","","","Sub-county","Sub-county"
113689,236,"UGA","Uganda",24,"Kibale",66,"Buyaga",376,"Kibaale Tc","","","Sub-county","Sub-county"
113690,236,"UGA","Uganda",24,"Kibale",66,"Buyaga",377,"Kiryanga","","","Sub-county","Sub-county"
113691,236,"UGA","Uganda",24,"Kibale",66,"Buyaga",378,"Kyanaisoke","","","Sub-county","Sub-county"
113692,236,"UGA","Uganda",24,"Kibale",66,"Buyaga",379,"Kyebando","","","Sub-county","Sub-county"
113693,236,"UGA","Uganda",24,"Kibale",66,"Buyaga",380,"Mabaale","","","Sub-county","Sub-county"
113694,236,"UGA","Uganda",24,"Kibale",66,"Buyaga",381,"Matale","","","Sub-county","Sub-county"
113695,236,"UGA","Uganda",24,"Kibale",66,"Buyaga",382,"Mpeefu","","","Sub-county","Sub-county"
113696,236,"UGA","Uganda",24,"Kibale",66,"Buyaga",383,"Mugarama","","","Sub-county","Sub-county"
113697,236,"UGA","Uganda",24,"Kibale",66,"Buyaga",384,"Muhoro","","","Sub-county","Sub-county"
113698,236,"UGA","Uganda",24,"Kibale",66,"Buyaga",385,"Rugashari","","","Sub-county","Sub-county"
113699,236,"UGA","Uganda",25,"Kiboga",67,"Kiboga",386,"Bukomero","","","Sub-county","Sub-county"
113700,236,"UGA","Uganda",25,"Kiboga",67,"Kiboga",387,"Butemba","","","Sub-county","Sub-county"
113701,236,"UGA","Uganda",25,"Kiboga",67,"Kiboga",388,"Dwaniro","","","Sub-county","Sub-county"
113702,236,"UGA","Uganda",25,"Kiboga",67,"Kiboga",389,"Gayaza","","","Sub-county","Sub-county"
113703,236,"UGA","Uganda",25,"Kiboga",67,"Kiboga",390,"Kapeke","","","Sub-county","Sub-county"
113704,236,"UGA","Uganda",25,"Kiboga",67,"Kiboga",391,"Kibiga","","","Sub-county","Sub-county"
113705,236,"UGA","Uganda",25,"Kiboga",67,"Kiboga",392,"Kiboga Tc","","","Sub-county","Sub-county"
113706,236,"UGA","Uganda",25,"Kiboga",67,"Kiboga",393,"Kyankwanzi","","","Sub-county","Sub-county"
113707,236,"UGA","Uganda",25,"Kiboga",67,"Kiboga",394,"Lwamata","","","Sub-county","Sub-county"
113708,236,"UGA","Uganda",25,"Kiboga",67,"Kiboga",395,"Mulagi","","","Sub-county","Sub-county"
113709,236,"UGA","Uganda",25,"Kiboga",67,"Kiboga",396,"Muwanga","","","Sub-county","Sub-county"
113710,236,"UGA","Uganda",25,"Kiboga",67,"Kiboga",397,"Nsambya","","","Sub-county","Sub-county"
113711,236,"UGA","Uganda",25,"Kiboga",67,"Kiboga",398,"Ntwetwe","","","Sub-county","Sub-county"
113712,236,"UGA","Uganda",25,"Kiboga",67,"Kiboga",399,"Wattuba","","","Sub-county","Sub-county"
113713,236,"UGA","Uganda",26,"Kisoro",68,"Kisoro",400,"Bukimbiri","","","Sub-county","Sub-county"
113714,236,"UGA","Uganda",26,"Kisoro",68,"Kisoro",401,"Busanza","","","Sub-county","Sub-county"
113715,236,"UGA","Uganda",26,"Kisoro",68,"Kisoro",402,"Chahi","","","Sub-county","Sub-county"
113716,236,"UGA","Uganda",26,"Kisoro",68,"Kisoro",403,"Kanaba","","","Sub-county","Sub-county"
113717,236,"UGA","Uganda",26,"Kisoro",68,"Kisoro",404,"Kirundo","","","Sub-county","Sub-county"
113718,236,"UGA","Uganda",26,"Kisoro",68,"Kisoro",405,"Kisoro Tc","","","Sub-county","Sub-county"
113719,236,"UGA","Uganda",26,"Kisoro",68,"Kisoro",406,"Muramba","","","Sub-county","Sub-county"
113720,236,"UGA","Uganda",26,"Kisoro",68,"Kisoro",407,"Murora","","","Sub-county","Sub-county"
113721,236,"UGA","Uganda",26,"Kisoro",68,"Kisoro",408,"Nyabwishenya","","","Sub-county","Sub-county"
113722,236,"UGA","Uganda",26,"Kisoro",68,"Kisoro",409,"Nyakabande","","","Sub-county","Sub-county"
113723,236,"UGA","Uganda",26,"Kisoro",68,"Kisoro",410,"Nyakinama","","","Sub-county","Sub-county"
113724,236,"UGA","Uganda",26,"Kisoro",68,"Kisoro",411,"Nyarubuye","","","Sub-county","Sub-county"
113725,236,"UGA","Uganda",26,"Kisoro",68,"Kisoro",412,"Nyarusiza","","","Sub-county","Sub-county"
113726,236,"UGA","Uganda",26,"Kisoro",68,"Kisoro",413,"Nyundo","","","Sub-county","Sub-county"
113727,236,"UGA","Uganda",27,"Kitgum",69,"Chua",414,"Kitgum Tc","","","Sub-county","Sub-county"
113728,236,"UGA","Uganda",27,"Kitgum",69,"Chua",415,"Kitigum Matidi","","","Sub-county","Sub-county"
113729,236,"UGA","Uganda",27,"Kitgum",69,"Chua",416,"Labongo Akwang","","","Sub-county","Sub-county"
113730,236,"UGA","Uganda",27,"Kitgum",69,"Chua",417,"Labongo Amida","","","Sub-county","Sub-county"
113731,236,"UGA","Uganda",27,"Kitgum",69,"Chua",418,"Labongo Layamo","","","Sub-county","Sub-county"
113732,236,"UGA","Uganda",27,"Kitgum",69,"Chua",419,"Lagoro","","","Sub-county","Sub-county"
113733,236,"UGA","Uganda",27,"Kitgum",69,"Chua",420,"Mucwini","","","Sub-county","Sub-county"
113734,236,"UGA","Uganda",27,"Kitgum",69,"Chua",421,"Namokora","","","Sub-county","Sub-county"
113735,236,"UGA","Uganda",27,"Kitgum",69,"Chua",422,"Omiya Anyima","","","Sub-county","Sub-county"
113736,236,"UGA","Uganda",27,"Kitgum",69,"Chua",423,"Orom","","","Sub-county","Sub-county"
113737,236,"UGA","Uganda",27,"Kitgum",70,"Lamwo",424,"Agoro","","","Sub-county","Sub-county"
113738,236,"UGA","Uganda",27,"Kitgum",70,"Lamwo",425,"Lokung","","","Sub-county","Sub-county"
113739,236,"UGA","Uganda",27,"Kitgum",70,"Lamwo",426,"Madi-Opei","","Madi Opei","Sub-county","Sub-county"
113740,236,"UGA","Uganda",27,"Kitgum",70,"Lamwo",427,"Padibe East","","","Sub-county","Sub-county"
113741,236,"UGA","Uganda",27,"Kitgum",70,"Lamwo",428,"Padibe West","","","Sub-county","Sub-county"
113742,236,"UGA","Uganda",27,"Kitgum",70,"Lamwo",429,"Palabek Gem","","","Sub-county","Sub-county"
113743,236,"UGA","Uganda",27,"Kitgum",70,"Lamwo",430,"Palabek Kal","","","Sub-county","Sub-county"
113744,236,"UGA","Uganda",27,"Kitgum",70,"Lamwo",431,"Paloga","","","Sub-county","Sub-county"
113745,236,"UGA","Uganda",27,"Kitgum",70,"Lamwo",432,"Parabek Ogili","","","Sub-county","Sub-county"
113746,236,"UGA","Uganda",28,"Kotido",71,"Dodoth",433,"Kaabong T.C.","","","Sub-county","Sub-county"
113747,236,"UGA","Uganda",28,"Kotido",71,"Dodoth",434,"Kaabong","","","Sub-county","Sub-county"
113748,236,"UGA","Uganda",28,"Kotido",71,"Dodoth",435,"Kalapata","","","Sub-county","Sub-county"
113749,236,"UGA","Uganda",28,"Kotido",71,"Dodoth",436,"Kapedo","","","Sub-county","Sub-county"
113750,236,"UGA","Uganda",28,"Kotido",71,"Dodoth",437,"Karenga","","","Sub-county","Sub-county"
113751,236,"UGA","Uganda",28,"Kotido",71,"Dodoth",438,"Kathile","","","Sub-county","Sub-county"
113752,236,"UGA","Uganda",28,"Kotido",71,"Dodoth",439,"Lolelia","","","Sub-county","Sub-county"
113753,236,"UGA","Uganda",28,"Kotido",71,"Dodoth",440,"Loyoro","","","Sub-county","Sub-county"
113754,236,"UGA","Uganda",28,"Kotido",71,"Dodoth",441,"Sidok","","","Sub-county","Sub-county"
113755,236,"UGA","Uganda",28,"Kotido",72,"Jie",442,"Kacheri","","","Sub-county","Sub-county"
113756,236,"UGA","Uganda",28,"Kotido",72,"Jie",443,"Kotido T.C.","","","Sub-county","Sub-county"
113757,236,"UGA","Uganda",28,"Kotido",72,"Jie",444,"Kotido","","","Sub-county","Sub-county"
113758,236,"UGA","Uganda",28,"Kotido",72,"Jie",445,"Nakaperimoru","","Nakapelimoru","Sub-county","Sub-county"
113759,236,"UGA","Uganda",28,"Kotido",72,"Jie",446,"Panyangara","","","Sub-county","Sub-county"
113760,236,"UGA","Uganda",28,"Kotido",72,"Jie",447,"Rengen","","","Sub-county","Sub-county"
113761,236,"UGA","Uganda",28,"Kotido",73,"Labwor",448,"Abim","","","Sub-county","Sub-county"
113762,236,"UGA","Uganda",28,"Kotido",73,"Labwor",449,"Alerek","","","Sub-county","Sub-county"
113763,236,"UGA","Uganda",28,"Kotido",73,"Labwor",450,"Lotukei","","","Sub-county","Sub-county"
113764,236,"UGA","Uganda",28,"Kotido",73,"Labwor",451,"Morulem","","","Sub-county","Sub-county"
113765,236,"UGA","Uganda",28,"Kotido",73,"Labwor",452,"Nyakwae","","","Sub-county","Sub-county"
113766,236,"UGA","Uganda",29,"Kumi",74,"Bukedea",453,"Bukedea","","","Sub-county","Sub-county"
113767,236,"UGA","Uganda",29,"Kumi",74,"Bukedea",454,"Kachumbala","","","Sub-county","Sub-county"
113768,236,"UGA","Uganda",29,"Kumi",74,"Bukedea",455,"Kidongole","","","Sub-county","Sub-county"
113769,236,"UGA","Uganda",29,"Kumi",74,"Bukedea",456,"Kolir","","","Sub-county","Sub-county"
113770,236,"UGA","Uganda",29,"Kumi",74,"Bukedea",457,"Malera","","","Sub-county","Sub-county"
113771,236,"UGA","Uganda",29,"Kumi",75,"Kumi",458,"Atutur","","","Sub-county","Sub-county"
113772,236,"UGA","Uganda",29,"Kumi",75,"Kumi",459,"Kanyum","","","Sub-county","Sub-county"
113773,236,"UGA","Uganda",29,"Kumi",75,"Kumi",460,"Kumi Tc","","","Sub-county","Sub-county"
113774,236,"UGA","Uganda",29,"Kumi",75,"Kumi",461,"Kumi","","","Sub-county","Sub-county"
113775,236,"UGA","Uganda",29,"Kumi",75,"Kumi",462,"Mukongoro","","","Sub-county","Sub-county"
113776,236,"UGA","Uganda",29,"Kumi",75,"Kumi",463,"Nyero","","","Sub-county","Sub-county"
113777,236,"UGA","Uganda",29,"Kumi",75,"Kumi",464,"Ongino","","","Sub-county","Sub-county"
113778,236,"UGA","Uganda",29,"Kumi",76,"Ngora",465,"Kapir","","","Sub-county","Sub-county"
113779,236,"UGA","Uganda",29,"Kumi",76,"Ngora",466,"Kobwin","","","Sub-county","Sub-county"
113780,236,"UGA","Uganda",29,"Kumi",76,"Ngora",467,"Mukura","","","Sub-county","Sub-county"
113781,236,"UGA","Uganda",29,"Kumi",76,"Ngora",468,"Ngora","","","Sub-county","Sub-county"
113782,236,"UGA","Uganda",30,"Kyenjojo",77,"Kyaka",469,"Hapuyo","","","Sub-county","Sub-county"
113783,236,"UGA","Uganda",30,"Kyenjojo",77,"Kyaka",470,"Kakabara","","","Sub-county","Sub-county"
113784,236,"UGA","Uganda",30,"Kyenjojo",77,"Kyaka",471,"Kasule","","","Sub-county","Sub-county"
113785,236,"UGA","Uganda",30,"Kyenjojo",77,"Kyaka",472,"Kyegegwa","","","Sub-county","Sub-county"
113786,236,"UGA","Uganda",30,"Kyenjojo",77,"Kyaka",473,"Mpara","","","Sub-county","Sub-county"
113787,236,"UGA","Uganda",30,"Kyenjojo",78,"Mwenge",474,"Bufunjo","","","Sub-county","Sub-county"
113788,236,"UGA","Uganda",30,"Kyenjojo",78,"Mwenge",475,"Bugaki","","Bugaaki","Sub-county","Sub-county"
113789,236,"UGA","Uganda",30,"Kyenjojo",78,"Mwenge",476,"Butiiti","","","Sub-county","Sub-county"
113790,236,"UGA","Uganda",30,"Kyenjojo",78,"Mwenge",477,"Katooke","","","Sub-county","Sub-county"
113791,236,"UGA","Uganda",30,"Kyenjojo",78,"Mwenge",478,"Kihuura","","","Sub-county","Sub-county"
113792,236,"UGA","Uganda",30,"Kyenjojo",78,"Mwenge",479,"Kyarusozi","","","Sub-county","Sub-county"
113793,236,"UGA","Uganda",30,"Kyenjojo",78,"Mwenge",480,"Kyenjojo  Tc","","","Sub-county","Sub-county"
113794,236,"UGA","Uganda",30,"Kyenjojo",78,"Mwenge",481,"Nyankwanzi","","","Sub-county","Sub-county"
113795,236,"UGA","Uganda",30,"Kyenjojo",78,"Mwenge",482,"Nyantungo","","","Sub-county","Sub-county"
113796,236,"UGA","Uganda",31,"Lake Albert",79,"Lake Albert",483,"Lake Albert","","","Water body","Water body"
113797,236,"UGA","Uganda",32,"Lake Victoria",80,"Lake Victoria",484,"Lake Victoria","","","Water body","Water body"
113798,236,"UGA","Uganda",33,"Lira",81,"Dokolo",485,"Agwata","","","Sub-county","Sub-county"
113799,236,"UGA","Uganda",33,"Lira",81,"Dokolo",486,"Bata","","Batta","Sub-county","Sub-county"
113800,236,"UGA","Uganda",33,"Lira",81,"Dokolo",487,"Dokolo","","","Sub-county","Sub-county"
113801,236,"UGA","Uganda",33,"Lira",81,"Dokolo",488,"Kangai","","","Sub-county","Sub-county"
113802,236,"UGA","Uganda",33,"Lira",81,"Dokolo",489,"Kwera","","","Sub-county","Sub-county"
113803,236,"UGA","Uganda",33,"Lira",82,"Erute",490,"Adekokwok","","","Sub-county","Sub-county"
113804,236,"UGA","Uganda",33,"Lira",82,"Erute",491,"Amach","","","Sub-county","Sub-county"
113805,236,"UGA","Uganda",33,"Lira",82,"Erute",492,"Aromo","","","Sub-county","Sub-county"
113806,236,"UGA","Uganda",33,"Lira",82,"Erute",493,"Barr","","","Sub-county","Sub-county"
113807,236,"UGA","Uganda",33,"Lira",82,"Erute",494,"Lira","","","Sub-county","Sub-county"
113808,236,"UGA","Uganda",33,"Lira",82,"Erute",495,"Ogur","","","Sub-county","Sub-county"
113809,236,"UGA","Uganda",33,"Lira",83,"Kyoga",496,"Aputi","","","Sub-county","Sub-county"
113810,236,"UGA","Uganda",33,"Lira",83,"Kyoga",497,"Awelo","","","Sub-county","Sub-county"
113811,236,"UGA","Uganda",33,"Lira",83,"Kyoga",498,"Muntu","","","Sub-county","Sub-county"
113812,236,"UGA","Uganda",33,"Lira",83,"Kyoga",499,"Namasale","","","Sub-county","Sub-county"
113813,236,"UGA","Uganda",33,"Lira",84,"Lira",500,"Adyel","","","Sub-county","Sub-county"
113814,236,"UGA","Uganda",33,"Lira",84,"Lira",501,"Central","","","Sub-county","Sub-county"
113815,236,"UGA","Uganda",33,"Lira",84,"Lira",502,"Ojwina","","","Sub-county","Sub-county"
113816,236,"UGA","Uganda",33,"Lira",84,"Lira",503,"Railway","","","Sub-county","Sub-county"
113817,236,"UGA","Uganda",33,"Lira",85,"Moroto",504,"Abako","","","Sub-county","Sub-county"
113818,236,"UGA","Uganda",33,"Lira",85,"Moroto",505,"Aloi","","","Sub-county","Sub-county"
113819,236,"UGA","Uganda",33,"Lira",85,"Moroto",506,"Amugo","","","Sub-county","Sub-county"
113820,236,"UGA","Uganda",33,"Lira",85,"Moroto",507,"Apalla","","Apala","Sub-county","Sub-county"
113821,236,"UGA","Uganda",33,"Lira",85,"Moroto",508,"Omoro","","","Sub-county","Sub-county"
113822,236,"UGA","Uganda",33,"Lira",86,"Otuke",509,"Adwari","","","Sub-county","Sub-county"
113823,236,"UGA","Uganda",33,"Lira",86,"Otuke",510,"Okwang","","","Sub-county","Sub-county"
113824,236,"UGA","Uganda",33,"Lira",86,"Otuke",511,"Olilim","","","Sub-county","Sub-county"
113825,236,"UGA","Uganda",33,"Lira",86,"Otuke",512,"Orum","","","Sub-county","Sub-county"
113826,236,"UGA","Uganda",34,"Luwero",87,"Bamunanika",513,"Bamunanika","","","Sub-county","Sub-county"
113827,236,"UGA","Uganda",34,"Luwero",87,"Bamunanika",514,"Kalagala","","","Sub-county","Sub-county"
113828,236,"UGA","Uganda",34,"Luwero",87,"Bamunanika",515,"Kamira","","","Sub-county","Sub-county"
113829,236,"UGA","Uganda",34,"Luwero",87,"Bamunanika",516,"Kikyusa","","","Sub-county","Sub-county"
113830,236,"UGA","Uganda",34,"Luwero",87,"Bamunanika",517,"Zirobwe","","","Sub-county","Sub-county"
113831,236,"UGA","Uganda",34,"Luwero",88,"Katikamu",518,"Bombo Tc","","","Sub-county","Sub-county"
113832,236,"UGA","Uganda",34,"Luwero",88,"Katikamu",519,"Butuntumula","","","Sub-county","Sub-county"
113833,236,"UGA","Uganda",34,"Luwero",88,"Katikamu",520,"Katikamu","","","Sub-county","Sub-county"
113834,236,"UGA","Uganda",34,"Luwero",88,"Katikamu",521,"Luwero Tc","","","Sub-county","Sub-county"
113835,236,"UGA","Uganda",34,"Luwero",88,"Katikamu",522,"Luwero","","","Sub-county","Sub-county"
113836,236,"UGA","Uganda",34,"Luwero",88,"Katikamu",523,"Makulubita","","","Sub-county","Sub-county"
113837,236,"UGA","Uganda",34,"Luwero",88,"Katikamu",524,"Nyimbwa","","","Sub-county","Sub-county"
113838,236,"UGA","Uganda",34,"Luwero",88,"Katikamu",525,"Wobulenzi Tc","","","Sub-county","Sub-county"
113839,236,"UGA","Uganda",34,"Luwero",89,"Nakaseke",526,"Kapeeka","","","Sub-county","Sub-county"
113840,236,"UGA","Uganda",34,"Luwero",89,"Nakaseke",527,"Kasangombe","","","Sub-county","Sub-county"
113841,236,"UGA","Uganda",34,"Luwero",89,"Nakaseke",528,"Kikamulo","","","Sub-county","Sub-county"
113842,236,"UGA","Uganda",34,"Luwero",89,"Nakaseke",529,"Nakaseke","","","Sub-county","Sub-county"
113843,236,"UGA","Uganda",34,"Luwero",89,"Nakaseke",530,"Ngoma","","","Sub-county","Sub-county"
113844,236,"UGA","Uganda",34,"Luwero",89,"Nakaseke",531,"Semuto","","","Sub-county","Sub-county"
113845,236,"UGA","Uganda",34,"Luwero",89,"Nakaseke",532,"Wakyato","","","Sub-county","Sub-county"
113846,236,"UGA","Uganda",35,"Masaka",90,"Bukomansimbi",533,"Bigasa","","","Sub-county","Sub-county"
113847,236,"UGA","Uganda",35,"Masaka",90,"Bukomansimbi",534,"Butenga","","","Sub-county","Sub-county"
113848,236,"UGA","Uganda",35,"Masaka",90,"Bukomansimbi",535,"Kibingo","","Kibinge","Sub-county","Sub-county"
113849,236,"UGA","Uganda",35,"Masaka",90,"Bukomansimbi",536,"Kitanda","","","Sub-county","Sub-county"
113850,236,"UGA","Uganda",35,"Masaka",91,"Bukoto",537,"Bukakata","","","Sub-county","Sub-county"
113851,236,"UGA","Uganda",35,"Masaka",91,"Bukoto",538,"Buwunga","","","Sub-county","Sub-county"
113852,236,"UGA","Uganda",35,"Masaka",91,"Bukoto",539,"Kabonera","","","Sub-county","Sub-county"
113853,236,"UGA","Uganda",35,"Masaka",91,"Bukoto",540,"Kisekka","","","Sub-county","Sub-county"
113854,236,"UGA","Uganda",35,"Masaka",91,"Bukoto",541,"Kkingo","","","Sub-county","Sub-county"
113855,236,"UGA","Uganda",35,"Masaka",91,"Bukoto",542,"Kyanamukaaka","","","Sub-county","Sub-county"
113856,236,"UGA","Uganda",35,"Masaka",91,"Bukoto",543,"Kyazanga","","","Sub-county","Sub-county"
113857,236,"UGA","Uganda",35,"Masaka",91,"Bukoto",544,"Lwengo","","","Sub-county","Sub-county"
113858,236,"UGA","Uganda",35,"Masaka",91,"Bukoto",545,"Malongo","","","Sub-county","Sub-county"
113859,236,"UGA","Uganda",35,"Masaka",91,"Bukoto",546,"Mukungwe","","","Sub-county","Sub-county"
113860,236,"UGA","Uganda",35,"Masaka",91,"Bukoto",547,"Ndagwe","","","Sub-county","Sub-county"
113861,236,"UGA","Uganda",35,"Masaka",92,"Kalungu",548,"Bukulula","","","Sub-county","Sub-county"
113862,236,"UGA","Uganda",35,"Masaka",92,"Kalungu",549,"Kalungu","","","Sub-county","Sub-county"
113863,236,"UGA","Uganda",35,"Masaka",92,"Kalungu",550,"Kyamuliibwa","","","Sub-county","Sub-county"
113864,236,"UGA","Uganda",35,"Masaka",92,"Kalungu",551,"Lukaya Tc","","","Sub-county","Sub-county"
113865,236,"UGA","Uganda",35,"Masaka",92,"Kalungu",552,"Lwabenge","","","Sub-county","Sub-county"
113866,236,"UGA","Uganda",35,"Masaka",93,"Masaka",553,"Katwe/Butego","","","Sub-county","Sub-county"
113867,236,"UGA","Uganda",35,"Masaka",93,"Masaka",554,"Kimanya/Kyabaku","","","Sub-county","Sub-county"
113868,236,"UGA","Uganda",35,"Masaka",93,"Masaka",555,"Nyendo/Senyange","","","Sub-county","Sub-county"
113869,236,"UGA","Uganda",36,"Masindi",94,"Bujenje",556,"Biiso","","","Sub-county","Sub-county"
113870,236,"UGA","Uganda",36,"Masindi",94,"Bujenje",557,"Budongo","","","Sub-county","Sub-county"
113871,236,"UGA","Uganda",36,"Masindi",94,"Bujenje",558,"Buliisa","","","Sub-county","Sub-county"
113872,236,"UGA","Uganda",36,"Masindi",94,"Bujenje",559,"Bwijanga","","","Sub-county","Sub-county"
113873,236,"UGA","Uganda",36,"Masindi",95,"Buruli",560,"Karujubu","","","Sub-county","Sub-county"
113874,236,"UGA","Uganda",36,"Masindi",95,"Buruli",561,"Kimengo","","","Sub-county","Sub-county"
113875,236,"UGA","Uganda",36,"Masindi",95,"Buruli",562,"Masindi Tc","","","Sub-county","Sub-county"
113876,236,"UGA","Uganda",36,"Masindi",95,"Buruli",563,"Miirya","","","Sub-county","Sub-county"
113877,236,"UGA","Uganda",36,"Masindi",95,"Buruli",564,"Nyangahya","","","Sub-county","Sub-county"
113878,236,"UGA","Uganda",36,"Masindi",95,"Buruli",565,"Pakanyi","","","Sub-county","Sub-county"
113879,236,"UGA","Uganda",36,"Masindi",96,"Kibanda",566,"Kigumba","","","Sub-county","Sub-county"
113880,236,"UGA","Uganda",36,"Masindi",96,"Kibanda",567,"Kiryandongo","","","Sub-county","Sub-county"
113881,236,"UGA","Uganda",36,"Masindi",96,"Kibanda",568,"Masindi Port","","Masindi -Port","Sub-county","Sub-county"
113882,236,"UGA","Uganda",36,"Masindi",96,"Kibanda",569,"Mutunda","","","Sub-county","Sub-county"
113883,236,"UGA","Uganda",37,"Mayuge",97,"Bunya",570,"Baitambogwe","","","Sub-county","Sub-county"
113884,236,"UGA","Uganda",37,"Mayuge",97,"Bunya",571,"Buwaya","","Buwaaya","Sub-county","Sub-county"
113885,236,"UGA","Uganda",37,"Mayuge",97,"Bunya",572,"Imanyiro","","Immanyiro","Sub-county","Sub-county"
113886,236,"UGA","Uganda",37,"Mayuge",97,"Bunya",573,"Kigandalo","","","Sub-county","Sub-county"
113887,236,"UGA","Uganda",37,"Mayuge",97,"Bunya",574,"Kityerera","","","Sub-county","Sub-county"
113888,236,"UGA","Uganda",37,"Mayuge",97,"Bunya",575,"Malongo","","","Sub-county","Sub-county"
113889,236,"UGA","Uganda",37,"Mayuge",97,"Bunya",576,"Mayuge Tc","","","Sub-county","Sub-county"
113890,236,"UGA","Uganda",38,"Mbale",98,"Bubulo",577,"Bubutu","","","Sub-county","Sub-county"
113891,236,"UGA","Uganda",38,"Mbale",98,"Bubulo",578,"Bugobero","","","Sub-county","Sub-county"
113892,236,"UGA","Uganda",38,"Mbale",98,"Bubulo",579,"Bumbo","","","Sub-county","Sub-county"
113893,236,"UGA","Uganda",38,"Mbale",98,"Bubulo",580,"Bumwoni","","","Sub-county","Sub-county"
113894,236,"UGA","Uganda",38,"Mbale",98,"Bubulo",581,"Bupoto","","","Sub-county","Sub-county"
113895,236,"UGA","Uganda",38,"Mbale",98,"Bubulo",582,"Butiru","","","Sub-county","Sub-county"
113896,236,"UGA","Uganda",38,"Mbale",98,"Bubulo",583,"Buwabwala","","","Sub-county","Sub-county"
113897,236,"UGA","Uganda",38,"Mbale",98,"Bubulo",584,"Buwagogo","","","Sub-county","Sub-county"
113898,236,"UGA","Uganda",38,"Mbale",98,"Bubulo",585,"Kaato","","","Sub-county","Sub-county"
113899,236,"UGA","Uganda",38,"Mbale",98,"Bubulo",586,"Sibanga","","","Sub-county","Sub-county"
113900,236,"UGA","Uganda",38,"Mbale",99,"Bungokho",587,"Bufumbo","","","Sub-county","Sub-county"
113901,236,"UGA","Uganda",38,"Mbale",99,"Bungokho",588,"Bukonde","","","Sub-county","Sub-county"
113902,236,"UGA","Uganda",38,"Mbale",99,"Bungokho",589,"Bukyiende","","","Sub-county","Sub-county"
113903,236,"UGA","Uganda",38,"Mbale",99,"Bungokho",590,"Bungokho-Mutoto","","","Sub-county","Sub-county"
113904,236,"UGA","Uganda",38,"Mbale",99,"Bungokho",591,"Bungokho","","","Sub-county","Sub-county"
113905,236,"UGA","Uganda",38,"Mbale",99,"Bungokho",592,"Busano","","","Sub-county","Sub-county"
113906,236,"UGA","Uganda",38,"Mbale",99,"Bungokho",593,"Busiu","","","Sub-county","Sub-county"
113907,236,"UGA","Uganda",38,"Mbale",99,"Bungokho",594,"Busoba","","","Sub-county","Sub-county"
113908,236,"UGA","Uganda",38,"Mbale",99,"Bungokho",595,"Nakaloke","","","Sub-county","Sub-county"
113909,236,"UGA","Uganda",38,"Mbale",99,"Bungokho",596,"Namanyonyi","","","Sub-county","Sub-county"
113910,236,"UGA","Uganda",38,"Mbale",99,"Bungokho",597,"Wanale","","","Sub-county","Sub-county"
113911,236,"UGA","Uganda",38,"Mbale",100,"Manjiya",598,"Bubiita","","","Sub-county","Sub-county"
113912,236,"UGA","Uganda",38,"Mbale",100,"Manjiya",599,"Bududa","","","Sub-county","Sub-county"
113913,236,"UGA","Uganda",38,"Mbale",100,"Manjiya",600,"Bukibokolo","","","Sub-county","Sub-county"
113914,236,"UGA","Uganda",38,"Mbale",100,"Manjiya",601,"Bukigai","","","Sub-county","Sub-county"
113915,236,"UGA","Uganda",38,"Mbale",100,"Manjiya",602,"Bulucheke","","","Sub-county","Sub-county"
113916,236,"UGA","Uganda",38,"Mbale",100,"Manjiya",603,"Bumayoka","","","Sub-county","Sub-county"
113917,236,"UGA","Uganda",38,"Mbale",100,"Manjiya",604,"Bushika","","","Sub-county","Sub-county"
113918,236,"UGA","Uganda",38,"Mbale",101,"Mbale",605,"Industrial","","","Sub-county","Sub-county"
113919,236,"UGA","Uganda",38,"Mbale",101,"Mbale",606,"Northern Division","","","Sub-county","Sub-county"
113920,236,"UGA","Uganda",38,"Mbale",101,"Mbale",607,"Wanale Division","","","Sub-county","Sub-county"
113921,236,"UGA","Uganda",39,"Mbarara",102,"Bukanga",608,"Endinzi","","","Sub-county","Sub-county"
113922,236,"UGA","Uganda",39,"Mbarara",102,"Bukanga",609,"Kashumba","","","Sub-county","Sub-county"
113923,236,"UGA","Uganda",39,"Mbarara",102,"Bukanga",610,"Ngarama","","","Sub-county","Sub-county"
113924,236,"UGA","Uganda",39,"Mbarara",102,"Bukanga",611,"Rugaaga","","","Sub-county","Sub-county"
113925,236,"UGA","Uganda",39,"Mbarara",103,"Ibanda",612,"Bisheshe","","","Sub-county","Sub-county"
113926,236,"UGA","Uganda",39,"Mbarara",103,"Ibanda",613,"Ibanda Tc","","","Sub-county","Sub-county"
113927,236,"UGA","Uganda",39,"Mbarara",103,"Ibanda",614,"Ishongororo","","","Sub-county","Sub-county"
113928,236,"UGA","Uganda",39,"Mbarara",103,"Ibanda",615,"Kicuzi","","","Sub-county","Sub-county"
113929,236,"UGA","Uganda",39,"Mbarara",103,"Ibanda",616,"Kikyenkye","","","Sub-county","Sub-county"
113930,236,"UGA","Uganda",39,"Mbarara",103,"Ibanda",617,"Nyabuhikye","","","Sub-county","Sub-county"
113931,236,"UGA","Uganda",39,"Mbarara",103,"Ibanda",618,"Nyamarebe","","","Sub-county","Sub-county"
113932,236,"UGA","Uganda",39,"Mbarara",103,"Ibanda",619,"Rukiri","","","Sub-county","Sub-county"
113933,236,"UGA","Uganda",39,"Mbarara",104,"Isingiro",620,"Birere","","","Sub-county","Sub-county"
113934,236,"UGA","Uganda",39,"Mbarara",104,"Isingiro",621,"Kabingo","","","Sub-county","Sub-county"
113935,236,"UGA","Uganda",39,"Mbarara",104,"Isingiro",622,"Kabuyanda","","","Sub-county","Sub-county"
113936,236,"UGA","Uganda",39,"Mbarara",104,"Isingiro",623,"Kikagate","","","Sub-county","Sub-county"
113937,236,"UGA","Uganda",39,"Mbarara",104,"Isingiro",624,"Masha","","","Sub-county","Sub-county"
113938,236,"UGA","Uganda",39,"Mbarara",104,"Isingiro",625,"Nyakitunda","","","Sub-county","Sub-county"
113939,236,"UGA","Uganda",39,"Mbarara",105,"Kashari",626,"Bubaare","","","Sub-county","Sub-county"
113940,236,"UGA","Uganda",39,"Mbarara",105,"Kashari",627,"Bukiro","","","Sub-county","Sub-county"
113941,236,"UGA","Uganda",39,"Mbarara",105,"Kashari",628,"Kagongi","","","Sub-county","Sub-county"
113942,236,"UGA","Uganda",39,"Mbarara",105,"Kashari",629,"Kakiika","","","Sub-county","Sub-county"
113943,236,"UGA","Uganda",39,"Mbarara",105,"Kashari",630,"Kashare","","","Sub-county","Sub-county"
113944,236,"UGA","Uganda",39,"Mbarara",105,"Kashari",631,"Rubaya","","","Sub-county","Sub-county"
113945,236,"UGA","Uganda",39,"Mbarara",105,"Kashari",632,"Rubindi","","","Sub-county","Sub-county"
113946,236,"UGA","Uganda",39,"Mbarara",105,"Kashari",633,"Rwanyamahembe","","","Sub-county","Sub-county"
113947,236,"UGA","Uganda",39,"Mbarara",106,"Kazo",634,"Buremba","","","Sub-county","Sub-county"
113948,236,"UGA","Uganda",39,"Mbarara",106,"Kazo",635,"Burunga","","","Sub-county","Sub-county"
113949,236,"UGA","Uganda",39,"Mbarara",106,"Kazo",636,"Kanoni","","","Sub-county","Sub-county"
113950,236,"UGA","Uganda",39,"Mbarara",106,"Kazo",637,"Kazo","","","Sub-county","Sub-county"
113951,236,"UGA","Uganda",39,"Mbarara",106,"Kazo",638,"Rwemikoma","","","Sub-county","Sub-county"
113952,236,"UGA","Uganda",39,"Mbarara",107,"Mbarara",639,"Kakoba","","","Sub-county","Sub-county"
113953,236,"UGA","Uganda",39,"Mbarara",107,"Mbarara",640,"Kamukuzi","","","Sub-county","Sub-county"
113954,236,"UGA","Uganda",39,"Mbarara",107,"Mbarara",641,"Nyamitanga","","","Sub-county","Sub-county"
113955,236,"UGA","Uganda",39,"Mbarara",108,"Nyabushozi",642,"Kanyaryeru","","","Sub-county","Sub-county"
113956,236,"UGA","Uganda",39,"Mbarara",108,"Nyabushozi",643,"Kashongi","","","Sub-county","Sub-county"
113957,236,"UGA","Uganda",39,"Mbarara",108,"Nyabushozi",644,"Kenshunga","","","Sub-county","Sub-county"
113958,236,"UGA","Uganda",39,"Mbarara",108,"Nyabushozi",645,"Kikatsi","","","Sub-county","Sub-county"
113959,236,"UGA","Uganda",39,"Mbarara",108,"Nyabushozi",646,"Kinoni","","","Sub-county","Sub-county"
113960,236,"UGA","Uganda",39,"Mbarara",108,"Nyabushozi",647,"Nyakashashara","","","Sub-county","Sub-county"
113961,236,"UGA","Uganda",39,"Mbarara",108,"Nyabushozi",648,"Sanga","","","Sub-county","Sub-county"
113962,236,"UGA","Uganda",39,"Mbarara",109,"Rwampara",649,"Bugamba","","","Sub-county","Sub-county"
113963,236,"UGA","Uganda",39,"Mbarara",109,"Rwampara",650,"Mwizi","","","Sub-county","Sub-county"
113964,236,"UGA","Uganda",39,"Mbarara",109,"Rwampara",651,"Ndaija","","","Sub-county","Sub-county"
113965,236,"UGA","Uganda",39,"Mbarara",109,"Rwampara",652,"Nyakayojo","","","Sub-county","Sub-county"
113966,236,"UGA","Uganda",39,"Mbarara",109,"Rwampara",653,"Rugando","","","Sub-county","Sub-county"
113967,236,"UGA","Uganda",40,"Moroto",110,"Bokora",654,"Iriiri","","","Sub-county","Sub-county"
113968,236,"UGA","Uganda",40,"Moroto",110,"Bokora",655,"Lokopo","","","Sub-county","Sub-county"
113969,236,"UGA","Uganda",40,"Moroto",110,"Bokora",656,"Lopei","","","Sub-county","Sub-county"
113970,236,"UGA","Uganda",40,"Moroto",110,"Bokora",657,"Lotome","","","Sub-county","Sub-county"
113971,236,"UGA","Uganda",40,"Moroto",110,"Bokora",658,"Matany","","","Sub-county","Sub-county"
113972,236,"UGA","Uganda",40,"Moroto",110,"Bokora",659,"Ngoleriet","","","Sub-county","Sub-county"
113973,236,"UGA","Uganda",40,"Moroto",111,"Matheniko",660,"Katikekile","","","Sub-county","Sub-county"
113974,236,"UGA","Uganda",40,"Moroto",111,"Matheniko",661,"Nadunget","","","Sub-county","Sub-county"
113975,236,"UGA","Uganda",40,"Moroto",111,"Matheniko",662,"Rupa","","","Sub-county","Sub-county"
113976,236,"UGA","Uganda",40,"Moroto",112,"Moroto",663,"Northern Division","","","Sub-county","Sub-county"
113977,236,"UGA","Uganda",40,"Moroto",112,"Moroto",664,"Southern Division","","","Sub-county","Sub-county"
113978,236,"UGA","Uganda",41,"Moyo",113,"Obongi",665,"Aliba","","","Sub-county","Sub-county"
113979,236,"UGA","Uganda",41,"Moyo",113,"Obongi",666,"Gimara","","","Sub-county","Sub-county"
113980,236,"UGA","Uganda",41,"Moyo",113,"Obongi",667,"Itula","","","Sub-county","Sub-county"
113981,236,"UGA","Uganda",41,"Moyo",114,"West Moyo",668,"Dufile","","","Sub-county","Sub-county"
113982,236,"UGA","Uganda",41,"Moyo",114,"West Moyo",669,"Lefori","","","Sub-county","Sub-county"
113983,236,"UGA","Uganda",41,"Moyo",114,"West Moyo",670,"Metu","","","Sub-county","Sub-county"
113984,236,"UGA","Uganda",41,"Moyo",114,"West Moyo",671,"Moyo Tc","","","Sub-county","Sub-county"
113985,236,"UGA","Uganda",41,"Moyo",114,"West Moyo",672,"Moyo","","","Sub-county","Sub-county"
113986,236,"UGA","Uganda",42,"Mpigi",115,"Butambala",673,"Budde","","","Sub-county","Sub-county"
113987,236,"UGA","Uganda",42,"Mpigi",115,"Butambala",674,"Bulo","","","Sub-county","Sub-county"
113988,236,"UGA","Uganda",42,"Mpigi",115,"Butambala",675,"Kalamba","","","Sub-county","Sub-county"
113989,236,"UGA","Uganda",42,"Mpigi",115,"Butambala",676,"Kibibi","","","Sub-county","Sub-county"
113990,236,"UGA","Uganda",42,"Mpigi",115,"Butambala",677,"Ngando","","","Sub-county","Sub-county"
113991,236,"UGA","Uganda",42,"Mpigi",116,"Gomba",678,"Kabulasoke","","","Sub-county","Sub-county"
113992,236,"UGA","Uganda",42,"Mpigi",116,"Gomba",679,"Kyegonza","","","Sub-county","Sub-county"
113993,236,"UGA","Uganda",42,"Mpigi",116,"Gomba",680,"Maddu","","","Sub-county","Sub-county"
113994,236,"UGA","Uganda",42,"Mpigi",116,"Gomba",681,"Mpenja","","","Sub-county","Sub-county"
113995,236,"UGA","Uganda",42,"Mpigi",117,"Mawokota",682,"Buwama","","","Sub-county","Sub-county"
113996,236,"UGA","Uganda",42,"Mpigi",117,"Mawokota",683,"Kamengo","","","Sub-county","Sub-county"
113997,236,"UGA","Uganda",42,"Mpigi",117,"Mawokota",684,"Kiringente","","","Sub-county","Sub-county"
113998,236,"UGA","Uganda",42,"Mpigi",117,"Mawokota",685,"Kituntu","","","Sub-county","Sub-county"
113999,236,"UGA","Uganda",42,"Mpigi",117,"Mawokota",686,"Mpigi Tc","","","Sub-county","Sub-county"
114000,236,"UGA","Uganda",42,"Mpigi",117,"Mawokota",687,"Mpigi","","","Sub-county","Sub-county"
114001,236,"UGA","Uganda",42,"Mpigi",117,"Mawokota",688,"Muduma","","","Sub-county","Sub-county"
114002,236,"UGA","Uganda",42,"Mpigi",117,"Mawokota",689,"Nkozi","","","Sub-county","Sub-county"
114003,236,"UGA","Uganda",43,"Mubende",118,"Busujju",690,"Butayunja","","","Sub-county","Sub-county"
114004,236,"UGA","Uganda",43,"Mubende",118,"Busujju",691,"Kakindu","","","Sub-county","Sub-county"
114005,236,"UGA","Uganda",43,"Mubende",118,"Busujju",692,"Maanyi","","","Sub-county","Sub-county"
114006,236,"UGA","Uganda",43,"Mubende",118,"Busujju",693,"Malangala","","","Sub-county","Sub-county"
114007,236,"UGA","Uganda",43,"Mubende",119,"Buwekula",694,"Bagezza","","","Sub-county","Sub-county"
114008,236,"UGA","Uganda",43,"Mubende",119,"Buwekula",695,"Butoloogo","","","Sub-county","Sub-county"
114009,236,"UGA","Uganda",43,"Mubende",119,"Buwekula",696,"Kasambya","","","Sub-county","Sub-county"
114010,236,"UGA","Uganda",43,"Mubende",119,"Buwekula",697,"Kitenga","","","Sub-county","Sub-county"
114011,236,"UGA","Uganda",43,"Mubende",119,"Buwekula",698,"Kiyuni","","","Sub-county","Sub-county"
114012,236,"UGA","Uganda",43,"Mubende",119,"Buwekula",699,"Madudu","","","Sub-county","Sub-county"
114013,236,"UGA","Uganda",43,"Mubende",119,"Buwekula",700,"Mubende Tc","","","Sub-county","Sub-county"
114014,236,"UGA","Uganda",43,"Mubende",120,"Kassanda",701,"Bukuya","","","Sub-county","Sub-county"
114015,236,"UGA","Uganda",43,"Mubende",120,"Kassanda",702,"Kassanda","","","Sub-county","Sub-county"
114016,236,"UGA","Uganda",43,"Mubende",120,"Kassanda",703,"Kiganda","","","Sub-county","Sub-county"
114017,236,"UGA","Uganda",43,"Mubende",120,"Kassanda",704,"Myanzi","","","Sub-county","Sub-county"
114018,236,"UGA","Uganda",43,"Mubende",121,"Mityana",705,"Bulera","","","Sub-county","Sub-county"
114019,236,"UGA","Uganda",43,"Mubende",121,"Mityana",706,"Busimbi","","","Sub-county","Sub-county"
114020,236,"UGA","Uganda",43,"Mubende",121,"Mityana",707,"Kikandwa","","","Sub-county","Sub-county"
114021,236,"UGA","Uganda",43,"Mubende",121,"Mityana",708,"Mityana Tc","","","Sub-county","Sub-county"
114022,236,"UGA","Uganda",43,"Mubende",121,"Mityana",709,"Ssekanyonyi","","","Sub-county","Sub-county"
114023,236,"UGA","Uganda",44,"Mukono",122,"Buikwe",710,"Buikwe","","","Sub-county","Sub-county"
114024,236,"UGA","Uganda",44,"Mukono",122,"Buikwe",711,"Kawolo","","","Sub-county","Sub-county"
114025,236,"UGA","Uganda",44,"Mukono",122,"Buikwe",712,"Lugazi Tc","","","Sub-county","Sub-county"
114026,236,"UGA","Uganda",44,"Mukono",122,"Buikwe",713,"Najja","","","Sub-county","Sub-county"
114027,236,"UGA","Uganda",44,"Mukono",122,"Buikwe",714,"Najjembe","","","Sub-county","Sub-county"
114028,236,"UGA","Uganda",44,"Mukono",122,"Buikwe",715,"Ngogwe","","","Sub-county","Sub-county"
114029,236,"UGA","Uganda",44,"Mukono",122,"Buikwe",716,"Njeru Tc","","","Sub-county","Sub-county"
114030,236,"UGA","Uganda",44,"Mukono",122,"Buikwe",717,"Nkonkonjeru Tc","","","Sub-county","Sub-county"
114031,236,"UGA","Uganda",44,"Mukono",122,"Buikwe",718,"Nyenga","","","Sub-county","Sub-county"
114032,236,"UGA","Uganda",44,"Mukono",122,"Buikwe",719,"Ssi-Bukunja","","","Sub-county","Sub-county"
114033,236,"UGA","Uganda",44,"Mukono",122,"Buikwe",720,"Wakisi","","","Sub-county","Sub-county"
114034,236,"UGA","Uganda",44,"Mukono",123,"Buvuma Islands",721,"Bugaya","","","Sub-county","Sub-county"
114035,236,"UGA","Uganda",44,"Mukono",123,"Buvuma Islands",722,"Busamuzi","","","Sub-county","Sub-county"
114036,236,"UGA","Uganda",44,"Mukono",123,"Buvuma Islands",723,"Bwema","","Bweema","Sub-county","Sub-county"
114037,236,"UGA","Uganda",44,"Mukono",123,"Buvuma Islands",724,"Nairambi","","","Sub-county","Sub-county"
114038,236,"UGA","Uganda",44,"Mukono",124,"Mukono",725,"Goma","","","Sub-county","Sub-county"
114039,236,"UGA","Uganda",44,"Mukono",124,"Mukono",726,"Kkome Islands","","","Sub-county","Sub-county"
114040,236,"UGA","Uganda",44,"Mukono",124,"Mukono",727,"Kyampisi","","","Sub-county","Sub-county"
114041,236,"UGA","Uganda",44,"Mukono",124,"Mukono",728,"Mukono Tc","","","Sub-county","Sub-county"
114042,236,"UGA","Uganda",44,"Mukono",124,"Mukono",729,"Nakisunga","","","Sub-county","Sub-county"
114043,236,"UGA","Uganda",44,"Mukono",124,"Mukono",730,"Nama","","","Sub-county","Sub-county"
114044,236,"UGA","Uganda",44,"Mukono",124,"Mukono",731,"Ntenjeru","","","Sub-county","Sub-county"
114045,236,"UGA","Uganda",44,"Mukono",125,"Nakifuma",732,"Kasawo","","","Sub-county","Sub-county"
114046,236,"UGA","Uganda",44,"Mukono",125,"Nakifuma",733,"Kimenyedde","","","Sub-county","Sub-county"
114047,236,"UGA","Uganda",44,"Mukono",125,"Nakifuma",734,"Nabaale","","","Sub-county","Sub-county"
114048,236,"UGA","Uganda",44,"Mukono",125,"Nakifuma",735,"Nagojje","","","Sub-county","Sub-county"
114049,236,"UGA","Uganda",44,"Mukono",125,"Nakifuma",736,"Ntunda","","","Sub-county","Sub-county"
114050,236,"UGA","Uganda",44,"Mukono",125,"Nakifuma",737,"Seeta-Namuganga","","","Sub-county","Sub-county"
114051,236,"UGA","Uganda",45,"Nakapiripirit",126,"Chekwii",738,"Kakomongole","","","Sub-county","Sub-county"
114052,236,"UGA","Uganda",45,"Nakapiripirit",126,"Chekwii",739,"Moruita","","","Sub-county","Sub-county"
114053,236,"UGA","Uganda",45,"Nakapiripirit",126,"Chekwii",740,"Nakapiripirit T.C.","","","Sub-county","Sub-county"
114054,236,"UGA","Uganda",45,"Nakapiripirit",126,"Chekwii",741,"Namalu","","","Sub-county","Sub-county"
114055,236,"UGA","Uganda",45,"Nakapiripirit",127,"Pian",742,"Lolachat","","","Sub-county","Sub-county"
114056,236,"UGA","Uganda",45,"Nakapiripirit",127,"Pian",743,"Lorengedwat","","","Sub-county","Sub-county"
114057,236,"UGA","Uganda",45,"Nakapiripirit",127,"Pian",744,"Nabilatuk","","","Sub-county","Sub-county"
114058,236,"UGA","Uganda",45,"Nakapiripirit",128,"Pokot",745,"Amudat","","","Sub-county","Sub-county"
114059,236,"UGA","Uganda",45,"Nakapiripirit",128,"Pokot",746,"Karita","","","Sub-county","Sub-county"
114060,236,"UGA","Uganda",45,"Nakapiripirit",128,"Pokot",747,"Loroo","","","Sub-county","Sub-county"
114061,236,"UGA","Uganda",46,"Nakasongola",129,"Buruli",748,"Kakooge","","","Sub-county","Sub-county"
114062,236,"UGA","Uganda",46,"Nakasongola",129,"Buruli",749,"Kalongo","","","Sub-county","Sub-county"
114063,236,"UGA","Uganda",46,"Nakasongola",129,"Buruli",750,"Kalungi","","","Sub-county","Sub-county"
114064,236,"UGA","Uganda",46,"Nakasongola",129,"Buruli",751,"Lwabyata","","","Sub-county","Sub-county"
114065,236,"UGA","Uganda",46,"Nakasongola",129,"Buruli",752,"Lwampanga","","","Sub-county","Sub-county"
114066,236,"UGA","Uganda",46,"Nakasongola",129,"Buruli",753,"Nabiswera","","","Sub-county","Sub-county"
114067,236,"UGA","Uganda",46,"Nakasongola",129,"Buruli",754,"Nakasongola Tc","","","Sub-county","Sub-county"
114068,236,"UGA","Uganda",46,"Nakasongola",129,"Buruli",755,"Nakitoma","","","Sub-county","Sub-county"
114069,236,"UGA","Uganda",46,"Nakasongola",129,"Buruli",756,"Wabinyonyi","","","Sub-county","Sub-county"
114070,236,"UGA","Uganda",47,"Nebbi",130,"Jonam",757,"Pakwach Tc","","","Sub-county","Sub-county"
114071,236,"UGA","Uganda",47,"Nebbi",130,"Jonam",758,"Pakwach","","","Sub-county","Sub-county"
114072,236,"UGA","Uganda",47,"Nebbi",130,"Jonam",759,"Panyango","","","Sub-county","Sub-county"
114073,236,"UGA","Uganda",47,"Nebbi",130,"Jonam",760,"Panyimur","","","Sub-county","Sub-county"
114074,236,"UGA","Uganda",47,"Nebbi",130,"Jonam",761,"Wadelai","","","Sub-county","Sub-county"
114075,236,"UGA","Uganda",47,"Nebbi",131,"Okoro",762,"Atyak","","","Sub-county","Sub-county"
114076,236,"UGA","Uganda",47,"Nebbi",131,"Okoro",763,"Jangokoro","","","Sub-county","Sub-county"
114077,236,"UGA","Uganda",47,"Nebbi",131,"Okoro",764,"Kango","","","Sub-county","Sub-county"
114078,236,"UGA","Uganda",47,"Nebbi",131,"Okoro",765,"Nyapea","","","Sub-county","Sub-county"
114079,236,"UGA","Uganda",47,"Nebbi",131,"Okoro",766,"Paidha Tc","","","Sub-county","Sub-county"
114080,236,"UGA","Uganda",47,"Nebbi",131,"Okoro",767,"Paidha","","","Sub-county","Sub-county"
114081,236,"UGA","Uganda",47,"Nebbi",131,"Okoro",768,"Zeu","","","Sub-county","Sub-county"
114082,236,"UGA","Uganda",47,"Nebbi",132,"Padyere",769,"Akworo","","","Sub-county","Sub-county"
114083,236,"UGA","Uganda",47,"Nebbi",132,"Padyere",770,"Erussi","","","Sub-county","Sub-county"
114084,236,"UGA","Uganda",47,"Nebbi",132,"Padyere",771,"Kucwiny","","","Sub-county","Sub-county"
114085,236,"UGA","Uganda",47,"Nebbi",132,"Padyere",772,"Nebbi Tc","","","Sub-county","Sub-county"
114086,236,"UGA","Uganda",47,"Nebbi",132,"Padyere",773,"Nebbi","","","Sub-county","Sub-county"
114087,236,"UGA","Uganda",47,"Nebbi",132,"Padyere",774,"Nyaravur","","","Sub-county","Sub-county"
114088,236,"UGA","Uganda",47,"Nebbi",132,"Padyere",775,"Parombo","","","Sub-county","Sub-county"
114089,236,"UGA","Uganda",48,"Ntungamo",133,"Kajara",776,"Bwongyera","","","Sub-county","Sub-county"
114090,236,"UGA","Uganda",48,"Ntungamo",133,"Kajara",777,"Ihunga","","","Sub-county","Sub-county"
114091,236,"UGA","Uganda",48,"Ntungamo",133,"Kajara",778,"Kibatsi","","","Sub-county","Sub-county"
114092,236,"UGA","Uganda",48,"Ntungamo",133,"Kajara",779,"Nyabihoko","","","Sub-county","Sub-county"
114093,236,"UGA","Uganda",48,"Ntungamo",134,"Ruhaama",780,"Itojo","","","Sub-county","Sub-county"
114094,236,"UGA","Uganda",48,"Ntungamo",134,"Ruhaama",781,"Ntungamo Tc","","","Sub-county","Sub-county"
114095,236,"UGA","Uganda",48,"Ntungamo",134,"Ruhaama",782,"Ntungamo","","","Sub-county","Sub-county"
114096,236,"UGA","Uganda",48,"Ntungamo",134,"Ruhaama",783,"Nyakyera","","","Sub-county","Sub-county"
114097,236,"UGA","Uganda",48,"Ntungamo",134,"Ruhaama",784,"Ruhaama","","","Sub-county","Sub-county"
114098,236,"UGA","Uganda",48,"Ntungamo",134,"Ruhaama",785,"Rukoni","","","Sub-county","Sub-county"
114099,236,"UGA","Uganda",48,"Ntungamo",134,"Ruhaama",786,"Rweikiniro","","","Sub-county","Sub-county"
114100,236,"UGA","Uganda",48,"Ntungamo",135,"Rushenyi",787,"Kayonza","","","Sub-county","Sub-county"
114101,236,"UGA","Uganda",48,"Ntungamo",135,"Rushenyi",788,"Ngoma","","","Sub-county","Sub-county"
114102,236,"UGA","Uganda",48,"Ntungamo",135,"Rushenyi",789,"Rubaare","","","Sub-county","Sub-county"
114103,236,"UGA","Uganda",48,"Ntungamo",135,"Rushenyi",790,"Rugarama","","","Sub-county","Sub-county"
114104,236,"UGA","Uganda",49,"Pader",136,"Agago",791,"Adilang","","","Sub-county","Sub-county"
114105,236,"UGA","Uganda",49,"Pader",136,"Agago",792,"Lapono","","","Sub-county","Sub-county"
114106,236,"UGA","Uganda",49,"Pader",136,"Agago",793,"Lira Palwo","","","Sub-county","Sub-county"
114107,236,"UGA","Uganda",49,"Pader",136,"Agago",794,"Lukole","","","Sub-county","Sub-county"
114108,236,"UGA","Uganda",49,"Pader",136,"Agago",795,"Omot","","","Sub-county","Sub-county"
114109,236,"UGA","Uganda",49,"Pader",136,"Agago",796,"Paimol","","","Sub-county","Sub-county"
114110,236,"UGA","Uganda",49,"Pader",136,"Agago",797,"Parabongo","","","Sub-county","Sub-county"
114111,236,"UGA","Uganda",49,"Pader",136,"Agago",798,"Patongo","","","Sub-county","Sub-county"
114112,236,"UGA","Uganda",49,"Pader",136,"Agago",799,"Wol","","","Sub-county","Sub-county"
114113,236,"UGA","Uganda",49,"Pader",137,"Aruu",800,"Acholibur","","","Sub-county","Sub-county"
114114,236,"UGA","Uganda",49,"Pader",137,"Aruu",801,"Atanga","","","Sub-county","Sub-county"
114115,236,"UGA","Uganda",49,"Pader",137,"Aruu",802,"Awere","","Awer","Sub-county","Sub-county"
114116,236,"UGA","Uganda",49,"Pader",137,"Aruu",803,"Kilak","","","Sub-county","Sub-county"
114117,236,"UGA","Uganda",49,"Pader",137,"Aruu",804,"Laguti","","","Sub-county","Sub-county"
114118,236,"UGA","Uganda",49,"Pader",137,"Aruu",805,"Lapul","","","Sub-county","Sub-county"
114119,236,"UGA","Uganda",49,"Pader",137,"Aruu",806,"Pader T.C.","","","Sub-county","Sub-county"
114120,236,"UGA","Uganda",49,"Pader",137,"Aruu",807,"Pajule","","","Sub-county","Sub-county"
114121,236,"UGA","Uganda",49,"Pader",137,"Aruu",808,"Puranga","","","Sub-county","Sub-county"
114122,236,"UGA","Uganda",50,"Pallisa",138,"Budaka",809,"Budaka","","","Sub-county","Sub-county"
114123,236,"UGA","Uganda",50,"Pallisa",138,"Budaka",810,"Iki-Iki","","","Sub-county","Sub-county"
114124,236,"UGA","Uganda",50,"Pallisa",138,"Budaka",811,"Kaderuna","","","Sub-county","Sub-county"
114125,236,"UGA","Uganda",50,"Pallisa",138,"Budaka",812,"Kameruka","","","Sub-county","Sub-county"
114126,236,"UGA","Uganda",50,"Pallisa",138,"Budaka",813,"Kamonkoli","","","Sub-county","Sub-county"
114127,236,"UGA","Uganda",50,"Pallisa",138,"Budaka",814,"Lyama","","","Sub-county","Sub-county"
114128,236,"UGA","Uganda",50,"Pallisa",138,"Budaka",815,"Naboa","","","Sub-county","Sub-county"
114129,236,"UGA","Uganda",50,"Pallisa",139,"Butebo",816,"Butebo","","","Sub-county","Sub-county"
114130,236,"UGA","Uganda",50,"Pallisa",139,"Butebo",817,"Kabwangasi","","","Sub-county","Sub-county"
114131,236,"UGA","Uganda",50,"Pallisa",139,"Butebo",818,"Kakoro","","","Sub-county","Sub-county"
114132,236,"UGA","Uganda",50,"Pallisa",139,"Butebo",819,"Kibale","","","Sub-county","Sub-county"
114133,236,"UGA","Uganda",50,"Pallisa",139,"Butebo",820,"Petete","","","Sub-county","Sub-county"
114134,236,"UGA","Uganda",50,"Pallisa",140,"Kibuku",821,"Bulangira","","","Sub-county","Sub-county"
114135,236,"UGA","Uganda",50,"Pallisa",140,"Kibuku",822,"Buseta","","","Sub-county","Sub-county"
114136,236,"UGA","Uganda",50,"Pallisa",140,"Kibuku",823,"Kadama","","","Sub-county","Sub-county"
114137,236,"UGA","Uganda",50,"Pallisa",140,"Kibuku",824,"Kagumu","","","Sub-county","Sub-county"
114138,236,"UGA","Uganda",50,"Pallisa",140,"Kibuku",825,"Kibuku","","","Sub-county","Sub-county"
114139,236,"UGA","Uganda",50,"Pallisa",140,"Kibuku",826,"Kirika","","","Sub-county","Sub-county"
114140,236,"UGA","Uganda",50,"Pallisa",140,"Kibuku",827,"Tirinyi","","","Sub-county","Sub-county"
114141,236,"UGA","Uganda",50,"Pallisa",141,"Pallisa",828,"Agule","","","Sub-county","Sub-county"
114142,236,"UGA","Uganda",50,"Pallisa",141,"Pallisa",829,"Apopong","","","Sub-county","Sub-county"
114143,236,"UGA","Uganda",50,"Pallisa",141,"Pallisa",830,"Gogonyo","","","Sub-county","Sub-county"
114144,236,"UGA","Uganda",50,"Pallisa",141,"Pallisa",831,"Kameke","","","Sub-county","Sub-county"
114145,236,"UGA","Uganda",50,"Pallisa",141,"Pallisa",832,"Kamuge","","","Sub-county","Sub-county"
114146,236,"UGA","Uganda",50,"Pallisa",141,"Pallisa",833,"Kasodo","","","Sub-county","Sub-county"
114147,236,"UGA","Uganda",50,"Pallisa",141,"Pallisa",834,"Pallisa Tc","","","Sub-county","Sub-county"
114148,236,"UGA","Uganda",50,"Pallisa",141,"Pallisa",835,"Pallisa","","","Sub-county","Sub-county"
114149,236,"UGA","Uganda",50,"Pallisa",141,"Pallisa",836,"Puti-Puti","","","Sub-county","Sub-county"
114150,236,"UGA","Uganda",51,"Rakai",142,"Kabula",837,"Kaliiro","","","Sub-county","Sub-county"
114151,236,"UGA","Uganda",51,"Rakai",142,"Kabula",838,"Kasagama","","","Sub-county","Sub-county"
114152,236,"UGA","Uganda",51,"Rakai",142,"Kabula",839,"Kinuuka","","","Sub-county","Sub-county"
114153,236,"UGA","Uganda",51,"Rakai",142,"Kabula",840,"Lyantonde Tc","","","Sub-county","Sub-county"
114154,236,"UGA","Uganda",51,"Rakai",142,"Kabula",841,"Lyantonde","","","Sub-county","Sub-county"
114155,236,"UGA","Uganda",51,"Rakai",142,"Kabula",842,"Mpumudde","","","Sub-county","Sub-county"
114156,236,"UGA","Uganda",51,"Rakai",143,"Kakuuto",843,"Kakuuto","","","Sub-county","Sub-county"
114157,236,"UGA","Uganda",51,"Rakai",143,"Kakuuto",844,"Kasasa","","","Sub-county","Sub-county"
114158,236,"UGA","Uganda",51,"Rakai",143,"Kakuuto",845,"Kibanda","","","Sub-county","Sub-county"
114159,236,"UGA","Uganda",51,"Rakai",143,"Kakuuto",846,"Kitumba","","Kifamba","Sub-county","Sub-county"
114160,236,"UGA","Uganda",51,"Rakai",143,"Kakuuto",847,"Kyebe","","","Sub-county","Sub-county"
114161,236,"UGA","Uganda",51,"Rakai",144,"Kooki",848,"Byakabanda","","","Sub-county","Sub-county"
114162,236,"UGA","Uganda",51,"Rakai",144,"Kooki",849,"Ddwaniro","","","Sub-county","Sub-county"
114163,236,"UGA","Uganda",51,"Rakai",144,"Kooki",850,"Kacheera","","","Sub-county","Sub-county"
114164,236,"UGA","Uganda",51,"Rakai",144,"Kooki",851,"Kagamba","","Kagamba (Buyamba)","Sub-county","Sub-county"
114165,236,"UGA","Uganda",51,"Rakai",144,"Kooki",852,"Kakuuto","","","Sub-county","Sub-county"
114166,236,"UGA","Uganda",51,"Rakai",144,"Kooki",853,"Kyalulangira","","","Sub-county","Sub-county"
114167,236,"UGA","Uganda",51,"Rakai",144,"Kooki",854,"Lwamaggwa","","","Sub-county","Sub-county"
114168,236,"UGA","Uganda",51,"Rakai",144,"Kooki",855,"Lwanda","","","Sub-county","Sub-county"
114169,236,"UGA","Uganda",51,"Rakai",144,"Kooki",856,"Rakai Tc","","","Sub-county","Sub-county"
114170,236,"UGA","Uganda",51,"Rakai",145,"Kyotera",857,"Kabira","","","Sub-county","Sub-county"
114171,236,"UGA","Uganda",51,"Rakai",145,"Kyotera",858,"Kalisizo","","","Sub-county","Sub-county"
114172,236,"UGA","Uganda",51,"Rakai",145,"Kyotera",859,"Kasaali","","","Sub-county","Sub-county"
114173,236,"UGA","Uganda",51,"Rakai",145,"Kyotera",860,"Kirumba","","","Sub-county","Sub-county"
114174,236,"UGA","Uganda",51,"Rakai",145,"Kyotera",861,"Kyotera Tc","","","Sub-county","Sub-county"
114175,236,"UGA","Uganda",51,"Rakai",145,"Kyotera",862,"Lwankoni","","","Sub-county","Sub-county"
114176,236,"UGA","Uganda",51,"Rakai",145,"Kyotera",863,"Nabigasa","","","Sub-county","Sub-county"
114177,236,"UGA","Uganda",52,"Rukungiri",146,"Bufumbira",864,"Bugangari","","","Sub-county","Sub-county"
114178,236,"UGA","Uganda",52,"Rukungiri",146,"Bufumbira",865,"Buhunga","","","Sub-county","Sub-county"
114179,236,"UGA","Uganda",52,"Rukungiri",146,"Bufumbira",866,"Bwambara","","","Sub-county","Sub-county"
114180,236,"UGA","Uganda",52,"Rukungiri",146,"Bufumbira",867,"Kagunga","","","Sub-county","Sub-county"
114181,236,"UGA","Uganda",52,"Rukungiri",146,"Bufumbira",868,"Nyakagyeme","","","Sub-county","Sub-county"
114182,236,"UGA","Uganda",52,"Rukungiri",146,"Bufumbira",869,"Ruhinda","","","Sub-county","Sub-county"
114183,236,"UGA","Uganda",52,"Rukungiri",146,"Bufumbira",870,"Rukungiri Tc","","","Sub-county","Sub-county"
114184,236,"UGA","Uganda",52,"Rukungiri",147,"Rubabo",871,"Buyanja","","","Sub-county","Sub-county"
114185,236,"UGA","Uganda",52,"Rukungiri",147,"Rubabo",872,"Kebisoni","","","Sub-county","Sub-county"
114186,236,"UGA","Uganda",52,"Rukungiri",147,"Rubabo",873,"Nyakishenyi","","","Sub-county","Sub-county"
114187,236,"UGA","Uganda",52,"Rukungiri",147,"Rubabo",874,"Nyarushanje","","","Sub-county","Sub-county"
114188,236,"UGA","Uganda",53,"Sembabule",148,"Lwemiyaga",875,"Lwemiyaga","","","Sub-county","Sub-county"
114189,236,"UGA","Uganda",53,"Sembabule",148,"Lwemiyaga",876,"Ntusi","","","Sub-county","Sub-county"
114190,236,"UGA","Uganda",53,"Sembabule",149,"Mawogola",877,"Lugusulu","","","Sub-county","Sub-county"
114191,236,"UGA","Uganda",53,"Sembabule",149,"Mawogola",878,"Lwebitakuli","","","Sub-county","Sub-county"
114192,236,"UGA","Uganda",53,"Sembabule",149,"Mawogola",879,"Mateete","","","Sub-county","Sub-county"
114193,236,"UGA","Uganda",53,"Sembabule",149,"Mawogola",880,"Mijwala","","","Sub-county","Sub-county"
114194,236,"UGA","Uganda",53,"Sembabule",149,"Mawogola",881,"Sembabule Tc","","","Sub-county","Sub-county"
114195,236,"UGA","Uganda",54,"Sironko",150,"Budadiri",882,"Buhugu","","","Sub-county","Sub-county"
114196,236,"UGA","Uganda",54,"Sironko",150,"Budadiri",883,"Bukhulo","","","Sub-county","Sub-county"
114197,236,"UGA","Uganda",54,"Sironko",150,"Budadiri",884,"Bumasifwa","","","Sub-county","Sub-county"
114198,236,"UGA","Uganda",54,"Sironko",150,"Budadiri",885,"Busulani","","","Sub-county","Sub-county"
114199,236,"UGA","Uganda",54,"Sironko",150,"Budadiri",886,"Butandiga","","","Sub-county","Sub-county"
114200,236,"UGA","Uganda",54,"Sironko",150,"Budadiri",887,"Buteza","","","Sub-county","Sub-county"
114201,236,"UGA","Uganda",54,"Sironko",150,"Budadiri",888,"Buwalasi","","","Sub-county","Sub-county"
114202,236,"UGA","Uganda",54,"Sironko",150,"Budadiri",889,"Buyobo","","","Sub-county","Sub-county"
114203,236,"UGA","Uganda",54,"Sironko",150,"Budadiri",890,"Sironko Tc","","","Sub-county","Sub-county"
114204,236,"UGA","Uganda",54,"Sironko",150,"Budadiri",891,"Zesui","","","Sub-county","Sub-county"
114205,236,"UGA","Uganda",54,"Sironko",151,"Bulambuli",892,"Buginyanya","","","Sub-county","Sub-county"
114206,236,"UGA","Uganda",54,"Sironko",151,"Bulambuli",893,"Bukhalu","","","Sub-county","Sub-county"
114207,236,"UGA","Uganda",54,"Sironko",151,"Bulambuli",894,"Bulago","","","Sub-county","Sub-county"
114208,236,"UGA","Uganda",54,"Sironko",151,"Bulambuli",895,"Bulegeni","","","Sub-county","Sub-county"
114209,236,"UGA","Uganda",54,"Sironko",151,"Bulambuli",896,"Buluganya","","","Sub-county","Sub-county"
114210,236,"UGA","Uganda",54,"Sironko",151,"Bulambuli",897,"Bunambutye","","","Sub-county","Sub-county"
114211,236,"UGA","Uganda",54,"Sironko",151,"Bulambuli",898,"Masiira","","","Sub-county","Sub-county"
114212,236,"UGA","Uganda",54,"Sironko",151,"Bulambuli",899,"Muyembe","","","Sub-county","Sub-county"
114213,236,"UGA","Uganda",54,"Sironko",151,"Bulambuli",900,"Sisiyi","","","Sub-county","Sub-county"
114214,236,"UGA","Uganda",54,"Sironko",152,"Mt. Elgon Np",901,"Mt. Elgon Np","","","Sub-county","Sub-county"
114215,236,"UGA","Uganda",55,"Soroti",153,"Kasilo",902,"Bugondo","","","Sub-county","Sub-county"
114216,236,"UGA","Uganda",55,"Soroti",153,"Kasilo",903,"Kadungulu","","","Sub-county","Sub-county"
114217,236,"UGA","Uganda",55,"Soroti",153,"Kasilo",904,"Pingire","","","Sub-county","Sub-county"
114218,236,"UGA","Uganda",55,"Soroti",154,"Serere",905,"Atiira","","","Sub-county","Sub-county"
114219,236,"UGA","Uganda",55,"Soroti",154,"Serere",906,"Kateta","","","Sub-county","Sub-county"
114220,236,"UGA","Uganda",55,"Soroti",154,"Serere",907,"Kyere","","","Sub-county","Sub-county"
114221,236,"UGA","Uganda",55,"Soroti",154,"Serere",908,"Olio","","","Sub-county","Sub-county"
114222,236,"UGA","Uganda",55,"Soroti",155,"Soroti",909,"Arapai","","","Sub-county","Sub-county"
114223,236,"UGA","Uganda",55,"Soroti",155,"Soroti",910,"Asuret","","","Sub-county","Sub-county"
114224,236,"UGA","Uganda",55,"Soroti",155,"Soroti",911,"Eastern Division","","","Sub-county","Sub-county"
114225,236,"UGA","Uganda",55,"Soroti",155,"Soroti",912,"Gweri","","","Sub-county","Sub-county"
114226,236,"UGA","Uganda",55,"Soroti",155,"Soroti",913,"Kamuda","","","Sub-county","Sub-county"
114227,236,"UGA","Uganda",55,"Soroti",155,"Soroti",914,"Katine","","","Sub-county","Sub-county"
114228,236,"UGA","Uganda",55,"Soroti",155,"Soroti",915,"Northern Division","","","Sub-county","Sub-county"
114229,236,"UGA","Uganda",55,"Soroti",155,"Soroti",916,"Soroti","","","Sub-county","Sub-county"
114230,236,"UGA","Uganda",55,"Soroti",155,"Soroti",917,"Tubur","","","Sub-county","Sub-county"
114231,236,"UGA","Uganda",55,"Soroti",155,"Soroti",918,"Western Division","","","Sub-county","Sub-county"
114232,236,"UGA","Uganda",56,"Tororo",156,"Bunyole",919,"Budumba","","","Sub-county","Sub-county"
114233,236,"UGA","Uganda",56,"Tororo",156,"Bunyole",920,"Busaba","","","Sub-county","Sub-county"
114234,236,"UGA","Uganda",56,"Tororo",156,"Bunyole",921,"Busolwe","","","Sub-county","Sub-county"
114235,236,"UGA","Uganda",56,"Tororo",156,"Bunyole",922,"Butaleja","","","Sub-county","Sub-county"
114236,236,"UGA","Uganda",56,"Tororo",156,"Bunyole",923,"Kachonga","","","Sub-county","Sub-county"
114237,236,"UGA","Uganda",56,"Tororo",156,"Bunyole",924,"Nawanjofu","","","Sub-county","Sub-county"
114238,236,"UGA","Uganda",56,"Tororo",156,"Bunyole",925,"Nazimasa","","","Sub-county","Sub-county"
114239,236,"UGA","Uganda",56,"Tororo",157,"Kisoko (West Budama)",926,"Iyolwa","","","Sub-county","Sub-county"
114240,236,"UGA","Uganda",56,"Tororo",157,"Kisoko (West Budama)",927,"Kirewa","","","Sub-county","Sub-county"
114241,236,"UGA","Uganda",56,"Tororo",157,"Kisoko (West Budama)",928,"Kisoko","","","Sub-county","Sub-county"
114242,236,"UGA","Uganda",56,"Tororo",157,"Kisoko (West Budama)",929,"Mulanda","","","Sub-county","Sub-county"
114243,236,"UGA","Uganda",56,"Tororo",157,"Kisoko (West Budama)",930,"Nabuyoga","","","Sub-county","Sub-county"
114244,236,"UGA","Uganda",56,"Tororo",157,"Kisoko (West Budama)",931,"Nagongera","","","Sub-county","Sub-county"
114245,236,"UGA","Uganda",56,"Tororo",157,"Kisoko (West Budama)",932,"Paya","","","Sub-county","Sub-county"
114246,236,"UGA","Uganda",56,"Tororo",157,"Kisoko (West Budama)",933,"Petta","","","Sub-county","Sub-county"
114247,236,"UGA","Uganda",56,"Tororo",157,"Kisoko (West Budama)",934,"Rubongi","","","Sub-county","Sub-county"
114248,236,"UGA","Uganda",56,"Tororo",158,"Tororo",935,"Eastern Divisioni","","","Sub-county","Sub-county"
114249,236,"UGA","Uganda",56,"Tororo",158,"Tororo",936,"Kwapa","","","Sub-county","Sub-county"
114250,236,"UGA","Uganda",56,"Tororo",158,"Tororo",937,"Mella","","","Sub-county","Sub-county"
114251,236,"UGA","Uganda",56,"Tororo",158,"Tororo",938,"Merikit","","","Sub-county","Sub-county"
114252,236,"UGA","Uganda",56,"Tororo",158,"Tororo",939,"Molo","","","Sub-county","Sub-county"
114253,236,"UGA","Uganda",56,"Tororo",158,"Tororo",940,"Mukuju","","","Sub-county","Sub-county"
114254,236,"UGA","Uganda",56,"Tororo",158,"Tororo",941,"Osukuru","","","Sub-county","Sub-county"
114255,236,"UGA","Uganda",56,"Tororo",158,"Tororo",942,"Western Divisioni","","","Sub-county","Sub-county"
114256,236,"UGA","Uganda",57,"Wakiso",159,"Busiiro",943,"Kakiri","","","Sub-county","Sub-county"
114257,236,"UGA","Uganda",57,"Wakiso",159,"Busiiro",944,"Kasanje","","","Sub-county","Sub-county"
114258,236,"UGA","Uganda",57,"Wakiso",159,"Busiiro",945,"Katabi-Entebbe","","Katabi","Sub-county","Sub-county"
114259,236,"UGA","Uganda",57,"Wakiso",159,"Busiiro",946,"Masulita","","","Sub-county","Sub-county"
114260,236,"UGA","Uganda",57,"Wakiso",159,"Busiiro",947,"Namayumba","","","Sub-county","Sub-county"
114261,236,"UGA","Uganda",57,"Wakiso",159,"Busiiro",948,"Nsangi","","","Sub-county","Sub-county"
114262,236,"UGA","Uganda",57,"Wakiso",159,"Busiiro",949,"Ssisa","","","Sub-county","Sub-county"
114263,236,"UGA","Uganda",57,"Wakiso",159,"Busiiro",950,"Wakiso Tc","","","Sub-county","Sub-county"
114264,236,"UGA","Uganda",57,"Wakiso",159,"Busiiro",951,"Wakiso","","","Sub-county","Sub-county"
114265,236,"UGA","Uganda",57,"Wakiso",160,"Entebbe",952,"Division A","","","Sub-county","Sub-county"
114266,236,"UGA","Uganda",57,"Wakiso",160,"Entebbe",953,"Division B","","","Sub-county","Sub-county"
114267,236,"UGA","Uganda",57,"Wakiso",161,"Jinja",954,"Busukuma","","","Sub-county","Sub-county"
114268,236,"UGA","Uganda",57,"Wakiso",161,"Jinja",955,"Gombe","","","Sub-county","Sub-county"
114269,236,"UGA","Uganda",57,"Wakiso",161,"Jinja",956,"Kira","","","Sub-county","Sub-county"
114270,236,"UGA","Uganda",57,"Wakiso",161,"Jinja",957,"Nabweru","","","Sub-county","Sub-county"
114271,236,"UGA","Uganda",57,"Wakiso",161,"Jinja",958,"Nangabo","","","Sub-county","Sub-county"
114272,236,"UGA","Uganda",57,"Wakiso",161,"Jinja",959,"Ssabagabo-Makindye","","","Sub-county","Sub-county"
114273,236,"UGA","Uganda",58,"Yumbe",162,"Aringa",960,"Apo","","","Sub-county","Sub-county"
114274,236,"UGA","Uganda",58,"Yumbe",162,"Aringa",961,"Drajani","","","Sub-county","Sub-county"
114275,236,"UGA","Uganda",58,"Yumbe",162,"Aringa",962,"Kei","","","Sub-county","Sub-county"
114276,236,"UGA","Uganda",58,"Yumbe",162,"Aringa",963,"Kuru","","","Sub-county","Sub-county"
114277,236,"UGA","Uganda",58,"Yumbe",162,"Aringa",964,"Midigo","","","Sub-county","Sub-county"
114278,236,"UGA","Uganda",58,"Yumbe",162,"Aringa",965,"Odravu","","","Sub-county","Sub-county"
114279,236,"UGA","Uganda",58,"Yumbe",162,"Aringa",966,"Romogi","","","Sub-county","Sub-county"
114280,236,"UGA","Uganda",58,"Yumbe",162,"Aringa",967,"Yumbe Tc","","","Sub-county","Sub-county"
