"PID","ID_0","ISO","NAME_0","ID_1","NAME_1","ID_2","NAME_2","NL_NAME_2","VARNAME_2","TYPE_2","ENGTYPE_2"
36662,236,"UGA","Uganda",1,"Adjumani",1,"East Moyo","","","County","County"
36663,236,"UGA","Uganda",2,"Apac",2,"Kole","","","County","County"
36664,236,"UGA","Uganda",2,"Apac",3,"Kwania","","","County","County"
36665,236,"UGA","Uganda",2,"Apac",4,"Maruzi","","","County","County"
36666,236,"UGA","Uganda",2,"Apac",5,"Oyam","","","County","County"
36667,236,"UGA","Uganda",3,"Arua",6,"Arua Municipality","","Arua","County","County"
36668,236,"UGA","Uganda",3,"Arua",7,"Ayivu","","","County","County"
36669,236,"UGA","Uganda",3,"Arua",8,"Koboko","","","County","County"
36670,236,"UGA","Uganda",3,"Arua",9,"Madi-Okollo","","","County","County"
36671,236,"UGA","Uganda",3,"Arua",10,"Maracha","","","County","County"
36672,236,"UGA","Uganda",3,"Arua",11,"Terego","","","County","County"
36673,236,"UGA","Uganda",3,"Arua",12,"Vurra","","","County","County"
36674,236,"UGA","Uganda",4,"Bugiri",13,"Bukooli","","","County","County"
36675,236,"UGA","Uganda",5,"Bundibugyo",14,"Bwamba","","","County","County"
36676,236,"UGA","Uganda",5,"Bundibugyo",15,"Ntoroko","","Ntoroka","County","County"
36677,236,"UGA","Uganda",6,"Bushenyi",16,"Buhweju","","","County","County"
36678,236,"UGA","Uganda",6,"Bushenyi",17,"Bunyaruguru","","","County","County"
36679,236,"UGA","Uganda",6,"Bushenyi",18,"Igara","","","County","County"
36680,236,"UGA","Uganda",6,"Bushenyi",19,"Ruhinda","","","County","County"
36681,236,"UGA","Uganda",6,"Bushenyi",20,"Sheema","","","County","County"
36682,236,"UGA","Uganda",7,"Busia",21,"Samia-Bugwe","","","County","County"
36683,236,"UGA","Uganda",8,"Gulu",22,"Aswa","","","County","County"
36684,236,"UGA","Uganda",8,"Gulu",23,"Gulu","","Gulu Municipality","County","County"
36685,236,"UGA","Uganda",8,"Gulu",24,"Kilak","","","County","County"
36686,236,"UGA","Uganda",8,"Gulu",25,"Nwoya","","","County","County"
36687,236,"UGA","Uganda",8,"Gulu",26,"Omoro","","","County","County"
36688,236,"UGA","Uganda",9,"Hoima",27,"Bugahya","","","County","County"
36689,236,"UGA","Uganda",9,"Hoima",28,"Buhaguzi","","","County","County"
36690,236,"UGA","Uganda",10,"Iganga",29,"Bugweri","","","County","County"
36691,236,"UGA","Uganda",10,"Iganga",30,"Busiki","","","County","County"
36692,236,"UGA","Uganda",10,"Iganga",31,"Kigulu","","","County","County"
36693,236,"UGA","Uganda",10,"Iganga",32,"Luuka","","","County","County"
36694,236,"UGA","Uganda",11,"Jinja",33,"Butembe","","","County","County"
36695,236,"UGA","Uganda",11,"Jinja",34,"Jinja","","Jinja Municipality","County","County"
36696,236,"UGA","Uganda",11,"Jinja",35,"Kagoma","","","County","County"
36697,236,"UGA","Uganda",12,"Kabale",36,"Kabale","","","Municipality","Municipality"
36698,236,"UGA","Uganda",12,"Kabale",37,"Ndorwa","","","County","County"
36699,236,"UGA","Uganda",12,"Kabale",38,"Rubanda","","","County","County"
36700,236,"UGA","Uganda",12,"Kabale",39,"Rukiga","","","County","County"
36701,236,"UGA","Uganda",13,"Kabarole",40,"Bunyangabu","","","County","County"
36702,236,"UGA","Uganda",13,"Kabarole",41,"Burahya","","","County","County"
36703,236,"UGA","Uganda",13,"Kabarole",42,"Fort Portal","","","County","County"
36704,236,"UGA","Uganda",14,"Kaberamaido",43,"Kaberamaido","","","County","County"
36705,236,"UGA","Uganda",14,"Kaberamaido",44,"Kalaki","","","County","County"
36706,236,"UGA","Uganda",15,"Kalangala",45,"Bujumba","","","County","County"
36707,236,"UGA","Uganda",15,"Kalangala",46,"Kyamuswa","","","County","County"
36708,236,"UGA","Uganda",16,"Kampala",47,"Kampala","","","City council","City council"
36709,236,"UGA","Uganda",17,"Kamuli",48,"Budiope","","","County","County"
36710,236,"UGA","Uganda",17,"Kamuli",49,"Bugabula","","","County","County"
36711,236,"UGA","Uganda",17,"Kamuli",50,"Bulamogi","","","County","County"
36712,236,"UGA","Uganda",17,"Kamuli",51,"Buzaaya","","","County","County"
36713,236,"UGA","Uganda",18,"Kamwenge",52,"Kibale","","","County","County"
36714,236,"UGA","Uganda",18,"Kamwenge",53,"Kitagwenda","","","County","County"
36715,236,"UGA","Uganda",19,"Kanungu",54,"Kinkiizi","","","County","County"
36716,236,"UGA","Uganda",20,"Kapchorwa",55,"Kongasis","","","County","County"
36717,236,"UGA","Uganda",20,"Kapchorwa",56,"Kween","","","County","County"
36718,236,"UGA","Uganda",20,"Kapchorwa",57,"Tingey","","","County","County"
36719,236,"UGA","Uganda",21,"Kasese",58,"Bukonjo","","","County","County"
36720,236,"UGA","Uganda",21,"Kasese",59,"Busongora","","","County","County"
36721,236,"UGA","Uganda",22,"Katakwi",60,"Amuria","","","County","County"
36722,236,"UGA","Uganda",22,"Katakwi",61,"Kapelebyong","","","County","County"
36723,236,"UGA","Uganda",22,"Katakwi",62,"Usuk","","","County","County"
36724,236,"UGA","Uganda",23,"Kayunga",63,"Bbaale","","","County","County"
36725,236,"UGA","Uganda",23,"Kayunga",64,"Ntenjeru","","","County","County"
36726,236,"UGA","Uganda",24,"Kibale",65,"Bugangaizi","","","County","County"
36727,236,"UGA","Uganda",24,"Kibale",66,"Buyaga","","","County","County"
36728,236,"UGA","Uganda",25,"Kiboga",67,"Kiboga","","","County","County"
36729,236,"UGA","Uganda",26,"Kisoro",68,"Kisoro","","","County","County"
36730,236,"UGA","Uganda",27,"Kitgum",69,"Chua","","","County","County"
36731,236,"UGA","Uganda",27,"Kitgum",70,"Lamwo","","","County","County"
36732,236,"UGA","Uganda",28,"Kotido",71,"Dodoth","","","County","County"
36733,236,"UGA","Uganda",28,"Kotido",72,"Jie","","","County","County"
36734,236,"UGA","Uganda",28,"Kotido",73,"Labwor","","","County","County"
36735,236,"UGA","Uganda",29,"Kumi",74,"Bukedea","","","County","County"
36736,236,"UGA","Uganda",29,"Kumi",75,"Kumi","","","County","County"
36737,236,"UGA","Uganda",29,"Kumi",76,"Ngora","","","County","County"
36738,236,"UGA","Uganda",30,"Kyenjojo",77,"Kyaka","","","County","County"
36739,236,"UGA","Uganda",30,"Kyenjojo",78,"Mwenge","","","County","County"
36740,236,"UGA","Uganda",31,"Lake Albert",79,"Lake Albert","","","Water body","Water body"
36741,236,"UGA","Uganda",32,"Lake Victoria",80,"Lake Victoria","","","Water body","Water body"
36742,236,"UGA","Uganda",33,"Lira",81,"Dokolo","","","County","County"
36743,236,"UGA","Uganda",33,"Lira",82,"Erute","","","County","County"
36744,236,"UGA","Uganda",33,"Lira",83,"Kyoga","","","County","County"
36745,236,"UGA","Uganda",33,"Lira",84,"Lira","","Lira Municipality","Municipality","Municipality"
36746,236,"UGA","Uganda",33,"Lira",85,"Moroto","","","County","County"
36747,236,"UGA","Uganda",33,"Lira",86,"Otuke","","","County","County"
36748,236,"UGA","Uganda",34,"Luwero",87,"Bamunanika","","","County","County"
36749,236,"UGA","Uganda",34,"Luwero",88,"Katikamu","","","County","County"
36750,236,"UGA","Uganda",34,"Luwero",89,"Nakaseke","","","County","County"
36751,236,"UGA","Uganda",35,"Masaka",90,"Bukomansimbi","","","County","County"
36752,236,"UGA","Uganda",35,"Masaka",91,"Bukoto","","","County","County"
36753,236,"UGA","Uganda",35,"Masaka",92,"Kalungu","","","County","County"
36754,236,"UGA","Uganda",35,"Masaka",93,"Masaka","","Masaka Municipality","Municipality","Municipality"
36755,236,"UGA","Uganda",36,"Masindi",94,"Bujenje","","","County","County"
36756,236,"UGA","Uganda",36,"Masindi",95,"Buruli","","Buruli","County","County"
36757,236,"UGA","Uganda",36,"Masindi",96,"Kibanda","","","County","County"
36758,236,"UGA","Uganda",37,"Mayuge",97,"Bunya","","","County","County"
36759,236,"UGA","Uganda",38,"Mbale",98,"Bubulo","","","County","County"
36760,236,"UGA","Uganda",38,"Mbale",99,"Bungokho","","","County","County"
36761,236,"UGA","Uganda",38,"Mbale",100,"Manjiya","","","County","County"
36762,236,"UGA","Uganda",38,"Mbale",101,"Mbale","","Mbale Municipality","Municipality","Municipality"
36763,236,"UGA","Uganda",39,"Mbarara",102,"Bukanga","","","County","County"
36764,236,"UGA","Uganda",39,"Mbarara",103,"Ibanda","","","County","County"
36765,236,"UGA","Uganda",39,"Mbarara",104,"Isingiro","","","County","County"
36766,236,"UGA","Uganda",39,"Mbarara",105,"Kashari","","","County","County"
36767,236,"UGA","Uganda",39,"Mbarara",106,"Kazo","","","County","County"
36768,236,"UGA","Uganda",39,"Mbarara",107,"Mbarara","","Mbarara Municipality","Municipality","Municipality"
36769,236,"UGA","Uganda",39,"Mbarara",108,"Nyabushozi","","","County","County"
36770,236,"UGA","Uganda",39,"Mbarara",109,"Rwampara","","","County","County"
36771,236,"UGA","Uganda",40,"Moroto",110,"Bokora","","","County","County"
36772,236,"UGA","Uganda",40,"Moroto",111,"Matheniko","","","County","County"
36773,236,"UGA","Uganda",40,"Moroto",112,"Moroto","","","County","County"
36774,236,"UGA","Uganda",41,"Moyo",113,"Obongi","","","County","County"
36775,236,"UGA","Uganda",41,"Moyo",114,"West Moyo","","","County","County"
36776,236,"UGA","Uganda",42,"Mpigi",115,"Butambala","","","County","County"
36777,236,"UGA","Uganda",42,"Mpigi",116,"Gomba","","","County","County"
36778,236,"UGA","Uganda",42,"Mpigi",117,"Mawokota","","","County","County"
36779,236,"UGA","Uganda",43,"Mubende",118,"Busujju","","","County","County"
36780,236,"UGA","Uganda",43,"Mubende",119,"Buwekula","","","County","County"
36781,236,"UGA","Uganda",43,"Mubende",120,"Kassanda","","","County","County"
36782,236,"UGA","Uganda",43,"Mubende",121,"Mityana","","","County","County"
36783,236,"UGA","Uganda",44,"Mukono",122,"Buikwe","","","County","County"
36784,236,"UGA","Uganda",44,"Mukono",123,"Buvuma Islands","","Buvuma","County","County"
36785,236,"UGA","Uganda",44,"Mukono",124,"Mukono","","","County","County"
36786,236,"UGA","Uganda",44,"Mukono",125,"Nakifuma","","","County","County"
36787,236,"UGA","Uganda",45,"Nakapiripirit",126,"Chekwii","","","County","County"
36788,236,"UGA","Uganda",45,"Nakapiripirit",127,"Pian","","","County","County"
36789,236,"UGA","Uganda",45,"Nakapiripirit",128,"Pokot","","Upe","County","County"
36790,236,"UGA","Uganda",46,"Nakasongola",129,"Buruli","","","County","County"
36791,236,"UGA","Uganda",47,"Nebbi",130,"Jonam","","","County","County"
36792,236,"UGA","Uganda",47,"Nebbi",131,"Okoro","","","County","County"
36793,236,"UGA","Uganda",47,"Nebbi",132,"Padyere","","","County","County"
36794,236,"UGA","Uganda",48,"Ntungamo",133,"Kajara","","","County","County"
36795,236,"UGA","Uganda",48,"Ntungamo",134,"Ruhaama","","","County","County"
36796,236,"UGA","Uganda",48,"Ntungamo",135,"Rushenyi","","","County","County"
36797,236,"UGA","Uganda",49,"Pader",136,"Agago","","","County","County"
36798,236,"UGA","Uganda",49,"Pader",137,"Aruu","","","County","County"
36799,236,"UGA","Uganda",50,"Pallisa",138,"Budaka","","","County","County"
36800,236,"UGA","Uganda",50,"Pallisa",139,"Butebo","","","County","County"
36801,236,"UGA","Uganda",50,"Pallisa",140,"Kibuku","","","County","County"
36802,236,"UGA","Uganda",50,"Pallisa",141,"Pallisa","","","County","County"
36803,236,"UGA","Uganda",51,"Rakai",142,"Kabula","","","County","County"
36804,236,"UGA","Uganda",51,"Rakai",143,"Kakuuto","","","County","County"
36805,236,"UGA","Uganda",51,"Rakai",144,"Kooki","","","County","County"
36806,236,"UGA","Uganda",51,"Rakai",145,"Kyotera","","","County","County"
36807,236,"UGA","Uganda",52,"Rukungiri",146,"Bufumbira","","Bujumbura","County","County"
36808,236,"UGA","Uganda",52,"Rukungiri",147,"Rubabo","","","County","County"
36809,236,"UGA","Uganda",53,"Sembabule",148,"Lwemiyaga","","","County","County"
36810,236,"UGA","Uganda",53,"Sembabule",149,"Mawogola","","","County","County"
36811,236,"UGA","Uganda",54,"Sironko",150,"Budadiri","","","County","County"
36812,236,"UGA","Uganda",54,"Sironko",151,"Bulambuli","","","County","County"
36813,236,"UGA","Uganda",54,"Sironko",152,"Mt. Elgon Np","","","County","County"
36814,236,"UGA","Uganda",55,"Soroti",153,"Kasilo","","","County","County"
36815,236,"UGA","Uganda",55,"Soroti",154,"Serere","","","County","County"
36816,236,"UGA","Uganda",55,"Soroti",155,"Soroti","","","Municipality","Municipality"
36817,236,"UGA","Uganda",56,"Tororo",156,"Bunyole","","","County","County"
36818,236,"UGA","Uganda",56,"Tororo",157,"Kisoko (West Budama)","","West Budama (Kisolo)","County","County"
36819,236,"UGA","Uganda",56,"Tororo",158,"Tororo","","","Municipality","Municipality"
36820,236,"UGA","Uganda",57,"Wakiso",159,"Busiiro","","Busiro","County","County"
36821,236,"UGA","Uganda",57,"Wakiso",160,"Entebbe","","Entebbe Municipality","County","County"
36822,236,"UGA","Uganda",57,"Wakiso",161,"Jinja","","Kyadondo","County","County"
36823,236,"UGA","Uganda",58,"Yumbe",162,"Aringa","","","County","County"
