"PID","ID_0","ISO","NAME_0","ID_1","NAME_1","NL_NAME_1","VARNAME_1","TYPE_1","ENGTYPE_1"
3385,253,"ZWE","Zimbabwe",1,"Bulawayo","","","City","City"
3386,253,"ZWE","Zimbabwe",2,"Harare","","","City","City"
3387,253,"ZWE","Zimbabwe",3,"Manicaland","","","Province","Province"
3388,253,"ZWE","Zimbabwe",4,"Mashonaland Central","","","Province","Province"
3389,253,"ZWE","Zimbabwe",5,"Mashonaland East","","","Province","Province"
3390,253,"ZWE","Zimbabwe",6,"Mashonaland West","","","Province","Province"
3391,253,"ZWE","Zimbabwe",7,"Masvingo","","","Province","Province"
3392,253,"ZWE","Zimbabwe",8,"Matabeleland North","","","Province","Province"
3393,253,"ZWE","Zimbabwe",9,"Matabeleland South","","","Province","Province"
3394,253,"ZWE","Zimbabwe",10,"Midlands","","","Province","Province"
