"PID","ID_0","ISO","NAME_0","ID_1","NAME_1","ID_2","NAME_2","NL_NAME_2","VARNAME_2","TYPE_2","ENGTYPE_2"
41830,253,"ZWE","Zimbabwe",1,"Bulawayo",1,"Bulawayo","","","District","District"
41831,253,"ZWE","Zimbabwe",2,"Harare",2,"Harare","","Salisbury|Harare Urban","District","District"
41832,253,"ZWE","Zimbabwe",3,"Manicaland",3,"Buhera","","","District","District"
41833,253,"ZWE","Zimbabwe",3,"Manicaland",4,"Chimanimani","","","District","District"
41834,253,"ZWE","Zimbabwe",3,"Manicaland",5,"Chipinge","","","District","District"
41835,253,"ZWE","Zimbabwe",3,"Manicaland",6,"Makoni","","","District","District"
41836,253,"ZWE","Zimbabwe",3,"Manicaland",7,"Mutare","","Umtali","District","District"
41837,253,"ZWE","Zimbabwe",3,"Manicaland",8,"Mutasa","","","District","District"
41838,253,"ZWE","Zimbabwe",3,"Manicaland",9,"Nyanga","","","District","District"
41839,253,"ZWE","Zimbabwe",4,"Mashonaland Central",10,"Bindura","","","District","District"
41840,253,"ZWE","Zimbabwe",4,"Mashonaland Central",11,"Centenary","","Muzarambani","District","District"
41841,253,"ZWE","Zimbabwe",4,"Mashonaland Central",12,"Guruve","","Sipolilo","District","District"
41842,253,"ZWE","Zimbabwe",4,"Mashonaland Central",13,"Mazowe","","","District","District"
41843,253,"ZWE","Zimbabwe",4,"Mashonaland Central",14,"Mount Darwin","","Mt Darwin","District","District"
41844,253,"ZWE","Zimbabwe",4,"Mashonaland Central",15,"Rushinga","","","District","District"
41845,253,"ZWE","Zimbabwe",4,"Mashonaland Central",16,"Shamva","","","District","District"
41846,253,"ZWE","Zimbabwe",5,"Mashonaland East",17,"Chikomba","","","District","District"
41847,253,"ZWE","Zimbabwe",5,"Mashonaland East",18,"Goromonzi","","","District","District"
41848,253,"ZWE","Zimbabwe",5,"Mashonaland East",19,"Marondera","","Marandellas","District","District"
41849,253,"ZWE","Zimbabwe",5,"Mashonaland East",20,"Mudzi","","","District","District"
41850,253,"ZWE","Zimbabwe",5,"Mashonaland East",21,"Murehwa","","","District","District"
41851,253,"ZWE","Zimbabwe",5,"Mashonaland East",22,"Mutoko","","","District","District"
41852,253,"ZWE","Zimbabwe",5,"Mashonaland East",23,"Seke","","","District","District"
41853,253,"ZWE","Zimbabwe",5,"Mashonaland East",24,"UMP","","Murehwa U.M.P.","District","District"
41854,253,"ZWE","Zimbabwe",5,"Mashonaland East",25,"Wedza","","Hwedza","District","District"
41855,253,"ZWE","Zimbabwe",6,"Mashonaland West",26,"Chegutu","","","District","District"
41856,253,"ZWE","Zimbabwe",6,"Mashonaland West",27,"Hurungwe","","Karoi|Urungwe","District","District"
41857,253,"ZWE","Zimbabwe",6,"Mashonaland West",28,"Kadoma","","Gatooma","District","District"
41858,253,"ZWE","Zimbabwe",6,"Mashonaland West",29,"Kariba","","","District","District"
41859,253,"ZWE","Zimbabwe",6,"Mashonaland West",30,"Makonde","","Lomagundi","District","District"
41860,253,"ZWE","Zimbabwe",6,"Mashonaland West",31,"Zvimba","","","District","District"
41861,253,"ZWE","Zimbabwe",7,"Masvingo",32,"Bikita","","","District","District"
41862,253,"ZWE","Zimbabwe",7,"Masvingo",33,"Chiredzi","","Hartley","District","District"
41863,253,"ZWE","Zimbabwe",7,"Masvingo",34,"Chivi","","","District","District"
41864,253,"ZWE","Zimbabwe",7,"Masvingo",35,"Gutu","","","District","District"
41865,253,"ZWE","Zimbabwe",7,"Masvingo",36,"Masvingo","","Victoria","District","District"
41866,253,"ZWE","Zimbabwe",7,"Masvingo",37,"Mwenezi","","","District","District"
41867,253,"ZWE","Zimbabwe",7,"Masvingo",38,"Zaka","","","District","District"
41868,253,"ZWE","Zimbabwe",8,"Matabeleland North",39,"Binga","","","District","District"
41869,253,"ZWE","Zimbabwe",8,"Matabeleland North",40,"Bubi","","","District","District"
41870,253,"ZWE","Zimbabwe",8,"Matabeleland North",41,"Hwange","","Wankie","District","District"
41871,253,"ZWE","Zimbabwe",8,"Matabeleland North",42,"Lupane","","","District","District"
41872,253,"ZWE","Zimbabwe",8,"Matabeleland North",43,"Nkayi","","","District","District"
41873,253,"ZWE","Zimbabwe",8,"Matabeleland North",44,"Tsholotsho","","","District","District"
41874,253,"ZWE","Zimbabwe",8,"Matabeleland North",45,"Umguza","","","District","District"
41875,253,"ZWE","Zimbabwe",9,"Matabeleland South",46,"Beitbridge","","","District","District"
41876,253,"ZWE","Zimbabwe",9,"Matabeleland South",47,"Bulilima (North)","","Bulalimamangwe|Bulilima","District","District"
41877,253,"ZWE","Zimbabwe",9,"Matabeleland South",48,"Gwanda","","","District","District"
41878,253,"ZWE","Zimbabwe",9,"Matabeleland South",49,"Insiza","","","District","District"
41879,253,"ZWE","Zimbabwe",9,"Matabeleland South",50,"Mangwe (South)","","Bulalimamangwe South","District","District"
41880,253,"ZWE","Zimbabwe",9,"Matabeleland South",51,"Matobo","","","District","District"
41881,253,"ZWE","Zimbabwe",9,"Matabeleland South",52,"Umzingwane","","","District","District"
41882,253,"ZWE","Zimbabwe",10,"Midlands",53,"Chirumhanzu","","Chirumanzu","District","District"
41883,253,"ZWE","Zimbabwe",10,"Midlands",54,"Gokwe North","","Gokwe","District","District"
41884,253,"ZWE","Zimbabwe",10,"Midlands",55,"Gokwe South","","Gokwe","District","District"
41885,253,"ZWE","Zimbabwe",10,"Midlands",56,"Gweru","","Gwelo","District","District"
41886,253,"ZWE","Zimbabwe",10,"Midlands",57,"Kwekwe","","Que Que","District","District"
41887,253,"ZWE","Zimbabwe",10,"Midlands",58,"Mberengwa","","Mberingwe","District","District"
41888,253,"ZWE","Zimbabwe",10,"Midlands",59,"Shurugwi","","Selukwe","District","District"
41889,253,"ZWE","Zimbabwe",10,"Midlands",60,"Zvishavane","","Shabani, Shavani","District","District"
