"PID","ID_0","ISO","NAME_0","ID_1","NAME_1","NL_NAME_1","VARNAME_1","TYPE_1","ENGTYPE_1"
3274,242,"URY","Uruguay",1,"Artigas","","","Departamento","Department"
3275,242,"URY","Uruguay",2,"Canelones","","","Departamento","Department"
3276,242,"URY","Uruguay",3,"Cerro Largo","","","Departamento","Department"
3277,242,"URY","Uruguay",4,"Colonia","","","Departamento","Department"
3278,242,"URY","Uruguay",5,"Durazno","","","Departamento","Department"
3279,242,"URY","Uruguay",6,"Flores","","","Departamento","Department"
3280,242,"URY","Uruguay",7,"Florida","","","Departamento","Department"
3281,242,"URY","Uruguay",8,"Lavalleja","","","Departamento","Department"
3282,242,"URY","Uruguay",9,"Maldonado","","","Departamento","Department"
3283,242,"URY","Uruguay",10,"Montevideo","","Montevidéu","Departamento","Department"
3284,242,"URY","Uruguay",11,"Paysandú","","","Departamento","Department"
3285,242,"URY","Uruguay",12,"Río Negro","","","Departamento","Department"
3286,242,"URY","Uruguay",13,"Rivera","","","Departamento","Department"
3287,242,"URY","Uruguay",14,"Rocha","","","Departamento","Department"
3288,242,"URY","Uruguay",15,"Salto","","","Departamento","Department"
3289,242,"URY","Uruguay",16,"San José","","","Departamento","Department"
3290,242,"URY","Uruguay",17,"Soriano","","","Departamento","Department"
3291,242,"URY","Uruguay",18,"Tacuarembó","","","Departamento","Department"
3292,242,"URY","Uruguay",19,"Treinta y Tres","","","Departamento","Department"
