"PID","ID_0","ISO","NAME_0","ID_1","NAME_1","ID_2","NAME_2","NL_NAME_2","VARNAME_2","TYPE_2","ENGTYPE_2"
40702,242,"URY","Uruguay",1,"Artigas",1,"n.a2","","","Población","Poblacion"
40703,242,"URY","Uruguay",1,"Artigas",2,"n.a3","","","Población","Poblacion"
40704,242,"URY","Uruguay",1,"Artigas",3,"n.a4","","","Población","Poblacion"
40705,242,"URY","Uruguay",1,"Artigas",4,"n.a5","","","Población","Poblacion"
40706,242,"URY","Uruguay",1,"Artigas",5,"n.a6","","","Población","Poblacion"
40707,242,"URY","Uruguay",1,"Artigas",6,"n.a7","","","Población","Poblacion"
40708,242,"URY","Uruguay",1,"Artigas",7,"n.a8","","","Población","Poblacion"
40709,242,"URY","Uruguay",1,"Artigas",8,"n.a9","","","Población","Poblacion"
40710,242,"URY","Uruguay",2,"Canelones",9,"n.a162","","","Población","Poblacion"
40711,242,"URY","Uruguay",2,"Canelones",10,"n.a165","","","Población","Poblacion"
40712,242,"URY","Uruguay",2,"Canelones",11,"n.a171","","","Población","Poblacion"
40713,242,"URY","Uruguay",2,"Canelones",12,"n.a172","","","Población","Poblacion"
40714,242,"URY","Uruguay",2,"Canelones",13,"n.a175","","","Población","Poblacion"
40715,242,"URY","Uruguay",2,"Canelones",14,"n.a181","","","Población","Poblacion"
40716,242,"URY","Uruguay",2,"Canelones",15,"n.a182","","","Población","Poblacion"
40717,242,"URY","Uruguay",2,"Canelones",16,"n.a183","","","Población","Poblacion"
40718,242,"URY","Uruguay",2,"Canelones",17,"n.a324","","","Población","Poblacion"
40719,242,"URY","Uruguay",2,"Canelones",18,"n.a338","","","Población","Poblacion"
40720,242,"URY","Uruguay",2,"Canelones",19,"n.a340","","","Población","Poblacion"
40721,242,"URY","Uruguay",2,"Canelones",20,"n.a342","","","Población","Poblacion"
40722,242,"URY","Uruguay",2,"Canelones",21,"n.a343","","","Población","Poblacion"
40723,242,"URY","Uruguay",2,"Canelones",22,"n.a344","","","Población","Poblacion"
40724,242,"URY","Uruguay",2,"Canelones",23,"n.a346","","","Población","Poblacion"
40725,242,"URY","Uruguay",2,"Canelones",24,"n.a347","","","Población","Poblacion"
40726,242,"URY","Uruguay",2,"Canelones",25,"n.a348","","","Población","Poblacion"
40727,242,"URY","Uruguay",2,"Canelones",26,"n.a349","","","Población","Poblacion"
40728,242,"URY","Uruguay",3,"Cerro Largo",27,"n.a34","","","Población","Poblacion"
40729,242,"URY","Uruguay",3,"Cerro Largo",28,"n.a46","","","Población","Poblacion"
40730,242,"URY","Uruguay",3,"Cerro Largo",29,"n.a47","","","Población","Poblacion"
40731,242,"URY","Uruguay",3,"Cerro Largo",30,"n.a52","","","Población","Poblacion"
40732,242,"URY","Uruguay",3,"Cerro Largo",31,"n.a54","","","Población","Poblacion"
40733,242,"URY","Uruguay",3,"Cerro Largo",32,"n.a55","","","Población","Poblacion"
40734,242,"URY","Uruguay",3,"Cerro Largo",33,"n.a57","","","Población","Poblacion"
40735,242,"URY","Uruguay",3,"Cerro Largo",34,"n.a61","","","Población","Poblacion"
40736,242,"URY","Uruguay",3,"Cerro Largo",35,"n.a62","","","Población","Poblacion"
40737,242,"URY","Uruguay",3,"Cerro Largo",36,"n.a65","","","Población","Poblacion"
40738,242,"URY","Uruguay",3,"Cerro Largo",37,"n.a66","","","Población","Poblacion"
40739,242,"URY","Uruguay",3,"Cerro Largo",38,"n.a67","","","Población","Poblacion"
40740,242,"URY","Uruguay",4,"Colonia",39,"n.a139","","","Población","Poblacion"
40741,242,"URY","Uruguay",4,"Colonia",40,"n.a145","","","Población","Poblacion"
40742,242,"URY","Uruguay",4,"Colonia",41,"n.a146","","","Población","Poblacion"
40743,242,"URY","Uruguay",4,"Colonia",42,"n.a152","","","Población","Poblacion"
40744,242,"URY","Uruguay",4,"Colonia",43,"n.a197","","","Población","Poblacion"
40745,242,"URY","Uruguay",4,"Colonia",44,"n.a310","","","Población","Poblacion"
40746,242,"URY","Uruguay",4,"Colonia",45,"n.a314","","","Población","Poblacion"
40747,242,"URY","Uruguay",4,"Colonia",46,"n.a315","","","Población","Poblacion"
40748,242,"URY","Uruguay",4,"Colonia",47,"n.a356","","","Población","Poblacion"
40749,242,"URY","Uruguay",4,"Colonia",48,"n.a382","","","Población","Poblacion"
40750,242,"URY","Uruguay",4,"Colonia",49,"n.a461","","","Población","Poblacion"
40751,242,"URY","Uruguay",4,"Colonia",50,"n.a528","","","Población","Poblacion"
40752,242,"URY","Uruguay",4,"Colonia",51,"n.a531","","","Población","Poblacion"
40753,242,"URY","Uruguay",4,"Colonia",52,"n.a540","","","Población","Poblacion"
40754,242,"URY","Uruguay",5,"Durazno",53,"n.a114","","","Población","Poblacion"
40755,242,"URY","Uruguay",5,"Durazno",54,"n.a63","","","Población","Poblacion"
40756,242,"URY","Uruguay",5,"Durazno",55,"n.a71","","","Población","Poblacion"
40757,242,"URY","Uruguay",5,"Durazno",56,"n.a72","","","Población","Poblacion"
40758,242,"URY","Uruguay",5,"Durazno",57,"n.a79","","","Población","Poblacion"
40759,242,"URY","Uruguay",5,"Durazno",58,"n.a80","","","Población","Poblacion"
40760,242,"URY","Uruguay",5,"Durazno",59,"n.a81","","","Población","Poblacion"
40761,242,"URY","Uruguay",5,"Durazno",60,"n.a85","","","Población","Poblacion"
40762,242,"URY","Uruguay",5,"Durazno",61,"n.a89","","","Población","Poblacion"
40763,242,"URY","Uruguay",5,"Durazno",62,"n.a92","","","Población","Poblacion"
40764,242,"URY","Uruguay",5,"Durazno",63,"n.a93","","","Población","Poblacion"
40765,242,"URY","Uruguay",5,"Durazno",64,"n.a95","","","Población","Poblacion"
40766,242,"URY","Uruguay",5,"Durazno",65,"n.a97","","","Población","Poblacion"
40767,242,"URY","Uruguay",6,"Flores",66,"n.a100","","","Población","Poblacion"
40768,242,"URY","Uruguay",6,"Flores",67,"n.a102","","","Población","Poblacion"
40769,242,"URY","Uruguay",6,"Flores",68,"n.a106","","","Población","Poblacion"
40770,242,"URY","Uruguay",6,"Flores",69,"n.a118","","","Población","Poblacion"
40771,242,"URY","Uruguay",6,"Flores",70,"n.a124","","","Población","Poblacion"
40772,242,"URY","Uruguay",6,"Flores",71,"n.a130","","","Población","Poblacion"
40773,242,"URY","Uruguay",7,"Florida",72,"n.a101","","","Población","Poblacion"
40774,242,"URY","Uruguay",7,"Florida",73,"n.a113","","","Población","Poblacion"
40775,242,"URY","Uruguay",7,"Florida",74,"n.a116","","","Población","Poblacion"
40776,242,"URY","Uruguay",7,"Florida",75,"n.a117","","","Población","Poblacion"
40777,242,"URY","Uruguay",7,"Florida",76,"n.a119","","","Población","Poblacion"
40778,242,"URY","Uruguay",7,"Florida",77,"n.a131","","","Población","Poblacion"
40779,242,"URY","Uruguay",7,"Florida",78,"n.a132","","","Población","Poblacion"
40780,242,"URY","Uruguay",7,"Florida",79,"n.a135","","","Población","Poblacion"
40781,242,"URY","Uruguay",7,"Florida",80,"n.a140","","","Población","Poblacion"
40782,242,"URY","Uruguay",7,"Florida",81,"n.a141","","","Población","Poblacion"
40783,242,"URY","Uruguay",7,"Florida",82,"n.a147","","","Población","Poblacion"
40784,242,"URY","Uruguay",7,"Florida",83,"n.a149","","","Población","Poblacion"
40785,242,"URY","Uruguay",7,"Florida",84,"n.a169","","","Población","Poblacion"
40786,242,"URY","Uruguay",8,"Lavalleja",85,"n.a109","","","Población","Poblacion"
40787,242,"URY","Uruguay",8,"Lavalleja",86,"n.a110","","","Población","Poblacion"
40788,242,"URY","Uruguay",8,"Lavalleja",87,"n.a115","","","Población","Poblacion"
40789,242,"URY","Uruguay",8,"Lavalleja",88,"n.a121","","","Población","Poblacion"
40790,242,"URY","Uruguay",8,"Lavalleja",89,"n.a133","","","Población","Poblacion"
40791,242,"URY","Uruguay",8,"Lavalleja",90,"n.a137","","","Población","Poblacion"
40792,242,"URY","Uruguay",8,"Lavalleja",91,"n.a138","","","Población","Poblacion"
40793,242,"URY","Uruguay",8,"Lavalleja",92,"n.a144","","","Población","Poblacion"
40794,242,"URY","Uruguay",8,"Lavalleja",93,"n.a156","","","Población","Poblacion"
40795,242,"URY","Uruguay",8,"Lavalleja",94,"n.a157","","","Población","Poblacion"
40796,242,"URY","Uruguay",8,"Lavalleja",95,"n.a161","","","Población","Poblacion"
40797,242,"URY","Uruguay",8,"Lavalleja",96,"n.a166","","","Población","Poblacion"
40798,242,"URY","Uruguay",8,"Lavalleja",97,"n.a179","","","Población","Poblacion"
40799,242,"URY","Uruguay",9,"Maldonado",98,"n.a307","","","Población","Poblacion"
40800,242,"URY","Uruguay",9,"Maldonado",99,"n.a321","","","Población","Poblacion"
40801,242,"URY","Uruguay",9,"Maldonado",100,"n.a332","","","Población","Poblacion"
40802,242,"URY","Uruguay",9,"Maldonado",101,"n.a337","","","Población","Poblacion"
40803,242,"URY","Uruguay",9,"Maldonado",102,"n.a339","","","Población","Poblacion"
40804,242,"URY","Uruguay",9,"Maldonado",103,"n.a341","","","Población","Poblacion"
40805,242,"URY","Uruguay",9,"Maldonado",104,"n.a345","","","Población","Poblacion"
40806,242,"URY","Uruguay",9,"Maldonado",105,"n.a351","","","Población","Poblacion"
40807,242,"URY","Uruguay",9,"Maldonado",106,"n.a523","","","Población","Poblacion"
40808,242,"URY","Uruguay",10,"Montevideo",107,"n.a354","","","Población","Poblacion"
40809,242,"URY","Uruguay",11,"Paysandú",108,"n.a26","","","Población","Poblacion"
40810,242,"URY","Uruguay",11,"Paysandú",109,"n.a31","","","Población","Poblacion"
40811,242,"URY","Uruguay",11,"Paysandú",110,"n.a35","","","Población","Poblacion"
40812,242,"URY","Uruguay",11,"Paysandú",111,"n.a37","","","Población","Poblacion"
40813,242,"URY","Uruguay",11,"Paysandú",112,"n.a39","","","Población","Poblacion"
40814,242,"URY","Uruguay",11,"Paysandú",113,"n.a40","","","Población","Poblacion"
40815,242,"URY","Uruguay",11,"Paysandú",114,"n.a41","","","Población","Poblacion"
40816,242,"URY","Uruguay",11,"Paysandú",115,"n.a45","","","Población","Poblacion"
40817,242,"URY","Uruguay",11,"Paysandú",116,"n.a48","","","Población","Poblacion"
40818,242,"URY","Uruguay",11,"Paysandú",117,"n.a49","","","Población","Poblacion"
40819,242,"URY","Uruguay",11,"Paysandú",118,"n.a50","","","Población","Poblacion"
40820,242,"URY","Uruguay",11,"Paysandú",119,"n.a56","","","Población","Poblacion"
40821,242,"URY","Uruguay",12,"Río Negro",120,"n.a58","","","Población","Poblacion"
40822,242,"URY","Uruguay",12,"Río Negro",121,"n.a59","","","Población","Poblacion"
40823,242,"URY","Uruguay",12,"Río Negro",122,"n.a60","","","Población","Poblacion"
40824,242,"URY","Uruguay",12,"Río Negro",123,"n.a64","","","Población","Poblacion"
40825,242,"URY","Uruguay",12,"Río Negro",124,"n.a69","","","Población","Poblacion"
40826,242,"URY","Uruguay",12,"Río Negro",125,"n.a70","","","Población","Poblacion"
40827,242,"URY","Uruguay",12,"Río Negro",126,"n.a73","","","Población","Poblacion"
40828,242,"URY","Uruguay",12,"Río Negro",127,"n.a74","","","Población","Poblacion"
40829,242,"URY","Uruguay",12,"Río Negro",128,"n.a75","","","Población","Poblacion"
40830,242,"URY","Uruguay",12,"Río Negro",129,"n.a76","","","Población","Poblacion"
40831,242,"URY","Uruguay",12,"Río Negro",130,"n.a84","","","Población","Poblacion"
40832,242,"URY","Uruguay",12,"Río Negro",131,"n.a99","","","Población","Poblacion"
40833,242,"URY","Uruguay",13,"Rivera",132,"n.a12","","","Población","Poblacion"
40834,242,"URY","Uruguay",13,"Rivera",133,"n.a15","","","Población","Poblacion"
40835,242,"URY","Uruguay",13,"Rivera",134,"n.a16","","","Población","Poblacion"
40836,242,"URY","Uruguay",13,"Rivera",135,"n.a17","","","Población","Poblacion"
40837,242,"URY","Uruguay",13,"Rivera",136,"n.a22","","","Población","Poblacion"
40838,242,"URY","Uruguay",13,"Rivera",137,"n.a23","","","Población","Poblacion"
40839,242,"URY","Uruguay",13,"Rivera",138,"n.a25","","","Población","Poblacion"
40840,242,"URY","Uruguay",13,"Rivera",139,"n.a28","","","Población","Poblacion"
40841,242,"URY","Uruguay",14,"Rocha",140,"n.a103","","","Población","Poblacion"
40842,242,"URY","Uruguay",14,"Rocha",141,"n.a128","","","Población","Poblacion"
40843,242,"URY","Uruguay",14,"Rocha",142,"n.a289","","","Población","Poblacion"
40844,242,"URY","Uruguay",14,"Rocha",143,"n.a291","","","Población","Poblacion"
40845,242,"URY","Uruguay",14,"Rocha",144,"n.a294","","","Población","Poblacion"
40846,242,"URY","Uruguay",14,"Rocha",145,"n.a308","","","Población","Poblacion"
40847,242,"URY","Uruguay",14,"Rocha",146,"n.a317","","","Población","Poblacion"
40848,242,"URY","Uruguay",14,"Rocha",147,"n.a320","","","Población","Poblacion"
40849,242,"URY","Uruguay",14,"Rocha",148,"n.a328","","","Población","Poblacion"
40850,242,"URY","Uruguay",14,"Rocha",149,"n.a521","","","Población","Poblacion"
40851,242,"URY","Uruguay",15,"Salto",150,"n.a11","","","Población","Poblacion"
40852,242,"URY","Uruguay",15,"Salto",151,"n.a13","","","Población","Poblacion"
40853,242,"URY","Uruguay",15,"Salto",152,"n.a14","","","Población","Poblacion"
40854,242,"URY","Uruguay",15,"Salto",153,"n.a150","","","Población","Poblacion"
40855,242,"URY","Uruguay",15,"Salto",154,"n.a151","","","Población","Poblacion"
40856,242,"URY","Uruguay",15,"Salto",155,"n.a18","","","Población","Poblacion"
40857,242,"URY","Uruguay",15,"Salto",156,"n.a19","","","Población","Poblacion"
40858,242,"URY","Uruguay",15,"Salto",157,"n.a21","","","Población","Poblacion"
40859,242,"URY","Uruguay",15,"Salto",158,"n.a250","","","Población","Poblacion"
40860,242,"URY","Uruguay",15,"Salto",159,"n.a27","","","Población","Poblacion"
40861,242,"URY","Uruguay",16,"San José",160,"n.a142","","","Población","Poblacion"
40862,242,"URY","Uruguay",16,"San José",161,"n.a153","","","Población","Poblacion"
40863,242,"URY","Uruguay",16,"San José",162,"n.a154","","","Población","Poblacion"
40864,242,"URY","Uruguay",16,"San José",163,"n.a159","","","Población","Poblacion"
40865,242,"URY","Uruguay",16,"San José",164,"n.a167","","","Población","Poblacion"
40866,242,"URY","Uruguay",16,"San José",165,"n.a312","","","Población","Poblacion"
40867,242,"URY","Uruguay",16,"San José",166,"n.a336","","","Población","Poblacion"
40868,242,"URY","Uruguay",17,"Soriano",167,"n.a105","","","Población","Poblacion"
40869,242,"URY","Uruguay",17,"Soriano",168,"n.a107","","","Población","Poblacion"
40870,242,"URY","Uruguay",17,"Soriano",169,"n.a111","","","Población","Poblacion"
40871,242,"URY","Uruguay",17,"Soriano",170,"n.a112","","","Población","Poblacion"
40872,242,"URY","Uruguay",17,"Soriano",171,"n.a120","","","Población","Poblacion"
40873,242,"URY","Uruguay",17,"Soriano",172,"n.a122","","","Población","Poblacion"
40874,242,"URY","Uruguay",17,"Soriano",173,"n.a123","","","Población","Poblacion"
40875,242,"URY","Uruguay",17,"Soriano",174,"n.a125","","","Población","Poblacion"
40876,242,"URY","Uruguay",17,"Soriano",175,"n.a126","","","Población","Poblacion"
40877,242,"URY","Uruguay",17,"Soriano",176,"n.a129","","","Población","Poblacion"
40878,242,"URY","Uruguay",17,"Soriano",177,"n.a136","","","Población","Poblacion"
40879,242,"URY","Uruguay",17,"Soriano",178,"n.a90","","","Población","Poblacion"
40880,242,"URY","Uruguay",17,"Soriano",179,"n.a96","","","Población","Poblacion"
40881,242,"URY","Uruguay",17,"Soriano",180,"n.a98","","","Población","Poblacion"
40882,242,"URY","Uruguay",18,"Tacuarembó",181,"n.a20","","","Población","Poblacion"
40883,242,"URY","Uruguay",18,"Tacuarembó",182,"n.a24","","","Población","Poblacion"
40884,242,"URY","Uruguay",18,"Tacuarembó",183,"n.a29","","","Población","Poblacion"
40885,242,"URY","Uruguay",18,"Tacuarembó",184,"n.a30","","","Población","Poblacion"
40886,242,"URY","Uruguay",18,"Tacuarembó",185,"n.a32","","","Población","Poblacion"
40887,242,"URY","Uruguay",18,"Tacuarembó",186,"n.a33","","","Población","Poblacion"
40888,242,"URY","Uruguay",18,"Tacuarembó",187,"n.a36","","","Población","Poblacion"
40889,242,"URY","Uruguay",18,"Tacuarembó",188,"n.a38","","","Población","Poblacion"
40890,242,"URY","Uruguay",18,"Tacuarembó",189,"n.a42","","","Población","Poblacion"
40891,242,"URY","Uruguay",18,"Tacuarembó",190,"n.a43","","","Población","Poblacion"
40892,242,"URY","Uruguay",18,"Tacuarembó",191,"n.a44","","","Población","Poblacion"
40893,242,"URY","Uruguay",18,"Tacuarembó",192,"n.a51","","","Población","Poblacion"
40894,242,"URY","Uruguay",18,"Tacuarembó",193,"n.a53","","","Población","Poblacion"
40895,242,"URY","Uruguay",18,"Tacuarembó",194,"n.a68","","","Población","Poblacion"
40896,242,"URY","Uruguay",19,"Treinta y Tres",195,"n.a1","","","Población","Poblacion"
40897,242,"URY","Uruguay",19,"Treinta y Tres",196,"n.a104","","","Población","Poblacion"
40898,242,"URY","Uruguay",19,"Treinta y Tres",197,"n.a108","","","Población","Poblacion"
40899,242,"URY","Uruguay",19,"Treinta y Tres",198,"n.a78","","","Población","Poblacion"
40900,242,"URY","Uruguay",19,"Treinta y Tres",199,"n.a82","","","Población","Poblacion"
40901,242,"URY","Uruguay",19,"Treinta y Tres",200,"n.a83","","","Población","Poblacion"
40902,242,"URY","Uruguay",19,"Treinta y Tres",201,"n.a86","","","Población","Poblacion"
40903,242,"URY","Uruguay",19,"Treinta y Tres",202,"n.a87","","","Población","Poblacion"
40904,242,"URY","Uruguay",19,"Treinta y Tres",203,"n.a88","","","Población","Poblacion"
40905,242,"URY","Uruguay",19,"Treinta y Tres",204,"n.a91","","","Población","Poblacion"
