"PID","ID_0","ISO","NAME_0","ID_1","NAME_1","NL_NAME_1","VARNAME_1","TYPE_1","ENGTYPE_1"
2884,224,"TJK","Tajikistan",1,"Gorno-Badakhshan","","Badakhshoni Kuni|Autonomes Gebiet der Berg-Badachschanen|Gorno-Badahshanskaya avtonomnaya oblast'|Go","Viloiati Mukhtori|Viloyati Avtonomii","Region"
2885,224,"TJK","Tajikistan",2,"Khatlon","","Hationskaya oblast'|Hatlonskaja oblast'","Viloyat","Region"
2886,224,"TJK","Tajikistan",3,"Leninabad","","Sogd|Hodžent|Khodzhent|Khujand|Leninabadskaya oblast'|Leninobod|Sogdiyskaya oblast'|Sogdskaja oblast","Viloyat","Region"
2887,224,"TJK","Tajikistan",4,"Tadzhikistan Territories","","","Viloyat","Region"
