"PID","ID_0","ISO","NAME_0","ID_1","NAME_1","ID_2","NAME_2","ID_3","NAME_3","NL_NAME_3","VARNAME_3","TYPE_3","ENGTYPE_3"
97842,224,"TJK","Tajikistan",3,"Leninabad",34,"Ghafurov",197,"n.a. ( 29)","","","",""
97843,224,"TJK","Tajikistan",3,"Leninabad",34,"Ghafurov",198,"n.a. ( 36)","","","",""
97844,224,"TJK","Tajikistan",3,"Leninabad",34,"Ghafurov",199,"n.a. ( 41)","","","",""
97845,224,"TJK","Tajikistan",3,"Leninabad",34,"Ghafurov",200,"n.a. ( 44)","","","",""
97846,224,"TJK","Tajikistan",3,"Leninabad",34,"Ghafurov",201,"n.a. ( 45)","","","",""
97847,224,"TJK","Tajikistan",3,"Leninabad",35,"Ghonchi",202,"n.a. ( 51)","","","",""
97848,224,"TJK","Tajikistan",3,"Leninabad",35,"Ghonchi",203,"n.a. ( 57)","","","",""
97849,224,"TJK","Tajikistan",3,"Leninabad",35,"Ghonchi",204,"n.a. ( 58)","","","",""
97850,224,"TJK","Tajikistan",3,"Leninabad",35,"Ghonchi",205,"n.a. ( 63)","","","",""
97851,224,"TJK","Tajikistan",3,"Leninabad",35,"Ghonchi",206,"n.a. ( 70)","","","",""
97852,224,"TJK","Tajikistan",3,"Leninabad",35,"Ghonchi",207,"n.a. ( 71)","","","",""
97853,224,"TJK","Tajikistan",3,"Leninabad",35,"Ghonchi",208,"n.a. ( 72)","","","",""
97854,224,"TJK","Tajikistan",3,"Leninabad",35,"Ghonchi",209,"n.a. ( 73)","","","",""
97855,224,"TJK","Tajikistan",3,"Leninabad",36,"Isfara",210,"n.a. ( 25)","","","",""
97856,224,"TJK","Tajikistan",3,"Leninabad",36,"Isfara",211,"n.a. ( 35)","","","",""
97857,224,"TJK","Tajikistan",3,"Leninabad",36,"Isfara",212,"n.a. ( 39)","","","",""
97858,224,"TJK","Tajikistan",3,"Leninabad",36,"Isfara",213,"n.a. ( 42)","","","",""
97859,224,"TJK","Tajikistan",3,"Leninabad",36,"Isfara",214,"n.a. ( 49)","","","",""
97860,224,"TJK","Tajikistan",3,"Leninabad",36,"Isfara",215,"n.a. ( 50)","","","",""
97861,224,"TJK","Tajikistan",3,"Leninabad",36,"Isfara",216,"n.a. ( 53)","","","",""
97862,224,"TJK","Tajikistan",3,"Leninabad",36,"Isfara",217,"n.a. ( 56)","","","",""
97863,224,"TJK","Tajikistan",3,"Leninabad",36,"Isfara",218,"n.a. ( 68)","","","",""
97864,224,"TJK","Tajikistan",3,"Leninabad",37,"Istaravshan",219,"n.a. ( 47)","","","",""
97865,224,"TJK","Tajikistan",3,"Leninabad",37,"Istaravshan",220,"n.a. ( 54)","","","",""
97866,224,"TJK","Tajikistan",3,"Leninabad",37,"Istaravshan",221,"n.a. ( 55)","","","",""
104261,224,"TJK","Tajikistan",1,"Gorno-Badakhshan",1,"Darvoz",1,"n.a. ( 147)","","","",""
104262,224,"TJK","Tajikistan",1,"Gorno-Badakhshan",1,"Darvoz",2,"n.a. ( 148)","","","",""
104263,224,"TJK","Tajikistan",1,"Gorno-Badakhshan",1,"Darvoz",3,"n.a. ( 173)","","","",""
104264,224,"TJK","Tajikistan",1,"Gorno-Badakhshan",1,"Darvoz",4,"n.a. ( 193)","","","",""
104265,224,"TJK","Tajikistan",1,"Gorno-Badakhshan",2,"Ishkoshim",5,"n.a. ( 341)","","","",""
104266,224,"TJK","Tajikistan",1,"Gorno-Badakhshan",2,"Ishkoshim",6,"n.a. ( 351)","","","",""
104267,224,"TJK","Tajikistan",1,"Gorno-Badakhshan",2,"Ishkoshim",7,"n.a. ( 357)","","","",""
104268,224,"TJK","Tajikistan",1,"Gorno-Badakhshan",2,"Ishkoshim",8,"n.a. ( 358)","","","",""
104269,224,"TJK","Tajikistan",1,"Gorno-Badakhshan",2,"Ishkoshim",9,"n.a. ( 359)","","","",""
104270,224,"TJK","Tajikistan",1,"Gorno-Badakhshan",2,"Ishkoshim",10,"n.a. ( 360)","","","",""
104271,224,"TJK","Tajikistan",1,"Gorno-Badakhshan",3,"Murghob",11,"n.a. ( 113)","","","",""
104272,224,"TJK","Tajikistan",1,"Gorno-Badakhshan",3,"Murghob",12,"n.a. ( 127)","","","",""
104273,224,"TJK","Tajikistan",1,"Gorno-Badakhshan",3,"Murghob",13,"n.a. ( 200)","","","",""
104274,224,"TJK","Tajikistan",1,"Gorno-Badakhshan",3,"Murghob",14,"n.a. ( 234)","","","",""
104275,224,"TJK","Tajikistan",1,"Gorno-Badakhshan",3,"Murghob",15,"n.a. ( 284)","","","",""
104276,224,"TJK","Tajikistan",1,"Gorno-Badakhshan",3,"Murghob",16,"n.a. ( 91)","","","",""
104277,224,"TJK","Tajikistan",1,"Gorno-Badakhshan",4,"Roshtqala",17,"n.a. ( 327)","","","",""
104278,224,"TJK","Tajikistan",1,"Gorno-Badakhshan",4,"Roshtqala",18,"n.a. ( 330)","","","",""
104279,224,"TJK","Tajikistan",1,"Gorno-Badakhshan",4,"Roshtqala",19,"n.a. ( 336)","","","",""
104280,224,"TJK","Tajikistan",1,"Gorno-Badakhshan",4,"Roshtqala",20,"n.a. ( 342)","","","",""
104281,224,"TJK","Tajikistan",1,"Gorno-Badakhshan",4,"Roshtqala",21,"n.a. ( 343)","","","",""
104282,224,"TJK","Tajikistan",1,"Gorno-Badakhshan",4,"Roshtqala",22,"n.a. ( 344)","","","",""
104283,224,"TJK","Tajikistan",1,"Gorno-Badakhshan",5,"Rushon",23,"n.a. ( 188)","","","",""
104284,224,"TJK","Tajikistan",1,"Gorno-Badakhshan",5,"Rushon",24,"n.a. ( 222)","","","",""
104285,224,"TJK","Tajikistan",1,"Gorno-Badakhshan",5,"Rushon",25,"n.a. ( 227)","","","",""
104286,224,"TJK","Tajikistan",1,"Gorno-Badakhshan",5,"Rushon",26,"n.a. ( 243)","","","",""
104287,224,"TJK","Tajikistan",1,"Gorno-Badakhshan",5,"Rushon",27,"n.a. ( 249)","","","",""
104288,224,"TJK","Tajikistan",1,"Gorno-Badakhshan",5,"Rushon",28,"n.a. ( 255)","","","",""
104289,224,"TJK","Tajikistan",1,"Gorno-Badakhshan",5,"Rushon",29,"n.a. ( 262)","","","",""
104290,224,"TJK","Tajikistan",1,"Gorno-Badakhshan",6,"Shughnon",30,"n.a. ( 267)","","","",""
104291,224,"TJK","Tajikistan",1,"Gorno-Badakhshan",6,"Shughnon",31,"n.a. ( 290)","","","",""
104292,224,"TJK","Tajikistan",1,"Gorno-Badakhshan",6,"Shughnon",32,"n.a. ( 293)","","","",""
104293,224,"TJK","Tajikistan",1,"Gorno-Badakhshan",6,"Shughnon",33,"n.a. ( 301)","","","",""
104294,224,"TJK","Tajikistan",1,"Gorno-Badakhshan",6,"Shughnon",34,"n.a. ( 304)","","","",""
104295,224,"TJK","Tajikistan",1,"Gorno-Badakhshan",6,"Shughnon",35,"n.a. ( 312)","","","",""
104296,224,"TJK","Tajikistan",1,"Gorno-Badakhshan",6,"Shughnon",36,"n.a. ( 331)","","","",""
104297,224,"TJK","Tajikistan",1,"Gorno-Badakhshan",7,"Vanj",37,"n.a. ( 144)","","","",""
104298,224,"TJK","Tajikistan",1,"Gorno-Badakhshan",7,"Vanj",38,"n.a. ( 165)","","","",""
104299,224,"TJK","Tajikistan",1,"Gorno-Badakhshan",7,"Vanj",39,"n.a. ( 182)","","","",""
104300,224,"TJK","Tajikistan",1,"Gorno-Badakhshan",7,"Vanj",40,"n.a. ( 191)","","","",""
104301,224,"TJK","Tajikistan",1,"Gorno-Badakhshan",7,"Vanj",41,"n.a. ( 196)","","","",""
104302,224,"TJK","Tajikistan",1,"Gorno-Badakhshan",7,"Vanj",42,"n.a. ( 198)","","","",""
104303,224,"TJK","Tajikistan",2,"Khatlon",8,"Baljuvon",43,"n.a. ( 152)","","","",""
104304,224,"TJK","Tajikistan",2,"Khatlon",8,"Baljuvon",44,"n.a. ( 174)","","","",""
104305,224,"TJK","Tajikistan",2,"Khatlon",8,"Baljuvon",45,"n.a. ( 175)","","","",""
104306,224,"TJK","Tajikistan",2,"Khatlon",8,"Baljuvon",46,"n.a. ( 176)","","","",""
104307,224,"TJK","Tajikistan",2,"Khatlon",8,"Baljuvon",47,"n.a. ( 194)","","","",""
104308,224,"TJK","Tajikistan",2,"Khatlon",9,"Bokhtar",48,"n.a. ( 270)","","","",""
104309,224,"TJK","Tajikistan",2,"Khatlon",9,"Bokhtar",49,"n.a. ( 279)","","","",""
104310,224,"TJK","Tajikistan",2,"Khatlon",9,"Bokhtar",50,"n.a. ( 289)","","","",""
104311,224,"TJK","Tajikistan",2,"Khatlon",9,"Bokhtar",51,"n.a. ( 295)","","","",""
104312,224,"TJK","Tajikistan",2,"Khatlon",9,"Bokhtar",52,"n.a. ( 302)","","","",""
104313,224,"TJK","Tajikistan",2,"Khatlon",10,"Danghara",53,"n.a. ( 221)","","","",""
104314,224,"TJK","Tajikistan",2,"Khatlon",10,"Danghara",54,"n.a. ( 224)","","","",""
104315,224,"TJK","Tajikistan",2,"Khatlon",10,"Danghara",55,"n.a. ( 232)","","","",""
104316,224,"TJK","Tajikistan",2,"Khatlon",10,"Danghara",56,"n.a. ( 241)","","","",""
104317,224,"TJK","Tajikistan",2,"Khatlon",10,"Danghara",57,"n.a. ( 244)","","","",""
104318,224,"TJK","Tajikistan",2,"Khatlon",10,"Danghara",58,"n.a. ( 245)","","","",""
104319,224,"TJK","Tajikistan",2,"Khatlon",10,"Danghara",59,"n.a. ( 254)","","","",""
104320,224,"TJK","Tajikistan",2,"Khatlon",10,"Danghara",60,"n.a. ( 271)","","","",""
104321,224,"TJK","Tajikistan",2,"Khatlon",11,"Farkhor",61,"n.a. ( 294)","","","",""
104322,224,"TJK","Tajikistan",2,"Khatlon",11,"Farkhor",62,"n.a. ( 296)","","","",""
104323,224,"TJK","Tajikistan",2,"Khatlon",11,"Farkhor",63,"n.a. ( 298)","","","",""
104324,224,"TJK","Tajikistan",2,"Khatlon",11,"Farkhor",64,"n.a. ( 313)","","","",""
104325,224,"TJK","Tajikistan",2,"Khatlon",11,"Farkhor",65,"n.a. ( 321)","","","",""
104326,224,"TJK","Tajikistan",2,"Khatlon",11,"Farkhor",66,"n.a. ( 324)","","","",""
104327,224,"TJK","Tajikistan",2,"Khatlon",11,"Farkhor",67,"n.a. ( 329)","","","",""
104328,224,"TJK","Tajikistan",2,"Khatlon",11,"Farkhor",68,"n.a. ( 332)","","","",""
104329,224,"TJK","Tajikistan",2,"Khatlon",11,"Farkhor",69,"n.a. ( 349)","","","",""
104330,224,"TJK","Tajikistan",2,"Khatlon",12,"Jilikul",70,"n.a. ( 283)","","","",""
104331,224,"TJK","Tajikistan",2,"Khatlon",12,"Jilikul",71,"n.a. ( 297)","","","",""
104332,224,"TJK","Tajikistan",2,"Khatlon",12,"Jilikul",72,"n.a. ( 319)","","","",""
104333,224,"TJK","Tajikistan",2,"Khatlon",12,"Jilikul",73,"n.a. ( 320)","","","",""
104334,224,"TJK","Tajikistan",2,"Khatlon",12,"Jilikul",74,"n.a. ( 337)","","","",""
104335,224,"TJK","Tajikistan",2,"Khatlon",13,"Jomi",75,"n.a. ( 229)","","","",""
104336,224,"TJK","Tajikistan",2,"Khatlon",13,"Jomi",76,"n.a. ( 252)","","","",""
104337,224,"TJK","Tajikistan",2,"Khatlon",13,"Jomi",77,"n.a. ( 256)","","","",""
104338,224,"TJK","Tajikistan",2,"Khatlon",13,"Jomi",78,"n.a. ( 258)","","","",""
104339,224,"TJK","Tajikistan",2,"Khatlon",13,"Jomi",79,"n.a. ( 263)","","","",""
104340,224,"TJK","Tajikistan",2,"Khatlon",13,"Jomi",80,"n.a. ( 264)","","","",""
104341,224,"TJK","Tajikistan",2,"Khatlon",14,"Khovaling",81,"n.a. ( 166)","","","",""
104342,224,"TJK","Tajikistan",2,"Khatlon",14,"Khovaling",82,"n.a. ( 168)","","","",""
104343,224,"TJK","Tajikistan",2,"Khatlon",14,"Khovaling",83,"n.a. ( 205)","","","",""
104344,224,"TJK","Tajikistan",2,"Khatlon",14,"Khovaling",84,"n.a. ( 210)","","","",""
104345,224,"TJK","Tajikistan",2,"Khatlon",14,"Khovaling",85,"n.a. ( 218)","","","",""
104346,224,"TJK","Tajikistan",2,"Khatlon",15,"Khuroson",86,"n.a. ( 219)","","","",""
104347,224,"TJK","Tajikistan",2,"Khatlon",15,"Khuroson",87,"n.a. ( 230)","","","",""
104348,224,"TJK","Tajikistan",2,"Khatlon",15,"Khuroson",88,"n.a. ( 251)","","","",""
104349,224,"TJK","Tajikistan",2,"Khatlon",15,"Khuroson",89,"n.a. ( 266)","","","",""
104350,224,"TJK","Tajikistan",2,"Khatlon",15,"Khuroson",90,"n.a. ( 272)","","","",""
104351,224,"TJK","Tajikistan",2,"Khatlon",16,"Kolkhozobod",91,"n.a. ( 305)","","","",""
104352,224,"TJK","Tajikistan",2,"Khatlon",16,"Kolkhozobod",92,"n.a. ( 311)","","","",""
104353,224,"TJK","Tajikistan",2,"Khatlon",16,"Kolkhozobod",93,"n.a. ( 314)","","","",""
104354,224,"TJK","Tajikistan",2,"Khatlon",16,"Kolkhozobod",94,"n.a. ( 316)","","","",""
104355,224,"TJK","Tajikistan",2,"Khatlon",16,"Kolkhozobod",95,"n.a. ( 322)","","","",""
104356,224,"TJK","Tajikistan",2,"Khatlon",16,"Kolkhozobod",96,"n.a. ( 325)","","","",""
104357,224,"TJK","Tajikistan",2,"Khatlon",17,"Kulob",97,"n.a. ( 239)","","","",""
104358,224,"TJK","Tajikistan",2,"Khatlon",17,"Kulob",98,"n.a. ( 253)","","","",""
104359,224,"TJK","Tajikistan",2,"Khatlon",17,"Kulob",99,"n.a. ( 261)","","","",""
104360,224,"TJK","Tajikistan",2,"Khatlon",17,"Kulob",100,"n.a. ( 275)","","","",""
104361,224,"TJK","Tajikistan",2,"Khatlon",18,"Moskva",101,"n.a. ( 281)","","","",""
104362,224,"TJK","Tajikistan",2,"Khatlon",18,"Moskva",102,"n.a. ( 299)","","","",""
104363,224,"TJK","Tajikistan",2,"Khatlon",18,"Moskva",103,"n.a. ( 300)","","","",""
104364,224,"TJK","Tajikistan",2,"Khatlon",18,"Moskva",104,"n.a. ( 306)","","","",""
104365,224,"TJK","Tajikistan",2,"Khatlon",18,"Moskva",105,"n.a. ( 307)","","","",""
104366,224,"TJK","Tajikistan",2,"Khatlon",18,"Moskva",106,"n.a. ( 308)","","","",""
104367,224,"TJK","Tajikistan",2,"Khatlon",18,"Moskva",107,"n.a. ( 309)","","","",""
104368,224,"TJK","Tajikistan",2,"Khatlon",19,"Muminobod",108,"n.a. ( 213)","","","",""
104369,224,"TJK","Tajikistan",2,"Khatlon",19,"Muminobod",109,"n.a. ( 235)","","","",""
104370,224,"TJK","Tajikistan",2,"Khatlon",19,"Muminobod",110,"n.a. ( 237)","","","",""
104371,224,"TJK","Tajikistan",2,"Khatlon",19,"Muminobod",111,"n.a. ( 238)","","","",""
104372,224,"TJK","Tajikistan",2,"Khatlon",19,"Muminobod",112,"n.a. ( 246)","","","",""
104373,224,"TJK","Tajikistan",2,"Khatlon",20,"Norak",113,"n.a. ( 204)","","","",""
104374,224,"TJK","Tajikistan",2,"Khatlon",20,"Norak",114,"n.a. ( 214)","","","",""
104375,224,"TJK","Tajikistan",2,"Khatlon",21,"Nosir Khusrav",115,"n.a. ( 328)","","","",""
104376,224,"TJK","Tajikistan",2,"Khatlon",21,"Nosir Khusrav",116,"n.a. ( 350)","","","",""
104377,224,"TJK","Tajikistan",2,"Khatlon",22,"Panj",117,"n.a. ( 323)","","","",""
104378,224,"TJK","Tajikistan",2,"Khatlon",22,"Panj",118,"n.a. ( 335)","","","",""
104379,224,"TJK","Tajikistan",2,"Khatlon",22,"Panj",119,"n.a. ( 347)","","","",""
104380,224,"TJK","Tajikistan",2,"Khatlon",22,"Panj",120,"n.a. ( 353)","","","",""
104381,224,"TJK","Tajikistan",2,"Khatlon",22,"Panj",121,"n.a. ( 355)","","","",""
104382,224,"TJK","Tajikistan",2,"Khatlon",23,"Qabodiyon",122,"n.a. ( 276)","","","",""
104383,224,"TJK","Tajikistan",2,"Khatlon",23,"Qabodiyon",123,"n.a. ( 303)","","","",""
104384,224,"TJK","Tajikistan",2,"Khatlon",23,"Qabodiyon",124,"n.a. ( 317)","","","",""
104385,224,"TJK","Tajikistan",2,"Khatlon",23,"Qabodiyon",125,"n.a. ( 326)","","","",""
104386,224,"TJK","Tajikistan",2,"Khatlon",23,"Qabodiyon",126,"n.a. ( 340)","","","",""
104387,224,"TJK","Tajikistan",2,"Khatlon",23,"Qabodiyon",127,"n.a. ( 352)","","","",""
104388,224,"TJK","Tajikistan",2,"Khatlon",23,"Qabodiyon",128,"n.a. ( 354)","","","",""
104389,224,"TJK","Tajikistan",2,"Khatlon",24,"Qumsangir",129,"n.a. ( 333)","","","",""
104390,224,"TJK","Tajikistan",2,"Khatlon",24,"Qumsangir",130,"n.a. ( 334)","","","",""
104391,224,"TJK","Tajikistan",2,"Khatlon",24,"Qumsangir",131,"n.a. ( 345)","","","",""
104392,224,"TJK","Tajikistan",2,"Khatlon",24,"Qumsangir",132,"n.a. ( 346)","","","",""
104393,224,"TJK","Tajikistan",2,"Khatlon",24,"Qumsangir",133,"n.a. ( 348)","","","",""
104394,224,"TJK","Tajikistan",2,"Khatlon",25,"Sarband",134,"n.a. ( 260)","","","",""
104395,224,"TJK","Tajikistan",2,"Khatlon",25,"Sarband",135,"n.a. ( 282)","","","",""
104396,224,"TJK","Tajikistan",2,"Khatlon",26,"Shahrituz",136,"n.a. ( 265)","","","",""
104397,224,"TJK","Tajikistan",2,"Khatlon",26,"Shahrituz",137,"n.a. ( 310)","","","",""
104398,224,"TJK","Tajikistan",2,"Khatlon",26,"Shahrituz",138,"n.a. ( 338)","","","",""
104399,224,"TJK","Tajikistan",2,"Khatlon",26,"Shahrituz",139,"n.a. ( 339)","","","",""
104400,224,"TJK","Tajikistan",2,"Khatlon",26,"Shahrituz",140,"n.a. ( 356)","","","",""
104401,224,"TJK","Tajikistan",2,"Khatlon",27,"Shurobod",141,"n.a. ( 248)","","","",""
104402,224,"TJK","Tajikistan",2,"Khatlon",27,"Shurobod",142,"n.a. ( 257)","","","",""
104403,224,"TJK","Tajikistan",2,"Khatlon",27,"Shurobod",143,"n.a. ( 259)","","","",""
104404,224,"TJK","Tajikistan",2,"Khatlon",27,"Shurobod",144,"n.a. ( 273)","","","",""
104405,224,"TJK","Tajikistan",2,"Khatlon",27,"Shurobod",145,"n.a. ( 274)","","","",""
104406,224,"TJK","Tajikistan",2,"Khatlon",27,"Shurobod",146,"n.a. ( 280)","","","",""
104407,224,"TJK","Tajikistan",2,"Khatlon",27,"Shurobod",147,"n.a. ( 292)","","","",""
104408,224,"TJK","Tajikistan",2,"Khatlon",28,"Sovet",148,"n.a. ( 217)","","","",""
104409,224,"TJK","Tajikistan",2,"Khatlon",28,"Sovet",149,"n.a. ( 220)","","","",""
104410,224,"TJK","Tajikistan",2,"Khatlon",28,"Sovet",150,"n.a. ( 226)","","","",""
104411,224,"TJK","Tajikistan",2,"Khatlon",28,"Sovet",151,"n.a. ( 231)","","","",""
104412,224,"TJK","Tajikistan",2,"Khatlon",28,"Sovet",152,"n.a. ( 247)","","","",""
104413,224,"TJK","Tajikistan",2,"Khatlon",28,"Sovet",153,"n.a. ( 250)","","","",""
104414,224,"TJK","Tajikistan",2,"Khatlon",29,"Vakhsh",154,"n.a. ( 269)","","","",""
104415,224,"TJK","Tajikistan",2,"Khatlon",29,"Vakhsh",155,"n.a. ( 288)","","","",""
104416,224,"TJK","Tajikistan",2,"Khatlon",29,"Vakhsh",156,"n.a. ( 291)","","","",""
104417,224,"TJK","Tajikistan",2,"Khatlon",29,"Vakhsh",157,"n.a. ( 315)","","","",""
104418,224,"TJK","Tajikistan",2,"Khatlon",29,"Vakhsh",158,"n.a. ( 318)","","","",""
104419,224,"TJK","Tajikistan",2,"Khatlon",30,"Vose",159,"n.a. ( 236)","","","",""
104420,224,"TJK","Tajikistan",2,"Khatlon",30,"Vose",160,"n.a. ( 268)","","","",""
104421,224,"TJK","Tajikistan",2,"Khatlon",30,"Vose",161,"n.a. ( 277)","","","",""
104422,224,"TJK","Tajikistan",2,"Khatlon",30,"Vose",162,"n.a. ( 278)","","","",""
104423,224,"TJK","Tajikistan",2,"Khatlon",30,"Vose",163,"n.a. ( 285)","","","",""
104424,224,"TJK","Tajikistan",2,"Khatlon",30,"Vose",164,"n.a. ( 286)","","","",""
104425,224,"TJK","Tajikistan",2,"Khatlon",30,"Vose",165,"n.a. ( 287)","","","",""
104426,224,"TJK","Tajikistan",2,"Khatlon",31,"Yovon",166,"n.a. ( 212)","","","",""
104427,224,"TJK","Tajikistan",2,"Khatlon",31,"Yovon",167,"n.a. ( 216)","","","",""
104428,224,"TJK","Tajikistan",2,"Khatlon",31,"Yovon",168,"n.a. ( 225)","","","",""
104429,224,"TJK","Tajikistan",2,"Khatlon",31,"Yovon",169,"n.a. ( 228)","","","",""
104430,224,"TJK","Tajikistan",2,"Khatlon",31,"Yovon",170,"n.a. ( 233)","","","",""
104431,224,"TJK","Tajikistan",2,"Khatlon",31,"Yovon",171,"n.a. ( 240)","","","",""
104432,224,"TJK","Tajikistan",2,"Khatlon",31,"Yovon",172,"n.a. ( 242)","","","",""
104433,224,"TJK","Tajikistan",3,"Leninabad",32,"Asht",173,"n.a. ( 1)","","","",""
104434,224,"TJK","Tajikistan",3,"Leninabad",32,"Asht",174,"n.a. ( 12)","","","",""
104435,224,"TJK","Tajikistan",3,"Leninabad",32,"Asht",175,"n.a. ( 2)","","","",""
104436,224,"TJK","Tajikistan",3,"Leninabad",32,"Asht",176,"n.a. ( 3)","","","",""
104437,224,"TJK","Tajikistan",3,"Leninabad",32,"Asht",177,"n.a. ( 4)","","","",""
104438,224,"TJK","Tajikistan",3,"Leninabad",32,"Asht",178,"n.a. ( 5)","","","",""
104439,224,"TJK","Tajikistan",3,"Leninabad",32,"Asht",179,"n.a. ( 7)","","","",""
104440,224,"TJK","Tajikistan",3,"Leninabad",32,"Asht",180,"n.a. ( 8)","","","",""
104441,224,"TJK","Tajikistan",3,"Leninabad",32,"Asht",181,"n.a. ( 9)","","","",""
104442,224,"TJK","Tajikistan",3,"Leninabad",33,"Ayni",182,"n.a. ( 105)","","","",""
104443,224,"TJK","Tajikistan",3,"Leninabad",33,"Ayni",183,"n.a. ( 78)","","","",""
104444,224,"TJK","Tajikistan",3,"Leninabad",33,"Ayni",184,"n.a. ( 83)","","","",""
104445,224,"TJK","Tajikistan",3,"Leninabad",33,"Ayni",185,"n.a. ( 86)","","","",""
104446,224,"TJK","Tajikistan",3,"Leninabad",33,"Ayni",186,"n.a. ( 89)","","","",""
104447,224,"TJK","Tajikistan",3,"Leninabad",33,"Ayni",187,"n.a. ( 92)","","","",""
104448,224,"TJK","Tajikistan",3,"Leninabad",33,"Ayni",188,"n.a. ( 99)","","","",""
104449,224,"TJK","Tajikistan",3,"Leninabad",34,"Ghafurov",189,"n.a. ( 10)","","","",""
104450,224,"TJK","Tajikistan",3,"Leninabad",34,"Ghafurov",190,"n.a. ( 11)","","","",""
104451,224,"TJK","Tajikistan",3,"Leninabad",34,"Ghafurov",191,"n.a. ( 14)","","","",""
104452,224,"TJK","Tajikistan",3,"Leninabad",34,"Ghafurov",192,"n.a. ( 17)","","","",""
104453,224,"TJK","Tajikistan",3,"Leninabad",34,"Ghafurov",193,"n.a. ( 18)","","","",""
104454,224,"TJK","Tajikistan",3,"Leninabad",34,"Ghafurov",194,"n.a. ( 20)","","","",""
104455,224,"TJK","Tajikistan",3,"Leninabad",34,"Ghafurov",195,"n.a. ( 24)","","","",""
104456,224,"TJK","Tajikistan",3,"Leninabad",34,"Ghafurov",196,"n.a. ( 26)","","","",""
104457,224,"TJK","Tajikistan",4,"Tadzhikistan Territories",55,"Tojikobod",333,"n.a. ( 112)","","","",""
104458,224,"TJK","Tajikistan",4,"Tadzhikistan Territories",55,"Tojikobod",334,"n.a. ( 114)","","","",""
104459,224,"TJK","Tajikistan",4,"Tadzhikistan Territories",55,"Tojikobod",335,"n.a. ( 116)","","","",""
104460,224,"TJK","Tajikistan",4,"Tadzhikistan Territories",55,"Tojikobod",336,"n.a. ( 120)","","","",""
104461,224,"TJK","Tajikistan",4,"Tadzhikistan Territories",56,"Tursunzoda",337,"n.a. ( 140)","","","",""
104462,224,"TJK","Tajikistan",4,"Tadzhikistan Territories",56,"Tursunzoda",338,"n.a. ( 156)","","","",""
104463,224,"TJK","Tajikistan",4,"Tadzhikistan Territories",56,"Tursunzoda",339,"n.a. ( 180)","","","",""
104464,224,"TJK","Tajikistan",4,"Tadzhikistan Territories",56,"Tursunzoda",340,"n.a. ( 186)","","","",""
104465,224,"TJK","Tajikistan",4,"Tadzhikistan Territories",56,"Tursunzoda",341,"n.a. ( 192)","","","",""
104466,224,"TJK","Tajikistan",4,"Tadzhikistan Territories",56,"Tursunzoda",342,"n.a. ( 207)","","","",""
104467,224,"TJK","Tajikistan",4,"Tadzhikistan Territories",56,"Tursunzoda",343,"n.a. ( 211)","","","",""
104468,224,"TJK","Tajikistan",4,"Tadzhikistan Territories",56,"Tursunzoda",344,"n.a. ( 215)","","","",""
104469,224,"TJK","Tajikistan",4,"Tadzhikistan Territories",57,"Vahdat",345,"n.a. ( 117)","","","",""
104470,224,"TJK","Tajikistan",4,"Tadzhikistan Territories",57,"Vahdat",346,"n.a. ( 125)","","","",""
104471,224,"TJK","Tajikistan",4,"Tadzhikistan Territories",57,"Vahdat",347,"n.a. ( 126)","","","",""
104472,224,"TJK","Tajikistan",4,"Tadzhikistan Territories",57,"Vahdat",348,"n.a. ( 133)","","","",""
104473,224,"TJK","Tajikistan",4,"Tadzhikistan Territories",57,"Vahdat",349,"n.a. ( 142)","","","",""
104474,224,"TJK","Tajikistan",4,"Tadzhikistan Territories",57,"Vahdat",350,"n.a. ( 157)","","","",""
104475,224,"TJK","Tajikistan",4,"Tadzhikistan Territories",57,"Vahdat",351,"n.a. ( 170)","","","",""
104476,224,"TJK","Tajikistan",4,"Tadzhikistan Territories",57,"Vahdat",352,"n.a. ( 178)","","","",""
104477,224,"TJK","Tajikistan",4,"Tadzhikistan Territories",57,"Vahdat",353,"n.a. ( 187)","","","",""
104478,224,"TJK","Tajikistan",3,"Leninabad",37,"Istaravshan",222,"n.a. ( 59)","","","",""
104479,224,"TJK","Tajikistan",3,"Leninabad",37,"Istaravshan",223,"n.a. ( 60)","","","",""
104480,224,"TJK","Tajikistan",3,"Leninabad",37,"Istaravshan",224,"n.a. ( 62)","","","",""
104481,224,"TJK","Tajikistan",3,"Leninabad",37,"Istaravshan",225,"n.a. ( 64)","","","",""
104482,224,"TJK","Tajikistan",3,"Leninabad",37,"Istaravshan",226,"n.a. ( 65)","","","",""
104483,224,"TJK","Tajikistan",3,"Leninabad",37,"Istaravshan",227,"n.a. ( 66)","","","",""
104484,224,"TJK","Tajikistan",3,"Leninabad",37,"Istaravshan",228,"n.a. ( 67)","","","",""
104485,224,"TJK","Tajikistan",3,"Leninabad",38,"Jabor Rasulov",229,"n.a. ( 31)","","","",""
104486,224,"TJK","Tajikistan",3,"Leninabad",38,"Jabor Rasulov",230,"n.a. ( 32)","","","",""
104487,224,"TJK","Tajikistan",3,"Leninabad",38,"Jabor Rasulov",231,"n.a. ( 43)","","","",""
104488,224,"TJK","Tajikistan",3,"Leninabad",38,"Jabor Rasulov",232,"n.a. ( 52)","","","",""
104489,224,"TJK","Tajikistan",3,"Leninabad",39,"Konibodom",233,"n.a. ( 19)","","","",""
104490,224,"TJK","Tajikistan",3,"Leninabad",39,"Konibodom",234,"n.a. ( 21)","","","",""
104491,224,"TJK","Tajikistan",3,"Leninabad",39,"Konibodom",235,"n.a. ( 22)","","","",""
104492,224,"TJK","Tajikistan",3,"Leninabad",39,"Konibodom",236,"n.a. ( 27)","","","",""
104493,224,"TJK","Tajikistan",3,"Leninabad",39,"Konibodom",237,"n.a. ( 28)","","","",""
104494,224,"TJK","Tajikistan",3,"Leninabad",39,"Konibodom",238,"n.a. ( 30)","","","",""
104495,224,"TJK","Tajikistan",3,"Leninabad",40,"Kuhistoni Mastchoh",239,"n.a. ( 76)","","","",""
104496,224,"TJK","Tajikistan",3,"Leninabad",40,"Kuhistoni Mastchoh",240,"n.a. ( 81)","","","",""
104497,224,"TJK","Tajikistan",3,"Leninabad",41,"Matchin",241,"n.a. ( 13)","","","",""
104498,224,"TJK","Tajikistan",3,"Leninabad",41,"Matchin",242,"n.a. ( 15)","","","",""
104499,224,"TJK","Tajikistan",3,"Leninabad",41,"Matchin",243,"n.a. ( 16)","","","",""
104500,224,"TJK","Tajikistan",3,"Leninabad",41,"Matchin",244,"n.a. ( 6)","","","",""
104501,224,"TJK","Tajikistan",3,"Leninabad",42,"Pandjakent",245,"n.a. ( 100)","","","",""
104502,224,"TJK","Tajikistan",3,"Leninabad",42,"Pandjakent",246,"n.a. ( 101)","","","",""
104503,224,"TJK","Tajikistan",3,"Leninabad",42,"Pandjakent",247,"n.a. ( 102)","","","",""
104504,224,"TJK","Tajikistan",3,"Leninabad",42,"Pandjakent",248,"n.a. ( 103)","","","",""
104505,224,"TJK","Tajikistan",3,"Leninabad",42,"Pandjakent",249,"n.a. ( 74)","","","",""
104506,224,"TJK","Tajikistan",3,"Leninabad",42,"Pandjakent",250,"n.a. ( 75)","","","",""
104507,224,"TJK","Tajikistan",3,"Leninabad",42,"Pandjakent",251,"n.a. ( 79)","","","",""
104508,224,"TJK","Tajikistan",3,"Leninabad",42,"Pandjakent",252,"n.a. ( 82)","","","",""
104509,224,"TJK","Tajikistan",3,"Leninabad",42,"Pandjakent",253,"n.a. ( 84)","","","",""
104510,224,"TJK","Tajikistan",3,"Leninabad",42,"Pandjakent",254,"n.a. ( 87)","","","",""
104511,224,"TJK","Tajikistan",3,"Leninabad",42,"Pandjakent",255,"n.a. ( 88)","","","",""
104512,224,"TJK","Tajikistan",3,"Leninabad",42,"Pandjakent",256,"n.a. ( 93)","","","",""
104513,224,"TJK","Tajikistan",3,"Leninabad",42,"Pandjakent",257,"n.a. ( 94)","","","",""
104514,224,"TJK","Tajikistan",3,"Leninabad",42,"Pandjakent",258,"n.a. ( 95)","","","",""
104515,224,"TJK","Tajikistan",3,"Leninabad",43,"Shahriston",259,"n.a. ( 61)","","","",""
104516,224,"TJK","Tajikistan",3,"Leninabad",43,"Shahriston",260,"n.a. ( 69)","","","",""
104517,224,"TJK","Tajikistan",3,"Leninabad",44,"Spitamen",261,"n.a. ( 23)","","","",""
104518,224,"TJK","Tajikistan",3,"Leninabad",44,"Spitamen",262,"n.a. ( 33)","","","",""
104519,224,"TJK","Tajikistan",3,"Leninabad",44,"Spitamen",263,"n.a. ( 38)","","","",""
104520,224,"TJK","Tajikistan",3,"Leninabad",44,"Spitamen",264,"n.a. ( 40)","","","",""
104521,224,"TJK","Tajikistan",3,"Leninabad",44,"Spitamen",265,"n.a. ( 46)","","","",""
104522,224,"TJK","Tajikistan",3,"Leninabad",44,"Spitamen",266,"n.a. ( 48)","","","",""
104523,224,"TJK","Tajikistan",3,"Leninabad",45,"Zafarobod",267,"n.a. ( 34)","","","",""
104524,224,"TJK","Tajikistan",3,"Leninabad",45,"Zafarobod",268,"n.a. ( 37)","","","",""
104525,224,"TJK","Tajikistan",4,"Tadzhikistan Territories",46,"Fayzobod",269,"n.a. ( 151)","","","",""
104526,224,"TJK","Tajikistan",4,"Tadzhikistan Territories",46,"Fayzobod",270,"n.a. ( 158)","","","",""
104527,224,"TJK","Tajikistan",4,"Tadzhikistan Territories",46,"Fayzobod",271,"n.a. ( 163)","","","",""
104528,224,"TJK","Tajikistan",4,"Tadzhikistan Territories",46,"Fayzobod",272,"n.a. ( 167)","","","",""
104529,224,"TJK","Tajikistan",4,"Tadzhikistan Territories",46,"Fayzobod",273,"n.a. ( 179)","","","",""
104530,224,"TJK","Tajikistan",4,"Tadzhikistan Territories",46,"Fayzobod",274,"n.a. ( 181)","","","",""
104531,224,"TJK","Tajikistan",4,"Tadzhikistan Territories",46,"Fayzobod",275,"n.a. ( 190)","","","",""
104532,224,"TJK","Tajikistan",4,"Tadzhikistan Territories",47,"Hissor",276,"n.a. ( 131)","","","",""
104533,224,"TJK","Tajikistan",4,"Tadzhikistan Territories",47,"Hissor",277,"n.a. ( 134)","","","",""
104534,224,"TJK","Tajikistan",4,"Tadzhikistan Territories",47,"Hissor",278,"n.a. ( 143)","","","",""
104535,224,"TJK","Tajikistan",4,"Tadzhikistan Territories",47,"Hissor",279,"n.a. ( 149)","","","",""
104536,224,"TJK","Tajikistan",4,"Tadzhikistan Territories",47,"Hissor",280,"n.a. ( 150)","","","",""
104537,224,"TJK","Tajikistan",4,"Tadzhikistan Territories",47,"Hissor",281,"n.a. ( 160)","","","",""
104538,224,"TJK","Tajikistan",4,"Tadzhikistan Territories",47,"Hissor",282,"n.a. ( 164)","","","",""
104539,224,"TJK","Tajikistan",4,"Tadzhikistan Territories",47,"Hissor",283,"n.a. ( 177)","","","",""
104540,224,"TJK","Tajikistan",4,"Tadzhikistan Territories",47,"Hissor",284,"n.a. ( 189)","","","",""
104541,224,"TJK","Tajikistan",4,"Tadzhikistan Territories",48,"Jirgatol",285,"n.a. ( 104)","","","",""
104542,224,"TJK","Tajikistan",4,"Tadzhikistan Territories",48,"Jirgatol",286,"n.a. ( 106)","","","",""
104543,224,"TJK","Tajikistan",4,"Tadzhikistan Territories",48,"Jirgatol",287,"n.a. ( 118)","","","",""
104544,224,"TJK","Tajikistan",4,"Tadzhikistan Territories",48,"Jirgatol",288,"n.a. ( 77)","","","",""
104545,224,"TJK","Tajikistan",4,"Tadzhikistan Territories",48,"Jirgatol",289,"n.a. ( 80)","","","",""
104546,224,"TJK","Tajikistan",4,"Tadzhikistan Territories",48,"Jirgatol",290,"n.a. ( 90)","","","",""
104547,224,"TJK","Tajikistan",4,"Tadzhikistan Territories",48,"Jirgatol",291,"n.a. ( 97)","","","",""
104548,224,"TJK","Tajikistan",4,"Tadzhikistan Territories",48,"Jirgatol",292,"n.a. ( 98)","","","",""
104549,224,"TJK","Tajikistan",4,"Tadzhikistan Territories",49,"Nurobod",293,"n.a. ( 129)","","","",""
104550,224,"TJK","Tajikistan",4,"Tadzhikistan Territories",49,"Nurobod",294,"n.a. ( 135)","","","",""
104551,224,"TJK","Tajikistan",4,"Tadzhikistan Territories",49,"Nurobod",295,"n.a. ( 137)","","","",""
104552,224,"TJK","Tajikistan",4,"Tadzhikistan Territories",49,"Nurobod",296,"n.a. ( 138)","","","",""
104553,224,"TJK","Tajikistan",4,"Tadzhikistan Territories",49,"Nurobod",297,"n.a. ( 139)","","","",""
104554,224,"TJK","Tajikistan",4,"Tadzhikistan Territories",49,"Nurobod",298,"n.a. ( 146)","","","",""
104555,224,"TJK","Tajikistan",4,"Tadzhikistan Territories",50,"Rasht",299,"n.a. ( 107)","","","",""
104556,224,"TJK","Tajikistan",4,"Tadzhikistan Territories",50,"Rasht",300,"n.a. ( 108)","","","",""
104557,224,"TJK","Tajikistan",4,"Tadzhikistan Territories",50,"Rasht",301,"n.a. ( 109)","","","",""
104558,224,"TJK","Tajikistan",4,"Tadzhikistan Territories",50,"Rasht",302,"n.a. ( 110)","","","",""
104559,224,"TJK","Tajikistan",4,"Tadzhikistan Territories",50,"Rasht",303,"n.a. ( 111)","","","",""
104560,224,"TJK","Tajikistan",4,"Tadzhikistan Territories",50,"Rasht",304,"n.a. ( 115)","","","",""
104561,224,"TJK","Tajikistan",4,"Tadzhikistan Territories",50,"Rasht",305,"n.a. ( 122)","","","",""
104562,224,"TJK","Tajikistan",4,"Tadzhikistan Territories",50,"Rasht",306,"n.a. ( 123)","","","",""
104563,224,"TJK","Tajikistan",4,"Tadzhikistan Territories",50,"Rasht",307,"n.a. ( 85)","","","",""
104564,224,"TJK","Tajikistan",4,"Tadzhikistan Territories",50,"Rasht",308,"n.a. ( 96)","","","",""
104565,224,"TJK","Tajikistan",4,"Tadzhikistan Territories",51,"Roghun",309,"n.a. ( 141)","","","",""
104566,224,"TJK","Tajikistan",4,"Tadzhikistan Territories",52,"Rudaki",310,"n.a. ( 162)","","","",""
104567,224,"TJK","Tajikistan",4,"Tadzhikistan Territories",52,"Rudaki",311,"n.a. ( 169)","","","",""
104568,224,"TJK","Tajikistan",4,"Tadzhikistan Territories",52,"Rudaki",312,"n.a. ( 171)","","","",""
104569,224,"TJK","Tajikistan",4,"Tadzhikistan Territories",52,"Rudaki",313,"n.a. ( 183)","","","",""
104570,224,"TJK","Tajikistan",4,"Tadzhikistan Territories",52,"Rudaki",314,"n.a. ( 184)","","","",""
104571,224,"TJK","Tajikistan",4,"Tadzhikistan Territories",52,"Rudaki",315,"n.a. ( 185)","","","",""
104572,224,"TJK","Tajikistan",4,"Tadzhikistan Territories",52,"Rudaki",316,"n.a. ( 195)","","","",""
104573,224,"TJK","Tajikistan",4,"Tadzhikistan Territories",52,"Rudaki",317,"n.a. ( 197)","","","",""
104574,224,"TJK","Tajikistan",4,"Tadzhikistan Territories",52,"Rudaki",318,"n.a. ( 199)","","","",""
104575,224,"TJK","Tajikistan",4,"Tadzhikistan Territories",52,"Rudaki",319,"n.a. ( 203)","","","",""
104576,224,"TJK","Tajikistan",4,"Tadzhikistan Territories",52,"Rudaki",320,"n.a. ( 206)","","","",""
104577,224,"TJK","Tajikistan",4,"Tadzhikistan Territories",52,"Rudaki",321,"n.a. ( 208)","","","",""
104578,224,"TJK","Tajikistan",4,"Tadzhikistan Territories",52,"Rudaki",322,"n.a. ( 223)","","","",""
104579,224,"TJK","Tajikistan",4,"Tadzhikistan Territories",53,"Shahrinav",323,"n.a. ( 132)","","","",""
104580,224,"TJK","Tajikistan",4,"Tadzhikistan Territories",53,"Shahrinav",324,"n.a. ( 145)","","","",""
104581,224,"TJK","Tajikistan",4,"Tadzhikistan Territories",53,"Shahrinav",325,"n.a. ( 159)","","","",""
104582,224,"TJK","Tajikistan",4,"Tadzhikistan Territories",53,"Shahrinav",326,"n.a. ( 161)","","","",""
104583,224,"TJK","Tajikistan",4,"Tadzhikistan Territories",53,"Shahrinav",327,"n.a. ( 172)","","","",""
104584,224,"TJK","Tajikistan",4,"Tadzhikistan Territories",53,"Shahrinav",328,"n.a. ( 202)","","","",""
104585,224,"TJK","Tajikistan",4,"Tadzhikistan Territories",53,"Shahrinav",329,"n.a. ( 209)","","","",""
104586,224,"TJK","Tajikistan",4,"Tadzhikistan Territories",54,"Tavildara",330,"n.a. ( 119)","","","",""
104587,224,"TJK","Tajikistan",4,"Tadzhikistan Territories",54,"Tavildara",331,"n.a. ( 124)","","","",""
104588,224,"TJK","Tajikistan",4,"Tadzhikistan Territories",54,"Tavildara",332,"n.a. ( 128)","","","",""
104589,224,"TJK","Tajikistan",4,"Tadzhikistan Territories",57,"Vahdat",354,"n.a. ( 201)","","","",""
104590,224,"TJK","Tajikistan",4,"Tadzhikistan Territories",58,"Varzob",355,"n.a. ( 121)","","","",""
104591,224,"TJK","Tajikistan",4,"Tadzhikistan Territories",58,"Varzob",356,"n.a. ( 130)","","","",""
104592,224,"TJK","Tajikistan",4,"Tadzhikistan Territories",58,"Varzob",357,"n.a. ( 136)","","","",""
104593,224,"TJK","Tajikistan",4,"Tadzhikistan Territories",58,"Varzob",358,"n.a. ( 153)","","","",""
104594,224,"TJK","Tajikistan",4,"Tadzhikistan Territories",58,"Varzob",359,"n.a. ( 154)","","","",""
104595,224,"TJK","Tajikistan",4,"Tadzhikistan Territories",58,"Varzob",360,"n.a. ( 155)","","","",""
