"PID","ID_0","ISO","NAME_0","ID_1","NAME_1","ID_2","NAME_2","NL_NAME_2","VARNAME_2","TYPE_2","ENGTYPE_2"
34346,224,"TJK","Tajikistan",1,"Gorno-Badakhshan",1,"Darvoz","","","",""
34347,224,"TJK","Tajikistan",1,"Gorno-Badakhshan",2,"Ishkoshim","","","",""
34348,224,"TJK","Tajikistan",1,"Gorno-Badakhshan",3,"Murghob","","","",""
34349,224,"TJK","Tajikistan",1,"Gorno-Badakhshan",4,"Roshtqala","","","",""
34350,224,"TJK","Tajikistan",1,"Gorno-Badakhshan",5,"Rushon","","","",""
34351,224,"TJK","Tajikistan",1,"Gorno-Badakhshan",6,"Shughnon","","","",""
34352,224,"TJK","Tajikistan",1,"Gorno-Badakhshan",7,"Vanj","","","",""
34353,224,"TJK","Tajikistan",2,"Khatlon",8,"Baljuvon","","","",""
34354,224,"TJK","Tajikistan",2,"Khatlon",9,"Bokhtar","","","",""
34355,224,"TJK","Tajikistan",2,"Khatlon",10,"Danghara","","","",""
34356,224,"TJK","Tajikistan",2,"Khatlon",11,"Farkhor","","","",""
34357,224,"TJK","Tajikistan",2,"Khatlon",12,"Jilikul","","","",""
34358,224,"TJK","Tajikistan",2,"Khatlon",13,"Jomi","","","",""
34359,224,"TJK","Tajikistan",2,"Khatlon",14,"Khovaling","","","",""
34360,224,"TJK","Tajikistan",2,"Khatlon",15,"Khuroson","","","",""
34361,224,"TJK","Tajikistan",2,"Khatlon",16,"Kolkhozobod","","","",""
34362,224,"TJK","Tajikistan",2,"Khatlon",17,"Kulob","","","",""
34363,224,"TJK","Tajikistan",2,"Khatlon",18,"Moskva","","","",""
34364,224,"TJK","Tajikistan",2,"Khatlon",19,"Muminobod","","","",""
34365,224,"TJK","Tajikistan",2,"Khatlon",20,"Norak","","","",""
34366,224,"TJK","Tajikistan",2,"Khatlon",21,"Nosir Khusrav","","","",""
34367,224,"TJK","Tajikistan",2,"Khatlon",22,"Panj","","","",""
34368,224,"TJK","Tajikistan",2,"Khatlon",23,"Qabodiyon","","","",""
34369,224,"TJK","Tajikistan",2,"Khatlon",24,"Qumsangir","","","",""
34370,224,"TJK","Tajikistan",2,"Khatlon",25,"Sarband","","","",""
34371,224,"TJK","Tajikistan",2,"Khatlon",26,"Shahrituz","","","",""
34372,224,"TJK","Tajikistan",2,"Khatlon",27,"Shurobod","","","",""
34373,224,"TJK","Tajikistan",2,"Khatlon",28,"Sovet","","","",""
34374,224,"TJK","Tajikistan",2,"Khatlon",29,"Vakhsh","","","",""
34375,224,"TJK","Tajikistan",2,"Khatlon",30,"Vose","","","",""
34376,224,"TJK","Tajikistan",2,"Khatlon",31,"Yovon","","","",""
34377,224,"TJK","Tajikistan",3,"Leninabad",32,"Asht","","","",""
34378,224,"TJK","Tajikistan",3,"Leninabad",33,"Ayni","","","",""
34379,224,"TJK","Tajikistan",3,"Leninabad",34,"Ghafurov","","","",""
34380,224,"TJK","Tajikistan",3,"Leninabad",35,"Ghonchi","","","",""
34381,224,"TJK","Tajikistan",3,"Leninabad",36,"Isfara","","","",""
34382,224,"TJK","Tajikistan",3,"Leninabad",37,"Istaravshan","","","",""
34383,224,"TJK","Tajikistan",3,"Leninabad",38,"Jabor Rasulov","","","",""
34384,224,"TJK","Tajikistan",3,"Leninabad",39,"Konibodom","","","",""
34385,224,"TJK","Tajikistan",3,"Leninabad",40,"Kuhistoni Mastchoh","","","",""
34386,224,"TJK","Tajikistan",3,"Leninabad",41,"Matchin","","","",""
34387,224,"TJK","Tajikistan",3,"Leninabad",42,"Pandjakent","","","",""
34388,224,"TJK","Tajikistan",3,"Leninabad",43,"Shahriston","","","",""
34389,224,"TJK","Tajikistan",3,"Leninabad",44,"Spitamen","","","",""
34390,224,"TJK","Tajikistan",3,"Leninabad",45,"Zafarobod","","","",""
34391,224,"TJK","Tajikistan",4,"Tadzhikistan Territories",46,"Fayzobod","","","",""
34392,224,"TJK","Tajikistan",4,"Tadzhikistan Territories",47,"Hissor","","","",""
34393,224,"TJK","Tajikistan",4,"Tadzhikistan Territories",48,"Jirgatol","","","",""
34394,224,"TJK","Tajikistan",4,"Tadzhikistan Territories",49,"Nurobod","","","",""
34395,224,"TJK","Tajikistan",4,"Tadzhikistan Territories",50,"Rasht","","","",""
34396,224,"TJK","Tajikistan",4,"Tadzhikistan Territories",51,"Roghun","","","",""
34397,224,"TJK","Tajikistan",4,"Tadzhikistan Territories",52,"Rudaki","","","",""
34398,224,"TJK","Tajikistan",4,"Tadzhikistan Territories",53,"Shahrinav","","","",""
34399,224,"TJK","Tajikistan",4,"Tadzhikistan Territories",54,"Tavildara","","","",""
34400,224,"TJK","Tajikistan",4,"Tadzhikistan Territories",55,"Tojikobod","","","",""
34401,224,"TJK","Tajikistan",4,"Tadzhikistan Territories",56,"Tursunzoda","","","",""
34402,224,"TJK","Tajikistan",4,"Tadzhikistan Territories",57,"Vahdat","","","",""
34403,224,"TJK","Tajikistan",4,"Tadzhikistan Territories",58,"Varzob","","","",""
