"PID","ID_0","ISO","NAME_0","ID_1","NAME_1","NL_NAME_1","VARNAME_1","TYPE_1","ENGTYPE_1"
509,171,"PLW","Palau",1,"Aimeliik","","","State","State"
510,171,"PLW","Palau",2,"Airai","","","State","State"
511,171,"PLW","Palau",3,"Kayangel","","","State","State"
512,171,"PLW","Palau",4,"Koror","","","State","State"
513,171,"PLW","Palau",5,"Melekeok","","","State","State"
514,171,"PLW","Palau",6,"Ngaraard","","","State","State"
515,171,"PLW","Palau",7,"Ngarchelong","","","State","State"
516,171,"PLW","Palau",8,"Ngardmau","","","State","State"
517,171,"PLW","Palau",9,"Ngatpang","","","State","State"
518,171,"PLW","Palau",10,"Ngchesar","","","State","State"
519,171,"PLW","Palau",11,"Ngeremlengui","","Ngaremlengui","State","State"
520,171,"PLW","Palau",12,"Ngiwal","","","State","State"
521,171,"PLW","Palau",13,"Peleliu","","","State","State"
