"PID","ID_0","ISO","NAME_0","ID_1","NAME_1","NL_NAME_1","VARNAME_1","TYPE_1","ENGTYPE_1"
1339,94,"GTM","Guatemala",1,"Alta Verapaz","","","Departamento","Department"
1340,94,"GTM","Guatemala",2,"Baja Verapaz","","","Departamento","Department"
1341,94,"GTM","Guatemala",3,"Chimaltenango","","","Departamento","Department"
1342,94,"GTM","Guatemala",4,"Chiquimula","","","Departamento","Department"
1343,94,"GTM","Guatemala",5,"El Progreso","","Guastatoya","Departamento","Department"
1344,94,"GTM","Guatemala",6,"Escuintla","","","Departamento","Department"
1345,94,"GTM","Guatemala",7,"Guatemala","","","Departamento","Department"
1346,94,"GTM","Guatemala",8,"Huehuetenango","","","Departamento","Department"
1347,94,"GTM","Guatemala",9,"Izabal","","","Departamento","Department"
1348,94,"GTM","Guatemala",10,"Jalapa","","","Departamento","Department"
1349,94,"GTM","Guatemala",11,"Jutiapa","","","Departamento","Department"
1350,94,"GTM","Guatemala",12,"Petén","","","Departamento","Department"
1351,94,"GTM","Guatemala",13,"Quezaltenango","","","Departamento","Department"
1352,94,"GTM","Guatemala",14,"Quiché","","","Departamento","Department"
1353,94,"GTM","Guatemala",15,"Retalhuleu","","","Departamento","Department"
1354,94,"GTM","Guatemala",16,"Sacatepéquez","","","Departamento","Department"
1355,94,"GTM","Guatemala",17,"San Marcos","","","Departamento","Department"
1356,94,"GTM","Guatemala",18,"Santa Rosa","","","Departamento","Department"
1357,94,"GTM","Guatemala",19,"Sololá","","","Departamento","Department"
1358,94,"GTM","Guatemala",20,"Suchitepéquez","","","Departamento","Department"
1359,94,"GTM","Guatemala",21,"Totonicapán","","","Departamento","Department"
1360,94,"GTM","Guatemala",22,"Zacapa","","","Departamento","Department"
