"PID","ID_0","ISO","NAME_0","ID_1","NAME_1","NL_NAME_1","VARNAME_1","TYPE_1","ENGTYPE_1"
332,22,"BEL","Belgium",1,"Vlaanderen"," ","Flandres","Gewest","Region"
333,22,"BEL","Belgium",2,"Bruxelles"," ","Brussel","Gewest","Region"
334,22,"BEL","Belgium",2,"Vlaanderen"," ","Flandres","Gewest","Region"
335,22,"BEL","Belgium",3,"Vlaanderen"," ","Flandres","Gewest","Region"
336,22,"BEL","Belgium",4,"Vlaanderen"," ","Flandres","Gewest","Region"
337,22,"BEL","Belgium",5,"Vlaanderen"," ","Flandres","Gewest","Region"
338,22,"BEL","Belgium",5,"Wallonie"," "," ","Région","Region"
339,22,"BEL","Belgium",6,"Wallonie"," "," ","Région","Region"
340,22,"BEL","Belgium",7,"Vlaanderen"," ","Flandres","Gewest","Region"
341,22,"BEL","Belgium",7,"Wallonie"," "," ","Région","Region"
342,22,"BEL","Belgium",8,"Wallonie"," "," ","Région","Region"
343,22,"BEL","Belgium",9,"Wallonie"," "," ","Région","Region"
344,22,"BEL","Belgium",10,"Wallonie"," "," ","Région","Region"
345,22,"BEL","Belgium",11,"Vlaanderen"," ","Flandres","Gewest","Region"
346,22,"BEL","Belgium",11,"Wallonie"," "," ","Région","Region"
