"PID","ID_0","ISO","NAME_0","ID_1","NAME_1","ID_2","NAME_2","ID_3","NAME_3","ID_4","NAME_4","VARNAME_4","TYPE_4","ENGTYPE_4"
464,22,"BEL","Belgium",1,"Vlaanderen",1,"Antwerpen",1,"Antwerpen",3,"Essen"," ","Gemeente","Commune"
465,22,"BEL","Belgium",1,"Vlaanderen",1,"Antwerpen",1,"Antwerpen",4,"Kalmthout"," ","Gemeente","Commune"
466,22,"BEL","Belgium",1,"Vlaanderen",1,"Antwerpen",1,"Antwerpen",5,"Wuustwezel"," ","Gemeente","Commune"
467,22,"BEL","Belgium",1,"Vlaanderen",1,"Antwerpen",1,"Antwerpen",11,"Antwerpen"," ","Gemeente","Commune"
468,22,"BEL","Belgium",1,"Vlaanderen",1,"Antwerpen",1,"Antwerpen",12,"Brecht"," ","Gemeente","Commune"
469,22,"BEL","Belgium",1,"Vlaanderen",1,"Antwerpen",1,"Antwerpen",15,"Kapellen"," ","Gemeente","Commune"
470,22,"BEL","Belgium",1,"Vlaanderen",1,"Antwerpen",1,"Antwerpen",16,"Stabroek"," ","Gemeente","Commune"
471,22,"BEL","Belgium",1,"Vlaanderen",1,"Antwerpen",1,"Antwerpen",17,"Brasschaat"," ","Gemeente","Commune"
472,22,"BEL","Belgium",1,"Vlaanderen",1,"Antwerpen",1,"Antwerpen",21,"Malle"," ","Gemeente","Commune"
473,22,"BEL","Belgium",1,"Vlaanderen",1,"Antwerpen",1,"Antwerpen",27,"Schoten"," ","Gemeente","Commune"
474,22,"BEL","Belgium",1,"Vlaanderen",1,"Antwerpen",1,"Antwerpen",32,"Schilde"," ","Gemeente","Commune"
475,22,"BEL","Belgium",1,"Vlaanderen",1,"Antwerpen",1,"Antwerpen",34,"Zoersel"," ","Gemeente","Commune"
476,22,"BEL","Belgium",1,"Vlaanderen",1,"Antwerpen",1,"Antwerpen",42,"Zwijndrecht"," ","Gemeente","Commune"
477,22,"BEL","Belgium",1,"Vlaanderen",1,"Antwerpen",1,"Antwerpen",47,"Zandhoven"," ","Gemeente","Commune"
478,22,"BEL","Belgium",1,"Vlaanderen",1,"Antwerpen",1,"Antwerpen",48,"Wijnegem"," ","Gemeente","Commune"
479,22,"BEL","Belgium",1,"Vlaanderen",1,"Antwerpen",1,"Antwerpen",51,"Ranst"," ","Gemeente","Commune"
480,22,"BEL","Belgium",1,"Vlaanderen",1,"Antwerpen",1,"Antwerpen",83,"Wommelgem"," ","Gemeente","Commune"
481,22,"BEL","Belgium",1,"Vlaanderen",1,"Antwerpen",1,"Antwerpen",91,"Borsbeek"," ","Gemeente","Commune"
482,22,"BEL","Belgium",1,"Vlaanderen",1,"Antwerpen",1,"Antwerpen",108,"Aartselaar"," ","Gemeente","Commune"
483,22,"BEL","Belgium",1,"Vlaanderen",1,"Antwerpen",1,"Antwerpen",109,"Hemiksem"," ","Gemeente","Commune"
484,22,"BEL","Belgium",1,"Vlaanderen",1,"Antwerpen",1,"Antwerpen",127,"Boechout"," ","Gemeente","Commune"
485,22,"BEL","Belgium",1,"Vlaanderen",1,"Antwerpen",1,"Antwerpen",130,"Mortsel"," ","Gemeente","Commune"
486,22,"BEL","Belgium",1,"Vlaanderen",1,"Antwerpen",1,"Antwerpen",136,"Edegem"," ","Gemeente","Commune"
487,22,"BEL","Belgium",1,"Vlaanderen",1,"Antwerpen",1,"Antwerpen",143,"Hove"," ","Gemeente","Commune"
488,22,"BEL","Belgium",1,"Vlaanderen",1,"Antwerpen",1,"Antwerpen",154,"Kontich"," ","Gemeente","Commune"
489,22,"BEL","Belgium",1,"Vlaanderen",1,"Antwerpen",1,"Antwerpen",158,"Lint"," ","Gemeente","Commune"
490,22,"BEL","Belgium",1,"Vlaanderen",1,"Antwerpen",1,"Antwerpen",159,"Schelle"," ","Gemeente","Commune"
491,22,"BEL","Belgium",1,"Vlaanderen",1,"Antwerpen",1,"Antwerpen",165,"Niel"," ","Gemeente","Commune"
492,22,"BEL","Belgium",1,"Vlaanderen",1,"Antwerpen",1,"Antwerpen",174,"Boom"," ","Gemeente","Commune"
493,22,"BEL","Belgium",1,"Vlaanderen",1,"Antwerpen",1,"Antwerpen",316,"Rumst"," ","Gemeente","Commune"
494,22,"BEL","Belgium",1,"Vlaanderen",1,"Antwerpen",2,"Mechelen",58,"Bonheiden"," ","Gemeente","Commune"
495,22,"BEL","Belgium",1,"Vlaanderen",1,"Antwerpen",2,"Mechelen",133,"Nijlen"," ","Gemeente","Commune"
496,22,"BEL","Belgium",1,"Vlaanderen",1,"Antwerpen",2,"Mechelen",140,"Lier"," ","Gemeente","Commune"
497,22,"BEL","Belgium",1,"Vlaanderen",1,"Antwerpen",2,"Mechelen",157,"Berlaar"," ","Gemeente","Commune"
498,22,"BEL","Belgium",1,"Vlaanderen",1,"Antwerpen",2,"Mechelen",162,"Bornem"," ","Gemeente","Commune"
499,22,"BEL","Belgium",1,"Vlaanderen",1,"Antwerpen",2,"Mechelen",163,"Heist-op-den-Berg"," ","Gemeente","Commune"
500,22,"BEL","Belgium",1,"Vlaanderen",1,"Antwerpen",2,"Mechelen",173,"Duffel"," ","Gemeente","Commune"
501,22,"BEL","Belgium",1,"Vlaanderen",1,"Antwerpen",2,"Mechelen",178,"Puurs"," ","Gemeente","Commune"
502,22,"BEL","Belgium",1,"Vlaanderen",1,"Antwerpen",2,"Mechelen",186,"Putte"," ","Gemeente","Commune"
503,22,"BEL","Belgium",1,"Vlaanderen",1,"Antwerpen",2,"Mechelen",187,"Sint-Katelijne-Waver"," ","Gemeente","Commune"
504,22,"BEL","Belgium",1,"Vlaanderen",1,"Antwerpen",2,"Mechelen",188,"Willebroek"," ","Gemeente","Commune"
505,22,"BEL","Belgium",1,"Vlaanderen",1,"Antwerpen",2,"Mechelen",189,"Sint-Amands"," ","Gemeente","Commune"
506,22,"BEL","Belgium",1,"Vlaanderen",1,"Antwerpen",2,"Mechelen",190,"Mechelen"," ","Gemeente","Commune"
507,22,"BEL","Belgium",1,"Vlaanderen",1,"Antwerpen",3,"Turnhout",1,"Hoogstraten"," ","Gemeente","Commune"
508,22,"BEL","Belgium",1,"Vlaanderen",1,"Antwerpen",3,"Turnhout",2,"Ravels"," ","Gemeente","Commune"
509,22,"BEL","Belgium",1,"Vlaanderen",1,"Antwerpen",3,"Turnhout",6,"Merksplas"," ","Gemeente","Commune"
510,22,"BEL","Belgium",1,"Vlaanderen",1,"Antwerpen",3,"Turnhout",7,"Baarle-Hertog"," ","Gemeente","Commune"
511,22,"BEL","Belgium",1,"Vlaanderen",1,"Antwerpen",3,"Turnhout",8,"Turnhout"," ","Gemeente","Commune"
512,22,"BEL","Belgium",1,"Vlaanderen",1,"Antwerpen",3,"Turnhout",9,"Arendonk"," ","Gemeente","Commune"
513,22,"BEL","Belgium",1,"Vlaanderen",1,"Antwerpen",3,"Turnhout",10,"Rijkevorsel"," ","Gemeente","Commune"
514,22,"BEL","Belgium",1,"Vlaanderen",1,"Antwerpen",3,"Turnhout",13,"Oud-Turnhout"," ","Gemeente","Commune"
515,22,"BEL","Belgium",1,"Vlaanderen",1,"Antwerpen",3,"Turnhout",18,"Beerse"," ","Gemeente","Commune"
516,22,"BEL","Belgium",1,"Vlaanderen",1,"Antwerpen",3,"Turnhout",20,"Vosselaar"," ","Gemeente","Commune"
517,22,"BEL","Belgium",1,"Vlaanderen",1,"Antwerpen",3,"Turnhout",22,"Mol"," ","Gemeente","Commune"
518,22,"BEL","Belgium",1,"Vlaanderen",1,"Antwerpen",3,"Turnhout",25,"Retie"," ","Gemeente","Commune"
519,22,"BEL","Belgium",1,"Vlaanderen",1,"Antwerpen",3,"Turnhout",26,"Lille"," ","Gemeente","Commune"
520,22,"BEL","Belgium",1,"Vlaanderen",1,"Antwerpen",3,"Turnhout",29,"Kasterlee"," ","Gemeente","Commune"
521,22,"BEL","Belgium",1,"Vlaanderen",1,"Antwerpen",3,"Turnhout",39,"Dessel"," ","Gemeente","Commune"
522,22,"BEL","Belgium",1,"Vlaanderen",1,"Antwerpen",3,"Turnhout",45,"Vorselaar"," ","Gemeente","Commune"
523,22,"BEL","Belgium",1,"Vlaanderen",1,"Antwerpen",3,"Turnhout",50,"Geel"," ","Gemeente","Commune"
524,22,"BEL","Belgium",1,"Vlaanderen",1,"Antwerpen",3,"Turnhout",82,"Herentals"," ","Gemeente","Commune"
525,22,"BEL","Belgium",1,"Vlaanderen",1,"Antwerpen",3,"Turnhout",85,"Balen"," ","Gemeente","Commune"
526,22,"BEL","Belgium",1,"Vlaanderen",1,"Antwerpen",3,"Turnhout",88,"Grobbendonk"," ","Gemeente","Commune"
527,22,"BEL","Belgium",1,"Vlaanderen",1,"Antwerpen",3,"Turnhout",110,"Westerlo"," ","Gemeente","Commune"
528,22,"BEL","Belgium",1,"Vlaanderen",1,"Antwerpen",3,"Turnhout",123,"Olen"," ","Gemeente","Commune"
529,22,"BEL","Belgium",1,"Vlaanderen",1,"Antwerpen",3,"Turnhout",137,"Herenthout"," ","Gemeente","Commune"
530,22,"BEL","Belgium",1,"Vlaanderen",1,"Antwerpen",3,"Turnhout",142,"Meerhout"," ","Gemeente","Commune"
531,22,"BEL","Belgium",1,"Vlaanderen",1,"Antwerpen",3,"Turnhout",172,"Laakdal"," ","Gemeente","Commune"
532,22,"BEL","Belgium",1,"Vlaanderen",1,"Antwerpen",3,"Turnhout",183,"Herselt"," ","Gemeente","Commune"
533,22,"BEL","Belgium",1,"Vlaanderen",1,"Antwerpen",3,"Turnhout",185,"Hulshout"," ","Gemeente","Commune"
534,22,"BEL","Belgium",2,"Bruxelles",2,"Bruxelles",4,"Brussel",315,"Brussel"," ","Commune","Commune"
535,22,"BEL","Belgium",2,"Bruxelles",2,"Bruxelles",4,"Brussel",322,"Jette"," ","Commune","Commune"
536,22,"BEL","Belgium",2,"Bruxelles",2,"Bruxelles",4,"Brussel",329,"Evere"," ","Commune","Commune"
537,22,"BEL","Belgium",2,"Bruxelles",2,"Bruxelles",4,"Brussel",332,"Ganshoren"," ","Commune","Commune"
538,22,"BEL","Belgium",2,"Bruxelles",2,"Bruxelles",4,"Brussel",335,"Schaarbeek"," ","Commune","Commune"
539,22,"BEL","Belgium",2,"Bruxelles",2,"Bruxelles",4,"Brussel",340,"Sint-Agatha-Berchem"," ","Commune","Commune"
540,22,"BEL","Belgium",2,"Vlaanderen",2,"Vlaams Brabant",4,"Halle-Vilvoorde",341,"Kraainem"," ","Gemeente","Commune"
541,22,"BEL","Belgium",2,"Bruxelles",2,"Bruxelles",4,"Brussel",345,"Sint-Jans-Molenbeek"," ","Commune","Commune"
542,22,"BEL","Belgium",2,"Bruxelles",2,"Bruxelles",4,"Brussel",347,"Koekelberg"," ","Commune","Commune"
543,22,"BEL","Belgium",2,"Bruxelles",2,"Bruxelles",4,"Brussel",352,"Sint-Lambrechts-Woluwe"," ","Commune","Commune"
544,22,"BEL","Belgium",2,"Bruxelles",2,"Bruxelles",4,"Brussel",354,"Sint-Joost-ten-Node"," ","Commune","Commune"
545,22,"BEL","Belgium",2,"Bruxelles",2,"Bruxelles",4,"Brussel",357,"Anderlecht"," ","Commune","Commune"
546,22,"BEL","Belgium",2,"Bruxelles",2,"Bruxelles",4,"Brussel",360,"Sint-Pieters-Woluwe"," ","Commune","Commune"
547,22,"BEL","Belgium",2,"Bruxelles",2,"Bruxelles",4,"Brussel",362,"Etterbeek"," ","Commune","Commune"
548,22,"BEL","Belgium",2,"Bruxelles",2,"Bruxelles",4,"Brussel",363,"Elsene"," ","Commune","Commune"
549,22,"BEL","Belgium",2,"Bruxelles",2,"Bruxelles",4,"Brussel",369,"Oudergem"," ","Commune","Commune"
550,22,"BEL","Belgium",2,"Bruxelles",2,"Bruxelles",4,"Brussel",376,"Ukkel"," ","Commune","Commune"
551,22,"BEL","Belgium",2,"Bruxelles",2,"Bruxelles",4,"Brussel",383,"Watermaal-Bosvoorde"," ","Commune","Commune"
552,22,"BEL","Belgium",2,"Bruxelles",2,"Bruxelles",4,"Brussel",571,"Sint-Gillis"," ","Commune","Commune"
553,22,"BEL","Belgium",2,"Bruxelles",2,"Bruxelles",4,"Brussel",572,"Vorst"," ","Commune","Commune"
554,22,"BEL","Belgium",3,"Vlaanderen",3,"Oost-Vlaanderen",5,"Aalst",116,"Lede"," ","Gemeente","Commune"
555,22,"BEL","Belgium",3,"Vlaanderen",3,"Oost-Vlaanderen",5,"Aalst",260,"Aalst"," ","Gemeente","Commune"
556,22,"BEL","Belgium",3,"Vlaanderen",3,"Oost-Vlaanderen",5,"Aalst",276,"Sint-Lievens-Houtem"," ","Gemeente","Commune"
557,22,"BEL","Belgium",3,"Vlaanderen",3,"Oost-Vlaanderen",5,"Aalst",280,"Erpe-Mere"," ","Gemeente","Commune"
558,22,"BEL","Belgium",3,"Vlaanderen",3,"Oost-Vlaanderen",5,"Aalst",303,"Herzele"," ","Gemeente","Commune"
559,22,"BEL","Belgium",3,"Vlaanderen",3,"Oost-Vlaanderen",5,"Aalst",304,"Zottegem"," ","Gemeente","Commune"
560,22,"BEL","Belgium",3,"Vlaanderen",3,"Oost-Vlaanderen",5,"Aalst",307,"Denderleeuw"," ","Gemeente","Commune"
561,22,"BEL","Belgium",3,"Vlaanderen",3,"Oost-Vlaanderen",5,"Aalst",308,"Haaltert"," ","Gemeente","Commune"
562,22,"BEL","Belgium",3,"Vlaanderen",3,"Oost-Vlaanderen",5,"Aalst",343,"Ninove"," ","Gemeente","Commune"
563,22,"BEL","Belgium",3,"Vlaanderen",3,"Oost-Vlaanderen",5,"Aalst",372,"Geraardsbergen"," ","Gemeente","Commune"
564,22,"BEL","Belgium",3,"Vlaanderen",3,"Oost-Vlaanderen",6,"Dendermonde",57,"Buggenhout"," ","Gemeente","Commune"
565,22,"BEL","Belgium",3,"Vlaanderen",3,"Oost-Vlaanderen",6,"Dendermonde",155,"Waasmunster"," ","Gemeente","Commune"
566,22,"BEL","Belgium",3,"Vlaanderen",3,"Oost-Vlaanderen",6,"Dendermonde",170,"Hamme"," ","Gemeente","Commune"
567,22,"BEL","Belgium",3,"Vlaanderen",3,"Oost-Vlaanderen",6,"Dendermonde",175,"Zele"," ","Gemeente","Commune"
568,22,"BEL","Belgium",3,"Vlaanderen",3,"Oost-Vlaanderen",6,"Dendermonde",193,"Berlare"," ","Gemeente","Commune"
569,22,"BEL","Belgium",3,"Vlaanderen",3,"Oost-Vlaanderen",6,"Dendermonde",195,"Laarne"," ","Gemeente","Commune"
570,22,"BEL","Belgium",3,"Vlaanderen",3,"Oost-Vlaanderen",6,"Dendermonde",196,"Dendermonde"," ","Gemeente","Commune"
571,22,"BEL","Belgium",3,"Vlaanderen",3,"Oost-Vlaanderen",6,"Dendermonde",208,"Wichelen"," ","Gemeente","Commune"
572,22,"BEL","Belgium",3,"Vlaanderen",3,"Oost-Vlaanderen",6,"Dendermonde",212,"Wetteren"," ","Gemeente","Commune"
573,22,"BEL","Belgium",3,"Vlaanderen",3,"Oost-Vlaanderen",6,"Dendermonde",216,"Lebbeke"," ","Gemeente","Commune"
574,22,"BEL","Belgium",3,"Vlaanderen",3,"Oost-Vlaanderen",7,"Eeklo",31,"Sint-Laureins"," ","Gemeente","Commune"
575,22,"BEL","Belgium",3,"Vlaanderen",3,"Oost-Vlaanderen",7,"Eeklo",37,"Assenede"," ","Gemeente","Commune"
576,22,"BEL","Belgium",3,"Vlaanderen",3,"Oost-Vlaanderen",7,"Eeklo",40,"Maldegem"," ","Gemeente","Commune"
577,22,"BEL","Belgium",3,"Vlaanderen",3,"Oost-Vlaanderen",7,"Eeklo",44,"Kaprijke"," ","Gemeente","Commune"
578,22,"BEL","Belgium",3,"Vlaanderen",3,"Oost-Vlaanderen",7,"Eeklo",81,"Zelzate"," ","Gemeente","Commune"
579,22,"BEL","Belgium",3,"Vlaanderen",3,"Oost-Vlaanderen",7,"Eeklo",84,"Eeklo"," ","Gemeente","Commune"
580,22,"BEL","Belgium",3,"Vlaanderen",3,"Oost-Vlaanderen",8,"Gent",79,"Moerbeke"," ","Gemeente","Commune"
581,22,"BEL","Belgium",3,"Vlaanderen",3,"Oost-Vlaanderen",8,"Gent",86,"Wachtebeke"," ","Gemeente","Commune"
582,22,"BEL","Belgium",3,"Vlaanderen",3,"Oost-Vlaanderen",8,"Gent",112,"Lochristi"," ","Gemeente","Commune"
583,22,"BEL","Belgium",3,"Vlaanderen",3,"Oost-Vlaanderen",8,"Gent",117,"Nazareth"," ","Gemeente","Commune"
584,22,"BEL","Belgium",3,"Vlaanderen",3,"Oost-Vlaanderen",8,"Gent",131,"Evergem"," ","Gemeente","Commune"
585,22,"BEL","Belgium",3,"Vlaanderen",3,"Oost-Vlaanderen",8,"Gent",132,"Gent"," ","Gemeente","Commune"
586,22,"BEL","Belgium",3,"Vlaanderen",3,"Oost-Vlaanderen",8,"Gent",139,"Waarschoot"," ","Gemeente","Commune"
587,22,"BEL","Belgium",3,"Vlaanderen",3,"Oost-Vlaanderen",8,"Gent",141,"Zomergem"," ","Gemeente","Commune"
588,22,"BEL","Belgium",3,"Vlaanderen",3,"Oost-Vlaanderen",8,"Gent",153,"Knesselare"," ","Gemeente","Commune"
589,22,"BEL","Belgium",3,"Vlaanderen",3,"Oost-Vlaanderen",8,"Gent",164,"Lovendegem"," ","Gemeente","Commune"
590,22,"BEL","Belgium",3,"Vlaanderen",3,"Oost-Vlaanderen",8,"Gent",167,"Aalter"," ","Gemeente","Commune"
591,22,"BEL","Belgium",3,"Vlaanderen",3,"Oost-Vlaanderen",8,"Gent",182,"Nevele"," ","Gemeente","Commune"
592,22,"BEL","Belgium",3,"Vlaanderen",3,"Oost-Vlaanderen",8,"Gent",194,"Destelbergen"," ","Gemeente","Commune"
593,22,"BEL","Belgium",3,"Vlaanderen",3,"Oost-Vlaanderen",8,"Gent",206,"Sint-Martens-Latem"," ","Gemeente","Commune"
594,22,"BEL","Belgium",3,"Vlaanderen",3,"Oost-Vlaanderen",8,"Gent",210,"Deinze"," ","Gemeente","Commune"
595,22,"BEL","Belgium",3,"Vlaanderen",3,"Oost-Vlaanderen",8,"Gent",213,"Melle"," ","Gemeente","Commune"
596,22,"BEL","Belgium",3,"Vlaanderen",3,"Oost-Vlaanderen",8,"Gent",218,"Merelbeke"," ","Gemeente","Commune"
597,22,"BEL","Belgium",3,"Vlaanderen",3,"Oost-Vlaanderen",8,"Gent",221,"De Pinte"," ","Gemeente","Commune"
598,22,"BEL","Belgium",3,"Vlaanderen",3,"Oost-Vlaanderen",8,"Gent",263,"Zulte"," ","Gemeente","Commune"
599,22,"BEL","Belgium",3,"Vlaanderen",3,"Oost-Vlaanderen",8,"Gent",267,"Oosterzele"," ","Gemeente","Commune"
600,22,"BEL","Belgium",3,"Vlaanderen",3,"Oost-Vlaanderen",8,"Gent",271,"Gavere"," ","Gemeente","Commune"
601,22,"BEL","Belgium",3,"Vlaanderen",3,"Oost-Vlaanderen",9,"Oudenaarde",286,"Kruishoutem"," ","Gemeente","Commune"
602,22,"BEL","Belgium",3,"Vlaanderen",3,"Oost-Vlaanderen",9,"Oudenaarde",294,"Zingem"," ","Gemeente","Commune"
603,22,"BEL","Belgium",3,"Vlaanderen",3,"Oost-Vlaanderen",9,"Oudenaarde",309,"Zwalm"," ","Gemeente","Commune"
604,22,"BEL","Belgium",3,"Vlaanderen",3,"Oost-Vlaanderen",9,"Oudenaarde",327,"Oudenaarde"," ","Gemeente","Commune"
605,22,"BEL","Belgium",3,"Vlaanderen",3,"Oost-Vlaanderen",9,"Oudenaarde",338,"Wortegem-Petegem"," ","Gemeente","Commune"
606,22,"BEL","Belgium",3,"Vlaanderen",3,"Oost-Vlaanderen",9,"Oudenaarde",356,"Horebeke"," ","Gemeente","Commune"
607,22,"BEL","Belgium",3,"Vlaanderen",3,"Oost-Vlaanderen",9,"Oudenaarde",364,"Brakel"," ","Gemeente","Commune"
608,22,"BEL","Belgium",3,"Vlaanderen",3,"Oost-Vlaanderen",9,"Oudenaarde",370,"Lierde"," ","Gemeente","Commune"
609,22,"BEL","Belgium",3,"Vlaanderen",3,"Oost-Vlaanderen",9,"Oudenaarde",373,"Maarkedal"," ","Gemeente","Commune"
610,22,"BEL","Belgium",3,"Vlaanderen",3,"Oost-Vlaanderen",9,"Oudenaarde",387,"Kluisbergen"," ","Gemeente","Commune"
611,22,"BEL","Belgium",3,"Vlaanderen",3,"Oost-Vlaanderen",9,"Oudenaarde",406,"Ronse"," ","Gemeente","Commune"
612,22,"BEL","Belgium",3,"Vlaanderen",3,"Oost-Vlaanderen",10,"Sint-Niklaas",19,"Beveren"," ","Gemeente","Commune"
613,22,"BEL","Belgium",3,"Vlaanderen",3,"Oost-Vlaanderen",10,"Sint-Niklaas",36,"Sint-Gillis-Waas"," ","Gemeente","Commune"
614,22,"BEL","Belgium",3,"Vlaanderen",3,"Oost-Vlaanderen",10,"Sint-Niklaas",46,"Stekene"," ","Gemeente","Commune"
615,22,"BEL","Belgium",3,"Vlaanderen",3,"Oost-Vlaanderen",10,"Sint-Niklaas",87,"Saint-Nicolas"," ","Gemeente","Commune"
616,22,"BEL","Belgium",3,"Vlaanderen",3,"Oost-Vlaanderen",10,"Sint-Niklaas",89,"Kruibeke"," ","Gemeente","Commune"
617,22,"BEL","Belgium",3,"Vlaanderen",3,"Oost-Vlaanderen",10,"Sint-Niklaas",135,"Temse"," ","Gemeente","Commune"
618,22,"BEL","Belgium",3,"Vlaanderen",3,"Oost-Vlaanderen",10,"Sint-Niklaas",152,"Lokeren"," ","Gemeente","Commune"
619,22,"BEL","Belgium",4,"Vlaanderen",4,"Vlaams Brabant",11,"Halle-Vilvoorde",56,"Londerzeel"," ","Gemeente","Commune"
620,22,"BEL","Belgium",4,"Vlaanderen",4,"Vlaams Brabant",11,"Halle-Vilvoorde",113,"Opwijk"," ","Gemeente","Commune"
621,22,"BEL","Belgium",4,"Vlaanderen",4,"Vlaams Brabant",11,"Halle-Vilvoorde",114,"Merchtem"," ","Gemeente","Commune"
622,22,"BEL","Belgium",4,"Vlaanderen",4,"Vlaams Brabant",11,"Halle-Vilvoorde",209,"Kapelle-op-den-Bos"," ","Gemeente","Commune"
623,22,"BEL","Belgium",4,"Vlaanderen",4,"Vlaams Brabant",11,"Halle-Vilvoorde",220,"Zemst"," ","Gemeente","Commune"
624,22,"BEL","Belgium",4,"Vlaanderen",4,"Vlaams Brabant",11,"Halle-Vilvoorde",248,"Bever"," ","Gemeente","Commune"
625,22,"BEL","Belgium",4,"Vlaanderen",4,"Vlaams Brabant",11,"Halle-Vilvoorde",257,"Meise"," ","Gemeente","Commune"
626,22,"BEL","Belgium",4,"Vlaanderen",4,"Vlaams Brabant",11,"Halle-Vilvoorde",261,"Grimbergen"," ","Gemeente","Commune"
627,22,"BEL","Belgium",4,"Vlaanderen",4,"Vlaams Brabant",11,"Halle-Vilvoorde",270,"Kampenhout"," ","Gemeente","Commune"
628,22,"BEL","Belgium",4,"Vlaanderen",4,"Vlaams Brabant",11,"Halle-Vilvoorde",275,"Steenokkerzeel"," ","Gemeente","Commune"
629,22,"BEL","Belgium",4,"Vlaanderen",4,"Vlaams Brabant",11,"Halle-Vilvoorde",279,"Vilvoorde"," ","Gemeente","Commune"
630,22,"BEL","Belgium",4,"Vlaanderen",4,"Vlaams Brabant",11,"Halle-Vilvoorde",288,"Asse"," ","Gemeente","Commune"
631,22,"BEL","Belgium",4,"Vlaanderen",4,"Vlaams Brabant",11,"Halle-Vilvoorde",291,"Wemmel"," ","Gemeente","Commune"
632,22,"BEL","Belgium",4,"Vlaanderen",4,"Vlaams Brabant",11,"Halle-Vilvoorde",295,"Affligem"," ","Gemeente","Commune"
633,22,"BEL","Belgium",4,"Vlaanderen",4,"Vlaams Brabant",11,"Halle-Vilvoorde",301,"Machelen"," ","Gemeente","Commune"
634,22,"BEL","Belgium",4,"Vlaanderen",4,"Vlaams Brabant",11,"Halle-Vilvoorde",313,"Zaventem"," ","Gemeente","Commune"
635,22,"BEL","Belgium",4,"Vlaanderen",4,"Vlaams Brabant",11,"Halle-Vilvoorde",324,"Ternat"," ","Gemeente","Commune"
636,22,"BEL","Belgium",4,"Vlaanderen",4,"Vlaams Brabant",11,"Halle-Vilvoorde",325,"Dilbeek"," ","Gemeente","Commune"
637,22,"BEL","Belgium",4,"Vlaanderen",4,"Vlaams Brabant",11,"Halle-Vilvoorde",333,"Liedekerke"," ","Gemeente","Commune"
638,22,"BEL","Belgium",4,"Vlaanderen",4,"Vlaams Brabant",11,"Halle-Vilvoorde",348,"Roosdaal"," ","Gemeente","Commune"
639,22,"BEL","Belgium",4,"Vlaanderen",4,"Vlaams Brabant",11,"Halle-Vilvoorde",349,"Wezembeek-Oppem"," ","Gemeente","Commune"
640,22,"BEL","Belgium",4,"Vlaanderen",4,"Vlaams Brabant",11,"Halle-Vilvoorde",365,"Lennik"," ","Gemeente","Commune"
641,22,"BEL","Belgium",4,"Vlaanderen",4,"Vlaams Brabant",11,"Halle-Vilvoorde",375,"Sint-Pieters-Leeuw"," ","Gemeente","Commune"
642,22,"BEL","Belgium",4,"Vlaanderen",4,"Vlaams Brabant",11,"Halle-Vilvoorde",384,"Gooik"," ","Gemeente","Commune"
643,22,"BEL","Belgium",4,"Vlaanderen",4,"Vlaams Brabant",11,"Halle-Vilvoorde",391,"Overijse"," ","Gemeente","Commune"
644,22,"BEL","Belgium",4,"Vlaanderen",4,"Vlaams Brabant",11,"Halle-Vilvoorde",394,"Beersel"," ","Gemeente","Commune"
645,22,"BEL","Belgium",4,"Vlaanderen",4,"Vlaams Brabant",11,"Halle-Vilvoorde",396,"Hoeilaart"," ","Gemeente","Commune"
646,22,"BEL","Belgium",4,"Vlaanderen",4,"Vlaams Brabant",11,"Halle-Vilvoorde",397,"Pepingen"," ","Gemeente","Commune"
647,22,"BEL","Belgium",4,"Vlaanderen",4,"Vlaams Brabant",11,"Halle-Vilvoorde",398,"Galmaarden"," ","Gemeente","Commune"
648,22,"BEL","Belgium",4,"Vlaanderen",4,"Vlaams Brabant",11,"Halle-Vilvoorde",400,"Linkebeek"," ","Gemeente","Commune"
649,22,"BEL","Belgium",4,"Vlaanderen",4,"Vlaams Brabant",11,"Halle-Vilvoorde",402,"Sint-Genesius-Rode"," ","Gemeente","Commune"
650,22,"BEL","Belgium",4,"Vlaanderen",4,"Vlaams Brabant",11,"Halle-Vilvoorde",403,"Halle"," ","Gemeente","Commune"
651,22,"BEL","Belgium",4,"Vlaanderen",4,"Vlaams Brabant",11,"Halle-Vilvoorde",408,"Herne"," ","Gemeente","Commune"
652,22,"BEL","Belgium",4,"Vlaanderen",4,"Vlaams Brabant",11,"Halle-Vilvoorde",575,"Drogenbos"," ","Gemeente","Commune"
653,22,"BEL","Belgium",4,"Vlaanderen",4,"Vlaams Brabant",12,"Leuven",55,"Begijnendijk"," ","Gemeente","Commune"
654,22,"BEL","Belgium",4,"Vlaanderen",4,"Vlaams Brabant",12,"Leuven",199,"Diest"," ","Gemeente","Commune"
655,22,"BEL","Belgium",4,"Vlaanderen",4,"Vlaams Brabant",12,"Leuven",200,"Scherpenheuvel-Zichem"," ","Gemeente","Commune"
656,22,"BEL","Belgium",4,"Vlaanderen",4,"Vlaams Brabant",12,"Leuven",203,"Aarschot"," ","Gemeente","Commune"
657,22,"BEL","Belgium",4,"Vlaanderen",4,"Vlaams Brabant",12,"Leuven",205,"Tremelo"," ","Gemeente","Commune"
658,22,"BEL","Belgium",4,"Vlaanderen",4,"Vlaams Brabant",12,"Leuven",211,"Keerbergen"," ","Gemeente","Commune"
659,22,"BEL","Belgium",4,"Vlaanderen",4,"Vlaams Brabant",12,"Leuven",223,"Boortmeerbeek"," ","Gemeente","Commune"
660,22,"BEL","Belgium",4,"Vlaanderen",4,"Vlaams Brabant",12,"Leuven",246,"Haacht"," ","Gemeente","Commune"
661,22,"BEL","Belgium",4,"Vlaanderen",4,"Vlaams Brabant",12,"Leuven",262,"Rotselaar"," ","Gemeente","Commune"
662,22,"BEL","Belgium",4,"Vlaanderen",4,"Vlaams Brabant",12,"Leuven",269,"Bekkevoort"," ","Gemeente","Commune"
663,22,"BEL","Belgium",4,"Vlaanderen",4,"Vlaams Brabant",12,"Leuven",272,"Tielt-Winge"," ","Gemeente","Commune"
664,22,"BEL","Belgium",4,"Vlaanderen",4,"Vlaams Brabant",12,"Leuven",274,"Holsbeek"," ","Gemeente","Commune"
665,22,"BEL","Belgium",4,"Vlaanderen",4,"Vlaams Brabant",12,"Leuven",285,"Herent"," ","Gemeente","Commune"
666,22,"BEL","Belgium",4,"Vlaanderen",4,"Vlaams Brabant",12,"Leuven",287,"Leuven"," ","Gemeente","Commune"
667,22,"BEL","Belgium",4,"Vlaanderen",4,"Vlaams Brabant",12,"Leuven",292,"Kortenaken"," ","Gemeente","Commune"
668,22,"BEL","Belgium",4,"Vlaanderen",4,"Vlaams Brabant",12,"Leuven",293,"Kortenberg"," ","Gemeente","Commune"
669,22,"BEL","Belgium",4,"Vlaanderen",4,"Vlaams Brabant",12,"Leuven",300,"Lubbeek"," ","Gemeente","Commune"
670,22,"BEL","Belgium",4,"Vlaanderen",4,"Vlaams Brabant",12,"Leuven",302,"Geetbets"," ","Gemeente","Commune"
671,22,"BEL","Belgium",4,"Vlaanderen",4,"Vlaams Brabant",12,"Leuven",312,"Glabbeek"," ","Gemeente","Commune"
672,22,"BEL","Belgium",4,"Vlaanderen",4,"Vlaams Brabant",12,"Leuven",321,"Zoutleeuw"," ","Gemeente","Commune"
673,22,"BEL","Belgium",4,"Vlaanderen",4,"Vlaams Brabant",12,"Leuven",323,"Bertem"," ","Gemeente","Commune"
674,22,"BEL","Belgium",4,"Vlaanderen",4,"Vlaams Brabant",12,"Leuven",330,"Bierbeek"," ","Gemeente","Commune"
675,22,"BEL","Belgium",4,"Vlaanderen",4,"Vlaams Brabant",12,"Leuven",339,"Boutersem"," ","Gemeente","Commune"
676,22,"BEL","Belgium",4,"Vlaanderen",4,"Vlaams Brabant",12,"Leuven",344,"Tienen"," ","Gemeente","Commune"
677,22,"BEL","Belgium",4,"Vlaanderen",4,"Vlaams Brabant",12,"Leuven",346,"Linter"," ","Gemeente","Commune"
678,22,"BEL","Belgium",4,"Vlaanderen",4,"Vlaams Brabant",12,"Leuven",353,"Tervuren"," ","Gemeente","Commune"
679,22,"BEL","Belgium",4,"Vlaanderen",4,"Vlaams Brabant",12,"Leuven",358,"Oud-Heverlee"," ","Gemeente","Commune"
680,22,"BEL","Belgium",4,"Vlaanderen",4,"Vlaams Brabant",12,"Leuven",366,"Huldenberg"," ","Gemeente","Commune"
681,22,"BEL","Belgium",4,"Vlaanderen",4,"Vlaams Brabant",12,"Leuven",385,"Hoegaarden"," ","Gemeente","Commune"
682,22,"BEL","Belgium",4,"Vlaanderen",4,"Vlaams Brabant",12,"Leuven",390,"Landen"," ","Gemeente","Commune"
683,22,"BEL","Belgium",5,"Wallonie",5,"Hainaut",13,"Ath",59,"Flobecq","Vloesberg","Commune","Commune"
684,22,"BEL","Belgium",5,"Wallonie",5,"Hainaut",13,"Ath",60,"Ellezelles","Elzele","Commune","Commune"
685,22,"BEL","Belgium",5,"Wallonie",5,"Hainaut",13,"Ath",249,"Frasnes-lez-Anvaing"," ","Commune","Commune"
686,22,"BEL","Belgium",5,"Wallonie",5,"Hainaut",13,"Ath",256,"Brugelette"," ","Commune","Commune"
687,22,"BEL","Belgium",5,"Wallonie",5,"Hainaut",13,"Ath",437,"Ath","Aat","Commune","Commune"
688,22,"BEL","Belgium",5,"Wallonie",5,"Hainaut",13,"Ath",454,"Chièvres"," ","Commune","Commune"
689,22,"BEL","Belgium",5,"Wallonie",5,"Hainaut",13,"Ath",471,"Bel?il"," ","Commune","Commune"
690,22,"BEL","Belgium",5,"Wallonie",5,"Hainaut",13,"Ath",482,"Bernissart"," ","Commune","Commune"
691,22,"BEL","Belgium",5,"Wallonie",5,"Hainaut",14,"Charleroi",65,"Montigny-le-Tilleul"," ","Commune","Commune"
692,22,"BEL","Belgium",5,"Wallonie",5,"Hainaut",14,"Charleroi",93,"Manage"," ","Commune","Commune"
693,22,"BEL","Belgium",5,"Wallonie",5,"Hainaut",14,"Charleroi",96,"Fleurus"," ","Commune","Commune"
694,22,"BEL","Belgium",5,"Wallonie",5,"Hainaut",14,"Charleroi",459,"Seneffe"," ","Commune","Commune"
695,22,"BEL","Belgium",5,"Wallonie",5,"Hainaut",14,"Charleroi",475,"Les Bons Villers"," ","Commune","Commune"
696,22,"BEL","Belgium",5,"Wallonie",5,"Hainaut",14,"Charleroi",476,"Pont-à-Celles"," ","Commune","Commune"
697,22,"BEL","Belgium",5,"Wallonie",5,"Hainaut",14,"Charleroi",478,"Courcelles"," ","Commune","Commune"
698,22,"BEL","Belgium",5,"Wallonie",5,"Hainaut",14,"Charleroi",484,"Chapelle-lez-Herlaimont"," ","Commune","Commune"
699,22,"BEL","Belgium",5,"Wallonie",5,"Hainaut",14,"Charleroi",489,"Charleroi"," ","Commune","Commune"
700,22,"BEL","Belgium",5,"Wallonie",5,"Hainaut",14,"Charleroi",500,"Farciennes"," ","Commune","Commune"
701,22,"BEL","Belgium",5,"Wallonie",5,"Hainaut",14,"Charleroi",503,"Fontaine-l'Evêque"," ","Commune","Commune"
702,22,"BEL","Belgium",5,"Wallonie",5,"Hainaut",14,"Charleroi",505,"Aiseau-Presles"," ","Commune","Commune"
703,22,"BEL","Belgium",5,"Wallonie",5,"Hainaut",14,"Charleroi",506,"Châtelet"," ","Commune","Commune"
704,22,"BEL","Belgium",5,"Wallonie",5,"Hainaut",14,"Charleroi",519,"Gerpinnes"," ","Commune","Commune"
705,22,"BEL","Belgium",5,"Wallonie",5,"Hainaut",15,"Moeskroen",62,"Mouscron","Moeskroen","Commune","Commune"
706,22,"BEL","Belgium",5,"Wallonie",5,"Hainaut",15,"Moeskroen",388,"Comines-Warneton","Komen-Waasten","Commune","Commune"
707,22,"BEL","Belgium",5,"Vlaanderen",5,"Hainaut",15,"Moeskroen",405,"Mesen"," ","Gemeente","Commune"
708,22,"BEL","Belgium",5,"Wallonie",5,"Hainaut",16,"Mons",69,"Honnelles"," ","Commune","Commune"
709,22,"BEL","Belgium",5,"Wallonie",5,"Hainaut",16,"Mons",230,"Jurbise","Jurbeke","Commune","Commune"
710,22,"BEL","Belgium",5,"Wallonie",5,"Hainaut",16,"Mons",231,"Saint-Ghislain"," ","Commune","Commune"
711,22,"BEL","Belgium",5,"Wallonie",5,"Hainaut",16,"Mons",453,"Lens"," ","Commune","Commune"
712,22,"BEL","Belgium",5,"Wallonie",5,"Hainaut",16,"Mons",483,"Mons","Bergen","Commune","Commune"
713,22,"BEL","Belgium",5,"Wallonie",5,"Hainaut",16,"Mons",496,"Hensies"," ","Commune","Commune"
714,22,"BEL","Belgium",5,"Wallonie",5,"Hainaut",16,"Mons",498,"Quaregnon"," ","Commune","Commune"
715,22,"BEL","Belgium",5,"Wallonie",5,"Hainaut",16,"Mons",499,"Boussu"," ","Commune","Commune"
716,22,"BEL","Belgium",5,"Wallonie",5,"Hainaut",16,"Mons",502,"Colfontaine"," ","Commune","Commune"
717,22,"BEL","Belgium",5,"Wallonie",5,"Hainaut",16,"Mons",509,"Frameries"," ","Commune","Commune"
718,22,"BEL","Belgium",5,"Wallonie",5,"Hainaut",16,"Mons",511,"Quiévrain"," ","Commune","Commune"
719,22,"BEL","Belgium",5,"Wallonie",5,"Hainaut",16,"Mons",513,"Dour"," ","Commune","Commune"
720,22,"BEL","Belgium",5,"Wallonie",5,"Hainaut",16,"Mons",517,"Quévy"," ","Commune","Commune"
721,22,"BEL","Belgium",5,"Wallonie",5,"Hainaut",17,"Soignies",120,"Enghien","Edingen","Commune","Commune"
722,22,"BEL","Belgium",5,"Wallonie",5,"Hainaut",17,"Soignies",232,"Le R?ulx"," ","Commune","Commune"
723,22,"BEL","Belgium",5,"Wallonie",5,"Hainaut",17,"Soignies",414,"Lessines","Lessen","Commune","Commune"
724,22,"BEL","Belgium",5,"Wallonie",5,"Hainaut",17,"Soignies",438,"Silly","Opzullik","Commune","Commune"
725,22,"BEL","Belgium",5,"Wallonie",5,"Hainaut",17,"Soignies",443,"Braine-le-Comte","'s-Gravenbrakel","Commune","Commune"
726,22,"BEL","Belgium",5,"Wallonie",5,"Hainaut",17,"Soignies",448,"Soignies","Zinnik","Commune","Commune"
727,22,"BEL","Belgium",5,"Wallonie",5,"Hainaut",17,"Soignies",463,"Écaussinnes"," ","Commune","Commune"
728,22,"BEL","Belgium",5,"Wallonie",5,"Hainaut",17,"Soignies",477,"La Louvière"," ","Commune","Commune"
729,22,"BEL","Belgium",5,"Wallonie",5,"Hainaut",18,"Thuin",67,"Lobbes"," ","Commune","Commune"
730,22,"BEL","Belgium",5,"Wallonie",5,"Hainaut",18,"Thuin",100,"Momignies"," ","Commune","Commune"
731,22,"BEL","Belgium",5,"Wallonie",5,"Hainaut",18,"Thuin",239,"Beaumont"," ","Commune","Commune"
732,22,"BEL","Belgium",5,"Wallonie",5,"Hainaut",18,"Thuin",377,"Morlanwelz"," ","Commune","Commune"
733,22,"BEL","Belgium",5,"Wallonie",5,"Hainaut",18,"Thuin",501,"Binche"," ","Commune","Commune"
734,22,"BEL","Belgium",5,"Wallonie",5,"Hainaut",18,"Thuin",507,"Anderlues"," ","Commune","Commune"
735,22,"BEL","Belgium",5,"Wallonie",5,"Hainaut",18,"Thuin",508,"Estinnes"," ","Commune","Commune"
736,22,"BEL","Belgium",5,"Wallonie",5,"Hainaut",18,"Thuin",522,"Thuin"," ","Commune","Commune"
737,22,"BEL","Belgium",5,"Wallonie",5,"Hainaut",18,"Thuin",523,"Merbes-le-Château"," ","Commune","Commune"
738,22,"BEL","Belgium",5,"Wallonie",5,"Hainaut",18,"Thuin",524,"Ham-sur-Heure-Nalinnes"," ","Commune","Commune"
739,22,"BEL","Belgium",5,"Wallonie",5,"Hainaut",18,"Thuin",529,"Erquelinnes"," ","Commune","Commune"
740,22,"BEL","Belgium",5,"Wallonie",5,"Hainaut",18,"Thuin",538,"Froidchapelle"," ","Commune","Commune"
741,22,"BEL","Belgium",5,"Wallonie",5,"Hainaut",18,"Thuin",544,"Sivry-Rance"," ","Commune","Commune"
742,22,"BEL","Belgium",5,"Wallonie",5,"Hainaut",18,"Thuin",553,"Chimay"," ","Commune","Commune"
743,22,"BEL","Belgium",5,"Wallonie",5,"Hainaut",19,"Tournai",61,"Mont-de-l'Enclus"," ","Commune","Commune"
744,22,"BEL","Belgium",5,"Wallonie",5,"Hainaut",19,"Tournai",252,"Leuze-en-Hainaut"," ","Commune","Commune"
745,22,"BEL","Belgium",5,"Vlaanderen",5,"Hainaut",19,"Tournai",386,"Avelgem"," ","Gemeente","Commune"
746,22,"BEL","Belgium",5,"Wallonie",5,"Hainaut",19,"Tournai",412,"Celles"," ","Commune","Commune"
747,22,"BEL","Belgium",5,"Wallonie",5,"Hainaut",19,"Tournai",424,"Estaimpuis","Steenput","Commune","Commune"
748,22,"BEL","Belgium",5,"Wallonie",5,"Hainaut",19,"Tournai",426,"Pecq"," ","Commune","Commune"
749,22,"BEL","Belgium",5,"Wallonie",5,"Hainaut",19,"Tournai",439,"Tournai","Doornik","Commune","Commune"
750,22,"BEL","Belgium",5,"Wallonie",5,"Hainaut",19,"Tournai",464,"Antoing"," ","Commune","Commune"
751,22,"BEL","Belgium",5,"Wallonie",5,"Hainaut",19,"Tournai",470,"Rumes"," ","Commune","Commune"
752,22,"BEL","Belgium",5,"Wallonie",5,"Hainaut",19,"Tournai",473,"Péruwelz"," ","Commune","Commune"
753,22,"BEL","Belgium",5,"Wallonie",5,"Hainaut",19,"Tournai",474,"Brunehaut"," ","Commune","Commune"
754,22,"BEL","Belgium",6,"Wallonie",6,"Liège",20,"Waremme",122,"Geer"," ","Commune","Commune"
755,22,"BEL","Belgium",6,"Wallonie",6,"Liège",20,"Waremme",225,"Braives"," ","Commune","Commune"
756,22,"BEL","Belgium",6,"Wallonie",6,"Liège",20,"Waremme",229,"Wasseiges"," ","Commune","Commune"
757,22,"BEL","Belgium",6,"Wallonie",6,"Liège",20,"Waremme",409,"Oreye","Oerle","Commune","Commune"
758,22,"BEL","Belgium",6,"Wallonie",6,"Liège",20,"Waremme",411,"Lincent","Lijsem","Commune","Commune"
759,22,"BEL","Belgium",6,"Wallonie",6,"Liège",20,"Waremme",419,"Crisnée"," ","Commune","Commune"
760,22,"BEL","Belgium",6,"Wallonie",6,"Liège",20,"Waremme",420,"Waremme","Borgworm","Commune","Commune"
761,22,"BEL","Belgium",6,"Wallonie",6,"Liège",20,"Waremme",421,"Berloz"," ","Commune","Commune"
762,22,"BEL","Belgium",6,"Wallonie",6,"Liège",20,"Waremme",423,"Hannuit","Hannut","Commune","Commune"
763,22,"BEL","Belgium",6,"Wallonie",6,"Liège",20,"Waremme",431,"Remicourt"," ","Commune","Commune"
764,22,"BEL","Belgium",6,"Wallonie",6,"Liège",20,"Waremme",435,"Fexhe-le-Haut-Clocher"," ","Commune","Commune"
765,22,"BEL","Belgium",6,"Wallonie",6,"Liège",20,"Waremme",441,"Faimes"," ","Commune","Commune"
766,22,"BEL","Belgium",6,"Wallonie",6,"Liège",20,"Waremme",442,"Donceel"," ","Commune","Commune"
767,22,"BEL","Belgium",6,"Wallonie",6,"Liège",20,"Waremme",447,"Saint-Georges-sur-Meuse"," ","Commune","Commune"
768,22,"BEL","Belgium",6,"Wallonie",6,"Liège",21,"Huy",92,"Nandrin"," ","Commune","Commune"
769,22,"BEL","Belgium",6,"Wallonie",6,"Liège",21,"Huy",95,"Huy","Hoei","Commune","Commune"
770,22,"BEL","Belgium",6,"Wallonie",6,"Liège",21,"Huy",233,"Anthisnes"," ","Commune","Commune"
771,22,"BEL","Belgium",6,"Wallonie",6,"Liège",21,"Huy",234,"Modave"," ","Commune","Commune"
772,22,"BEL","Belgium",6,"Wallonie",6,"Liège",21,"Huy",253,"Verlaine"," ","Commune","Commune"
773,22,"BEL","Belgium",6,"Wallonie",6,"Liège",21,"Huy",379,"Ferrières"," ","Commune","Commune"
774,22,"BEL","Belgium",6,"Wallonie",6,"Liège",21,"Huy",451,"Villers-le-Bouillet"," ","Commune","Commune"
775,22,"BEL","Belgium",6,"Wallonie",6,"Liège",21,"Huy",458,"Burdinne"," ","Commune","Commune"
776,22,"BEL","Belgium",6,"Wallonie",6,"Liège",21,"Huy",461,"Engis"," ","Commune","Commune"
777,22,"BEL","Belgium",6,"Wallonie",6,"Liège",21,"Huy",462,"Amay"," ","Commune","Commune"
778,22,"BEL","Belgium",6,"Wallonie",6,"Liège",21,"Huy",465,"Wanze"," ","Commune","Commune"
779,22,"BEL","Belgium",6,"Wallonie",6,"Liège",21,"Huy",469,"Héron"," ","Commune","Commune"
780,22,"BEL","Belgium",6,"Wallonie",6,"Liège",21,"Huy",486,"Tinlot"," ","Commune","Commune"
781,22,"BEL","Belgium",6,"Wallonie",6,"Liège",21,"Huy",488,"Marchin"," ","Commune","Commune"
782,22,"BEL","Belgium",6,"Wallonie",6,"Liège",21,"Huy",490,"Ouffet"," ","Commune","Commune"
783,22,"BEL","Belgium",6,"Wallonie",6,"Liège",21,"Huy",494,"Hamoir"," ","Commune","Commune"
784,22,"BEL","Belgium",6,"Wallonie",6,"Liège",21,"Huy",497,"Clavier"," ","Commune","Commune"
785,22,"BEL","Belgium",6,"Wallonie",6,"Liège",22,"Liège",145,"Dalhem"," ","Commune","Commune"
786,22,"BEL","Belgium",6,"Wallonie",6,"Liège",22,"Liège",146,"Juprelle"," ","Commune","Commune"
787,22,"BEL","Belgium",6,"Wallonie",6,"Liège",22,"Liège",147,"Aywaille"," ","Commune","Commune"
788,22,"BEL","Belgium",6,"Wallonie",6,"Liège",22,"Liège",148,"Blegny"," ","Commune","Commune"
789,22,"BEL","Belgium",6,"Wallonie",6,"Liège",22,"Liège",149,"Herstal"," ","Commune","Commune"
790,22,"BEL","Belgium",6,"Wallonie",6,"Liège",22,"Liège",240,"Oupeye"," ","Commune","Commune"
791,22,"BEL","Belgium",6,"Wallonie",6,"Liège",22,"Liège",241,"Ans"," ","Commune","Commune"
792,22,"BEL","Belgium",6,"Wallonie",6,"Liège",22,"Liège",242,"Liège","Luik","Commune","Commune"
793,22,"BEL","Belgium",6,"Wallonie",6,"Liège",22,"Liège",243,"Soumagne"," ","Commune","Commune"
794,22,"BEL","Belgium",6,"Wallonie",6,"Liège",22,"Liège",317,"Awans"," ","Commune","Commune"
795,22,"BEL","Belgium",6,"Wallonie",6,"Liège",22,"Liège",318,"Seraing"," ","Commune","Commune"
796,22,"BEL","Belgium",6,"Wallonie",6,"Liège",22,"Liège",319,"Flémalle"," ","Commune","Commune"
797,22,"BEL","Belgium",6,"Wallonie",6,"Liège",22,"Liège",573,"Bitsingen","Bassenge","Commune","Commune"
798,22,"BEL","Belgium",6,"Wallonie",6,"Liège",22,"Liège",574,"Visé","Wezet","Commune","Commune"
799,22,"BEL","Belgium",6,"Wallonie",6,"Liège",22,"Liège",577,"Grâce-Hollogne"," ","Commune","Commune"
800,22,"BEL","Belgium",6,"Wallonie",6,"Liège",22,"Liège",579,"Saint-Nicolas"," ","Commune","Commune"
801,22,"BEL","Belgium",6,"Wallonie",6,"Liège",22,"Liège",580,"Beyne-Heusay"," ","Commune","Commune"
802,22,"BEL","Belgium",6,"Wallonie",6,"Liège",22,"Liège",581,"Fléron"," ","Commune","Commune"
803,22,"BEL","Belgium",6,"Wallonie",6,"Liège",22,"Liège",583,"Chaudfontaine"," ","Commune","Commune"
804,22,"BEL","Belgium",6,"Wallonie",6,"Liège",22,"Liège",585,"Esneux"," ","Commune","Commune"
805,22,"BEL","Belgium",6,"Wallonie",6,"Liège",22,"Liège",586,"Neupré"," ","Commune","Commune"
806,22,"BEL","Belgium",6,"Wallonie",6,"Liège",22,"Liège",587,"Sprimont"," ","Commune","Commune"
807,22,"BEL","Belgium",6,"Wallonie",6,"Liège",22,"Liège",589,"Comblain-au-Pont"," ","Commune","Commune"
808,22,"BEL","Belgium",6,"Wallonie",6,"Liège",23,"Verviers",64,"Trois-Ponts"," ","Commune","Commune"
809,22,"BEL","Belgium",6,"Wallonie",6,"Liège",23,"Verviers",94,"Bütgenbach"," ","Commune","Commune"
810,22,"BEL","Belgium",6,"Wallonie",6,"Liège",23,"Verviers",119,"Herve"," ","Commune","Commune"
811,22,"BEL","Belgium",6,"Wallonie",6,"Liège",23,"Verviers",121,"Welkenraedt"," ","Commune","Commune"
812,22,"BEL","Belgium",6,"Wallonie",6,"Liège",23,"Verviers",228,"Dison"," ","Commune","Commune"
813,22,"BEL","Belgium",6,"Wallonie",6,"Liège",23,"Verviers",251,"Aubel"," ","Commune","Commune"
814,22,"BEL","Belgium",6,"Wallonie",6,"Liège",23,"Verviers",255,"Verviers"," ","Commune","Commune"
815,22,"BEL","Belgium",6,"Wallonie",6,"Liège",23,"Verviers",399,"Plombières","Blieberg","Commune","Commune"
816,22,"BEL","Belgium",6,"Wallonie",6,"Liège",23,"Verviers",404,"Kelmis"," ","Commune","Commune"
817,22,"BEL","Belgium",6,"Wallonie",6,"Liège",23,"Verviers",416,"Raeren"," ","Commune","Commune"
818,22,"BEL","Belgium",6,"Wallonie",6,"Liège",23,"Verviers",427,"Lontzen"," ","Commune","Commune"
819,22,"BEL","Belgium",6,"Wallonie",6,"Liège",23,"Verviers",430,"Thimister-Clermont"," ","Commune","Commune"
820,22,"BEL","Belgium",6,"Wallonie",6,"Liège",23,"Verviers",436,"Eupen"," ","Commune","Commune"
821,22,"BEL","Belgium",6,"Wallonie",6,"Liège",23,"Verviers",449,"Olne"," ","Commune","Commune"
822,22,"BEL","Belgium",6,"Wallonie",6,"Liège",23,"Verviers",455,"Pepinster"," ","Commune","Commune"
823,22,"BEL","Belgium",6,"Wallonie",6,"Liège",23,"Verviers",457,"Jalhay"," ","Commune","Commune"
824,22,"BEL","Belgium",6,"Wallonie",6,"Liège",23,"Verviers",466,"Theux"," ","Commune","Commune"
825,22,"BEL","Belgium",6,"Wallonie",6,"Liège",23,"Verviers",467,"Weismes"," ","Commune","Commune"
826,22,"BEL","Belgium",6,"Wallonie",6,"Liège",23,"Verviers",480,"Malmedy"," ","Commune","Commune"
827,22,"BEL","Belgium",6,"Wallonie",6,"Liège",23,"Verviers",481,"Büllingen"," ","Commune","Commune"
828,22,"BEL","Belgium",6,"Wallonie",6,"Liège",23,"Verviers",487,"Stavelot"," ","Commune","Commune"
829,22,"BEL","Belgium",6,"Wallonie",6,"Liège",23,"Verviers",493,"Stoumont"," ","Commune","Commune"
830,22,"BEL","Belgium",6,"Wallonie",6,"Liège",23,"Verviers",512,"Amel"," ","Commune","Commune"
831,22,"BEL","Belgium",6,"Wallonie",6,"Liège",23,"Verviers",520,"Lierneux"," ","Commune","Commune"
832,22,"BEL","Belgium",6,"Wallonie",6,"Liège",23,"Verviers",521,"Sankt Vith"," ","Commune","Commune"
833,22,"BEL","Belgium",6,"Wallonie",6,"Liège",23,"Verviers",534,"Burg-Reuland"," ","Commune","Commune"
834,22,"BEL","Belgium",6,"Wallonie",6,"Liège",23,"Verviers",578,"Baelen"," ","Commune","Commune"
835,22,"BEL","Belgium",6,"Wallonie",6,"Liège",23,"Verviers",582,"Limbourg","Limburg","Commune","Commune"
836,22,"BEL","Belgium",6,"Wallonie",6,"Liège",23,"Liège",584,"Trooz"," ","Commune","Commune"
837,22,"BEL","Belgium",6,"Wallonie",6,"Liège",23,"Verviers",588,"Spa"," ","Commune","Commune"
838,22,"BEL","Belgium",7,"Vlaanderen",7,"Limburg",24,"Hasselt",54,"Lummen"," ","Gemeente","Commune"
839,22,"BEL","Belgium",7,"Vlaanderen",7,"Limburg",24,"Hasselt",111,"Leopoldsburg"," ","Gemeente","Commune"
840,22,"BEL","Belgium",7,"Vlaanderen",7,"Limburg",24,"Hasselt",161,"Ham"," ","Gemeente","Commune"
841,22,"BEL","Belgium",7,"Vlaanderen",7,"Limburg",24,"Hasselt",166,"Beringen"," ","Gemeente","Commune"
842,22,"BEL","Belgium",7,"Vlaanderen",7,"Limburg",24,"Hasselt",180,"Tessenderlo"," ","Gemeente","Commune"
843,22,"BEL","Belgium",7,"Vlaanderen",7,"Limburg",24,"Hasselt",191,"Opglabbeek"," ","Gemeente","Commune"
844,22,"BEL","Belgium",7,"Vlaanderen",7,"Limburg",24,"Hasselt",192,"Heusden-Zolder"," ","Gemeente","Commune"
845,22,"BEL","Belgium",7,"Vlaanderen",7,"Limburg",24,"Hasselt",201,"As"," ","Gemeente","Commune"
846,22,"BEL","Belgium",7,"Vlaanderen",7,"Limburg",24,"Hasselt",204,"Genk"," ","Gemeente","Commune"
847,22,"BEL","Belgium",7,"Vlaanderen",7,"Limburg",24,"Hasselt",215,"Zonhoven"," ","Gemeente","Commune"
848,22,"BEL","Belgium",7,"Vlaanderen",7,"Limburg",24,"Hasselt",245,"Halen"," ","Gemeente","Commune"
849,22,"BEL","Belgium",7,"Vlaanderen",7,"Limburg",24,"Hasselt",258,"Hasselt"," ","Gemeente","Commune"
850,22,"BEL","Belgium",7,"Vlaanderen",7,"Limburg",24,"Hasselt",265,"Zutendaal"," ","Gemeente","Commune"
851,22,"BEL","Belgium",7,"Vlaanderen",7,"Limburg",24,"Hasselt",266,"Herk-de-Stad"," ","Gemeente","Commune"
852,22,"BEL","Belgium",7,"Vlaanderen",7,"Limburg",24,"Hasselt",282,"Diepenbeek"," ","Gemeente","Commune"
853,22,"BEL","Belgium",7,"Vlaanderen",7,"Limburg",24,"Hasselt",305,"Nieuwerkerken"," ","Gemeente","Commune"
854,22,"BEL","Belgium",7,"Vlaanderen",7,"Limburg",24,"Hasselt",331,"Sint-Truiden"," ","Gemeente","Commune"
855,22,"BEL","Belgium",7,"Wallonie",7,"Limburg",24,"Hasselt",401,"Gingelom"," ","Commune","Commune"
856,22,"BEL","Belgium",7,"Vlaanderen",7,"Limburg",25,"Maaseik",28,"Hamont-Achel"," ","Gemeente","Commune"
857,22,"BEL","Belgium",7,"Vlaanderen",7,"Limburg",25,"Maaseik",35,"Neerpelt"," ","Gemeente","Commune"
858,22,"BEL","Belgium",7,"Vlaanderen",7,"Limburg",25,"Maaseik",38,"Lommel"," ","Gemeente","Commune"
859,22,"BEL","Belgium",7,"Vlaanderen",7,"Limburg",25,"Maaseik",43,"Overpelt"," ","Gemeente","Commune"
860,22,"BEL","Belgium",7,"Vlaanderen",7,"Limburg",25,"Maaseik",52,"Bocholt"," ","Gemeente","Commune"
861,22,"BEL","Belgium",7,"Vlaanderen",7,"Limburg",25,"Maaseik",90,"Bree"," ","Gemeente","Commune"
862,22,"BEL","Belgium",7,"Vlaanderen",7,"Limburg",25,"Maaseik",106,"Meeuwen-Gruitrode"," ","Gemeente","Commune"
863,22,"BEL","Belgium",7,"Vlaanderen",7,"Limburg",25,"Maaseik",124,"Peer"," ","Gemeente","Commune"
864,22,"BEL","Belgium",7,"Vlaanderen",7,"Limburg",25,"Maaseik",125,"Kinrooi"," ","Gemeente","Commune"
865,22,"BEL","Belgium",7,"Vlaanderen",7,"Limburg",25,"Maaseik",129,"Hechtel-Eksel"," ","Gemeente","Commune"
866,22,"BEL","Belgium",7,"Vlaanderen",7,"Limburg",25,"Maaseik",156,"Maaseik"," ","Gemeente","Commune"
867,22,"BEL","Belgium",7,"Vlaanderen",7,"Limburg",25,"Maaseik",169,"Houthalen-Helchteren"," ","Gemeente","Commune"
868,22,"BEL","Belgium",7,"Vlaanderen",7,"Limburg",25,"Maaseik",181,"Dilsen-Stokkem"," ","Gemeente","Commune"
869,22,"BEL","Belgium",7,"Vlaanderen",7,"Limburg",26,"Tongeren",219,"Maasmechelen"," ","Gemeente","Commune"
870,22,"BEL","Belgium",7,"Vlaanderen",7,"Limburg",26,"Tongeren",281,"Lanaken"," ","Gemeente","Commune"
871,22,"BEL","Belgium",7,"Vlaanderen",7,"Limburg",26,"Tongeren",297,"Bilzen"," ","Gemeente","Commune"
872,22,"BEL","Belgium",7,"Vlaanderen",7,"Limburg",26,"Tongeren",310,"Alken"," ","Gemeente","Commune"
873,22,"BEL","Belgium",7,"Vlaanderen",7,"Limburg",26,"Tongeren",326,"Hoeselt"," ","Gemeente","Commune"
874,22,"BEL","Belgium",7,"Vlaanderen",7,"Limburg",26,"Tongeren",328,"Kortessem"," ","Gemeente","Commune"
875,22,"BEL","Belgium",7,"Vlaanderen",7,"Limburg",26,"Tongeren",336,"Wellen"," ","Gemeente","Commune"
876,22,"BEL","Belgium",7,"Vlaanderen",7,"Limburg",26,"Tongeren",355,"Borgloon"," ","Gemeente","Commune"
877,22,"BEL","Belgium",7,"Vlaanderen",7,"Limburg",26,"Tongeren",361,"Riemst"," ","Gemeente","Commune"
878,22,"BEL","Belgium",7,"Vlaanderen",7,"Limburg",26,"Tongeren",371,"Tongeren"," ","Gemeente","Commune"
879,22,"BEL","Belgium",7,"Vlaanderen",7,"Limburg",26,"Tongeren",392,"Heers"," ","Gemeente","Commune"
880,22,"BEL","Belgium",7,"Vlaanderen",7,"Limburg",26,"Tongeren",395,"Voeren"," ","Gemeente","Commune"
881,22,"BEL","Belgium",7,"Vlaanderen",7,"Limburg",26,"Tongeren",413,"Herstappe"," ","Gemeente","Commune"
882,22,"BEL","Belgium",8,"Wallonie",8,"Luxembourg",27,"Arlon",558,"Martelange"," ","Commune","Commune"
883,22,"BEL","Belgium",8,"Wallonie",8,"Luxembourg",27,"Arlon",560,"Attert"," ","Commune","Commune"
884,22,"BEL","Belgium",8,"Wallonie",8,"Luxembourg",27,"Arlon",565,"Arlon","Aarlen","Commune","Commune"
885,22,"BEL","Belgium",8,"Wallonie",8,"Luxembourg",27,"Arlon",567,"Messancy"," ","Commune","Commune"
886,22,"BEL","Belgium",8,"Wallonie",8,"Luxembourg",27,"Arlon",568,"Aubange"," ","Commune","Commune"
887,22,"BEL","Belgium",8,"Wallonie",8,"Luxembourg",28,"Bastogne",72,"Vaux-sur-Sûre"," ","Commune","Commune"
888,22,"BEL","Belgium",8,"Wallonie",8,"Luxembourg",28,"Bastogne",75,"Fauvillers"," ","Commune","Commune"
889,22,"BEL","Belgium",8,"Wallonie",8,"Luxembourg",28,"Bastogne",99,"Sainte-Ode"," ","Commune","Commune"
890,22,"BEL","Belgium",8,"Wallonie",8,"Luxembourg",28,"Bastogne",527,"Vielsalm"," ","Commune","Commune"
891,22,"BEL","Belgium",8,"Wallonie",8,"Luxembourg",28,"Bastogne",532,"Gouvy"," ","Commune","Commune"
892,22,"BEL","Belgium",8,"Wallonie",8,"Luxembourg",28,"Bastogne",537,"Houffalize"," ","Commune","Commune"
893,22,"BEL","Belgium",8,"Wallonie",8,"Luxembourg",28,"Bastogne",550,"Bastogne","Bastenaken","Commune","Commune"
894,22,"BEL","Belgium",8,"Wallonie",8,"Luxembourg",28,"Bastogne",552,"Bertogne"," ","Commune","Commune"
895,22,"BEL","Belgium",8,"Wallonie",8,"Luxembourg",29,"Marche-en-Famenne",236,"Hotton"," ","Commune","Commune"
896,22,"BEL","Belgium",8,"Wallonie",8,"Luxembourg",29,"Marche-en-Famenne",504,"Durbuy"," ","Commune","Commune"
897,22,"BEL","Belgium",8,"Wallonie",8,"Luxembourg",29,"Marche-en-Famenne",518,"Manhay"," ","Commune","Commune"
898,22,"BEL","Belgium",8,"Wallonie",8,"Luxembourg",29,"Marche-en-Famenne",528,"Erezée"," ","Commune","Commune"
899,22,"BEL","Belgium",8,"Wallonie",8,"Luxembourg",29,"Marche-en-Famenne",533,"Marche-en-Famenne"," ","Commune","Commune"
900,22,"BEL","Belgium",8,"Wallonie",8,"Luxembourg",29,"Marche-en-Famenne",535,"Rendeux"," ","Commune","Commune"
901,22,"BEL","Belgium",8,"Wallonie",8,"Luxembourg",29,"Marche-en-Famenne",541,"La Roche-en-Ardenne"," ","Commune","Commune"
902,22,"BEL","Belgium",8,"Wallonie",8,"Luxembourg",29,"Marche-en-Famenne",546,"Nassogne"," ","Commune","Commune"
903,22,"BEL","Belgium",8,"Wallonie",8,"Luxembourg",29,"Marche-en-Famenne",548,"Tenneville"," ","Commune","Commune"
904,22,"BEL","Belgium",8,"Wallonie",8,"Luxembourg",30,"Neufchâteau",71,"Libramont-Chevigny"," ","Commune","Commune"
905,22,"BEL","Belgium",8,"Wallonie",8,"Luxembourg",30,"Neufchâteau",74,"Paliseul"," ","Commune","Commune"
906,22,"BEL","Belgium",8,"Wallonie",8,"Luxembourg",30,"Neufchâteau",76,"Bertrix"," ","Commune","Commune"
907,22,"BEL","Belgium",8,"Wallonie",8,"Luxembourg",30,"Neufchâteau",98,"Saint-Hubert"," ","Commune","Commune"
908,22,"BEL","Belgium",8,"Wallonie",8,"Luxembourg",30,"Neufchâteau",102,"Libin"," ","Commune","Commune"
909,22,"BEL","Belgium",8,"Wallonie",8,"Luxembourg",30,"Neufchâteau",103,"Daverdisse"," ","Commune","Commune"
910,22,"BEL","Belgium",8,"Wallonie",8,"Luxembourg",30,"Neufchâteau",104,"Léglise"," ","Commune","Commune"
911,22,"BEL","Belgium",8,"Wallonie",8,"Luxembourg",30,"Neufchâteau",549,"Wellin"," ","Commune","Commune"
912,22,"BEL","Belgium",8,"Wallonie",8,"Luxembourg",30,"Neufchâteau",554,"Tellin"," ","Commune","Commune"
913,22,"BEL","Belgium",8,"Wallonie",8,"Luxembourg",30,"Neufchâteau",556,"Neufchâteau"," ","Commune","Commune"
914,22,"BEL","Belgium",8,"Wallonie",8,"Luxembourg",30,"Neufchâteau",557,"Bouillon"," ","Commune","Commune"
915,22,"BEL","Belgium",8,"Wallonie",8,"Luxembourg",30,"Neufchâteau",559,"Herbeumont"," ","Commune","Commune"
916,22,"BEL","Belgium",8,"Wallonie",8,"Luxembourg",31,"Virton",380,"Saint-Léger"," ","Commune","Commune"
917,22,"BEL","Belgium",8,"Wallonie",8,"Luxembourg",31,"Virton",381,"Virton"," ","Commune","Commune"
918,22,"BEL","Belgium",8,"Wallonie",8,"Luxembourg",31,"Virton",382,"Meix-devant-Virton"," ","Commune","Commune"
919,22,"BEL","Belgium",8,"Wallonie",8,"Luxembourg",31,"Virton",561,"Habay"," ","Commune","Commune"
920,22,"BEL","Belgium",8,"Wallonie",8,"Luxembourg",31,"Virton",562,"Tintigny"," ","Commune","Commune"
921,22,"BEL","Belgium",8,"Wallonie",8,"Luxembourg",31,"Virton",563,"Florenville"," ","Commune","Commune"
922,22,"BEL","Belgium",8,"Wallonie",8,"Luxembourg",31,"Virton",564,"Chiny"," ","Commune","Commune"
923,22,"BEL","Belgium",8,"Wallonie",8,"Luxembourg",31,"Virton",566,"Etalle"," ","Commune","Commune"
924,22,"BEL","Belgium",8,"Wallonie",8,"Luxembourg",31,"Virton",569,"Musson"," ","Commune","Commune"
925,22,"BEL","Belgium",8,"Wallonie",8,"Luxembourg",31,"Virton",570,"Rouvroy"," ","Commune","Commune"
926,22,"BEL","Belgium",9,"Wallonie",9,"Namur",32,"Dinant",66,"Somme-Leuze"," ","Commune","Commune"
927,22,"BEL","Belgium",9,"Wallonie",9,"Namur",32,"Dinant",68,"Hamois"," ","Commune","Commune"
928,22,"BEL","Belgium",9,"Wallonie",9,"Namur",32,"Dinant",73,"Bièvre"," ","Commune","Commune"
929,22,"BEL","Belgium",9,"Wallonie",9,"Namur",32,"Dinant",77,"Vresse-sur-Semois"," ","Commune","Commune"
930,22,"BEL","Belgium",9,"Wallonie",9,"Namur",32,"Dinant",101,"Gedinne"," ","Commune","Commune"
931,22,"BEL","Belgium",9,"Wallonie",9,"Namur",32,"Dinant",237,"Onhaye"," ","Commune","Commune"
932,22,"BEL","Belgium",9,"Wallonie",9,"Namur",32,"Dinant",238,"Dinant"," ","Commune","Commune"
933,22,"BEL","Belgium",9,"Wallonie",9,"Namur",32,"Dinant",514,"Havelange"," ","Commune","Commune"
934,22,"BEL","Belgium",9,"Wallonie",9,"Namur",32,"Dinant",525,"Yvoir"," ","Commune","Commune"
935,22,"BEL","Belgium",9,"Wallonie",9,"Namur",32,"Dinant",526,"Anhée"," ","Commune","Commune"
936,22,"BEL","Belgium",9,"Wallonie",9,"Namur",32,"Dinant",530,"Ciney"," ","Commune","Commune"
937,22,"BEL","Belgium",9,"Wallonie",9,"Namur",32,"Dinant",536,"Houyet"," ","Commune","Commune"
938,22,"BEL","Belgium",9,"Wallonie",9,"Namur",32,"Dinant",540,"Hastière"," ","Commune","Commune"
939,22,"BEL","Belgium",9,"Wallonie",9,"Namur",32,"Dinant",542,"Rochefort"," ","Commune","Commune"
940,22,"BEL","Belgium",9,"Wallonie",9,"Namur",32,"Dinant",547,"Beauraing"," ","Commune","Commune"
941,22,"BEL","Belgium",9,"Wallonie",9,"Namur",33,"Namur",70,"Mettet"," ","Commune","Commune"
942,22,"BEL","Belgium",9,"Wallonie",9,"Namur",33,"Namur",97,"Namur","Namen","Commune","Commune"
943,22,"BEL","Belgium",9,"Wallonie",9,"Namur",33,"Namur",227,"Eghezée"," ","Commune","Commune"
944,22,"BEL","Belgium",9,"Wallonie",9,"Namur",33,"Namur",378,"Floreffe"," ","Commune","Commune"
945,22,"BEL","Belgium",9,"Wallonie",9,"Namur",33,"Namur",452,"Fernlemont"," ","Commune","Commune"
946,22,"BEL","Belgium",9,"Wallonie",9,"Namur",33,"Namur",456,"Gembloux","Gembloers","Commune","Commune"
947,22,"BEL","Belgium",9,"Wallonie",9,"Namur",33,"Namur",468,"La Bruyère"," ","Commune","Commune"
948,22,"BEL","Belgium",9,"Wallonie",9,"Namur",33,"Namur",472,"Sombreffe"," ","Commune","Commune"
949,22,"BEL","Belgium",9,"Wallonie",9,"Namur",33,"Namur",479,"Andenne"," ","Commune","Commune"
950,22,"BEL","Belgium",9,"Wallonie",9,"Namur",33,"Namur",485,"Jemeppe-sur-Sambre"," ","Commune","Commune"
951,22,"BEL","Belgium",9,"Wallonie",9,"Namur",33,"Namur",491,"Sambreville"," ","Commune","Commune"
952,22,"BEL","Belgium",9,"Wallonie",9,"Namur",33,"Namur",492,"Ohey"," ","Commune","Commune"
953,22,"BEL","Belgium",9,"Wallonie",9,"Namur",33,"Namur",495,"Gesves"," ","Commune","Commune"
954,22,"BEL","Belgium",9,"Wallonie",9,"Namur",33,"Namur",510,"Fosses-la-Ville"," ","Commune","Commune"
955,22,"BEL","Belgium",9,"Wallonie",9,"Namur",33,"Namur",515,"Assesse"," ","Commune","Commune"
956,22,"BEL","Belgium",9,"Wallonie",9,"Namur",33,"Namur",516,"Profondeville"," ","Commune","Commune"
957,22,"BEL","Belgium",9,"Wallonie",9,"Namur",34,"Philippeville",235,"Florennes"," ","Commune","Commune"
958,22,"BEL","Belgium",9,"Wallonie",9,"Namur",34,"Philippeville",531,"Walcourt"," ","Commune","Commune"
959,22,"BEL","Belgium",9,"Wallonie",9,"Namur",34,"Philippeville",539,"Cerfontaine"," ","Commune","Commune"
960,22,"BEL","Belgium",9,"Wallonie",9,"Namur",34,"Philippeville",543,"Philippeville"," ","Commune","Commune"
961,22,"BEL","Belgium",9,"Wallonie",9,"Namur",34,"Philippeville",545,"Doische"," ","Commune","Commune"
962,22,"BEL","Belgium",9,"Wallonie",9,"Namur",34,"Philippeville",551,"Couvin"," ","Commune","Commune"
963,22,"BEL","Belgium",9,"Wallonie",9,"Namur",34,"Philippeville",555,"Viroinval"," ","Commune","Commune"
964,22,"BEL","Belgium",10,"Wallonie",10,"Brabant Wallon",35,"Nivelles",63,"Wavre","Waver","Commune","Commune"
965,22,"BEL","Belgium",10,"Wallonie",10,"Brabant Wallon",35,"Nivelles",118,"Chaumont-Gistoux"," ","Commune","Commune"
966,22,"BEL","Belgium",10,"Wallonie",10,"Brabant Wallon",35,"Nivelles",226,"Court-Saint-Etienne"," ","Commune","Commune"
967,22,"BEL","Belgium",10,"Wallonie",10,"Brabant Wallon",35,"Nivelles",244,"Perwez","Perwijs","Commune","Commune"
968,22,"BEL","Belgium",10,"Wallonie",10,"Brabant Wallon",35,"Nivelles",247,"Orp-Jauche"," ","Commune","Commune"
969,22,"BEL","Belgium",10,"Wallonie",10,"Brabant Wallon",35,"Nivelles",250,"Waterloo"," ","Commune","Commune"
970,22,"BEL","Belgium",10,"Wallonie",10,"Brabant Wallon",35,"Nivelles",254,"Nivelles","Nijvel","Commune","Commune"
971,22,"BEL","Belgium",10,"Wallonie",10,"Brabant Wallon",35,"Nivelles",389,"Beauvechain","Bevekom","Commune","Commune"
972,22,"BEL","Belgium",10,"Wallonie",10,"Brabant Wallon",35,"Nivelles",393,"Grez-Doiceau","Graven","Commune","Commune"
973,22,"BEL","Belgium",10,"Wallonie",10,"Brabant Wallon",35,"Nivelles",407,"Jodoigne","Geldenaken","Commune","Commune"
974,22,"BEL","Belgium",10,"Wallonie",10,"Brabant Wallon",35,"Nivelles",410,"La Hulpe","Terhulpen","Commune","Commune"
975,22,"BEL","Belgium",10,"Wallonie",10,"Brabant Wallon",35,"Nivelles",417,"Incourt"," ","Commune","Commune"
976,22,"BEL","Belgium",10,"Wallonie",10,"Brabant Wallon",35,"Nivelles",418,"Rixensart"," ","Commune","Commune"
977,22,"BEL","Belgium",10,"Wallonie",10,"Brabant Wallon",35,"Nivelles",422,"Braine-l'Alleud","Eigenbrakel","Commune","Commune"
978,22,"BEL","Belgium",10,"Wallonie",10,"Brabant Wallon",35,"Nivelles",425,"Lasne"," ","Commune","Commune"
979,22,"BEL","Belgium",10,"Wallonie",10,"Brabant Wallon",35,"Nivelles",428,"Rebecq"," ","Commune","Commune"
980,22,"BEL","Belgium",10,"Wallonie",10,"Brabant Wallon",35,"Nivelles",429,"Tubize","Tubeke","Commune","Commune"
981,22,"BEL","Belgium",10,"Wallonie",10,"Brabant Wallon",35,"Nivelles",432,"Braine-le-Château","Kasteelbrakel","Commune","Commune"
982,22,"BEL","Belgium",10,"Wallonie",10,"Brabant Wallon",35,"Nivelles",433,"Ottignies-Louvain-la-Neuve"," ","Commune","Commune"
983,22,"BEL","Belgium",10,"Wallonie",10,"Brabant Wallon",35,"Nivelles",434,"Ramillies"," ","Commune","Commune"
984,22,"BEL","Belgium",10,"Wallonie",10,"Brabant Wallon",35,"Nivelles",440,"Ittre","Itter","Commune","Commune"
985,22,"BEL","Belgium",10,"Wallonie",10,"Brabant Wallon",35,"Nivelles",444,"Mont-Saint-Guibert"," ","Commune","Commune"
986,22,"BEL","Belgium",10,"Wallonie",10,"Brabant Wallon",35,"Nivelles",445,"Genappe","Genepiën","Commune","Commune"
987,22,"BEL","Belgium",10,"Wallonie",10,"Brabant Wallon",35,"Nivelles",446,"Walhain"," ","Commune","Commune"
988,22,"BEL","Belgium",10,"Wallonie",10,"Brabant Wallon",35,"Nivelles",450,"Chastre"," ","Commune","Commune"
989,22,"BEL","Belgium",10,"Wallonie",10,"Brabant Wallon",35,"Nivelles",460,"Villers-la-Ville"," ","Commune","Commune"
990,22,"BEL","Belgium",10,"Wallonie",10,"Brabant Wallon",35,"Nivelles",576,"Hélécine"," ","Commune","Commune"
991,22,"BEL","Belgium",11,"Vlaanderen",11,"West-Vlaanderen",36,"Brugge",14,"Knokke-Heist"," ","Gemeente","Commune"
992,22,"BEL","Belgium",11,"Vlaanderen",11,"West-Vlaanderen",36,"Brugge",23,"Blankenberge"," ","Gemeente","Commune"
993,22,"BEL","Belgium",11,"Vlaanderen",11,"West-Vlaanderen",36,"Brugge",30,"Damme"," ","Gemeente","Commune"
994,22,"BEL","Belgium",11,"Vlaanderen",11,"West-Vlaanderen",36,"Brugge",33,"Zuienkerke"," ","Gemeente","Commune"
995,22,"BEL","Belgium",11,"Vlaanderen",11,"West-Vlaanderen",36,"Brugge",78,"Jabbeke"," ","Gemeente","Commune"
996,22,"BEL","Belgium",11,"Vlaanderen",11,"West-Vlaanderen",36,"Brugge",128,"Beernem"," ","Gemeente","Commune"
997,22,"BEL","Belgium",11,"Vlaanderen",11,"West-Vlaanderen",36,"Brugge",134,"Oostkamp"," ","Gemeente","Commune"
998,22,"BEL","Belgium",11,"Vlaanderen",11,"West-Vlaanderen",36,"Brugge",138,"Zedelgem"," ","Gemeente","Commune"
999,22,"BEL","Belgium",11,"Vlaanderen",11,"West-Vlaanderen",36,"Brugge",144,"Brugge","Bruges","Gemeente","Commune"
1000,22,"BEL","Belgium",11,"Vlaanderen",11,"West-Vlaanderen",36,"Brugge",179,"Torhout"," ","Gemeente","Commune"
1001,22,"BEL","Belgium",11,"Vlaanderen",11,"West-Vlaanderen",37,"Diksmuide",160,"Koekelare"," ","Gemeente","Commune"
1002,22,"BEL","Belgium",11,"Vlaanderen",11,"West-Vlaanderen",37,"Diksmuide",171,"Diksmuide"," ","Gemeente","Commune"
1003,22,"BEL","Belgium",11,"Vlaanderen",11,"West-Vlaanderen",37,"Diksmuide",197,"Kortemark"," ","Gemeente","Commune"
1004,22,"BEL","Belgium",11,"Vlaanderen",11,"West-Vlaanderen",37,"Diksmuide",217,"Lo-Reninge"," ","Gemeente","Commune"
1005,22,"BEL","Belgium",11,"Vlaanderen",11,"West-Vlaanderen",37,"Diksmuide",224,"Houthulst"," ","Gemeente","Commune"
1006,22,"BEL","Belgium",11,"Vlaanderen",11,"West-Vlaanderen",38,"Ieper",277,"Vleteren"," ","Gemeente","Commune"
1007,22,"BEL","Belgium",11,"Vlaanderen",11,"West-Vlaanderen",38,"Ieper",283,"Langemark-Poelkapelle"," ","Gemeente","Commune"
1008,22,"BEL","Belgium",11,"Vlaanderen",11,"West-Vlaanderen",38,"Ieper",289,"Poperinge"," ","Gemeente","Commune"
1009,22,"BEL","Belgium",11,"Vlaanderen",11,"West-Vlaanderen",38,"Ieper",290,"Ieper"," ","Gemeente","Commune"
1010,22,"BEL","Belgium",11,"Vlaanderen",11,"West-Vlaanderen",38,"Ieper",298,"Zonnebeke"," ","Gemeente","Commune"
1011,22,"BEL","Belgium",11,"Vlaanderen",11,"West-Vlaanderen",38,"Ieper",359,"Wervik"," ","Gemeente","Commune"
1012,22,"BEL","Belgium",11,"Vlaanderen",11,"West-Vlaanderen",38,"Ieper",374,"Heuvelland"," ","Gemeente","Commune"
1013,22,"BEL","Belgium",11,"Vlaanderen",11,"West-Vlaanderen",39,"Kortrijk",306,"Waregem"," ","Gemeente","Commune"
1014,22,"BEL","Belgium",11,"Vlaanderen",11,"West-Vlaanderen",39,"Kortrijk",311,"Harelbeke"," ","Gemeente","Commune"
1015,22,"BEL","Belgium",11,"Vlaanderen",11,"West-Vlaanderen",39,"Kortrijk",314,"Lendelede"," ","Gemeente","Commune"
1016,22,"BEL","Belgium",11,"Vlaanderen",11,"West-Vlaanderen",39,"Kortrijk",334,"Kortrijk"," ","Gemeente","Commune"
1017,22,"BEL","Belgium",11,"Vlaanderen",11,"West-Vlaanderen",39,"Kortrijk",337,"Kuurne"," ","Gemeente","Commune"
1018,22,"BEL","Belgium",11,"Vlaanderen",11,"West-Vlaanderen",39,"Kortrijk",342,"Wevelgem"," ","Gemeente","Commune"
1019,22,"BEL","Belgium",11,"Vlaanderen",11,"West-Vlaanderen",39,"Kortrijk",350,"Deerlijk"," ","Gemeente","Commune"
1020,22,"BEL","Belgium",11,"Vlaanderen",11,"West-Vlaanderen",39,"Kortrijk",351,"Anzegem"," ","Gemeente","Commune"
1021,22,"BEL","Belgium",11,"Vlaanderen",11,"West-Vlaanderen",39,"Kortrijk",367,"Menen"," ","Gemeente","Commune"
1022,22,"BEL","Belgium",11,"Vlaanderen",11,"West-Vlaanderen",39,"Kortrijk",368,"Zwevegem"," ","Gemeente","Commune"
1023,22,"BEL","Belgium",11,"Wallonie",11,"West-Vlaanderen",39,"Kortrijk",415,"Spiere-Helkijn"," ","Commune","Commune"
1024,22,"BEL","Belgium",11,"Vlaanderen",11,"West-Vlaanderen",40,"Oostende",24,"De Haan"," ","Gemeente","Commune"
1025,22,"BEL","Belgium",11,"Vlaanderen",11,"West-Vlaanderen",40,"Oostende",41,"Bredene"," ","Gemeente","Commune"
1026,22,"BEL","Belgium",11,"Vlaanderen",11,"West-Vlaanderen",40,"Oostende",49,"Oostende"," ","Gemeente","Commune"
1027,22,"BEL","Belgium",11,"Vlaanderen",11,"West-Vlaanderen",40,"Oostende",80,"Oudenburg"," ","Gemeente","Commune"
1028,22,"BEL","Belgium",11,"Vlaanderen",11,"West-Vlaanderen",40,"Oostende",105,"Middelkerke"," ","Gemeente","Commune"
1029,22,"BEL","Belgium",11,"Vlaanderen",11,"West-Vlaanderen",40,"Oostende",126,"Gistel"," ","Gemeente","Commune"
1030,22,"BEL","Belgium",11,"Vlaanderen",11,"West-Vlaanderen",40,"Oostende",151,"Ichtegem"," ","Gemeente","Commune"
1031,22,"BEL","Belgium",11,"Vlaanderen",11,"West-Vlaanderen",41,"Roeselare",115,"Roeselare"," ","Gemeente","Commune"
1032,22,"BEL","Belgium",11,"Vlaanderen",11,"West-Vlaanderen",41,"Roeselare",198,"Lichtervelde"," ","Gemeente","Commune"
1033,22,"BEL","Belgium",11,"Vlaanderen",11,"West-Vlaanderen",41,"Roeselare",222,"Hooglede"," ","Gemeente","Commune"
1034,22,"BEL","Belgium",11,"Vlaanderen",11,"West-Vlaanderen",41,"Roeselare",259,"Staden"," ","Gemeente","Commune"
1035,22,"BEL","Belgium",11,"Vlaanderen",11,"West-Vlaanderen",41,"Roeselare",278,"Ingelmunster"," ","Gemeente","Commune"
1036,22,"BEL","Belgium",11,"Vlaanderen",11,"West-Vlaanderen",41,"Roeselare",284,"Izegem"," ","Gemeente","Commune"
1037,22,"BEL","Belgium",11,"Vlaanderen",11,"West-Vlaanderen",41,"Roeselare",299,"Moorslede"," ","Gemeente","Commune"
1038,22,"BEL","Belgium",11,"Vlaanderen",11,"West-Vlaanderen",41,"Roeselare",320,"Ledegem"," ","Gemeente","Commune"
1039,22,"BEL","Belgium",11,"Vlaanderen",11,"West-Vlaanderen",42,"Tielt",53,"Tielt"," ","Gemeente","Commune"
1040,22,"BEL","Belgium",11,"Vlaanderen",11,"West-Vlaanderen",42,"Tielt",177,"Wingene"," ","Gemeente","Commune"
1041,22,"BEL","Belgium",11,"Vlaanderen",11,"West-Vlaanderen",42,"Tielt",184,"Ruiselede"," ","Gemeente","Commune"
1042,22,"BEL","Belgium",11,"Vlaanderen",11,"West-Vlaanderen",42,"Tielt",207,"Pittem"," ","Gemeente","Commune"
1043,22,"BEL","Belgium",11,"Vlaanderen",11,"West-Vlaanderen",42,"Tielt",214,"Ardooie"," ","Gemeente","Commune"
1044,22,"BEL","Belgium",11,"Vlaanderen",11,"West-Vlaanderen",42,"Tielt",264,"Dentergem"," ","Gemeente","Commune"
1045,22,"BEL","Belgium",11,"Vlaanderen",11,"West-Vlaanderen",42,"Tielt",268,"Meulebeke"," ","Gemeente","Commune"
1046,22,"BEL","Belgium",11,"Vlaanderen",11,"West-Vlaanderen",42,"Tielt",273,"Oostrozebeke"," ","Gemeente","Commune"
1047,22,"BEL","Belgium",11,"Vlaanderen",11,"West-Vlaanderen",42,"Tielt",296,"Wielsbeke"," ","Gemeente","Commune"
1048,22,"BEL","Belgium",11,"Vlaanderen",11,"West-Vlaanderen",43,"Veurne",107,"Koksijde"," ","Gemeente","Commune"
1049,22,"BEL","Belgium",11,"Vlaanderen",11,"West-Vlaanderen",43,"Veurne",150,"Nieuwpoort"," ","Gemeente","Commune"
1050,22,"BEL","Belgium",11,"Vlaanderen",11,"West-Vlaanderen",43,"Veurne",168,"De Panne"," ","Gemeente","Commune"
1051,22,"BEL","Belgium",11,"Vlaanderen",11,"West-Vlaanderen",43,"Veurne",176,"Veurne"," ","Gemeente","Commune"
1052,22,"BEL","Belgium",11,"Vlaanderen",11,"West-Vlaanderen",43,"Veurne",202,"Alveringem"," ","Gemeente","Commune"
