"PID","ID_0","ISO","NAME_0","ID_1","NAME_1","ID_2","NAME_2","NL_NAME_2","VARNAME_2","TYPE_2","ENGTYPE_2"
4265,22,"BEL","Belgium",1,"Vlaanderen",1,"Antwerpen"," ","Amberes|Antuérpia|Antwerp|Anvers|Anversa","Provincie","Province"
4266,22,"BEL","Belgium",2,"Bruxelles",2,"Bruxelles"," ","Brussel Hoofstadt|Brusselse Hoofdstedelijke Gewest|Brüssel|Bruxelas|Région de Bruxelles-Capitale|Brussels|Bruselas","Hoofdstedelijk Gewest|Région Capitale","Capital Region"
4267,22,"BEL","Belgium",2,"Vlaanderen",2,"Vlaams Brabant"," ","Brabant Flamand|Brabante Flamenco|Brabante Flamengo|Flemish Brabant","Provincie","Province"
4268,22,"BEL","Belgium",3,"Vlaanderen",3,"Oost-Vlaanderen"," ","Flandres Oriental|Fiandra Orientale|Flandes Oriental|Flandre orientale|East Flanders|Ost Flandern","Provincie","Province"
4269,22,"BEL","Belgium",4,"Vlaanderen",4,"Vlaams Brabant"," ","Brabant Flamand|Brabante Flamenco|Brabante Flamengo|Flemish Brabant","Provincie","Province"
4270,22,"BEL","Belgium",5,"Vlaanderen",5,"Hainaut"," ","Henegouwen|Hennegau","Provincie","Province"
4271,22,"BEL","Belgium",5,"Wallonie",5,"Hainaut"," ","Henegouwen|Hennegau","Provincie","Province"
4272,22,"BEL","Belgium",6,"Wallonie",6,"Liège"," ","Luik|Liegi|Lieja|Lüttich","Provincie","Province"
4273,22,"BEL","Belgium",7,"Vlaanderen",7,"Limburg"," ","Limbourg|Limburgo","Provincie","Province"
4274,22,"BEL","Belgium",7,"Wallonie",7,"Limburg"," ","Limbourg|Limburgo","Provincie","Province"
4275,22,"BEL","Belgium",8,"Wallonie",8,"Luxembourg"," ","Lussemburgo|Luxemburg|Luxemburgo","Provincie","Province"
4276,22,"BEL","Belgium",9,"Wallonie",9,"Namur"," ","Namen","Provincie","Province"
4277,22,"BEL","Belgium",10,"Wallonie",10,"Brabant Wallon"," ","Waals Brabant|Walloon Brabant|Brabante Val?o","Provincie","Province"
4278,22,"BEL","Belgium",11,"Vlaanderen",11,"West-Vlaanderen"," ","Fiandra Occidentale|Flandes Occidental|Flandre occidentale|Flandres Ocidental|West Flandern|West Flanders","Provincie","Province"
4279,22,"BEL","Belgium",11,"Wallonie",11,"West-Vlaanderen"," ","Fiandra Occidentale|Flandes Occidental|Flandre occidentale|Flandres Ocidental|West Flandern|West Flanders","Provincie","Province"
