"PID","ID_0","ISO","NAME_0","ID_1","NAME_1","NL_NAME_1","VARNAME_1","TYPE_1","ENGTYPE_1"
1170,73,"EST","Estonia",1,"Harju","","Harjumaa|Harju maakond","Maakond","County"
1171,73,"EST","Estonia",2,"Hiiu","","Hiiumaa|Hiiu maakond|Dagö","Maakond","County"
1172,73,"EST","Estonia",3,"Ida-Viru","","Ida-Virumaa|Ida-Viru maakond","Maakond","County"
1173,73,"EST","Estonia",4,"Järva","","Jaerva|Järvamaa|Järva maakond","Maakond","County"
1174,73,"EST","Estonia",5,"Jõgeva","","Jogeva|Jõgevamaa|Jõgeva maakond","Maakond","County"
1175,73,"EST","Estonia",6,"Lääne-Viru","","Laeaene-Viru|Lääne-Virumaa|Lääne-Viru maakond","Maakond","County"
1176,73,"EST","Estonia",7,"Lääne","","Laeaene|Läänemaa|Lääne maakond","Maakond","County"
1177,73,"EST","Estonia",8,"Pärnu","","Paernu|Pärnumaa|Pärnu maakond","Maakond","County"
1178,73,"EST","Estonia",9,"Peipsi","","Peipsi järv|Pihkva järv|Lake Peipsi|<U+0427><U+0443><U+0434><U+0441><U+043A><U+043E>-<U+041F><U+0441><U+043A><U+043E><U+0432><U+0441><U+043A><U+043E><U+0435> <U+043E><U+0437><U+0435><U+0440><U+043E>","Water body","Water body"
1179,73,"EST","Estonia",10,"Põlva","","Polva|Põlvamaa|Põlva maakond","Maakond","County"
1180,73,"EST","Estonia",11,"Rapla","","Raplamaa|Rapla maakond","Maakond","County"
1181,73,"EST","Estonia",12,"Saare","","Saaremaa|Saare maakond|Ösel","Maakond","County"
1182,73,"EST","Estonia",13,"Tartu","","Tartumaa|Tartu maakond|Dorpat","Maakond","County"
1183,73,"EST","Estonia",14,"Valga","","Valgamaa|Valga maakond","Maakond","County"
1184,73,"EST","Estonia",15,"Viljandi","","Viljandimaa|Viljandi maakond|Vilyandi","Maakond","County"
1185,73,"EST","Estonia",16,"Võru","","Voru|Võrumaa|Võru maakond","Maakond","County"
