"PID","ID_0","ISO","NAME_0","ID_1","NAME_1","ID_2","NAME_2","NL_NAME_2","VARNAME_2","TYPE_2","ENGTYPE_2"
14647,73,"EST","Estonia",11,"Rapla",134,"Järvakandi","","","Vald","Parish"
14648,73,"EST","Estonia",11,"Rapla",135,"Juuru","","","Vald","Parish"
14649,73,"EST","Estonia",11,"Rapla",136,"Kaiu","","","Vald","Parish"
14650,73,"EST","Estonia",11,"Rapla",137,"Käru","","","Vald","Parish"
14651,73,"EST","Estonia",11,"Rapla",138,"Kehtna","","","Vald","Parish"
14652,73,"EST","Estonia",11,"Rapla",139,"Kohila","","","Vald","Parish"
14653,73,"EST","Estonia",11,"Rapla",140,"Märjamaa
","","","Vald","Parish"
14654,73,"EST","Estonia",11,"Rapla",141,"Raikküla
","","","Vald","Parish"
14655,73,"EST","Estonia",11,"Rapla",142,"Rapla","","","Vald","Parish"
14656,73,"EST","Estonia",11,"Rapla",143,"Vigala","","","Vald","Parish"
14657,73,"EST","Estonia",12,"Saare",144,"Kaarma","","","Vald","Parish"
14658,73,"EST","Estonia",12,"Saare",145,"Kärla
","","","Vald","Parish"
14659,73,"EST","Estonia",12,"Saare",146,"Kihelkonna","","","Vald","Parish"
14660,73,"EST","Estonia",12,"Saare",147,"Kuressaare","","","Linn","Town"
14661,73,"EST","Estonia",12,"Saare",148,"Laimjala","","","Vald","Parish"
14662,73,"EST","Estonia",12,"Saare",149,"Leisi","","","Vald","Parish"
14663,73,"EST","Estonia",12,"Saare",150,"Lümanda","","","Vald","Parish"
14664,73,"EST","Estonia",12,"Saare",151,"Muhu","","","Vald","Parish"
14665,73,"EST","Estonia",12,"Saare",152,"Mustjala","","","Vald","Parish"
14666,73,"EST","Estonia",12,"Saare",153,"Orissaare","","","Vald","Parish"
14667,73,"EST","Estonia",12,"Saare",154,"Pihtla","","","Vald","Parish"
14668,73,"EST","Estonia",12,"Saare",155,"Pöide","","","Vald","Parish"
14669,73,"EST","Estonia",12,"Saare",156,"Ruhnu","","","Vald","Parish"
14670,73,"EST","Estonia",12,"Saare",157,"Salme","","","Vald","Parish"
14671,73,"EST","Estonia",12,"Saare",158,"Torgu","","","Vald","Parish"
14672,73,"EST","Estonia",12,"Saare",159,"Valjala","","","Vald","Parish"
14673,73,"EST","Estonia",13,"Tartu",160,"Alatskivi
","","","Vald","Parish"
14674,73,"EST","Estonia",13,"Tartu",161,"Elva","","","Linn","Town"
14675,73,"EST","Estonia",13,"Tartu",162,"Haaslava","","","Vald","Parish"
14676,73,"EST","Estonia",13,"Tartu",163,"Kallaste","","","Linn","Town"
14843,73,"EST","Estonia",1,"Harju",19,"Saue","","","Vald","Parish"
14844,73,"EST","Estonia",1,"Harju",20,"Tallinn","","","Linn","Town"
14845,73,"EST","Estonia",1,"Harju",21,"Vasalemma","","","Vald","Parish"
14846,73,"EST","Estonia",1,"Harju",22,"Viimsi","","","Vald","Parish"
14847,73,"EST","Estonia",2,"Hiiu",23,"Emmaste
","","","Vald","Parish"
14848,73,"EST","Estonia",2,"Hiiu",24,"Käina","","","Vald","Parish"
14849,73,"EST","Estonia",2,"Hiiu",25,"Kärdla","","","Linn","Town"
14850,73,"EST","Estonia",2,"Hiiu",26,"Kõrgessaare","","","Vald","Parish"
14851,73,"EST","Estonia",2,"Hiiu",27,"Pühalepa","","","Vald","Parish"
14852,73,"EST","Estonia",3,"Ida-Viru",28,"Alajõe","","","Vald","Parish"
14853,73,"EST","Estonia",3,"Ida-Viru",29,"Aseri
","","","Vald","Parish"
14854,73,"EST","Estonia",3,"Ida-Viru",30,"Avinurme","","","Vald","Parish"
14855,73,"EST","Estonia",3,"Ida-Viru",31,"Iisaku","","","Vald","Parish"
14856,73,"EST","Estonia",3,"Ida-Viru",32,"Illuka","","","Vald","Parish"
14857,73,"EST","Estonia",3,"Ida-Viru",33,"Jõhvi","","","Vald","Parish"
14858,73,"EST","Estonia",3,"Ida-Viru",34,"Kiviõli","","","Linn","Town"
14859,73,"EST","Estonia",3,"Ida-Viru",35,"Kohtla-Järve","","","Linn","Town"
14860,73,"EST","Estonia",3,"Ida-Viru",36,"Kohtla-Nõmme","","","Vald","Parish"
14861,73,"EST","Estonia",3,"Ida-Viru",37,"Kohtla","","","Vald","Parish"
14862,73,"EST","Estonia",3,"Ida-Viru",38,"Lohusuu","","","Vald","Parish"
14863,73,"EST","Estonia",3,"Ida-Viru",39,"Lüganuse","","","Vald","Parish"
14864,73,"EST","Estonia",3,"Ida-Viru",40,"Mäetaguse","","","Vald","Parish"
14865,73,"EST","Estonia",3,"Ida-Viru",41,"Maidla","","","Vald","Parish"
14866,73,"EST","Estonia",3,"Ida-Viru",42,"Narva-Jõesuu","","","Linn","Town"
14867,73,"EST","Estonia",3,"Ida-Viru",43,"Narva","","","Linn","Town"
14868,73,"EST","Estonia",3,"Ida-Viru",44,"Püssi
","","","Linn","Town"
14869,73,"EST","Estonia",3,"Ida-Viru",45,"Sillamäe","","","Linn","Town"
14870,73,"EST","Estonia",3,"Ida-Viru",46,"Sonda","","","Vald","Parish"
14871,73,"EST","Estonia",3,"Ida-Viru",47,"Toila","","","Vald","Parish"
15275,73,"EST","Estonia",1,"Harju",1,"Aegviidu
","","","Vald","Parish"
15276,73,"EST","Estonia",1,"Harju",2,"Anija","","","Vald","Parish"
15277,73,"EST","Estonia",1,"Harju",3,"Harku","","","Vald","Parish"
15278,73,"EST","Estonia",1,"Harju",4,"Jõelähtme","","","Vald","Parish"
15279,73,"EST","Estonia",1,"Harju",5,"Keila","","","Vald","Parish"
15280,73,"EST","Estonia",1,"Harju",6,"Kernu","","","Vald","Parish"
15281,73,"EST","Estonia",1,"Harju",7,"Kiili","","","Vald","Parish"
15282,73,"EST","Estonia",1,"Harju",8,"Kose","","","Vald","Parish"
15283,73,"EST","Estonia",1,"Harju",9,"Kõue","","","Vald","Parish"
15284,73,"EST","Estonia",1,"Harju",10,"Kuusalu","","","Vald","Parish"
15285,73,"EST","Estonia",1,"Harju",11,"Loksa","","","Vald","Parish"
15286,73,"EST","Estonia",1,"Harju",12,"Maardu
","","","Linn","Town"
15287,73,"EST","Estonia",1,"Harju",13,"Nissi","","","Vald","Parish"
15288,73,"EST","Estonia",1,"Harju",14,"Padise","","","Vald","Parish"
15289,73,"EST","Estonia",1,"Harju",15,"Paldiski","","","Linn","Town"
15290,73,"EST","Estonia",1,"Harju",16,"Raasiku
","","","Vald","Parish"
15291,73,"EST","Estonia",1,"Harju",17,"Rae","","","Vald","Parish"
15292,73,"EST","Estonia",1,"Harju",18,"Saku","","","Vald","Parish"
15293,73,"EST","Estonia",3,"Ida-Viru",48,"Tudulinna","","","Vald","Parish"
15294,73,"EST","Estonia",3,"Ida-Viru",49,"Vaivara","","","Vald","Parish"
15295,73,"EST","Estonia",4,"Järva",50,"Albu","","","Vald","Parish"
15296,73,"EST","Estonia",4,"Järva",51,"Ambla
","","","Vald","Parish"
15297,73,"EST","Estonia",4,"Järva",52,"Imavere","","","Vald","Parish"
15298,73,"EST","Estonia",4,"Järva",53,"Järva-Jaani","","","Vald","Parish"
15299,73,"EST","Estonia",4,"Järva",54,"Kareda","","","Vald","Parish"
15300,73,"EST","Estonia",4,"Järva",55,"Koeru","","","Vald","Parish"
15301,73,"EST","Estonia",4,"Järva",56,"Koigi","","","Vald","Parish"
15302,73,"EST","Estonia",4,"Järva",57,"Paide 
","","","Linn","Town"
15303,73,"EST","Estonia",4,"Järva",57,"Paide
","","","Vald","Parish"
15304,73,"EST","Estonia",4,"Järva",58,"Roosna-Alliku","","","Vald","Parish"
15305,73,"EST","Estonia",4,"Järva",59,"Türi","","","Vald","Parish"
15306,73,"EST","Estonia",4,"Järva",60,"Väätsa","","","Vald","Parish"
15307,73,"EST","Estonia",5,"Jõgeva",61,"Jõgeva
 (commune)","","","Linn","Town"
15308,73,"EST","Estonia",5,"Jõgeva",62,"Jõgeva","","","Vald","Parish"
15309,73,"EST","Estonia",5,"Jõgeva",63,"Kasepää","","","Vald","Parish"
15310,73,"EST","Estonia",5,"Jõgeva",64,"Mustvee","","","Linn","Town"
15311,73,"EST","Estonia",5,"Jõgeva",65,"Pajusi","","","Vald","Parish"
15312,73,"EST","Estonia",5,"Jõgeva",66,"Pala","","","Vald","Parish"
15313,73,"EST","Estonia",5,"Jõgeva",67,"Palamuse","","","Vald","Parish"
15314,73,"EST","Estonia",5,"Jõgeva",68,"Põltsamaa

Põltsamaa
","","","Vald","Parish"
15315,73,"EST","Estonia",5,"Jõgeva",69,"Põltsamaa","","","Linn","Town"
15316,73,"EST","Estonia",5,"Jõgeva",70,"Puurmani","","","Vald","Parish"
15317,73,"EST","Estonia",5,"Jõgeva",71,"Saare","","","Vald","Parish"
15318,73,"EST","Estonia",5,"Jõgeva",72,"Tabivere
","","","Vald","Parish"
15319,73,"EST","Estonia",5,"Jõgeva",73,"Torma","","","Vald","Parish"
15320,73,"EST","Estonia",6,"Lääne-Viru",74,"Haljala","","","Vald","Parish"
15321,73,"EST","Estonia",6,"Lääne-Viru",75,"Kadrina","","","Vald","Parish"
15322,73,"EST","Estonia",6,"Lääne-Viru",76,"Kunda","","","Linn","Town"
15323,73,"EST","Estonia",6,"Lääne-Viru",77,"Laekvere","","","Vald","Parish"
15324,73,"EST","Estonia",6,"Lääne-Viru",78,"Rägavere","","","Vald","Parish"
15325,73,"EST","Estonia",6,"Lääne-Viru",79,"Rakke","","","Vald","Parish"
15326,73,"EST","Estonia",6,"Lääne-Viru",80,"Rakvere","","","Vald","Parish"
15327,73,"EST","Estonia",6,"Lääne-Viru",81,"Sõmeru","","","Vald","Parish"
15328,73,"EST","Estonia",6,"Lääne-Viru",82,"Tamsalu","","","Vald","Parish"
15329,73,"EST","Estonia",6,"Lääne-Viru",83,"Tapa","","","Linn","Town"
15330,73,"EST","Estonia",6,"Lääne-Viru",84,"Väike-Maarja","","","Vald","Parish"
15331,73,"EST","Estonia",6,"Lääne-Viru",85,"Vihula","","","Vald","Parish"
15332,73,"EST","Estonia",6,"Lääne-Viru",86,"Vinni","","","Vald","Parish"
15333,73,"EST","Estonia",6,"Lääne-Viru",87,"Viru-Nigula","","","Vald","Parish"
15334,73,"EST","Estonia",7,"Lääne",88,"Haapsalu","","","Vald","Parish"
15335,73,"EST","Estonia",7,"Lääne",89,"Hanila","","","Vald","Parish"
15336,73,"EST","Estonia",7,"Lääne",90,"Kullamaa","","","Vald","Parish"
15337,73,"EST","Estonia",7,"Lääne",91,"Lihula","","","Vald","Parish"
15338,73,"EST","Estonia",7,"Lääne",92,"Martna","","","Vald","Parish"
15339,73,"EST","Estonia",7,"Lääne",93,"Noarootsi","","","Vald","Parish"
15340,73,"EST","Estonia",7,"Lääne",94,"Nõva","","","Vald","Parish"
15341,73,"EST","Estonia",7,"Lääne",95,"Oru","","","Vald","Parish"
15342,73,"EST","Estonia",7,"Lääne",96,"Ridala","","","Vald","Parish"
15343,73,"EST","Estonia",7,"Lääne",97,"Risti","","","Vald","Parish"
15344,73,"EST","Estonia",7,"Lääne",98,"Taebla","","","Vald","Parish"
15345,73,"EST","Estonia",7,"Lääne",99,"Vormsi","","","Vald","Parish"
15346,73,"EST","Estonia",8,"Pärnu",100,"Are","","","Vald","Parish"
15347,73,"EST","Estonia",8,"Pärnu",101,"Audru","","","Vald","Parish"
15348,73,"EST","Estonia",8,"Pärnu",102,"Häädemeeste
","","","Vald","Parish"
15349,73,"EST","Estonia",8,"Pärnu",103,"Halinga","","","Vald","Parish"
15350,73,"EST","Estonia",8,"Pärnu",104,"Kaisama","","","Vald","Parish"
15351,73,"EST","Estonia",8,"Pärnu",105,"Kihnu","","","Vald","Parish"
15352,73,"EST","Estonia",8,"Pärnu",106,"Koonga","","","Vald","Parish"
15353,73,"EST","Estonia",8,"Pärnu",107,"Lavassaare
","","","Vald","Parish"
15354,73,"EST","Estonia",8,"Pärnu",108,"Paikuse","","","Vald","Parish"
15355,73,"EST","Estonia",8,"Pärnu",109,"Pärnu","","","Linn","Town"
15356,73,"EST","Estonia",8,"Pärnu",110,"Saarde","","","Vald","Parish"
15357,73,"EST","Estonia",8,"Pärnu",111,"Sauga","","","Vald","Parish"
15358,73,"EST","Estonia",8,"Pärnu",112,"Sindi","","","Linn","Town"
15359,73,"EST","Estonia",8,"Pärnu",113,"Surju","","","Vald","Parish"
15360,73,"EST","Estonia",8,"Pärnu",114,"Tahkuranna","","","Vald","Parish"
15361,73,"EST","Estonia",8,"Pärnu",115,"Tori","","","Vald","Parish"
15362,73,"EST","Estonia",8,"Pärnu",116,"Tõstamaa","","","Vald","Parish"
15363,73,"EST","Estonia",8,"Pärnu",117,"Vändra vald (alev)
","","","Vald","Parish"
15364,73,"EST","Estonia",8,"Pärnu",118,"Vändra","","","Vald","Parish"
15365,73,"EST","Estonia",8,"Pärnu",119,"Varbla","","","Vald","Parish"
15366,73,"EST","Estonia",9,"Peipsi",120,"","","","",""
15367,73,"EST","Estonia",10,"Põlva",121,"Ahja","","","Vald","Parish"
15368,73,"EST","Estonia",10,"Põlva",122,"Kanepi
","","","Vald","Parish"
15369,73,"EST","Estonia",10,"Põlva",123,"Kõlleste","","","Vald","Parish"
15370,73,"EST","Estonia",10,"Põlva",124,"Laheda","","","Vald","Parish"
15371,73,"EST","Estonia",10,"Põlva",125,"Mikitamäe","","","Vald","Parish"
15372,73,"EST","Estonia",10,"Põlva",126,"Mooste","","","Vald","Parish"
15373,73,"EST","Estonia",10,"Põlva",127,"Orava","","","Vald","Parish"
15374,73,"EST","Estonia",10,"Põlva",128,"Põlva","","","Linn","Town"
15375,73,"EST","Estonia",10,"Põlva",128,"Põlva
","","","Vald","Parish"
15376,73,"EST","Estonia",10,"Põlva",129,"Räpina
","","","Vald","Parish"
15377,73,"EST","Estonia",10,"Põlva",130,"Valgjärve
","","","Vald","Parish"
15378,73,"EST","Estonia",10,"Põlva",131,"Värska","","","Vald","Parish"
15379,73,"EST","Estonia",10,"Põlva",132,"Vastse-Kuuste
","","","Vald","Parish"
15380,73,"EST","Estonia",10,"Põlva",133,"Veriora","","","Vald","Parish"
15381,73,"EST","Estonia",13,"Tartu",164,"Kambja","","","Vald","Parish"
15382,73,"EST","Estonia",13,"Tartu",165,"Konguta","","","Vald","Parish"
15383,73,"EST","Estonia",13,"Tartu",166,"Laeva","","","Vald","Parish"
15384,73,"EST","Estonia",13,"Tartu",167,"Luunja","","","Vald","Parish"
15385,73,"EST","Estonia",13,"Tartu",168,"Mäksa","","","Vald","Parish"
15386,73,"EST","Estonia",13,"Tartu",169,"Meeksi","","","Vald","Parish"
15387,73,"EST","Estonia",13,"Tartu",170,"Nõo
","","","Vald","Parish"
15388,73,"EST","Estonia",13,"Tartu",171,"Peipsiääre
","","","Vald","Parish"
15389,73,"EST","Estonia",13,"Tartu",172,"Piirissaare","","","Vald","Parish"
15390,73,"EST","Estonia",13,"Tartu",173,"Puhja","","","Vald","Parish"
15391,73,"EST","Estonia",13,"Tartu",174,"Rannu","","","Vald","Parish"
15392,73,"EST","Estonia",13,"Tartu",175,"Rõngu
","","","Vald","Parish"
15393,73,"EST","Estonia",13,"Tartu",176,"Tähtvere","","","Vald","Parish"
15394,73,"EST","Estonia",13,"Tartu",177,"Tartu","","","Vald","Parish"
15395,73,"EST","Estonia",13,"Tartu",178,"Ülenurme","","","Vald","Parish"
15396,73,"EST","Estonia",13,"Tartu",179,"Vara","","","Vald","Parish"
15397,73,"EST","Estonia",13,"Tartu",180,"Võnnu","","","Vald","Parish"
15398,73,"EST","Estonia",14,"Valga",181,"Helme","","","Vald","Parish"
15399,73,"EST","Estonia",14,"Valga",182,"Hummuli","","","Vald","Parish"
15400,73,"EST","Estonia",14,"Valga",183,"Karula","","","Vald","Parish"
15401,73,"EST","Estonia",14,"Valga",184,"Õru
","","","Vald","Parish"
15402,73,"EST","Estonia",14,"Valga",185,"Palupera","","","Vald","Parish"
15403,73,"EST","Estonia",14,"Valga",186,"Põdrala","","","Vald","Parish"
15404,73,"EST","Estonia",14,"Valga",187,"Puhajarve","",""," "," "
15405,73,"EST","Estonia",14,"Valga",188,"Puka","","","Vald","Parish"
15406,73,"EST","Estonia",14,"Valga",189,"Sangaste","","","Vald","Parish"
15407,73,"EST","Estonia",14,"Valga",190,"Taheva","","","Vald","Parish"
15408,73,"EST","Estonia",14,"Valga",191,"Tõlliste","","","Vald","Parish"
15409,73,"EST","Estonia",14,"Valga",192,"Tõrva","","","Linn","Town"
15410,73,"EST","Estonia",14,"Valga",193,"Valga","","","Linn","Town"
15411,73,"EST","Estonia",15,"Viljandi",194,"Abja","","","Vald","Parish"
15412,73,"EST","Estonia",15,"Viljandi",195,"Halliste","","","Vald","Parish"
15413,73,"EST","Estonia",15,"Viljandi",196,"Karksi","","","Vald","Parish"
15414,73,"EST","Estonia",15,"Viljandi",197,"Kolga-Jaani","","","Vald","Parish"
15415,73,"EST","Estonia",15,"Viljandi",198,"Kõo","","","Vald","Parish"
15416,73,"EST","Estonia",15,"Viljandi",199,"Kõpu","","","Vald","Parish"
15417,73,"EST","Estonia",15,"Viljandi",200,"Mõisaküla","","","Linn","Town"
15418,73,"EST","Estonia",15,"Viljandi",201,"Paistu","","","Vald","Parish"
15419,73,"EST","Estonia",15,"Viljandi",202,"Pärsti
","","","Vald","Parish"
15420,73,"EST","Estonia",15,"Viljandi",203,"Saarepeedi
","","","Vald","Parish"
15421,73,"EST","Estonia",15,"Viljandi",204,"Suure-Jaani
","","","Vald","Parish"
15422,73,"EST","Estonia",15,"Viljandi",205,"Tarvastu","","","Vald","Parish"
15423,73,"EST","Estonia",15,"Viljandi",206,"Viiratsi","","","Vald","Parish"
15424,73,"EST","Estonia",15,"Viljandi",207,"Viljandi","","","Linn","Town"
15425,73,"EST","Estonia",15,"Viljandi",208,"Võhma","","","Linn","Town"
15426,73,"EST","Estonia",16,"Võru",209,"Antsla","","","Vald","Parish"
15427,73,"EST","Estonia",16,"Võru",210,"Haanja","","","Vald","Parish"
15428,73,"EST","Estonia",16,"Võru",211,"Lasva","","","Vald","Parish"
15429,73,"EST","Estonia",16,"Võru",212,"Meremäe","","","Vald","Parish"
15430,73,"EST","Estonia",16,"Võru",213,"Misso","","","Vald","Parish"
15431,73,"EST","Estonia",16,"Võru",214,"Mõniste","","","Vald","Parish"
15432,73,"EST","Estonia",16,"Võru",215,"Rõuge","","","Vald","Parish"
15433,73,"EST","Estonia",16,"Võru",216,"Sõmerpalu","","","Vald","Parish"
15434,73,"EST","Estonia",16,"Võru",217,"Urvaste","","","Vald","Parish"
15435,73,"EST","Estonia",16,"Võru",218,"Varstu","","","Vald","Parish"
15436,73,"EST","Estonia",16,"Võru",219,"Vastseliina","","","Vald","Parish"
15437,73,"EST","Estonia",16,"Võru",220,"Võru","","","Vald","Parish"
