"PID","ID_0","ISO","NAME_0","ID_1","NAME_1","NL_NAME_1","VARNAME_1","TYPE_1","ENGTYPE_1"
1738,122,"KGZ","Kyrgyzstan",1,"Batken","","","Oblast","Region"
1739,122,"KGZ","Kyrgyzstan",2,"Bishkek","","","Shaar","City"
1740,122,"KGZ","Kyrgyzstan",3,"Chuy","","","Oblast","Region"
1741,122,"KGZ","Kyrgyzstan",4,"Jalal-Abad","","Djalal-Abad, Dzhalal-Abadskaya Oblast'|Žalal-Abad","Oblast","Region"
1742,122,"KGZ","Kyrgyzstan",5,"Naryn","","Tien-Shanskaya Oblast', Tyan'-Shan'","Oblast","Region"
1743,122,"KGZ","Kyrgyzstan",6,"Osh","","","Shaar","City"
1744,122,"KGZ","Kyrgyzstan",7,"Talas","","","Oblast","Region"
1745,122,"KGZ","Kyrgyzstan",8,"Ysyk-Köl","","Issyk-Kul, Issyk-Kul'skaya Oblast'","Oblast","Region"
