"PID","ID_0","ISO","NAME_0","ID_1","NAME_1","NL_NAME_1","VARNAME_1","TYPE_1","ENGTYPE_1"
315,20,"BRB","Barbados",1,"Christ Church","","","Parish","Parish"
316,20,"BRB","Barbados",2,"Saint Andrew","","","Parish","Parish"
317,20,"BRB","Barbados",3,"Saint George","","","Parish","Parish"
318,20,"BRB","Barbados",4,"Saint James","","","Parish","Parish"
319,20,"BRB","Barbados",5,"Saint John","","","Parish","Parish"
320,20,"BRB","Barbados",6,"Saint Joseph","","","Parish","Parish"
321,20,"BRB","Barbados",7,"Saint Lucy","","","Parish","Parish"
322,20,"BRB","Barbados",8,"Saint Michael","","","Parish","Parish"
323,20,"BRB","Barbados",9,"Saint Peter","","","Parish","Parish"
324,20,"BRB","Barbados",10,"Saint Philip","","","Parish","Parish"
325,20,"BRB","Barbados",11,"Saint Thomas","","","Parish","Parish"
