"PID","ID_0","ISO","NAME_0","ID_1","NAME_1","NL_NAME_1","VARNAME_1","TYPE_1","ENGTYPE_1"
784,152,"MAR","Morocco",12,"Souss - Massa - Draâ","","","Region","Region"
785,152,"MAR","Morocco",13,"Tadla - Azilal","","","Region","Region"
786,152,"MAR","Morocco",14,"Tanger - Tétouan","","","Region","Region"
787,152,"MAR","Morocco",15,"Taza - Al Hoceima - Taounate","","","Region","Region"
2016,152,"MAR","Morocco",1,"Chaouia - Ouardigha","","","Region","Region"
2017,152,"MAR","Morocco",2,"Doukkala - Abda","","","Region","Region"
2018,152,"MAR","Morocco",3,"Fès - Boulemane","","","Region","Region"
2019,152,"MAR","Morocco",4,"Gharb - Chrarda - Béni Hssen","","","Region","Region"
2020,152,"MAR","Morocco",5,"Grand Casablanca","","","Region","Region"
2021,152,"MAR","Morocco",6,"Guelmim - Es-Semara","","","Region","Region"
2022,152,"MAR","Morocco",7,"Laâyoune - Boujdour - Sakia El Hamra","","","Region","Region"
2023,152,"MAR","Morocco",8,"Marrakech - Tensift - Al Haouz","","","Region","Region"
2024,152,"MAR","Morocco",9,"Meknès - Tafilalet","","","Region","Region"
2025,152,"MAR","Morocco",10,"Oriental","","","Region","Region"
2026,152,"MAR","Morocco",11,"Rabat - Salé - Zemmour - Zaer","","","Region","Region"
