"PID","ID_0","ISO","NAME_0","ID_1","NAME_1","ID_2","NAME_2","ID_3","NAME_3","NL_NAME_3","VARNAME_3","TYPE_3","ENGTYPE_3"
43497,152,"MAR","Morocco",15,"Taza - Al Hoceima - Taounate",54,"Taza",391,"NA (Guercif)","","","Unknown","Unknown"
43498,152,"MAR","Morocco",15,"Taza - Al Hoceima - Taounate",54,"Taza",392,"NA (Ouad Amlil)","","","Unknown","Unknown"
43499,152,"MAR","Morocco",15,"Taza - Al Hoceima - Taounate",54,"Taza",393,"NA (Tahla)","","","Unknown","Unknown"
43500,152,"MAR","Morocco",15,"Taza - Al Hoceima - Taounate",54,"Taza",394,"NA (Taza Al Oulia)","","","Unknown","Unknown"
43501,152,"MAR","Morocco",15,"Taza - Al Hoceima - Taounate",54,"Taza",395,"NA (Taza El Jadida)","","","Unknown","Unknown"
43502,152,"MAR","Morocco",15,"Taza - Al Hoceima - Taounate",54,"Taza",396,"Ouad Amlil","","","Cercle","District"
43503,152,"MAR","Morocco",15,"Taza - Al Hoceima - Taounate",54,"Taza",397,"Tahla","","","Cercle","District"
43504,152,"MAR","Morocco",15,"Taza - Al Hoceima - Taounate",54,"Taza",398,"Tainaste","","","Cercle","District"
43505,152,"MAR","Morocco",15,"Taza - Al Hoceima - Taounate",54,"Taza",399,"Taza","","","Cercle","District"
45311,152,"MAR","Morocco",9,"Meknès - Tafilalet",25,"Errachidia",196,"NA (Goulmima)","","","Unknown","Unknown"
45312,152,"MAR","Morocco",9,"Meknès - Tafilalet",25,"Errachidia",197,"NA (Jorf)","","","Unknown","Unknown"
45313,152,"MAR","Morocco",9,"Meknès - Tafilalet",25,"Errachidia",198,"NA (Moulay Ali Cherif)","","","Unknown","Unknown"
45314,152,"MAR","Morocco",9,"Meknès - Tafilalet",25,"Errachidia",199,"NA (Tinejdad)","","","Unknown","Unknown"
45315,152,"MAR","Morocco",9,"Meknès - Tafilalet",26,"Ifrane",200,"Azrou","","","Cercle","District"
45316,152,"MAR","Morocco",9,"Meknès - Tafilalet",26,"Ifrane",201,"NA (Azrou)","","","Unknown","Unknown"
45317,152,"MAR","Morocco",9,"Meknès - Tafilalet",26,"Ifrane",202,"NA (Ifrane)","","","Unknown","Unknown"
45318,152,"MAR","Morocco",9,"Meknès - Tafilalet",27,"Khénifra",203,"El Kbab","","","Cercle","District"
45319,152,"MAR","Morocco",9,"Meknès - Tafilalet",27,"Khénifra",204,"Khenifra","","","Cercle","District"
45320,152,"MAR","Morocco",9,"Meknès - Tafilalet",27,"Khénifra",205,"Midelt","","","Cercle","District"
45321,152,"MAR","Morocco",9,"Meknès - Tafilalet",27,"Khénifra",206,"NA (Khenifra)","","","Unknown","Unknown"
45322,152,"MAR","Morocco",9,"Meknès - Tafilalet",27,"Khénifra",207,"NA (M'Rirt)","","","Unknown","Unknown"
45323,152,"MAR","Morocco",9,"Meknès - Tafilalet",27,"Khénifra",208,"NA (Midelt)","","","Unknown","Unknown"
45324,152,"MAR","Morocco",9,"Meknès - Tafilalet",28,"Meknès",209,"Ain Orma","","","Cercle","District"
45325,152,"MAR","Morocco",9,"Meknès - Tafilalet",28,"Meknès",210,"Meknes Banl","","","Cercle","District"
45326,152,"MAR","Morocco",9,"Meknès - Tafilalet",28,"Meknès",211,"NA (Al Ismailia)","","","Unknown","Unknown"
45327,152,"MAR","Morocco",9,"Meknès - Tafilalet",28,"Meknès",212,"NA (Al Machouar Stina)","","","Unknown","Unknown"
45328,152,"MAR","Morocco",9,"Meknès - Tafilalet",28,"Meknès",213,"NA (Boufakrane)","","","Unknown","Unknown"
45329,152,"MAR","Morocco",9,"Meknès - Tafilalet",28,"Meknès",214,"NA (Hamrya)","","","Unknown","Unknown"
45330,152,"MAR","Morocco",9,"Meknès - Tafilalet",28,"Meknès",215,"NA (Maknassat Azzaytoun)","","","Unknown","Unknown"
47355,152,"MAR","Morocco",1,"Chaouia - Ouardigha",1,"Ben Slimane",1,"Ben Slimane","","","Cercle","District"
47356,152,"MAR","Morocco",1,"Chaouia - Ouardigha",1,"Ben Slimane",2,"Bouznika","","","Cercle","District"
47357,152,"MAR","Morocco",1,"Chaouia - Ouardigha",1,"Ben Slimane",3,"NA (Ben Slimane)","","","Unknown","Unknown"
47358,152,"MAR","Morocco",1,"Chaouia - Ouardigha",1,"Ben Slimane",4,"NA (Bouznika)","","","Unknown","Unknown"
47359,152,"MAR","Morocco",1,"Chaouia - Ouardigha",2,"Khouribga",5,"Bejaad","","","Cercle","District"
47360,152,"MAR","Morocco",1,"Chaouia - Ouardigha",2,"Khouribga",6,"Khouribga","","","Cercle","District"
47361,152,"MAR","Morocco",1,"Chaouia - Ouardigha",2,"Khouribga",7,"NA (Bejaad)","","","Unknown","Unknown"
47362,152,"MAR","Morocco",1,"Chaouia - Ouardigha",2,"Khouribga",8,"NA (Boujniba)","","","Unknown","Unknown"
47363,152,"MAR","Morocco",1,"Chaouia - Ouardigha",2,"Khouribga",9,"NA (Hattane)","","","Unknown","Unknown"
47364,152,"MAR","Morocco",1,"Chaouia - Ouardigha",2,"Khouribga",10,"NA (Khouribga)","","","Unknown","Unknown"
47365,152,"MAR","Morocco",1,"Chaouia - Ouardigha",2,"Khouribga",11,"NA (Ouad Zem)","","","Unknown","Unknown"
47366,152,"MAR","Morocco",1,"Chaouia - Ouardigha",2,"Khouribga",12,"Ouad Zem","","","Cercle","District"
47367,152,"MAR","Morocco",1,"Chaouia - Ouardigha",3,"Settat",13,"Ben Ahmed","","","Cercle","District"
47368,152,"MAR","Morocco",1,"Chaouia - Ouardigha",3,"Settat",14,"Berrechid","","","Cercle","District"
47369,152,"MAR","Morocco",1,"Chaouia - Ouardigha",3,"Settat",15,"El Borouj","","","Cercle","District"
47370,152,"MAR","Morocco",1,"Chaouia - Ouardigha",3,"Settat",16,"El Gara","","","Cercle","District"
47371,152,"MAR","Morocco",1,"Chaouia - Ouardigha",3,"Settat",17,"NA (Ben Ahmed)","","","Unknown","Unknown"
47372,152,"MAR","Morocco",1,"Chaouia - Ouardigha",3,"Settat",18,"NA (Berrechid)","","","Unknown","Unknown"
47373,152,"MAR","Morocco",1,"Chaouia - Ouardigha",3,"Settat",19,"NA (El Borouj)","","","Unknown","Unknown"
47374,152,"MAR","Morocco",1,"Chaouia - Ouardigha",3,"Settat",20,"NA (El Gara)","","","Unknown","Unknown"
47375,152,"MAR","Morocco",1,"Chaouia - Ouardigha",3,"Settat",21,"NA (Loulad)","","","Unknown","Unknown"
47376,152,"MAR","Morocco",1,"Chaouia - Ouardigha",3,"Settat",22,"NA (Oulad Abbou)","","","Unknown","Unknown"
47377,152,"MAR","Morocco",1,"Chaouia - Ouardigha",3,"Settat",23,"NA (Oulad M'Rah)","","","Unknown","Unknown"
47378,152,"MAR","Morocco",1,"Chaouia - Ouardigha",3,"Settat",24,"NA (Settat)","","","Unknown","Unknown"
47379,152,"MAR","Morocco",1,"Chaouia - Ouardigha",3,"Settat",25,"Settat","","","Cercle","District"
47380,152,"MAR","Morocco",2,"Doukkala - Abda",4,"El Jadida",26,"Azemmour","","","Cercle","District"
47381,152,"MAR","Morocco",2,"Doukkala - Abda",4,"El Jadida",27,"El Jadida","","","Cercle","District"
47382,152,"MAR","Morocco",2,"Doukkala - Abda",4,"El Jadida",28,"NA (Azemmour)","","","Unknown","Unknown"
47383,152,"MAR","Morocco",2,"Doukkala - Abda",4,"El Jadida",29,"NA (El Jadida)","","","Unknown","Unknown"
47384,152,"MAR","Morocco",2,"Doukkala - Abda",4,"El Jadida",30,"NA (Lbir Jdid)","","","Unknown","Unknown"
47385,152,"MAR","Morocco",2,"Doukkala - Abda",4,"El Jadida",31,"NA (Sidi Bennour)","","","Unknown","Unknown"
47386,152,"MAR","Morocco",2,"Doukkala - Abda",4,"El Jadida",32,"NA (Zemamra)","","","Unknown","Unknown"
47387,152,"MAR","Morocco",2,"Doukkala - Abda",4,"El Jadida",33,"Sidi Bennou","","","Cercle","District"
47388,152,"MAR","Morocco",2,"Doukkala - Abda",4,"El Jadida",34,"Sidi Smail","","","Cercle","District"
47389,152,"MAR","Morocco",2,"Doukkala - Abda",4,"El Jadida",35,"Zemamra","","","Cercle","District"
47390,152,"MAR","Morocco",2,"Doukkala - Abda",5,"Safi",36,"Abda","","","Cercle","District"
47391,152,"MAR","Morocco",2,"Doukkala - Abda",5,"Safi",37,"Ahmar","","","Cercle","District"
47392,152,"MAR","Morocco",2,"Doukkala - Abda",5,"Safi",38,"Gzoula","","","Cercle","District"
47393,152,"MAR","Morocco",2,"Doukkala - Abda",5,"Safi",39,"Hrara","","","Cercle","District"
47394,152,"MAR","Morocco",2,"Doukkala - Abda",5,"Safi",40,"NA (Asfi Biyada)","","","Unknown","Unknown"
47395,152,"MAR","Morocco",2,"Doukkala - Abda",5,"Safi",41,"NA (Asfi Boudheb)","","","Unknown","Unknown"
47396,152,"MAR","Morocco",2,"Doukkala - Abda",5,"Safi",42,"NA (Asfi Zaouia)","","","Unknown","Unknown"
47397,152,"MAR","Morocco",2,"Doukkala - Abda",5,"Safi",43,"NA (Echemmaia)","","","Unknown","Unknown"
47398,152,"MAR","Morocco",2,"Doukkala - Abda",5,"Safi",44,"NA (Jamaat Shaim)","","","Unknown","Unknown"
47399,152,"MAR","Morocco",2,"Doukkala - Abda",5,"Safi",45,"NA (Sebt Gzoula)","","","Unknown","Unknown"
47400,152,"MAR","Morocco",2,"Doukkala - Abda",5,"Safi",46,"NA (Youssoufia)","","","Unknown","Unknown"
47401,152,"MAR","Morocco",3,"Fès - Boulemane",6,"Boulemane",47,"Boulemane","","","Cercle","District"
47402,152,"MAR","Morocco",3,"Fès - Boulemane",6,"Boulemane",48,"Missour","","","Cercle","District"
47403,152,"MAR","Morocco",3,"Fès - Boulemane",6,"Boulemane",49,"NA (Boulemane)","","","Unknown","Unknown"
47404,152,"MAR","Morocco",3,"Fès - Boulemane",6,"Boulemane",50,"NA (Imouzzer Marmoucha)","","","Unknown","Unknown"
47405,152,"MAR","Morocco",3,"Fès - Boulemane",6,"Boulemane",51,"NA (Missour)","","","Unknown","Unknown"
47406,152,"MAR","Morocco",3,"Fès - Boulemane",6,"Boulemane",52,"NA (Outat El Haj)","","","Unknown","Unknown"
47407,152,"MAR","Morocco",3,"Fès - Boulemane",6,"Boulemane",53,"Outat El Ha","","","Cercle","District"
47408,152,"MAR","Morocco",3,"Fès - Boulemane",7,"Fès",54,"NA (Agdal)","","","Unknown","Unknown"
47409,152,"MAR","Morocco",3,"Fès - Boulemane",7,"Fès",55,"NA (Fes Medina)","","","Unknown","Unknown"
47410,152,"MAR","Morocco",3,"Fès - Boulemane",7,"Fès",56,"NA (Machouar Fes El Jadid)","","","Unknown","Unknown"
47411,152,"MAR","Morocco",3,"Fès - Boulemane",7,"Fès",57,"NA (Saiss)","","","Unknown","Unknown"
47412,152,"MAR","Morocco",3,"Fès - Boulemane",7,"Fès",58,"Oulad Tayeb","","","Cercle","District"
47413,152,"MAR","Morocco",3,"Fès - Boulemane",7,"Fès",59,"Sans nom","","","Cercle","District"
47414,152,"MAR","Morocco",3,"Fès - Boulemane",8,"Sefrou",60,"El Menzel","","","Cercle","District"
47415,152,"MAR","Morocco",3,"Fès - Boulemane",8,"Sefrou",61,"Imouzzer Ka","","","Cercle","District"
47416,152,"MAR","Morocco",3,"Fès - Boulemane",8,"Sefrou",62,"NA (Bhalil)","","","Unknown","Unknown"
47417,152,"MAR","Morocco",3,"Fès - Boulemane",8,"Sefrou",63,"NA (El Menzel)","","","Unknown","Unknown"
47418,152,"MAR","Morocco",3,"Fès - Boulemane",8,"Sefrou",64,"NA (Imouzzer Kandar)","","","Unknown","Unknown"
47419,152,"MAR","Morocco",3,"Fès - Boulemane",8,"Sefrou",65,"NA (Ribate El Kheir)","","","Unknown","Unknown"
47420,152,"MAR","Morocco",3,"Fès - Boulemane",8,"Sefrou",66,"NA (Sefrou)","","","Unknown","Unknown"
47421,152,"MAR","Morocco",3,"Fès - Boulemane",8,"Sefrou",67,"Sefrou","","","Cercle","District"
47422,152,"MAR","Morocco",3,"Fès - Boulemane",9,"Zouagha-Moulay Yacoub",68,"Moulay Yaco","","","Cercle","District"
47423,152,"MAR","Morocco",3,"Fès - Boulemane",9,"Zouagha-Moulay Yacoub",69,"NA (Moulay Yacoub)","","","Unknown","Unknown"
47424,152,"MAR","Morocco",3,"Fès - Boulemane",9,"Zouagha-Moulay Yacoub",70,"NA (Zouagha)","","","Unknown","Unknown"
47425,152,"MAR","Morocco",3,"Fès - Boulemane",9,"Zouagha-Moulay Yacoub",71,"Oulad Jemaa","","","Cercle","District"
47426,152,"MAR","Morocco",4,"Gharb - Chrarda - Béni Hssen",10,"Kénitra",72,"Kenitra Ban","","","Cercle","District"
47427,152,"MAR","Morocco",4,"Gharb - Chrarda - Béni Hssen",10,"Kénitra",73,"NA (Kenitra Maamoura)","","","Unknown","Unknown"
47428,152,"MAR","Morocco",4,"Gharb - Chrarda - Béni Hssen",10,"Kénitra",74,"NA (Kenitra Saknia)","","","Unknown","Unknown"
47429,152,"MAR","Morocco",4,"Gharb - Chrarda - Béni Hssen",10,"Kénitra",75,"NA (Mehdia)","","","Unknown","Unknown"
47430,152,"MAR","Morocco",4,"Gharb - Chrarda - Béni Hssen",10,"Kénitra",76,"NA (Sidi Slimane)","","","Unknown","Unknown"
47431,152,"MAR","Morocco",4,"Gharb - Chrarda - Béni Hssen",10,"Kénitra",77,"NA (Sidi Yahya El Gharb)","","","Unknown","Unknown"
47432,152,"MAR","Morocco",4,"Gharb - Chrarda - Béni Hssen",10,"Kénitra",78,"NA (Souk Arbaa)","","","Unknown","Unknown"
47433,152,"MAR","Morocco",4,"Gharb - Chrarda - Béni Hssen",10,"Kénitra",79,"Sidi Sliman","","","Cercle","District"
47434,152,"MAR","Morocco",4,"Gharb - Chrarda - Béni Hssen",10,"Kénitra",80,"Souk Arbaa","","","Cercle","District"
47435,152,"MAR","Morocco",4,"Gharb - Chrarda - Béni Hssen",10,"Kénitra",81,"Souk Tlat E","","","Cercle","District"
47436,152,"MAR","Morocco",4,"Gharb - Chrarda - Béni Hssen",11,"Sidi Kacem",82,"Had Kourt","","","Cercle","District"
47437,152,"MAR","Morocco",4,"Gharb - Chrarda - Béni Hssen",11,"Sidi Kacem",83,"Mechra Belk","","","Cercle","District"
47438,152,"MAR","Morocco",4,"Gharb - Chrarda - Béni Hssen",11,"Sidi Kacem",84,"NA (Dar Gueddari)","","","Unknown","Unknown"
47439,152,"MAR","Morocco",4,"Gharb - Chrarda - Béni Hssen",11,"Sidi Kacem",85,"NA (Had Kourt)","","","Unknown","Unknown"
47440,152,"MAR","Morocco",4,"Gharb - Chrarda - Béni Hssen",11,"Sidi Kacem",86,"NA (Jorf El Melha)","","","Unknown","Unknown"
47441,152,"MAR","Morocco",4,"Gharb - Chrarda - Béni Hssen",11,"Sidi Kacem",87,"NA (Mechraa Bel Ksiri)","","","Unknown","Unknown"
47442,152,"MAR","Morocco",4,"Gharb - Chrarda - Béni Hssen",11,"Sidi Kacem",88,"NA (Ouezzane)","","","Unknown","Unknown"
47443,152,"MAR","Morocco",4,"Gharb - Chrarda - Béni Hssen",11,"Sidi Kacem",89,"NA (Sidi Kacem)","","","Unknown","Unknown"
47444,152,"MAR","Morocco",4,"Gharb - Chrarda - Béni Hssen",11,"Sidi Kacem",90,"Ouezzane","","","Cercle","District"
47445,152,"MAR","Morocco",4,"Gharb - Chrarda - Béni Hssen",11,"Sidi Kacem",91,"Sidi Kacem","","","Cercle","District"
47446,152,"MAR","Morocco",5,"Grand Casablanca",12,"Casablanca",92,"Bouskoura","","","Cercle","District"
47447,152,"MAR","Morocco",5,"Grand Casablanca",12,"Casablanca",93,"Mediouna","","","Cercle","District"
47448,152,"MAR","Morocco",5,"Grand Casablanca",12,"Casablanca",94,"NA (Ahl Laghlam)","","","Unknown","Unknown"
47449,152,"MAR","Morocco",5,"Grand Casablanca",12,"Casablanca",95,"NA (Ain Chock)","","","Unknown","Unknown"
47450,152,"MAR","Morocco",5,"Grand Casablanca",12,"Casablanca",96,"NA (Ain Harrouda)","","","Unknown","Unknown"
47451,152,"MAR","Morocco",5,"Grand Casablanca",12,"Casablanca",97,"NA (Ain Sebaa)","","","Unknown","Unknown"
47452,152,"MAR","Morocco",5,"Grand Casablanca",12,"Casablanca",98,"NA (Al Fida)","","","Unknown","Unknown"
47453,152,"MAR","Morocco",5,"Grand Casablanca",12,"Casablanca",99,"NA (Al Idrissia)","","","Unknown","Unknown"
47454,152,"MAR","Morocco",5,"Grand Casablanca",12,"Casablanca",100,"NA (Anfa)","","","Unknown","Unknown"
47455,152,"MAR","Morocco",5,"Grand Casablanca",12,"Casablanca",101,"NA (Assoukhour Assawda)","","","Unknown","Unknown"
47456,152,"MAR","Morocco",5,"Grand Casablanca",12,"Casablanca",102,"NA (Ben Msick)","","","Unknown","Unknown"
47457,152,"MAR","Morocco",5,"Grand Casablanca",12,"Casablanca",103,"NA (Bou Chentouf)","","","Unknown","Unknown"
47458,152,"MAR","Morocco",5,"Grand Casablanca",12,"Casablanca",104,"NA (El Maarif)","","","Unknown","Unknown"
47459,152,"MAR","Morocco",5,"Grand Casablanca",12,"Casablanca",105,"NA (Hay Hassani)","","","Unknown","Unknown"
47460,152,"MAR","Morocco",5,"Grand Casablanca",12,"Casablanca",106,"NA (Hay Mohammadi)","","","Unknown","Unknown"
47461,152,"MAR","Morocco",5,"Grand Casablanca",12,"Casablanca",107,"NA (Lissasfa)","","","Unknown","Unknown"
47462,152,"MAR","Morocco",5,"Grand Casablanca",12,"Casablanca",108,"NA (Machouar Casablanca)","","","Unknown","Unknown"
47463,152,"MAR","Morocco",5,"Grand Casablanca",12,"Casablanca",109,"NA (Mediouna)","","","Unknown","Unknown"
47464,152,"MAR","Morocco",5,"Grand Casablanca",12,"Casablanca",110,"NA (Mers Sultan)","","","Unknown","Unknown"
47465,152,"MAR","Morocco",5,"Grand Casablanca",12,"Casablanca",111,"NA (Moulay Rachid)","","","Unknown","Unknown"
47466,152,"MAR","Morocco",5,"Grand Casablanca",12,"Casablanca",112,"NA (Moulay Youssef)","","","Unknown","Unknown"
47467,152,"MAR","Morocco",5,"Grand Casablanca",12,"Casablanca",113,"NA (Nouaceur)","","","Unknown","Unknown"
47468,152,"MAR","Morocco",5,"Grand Casablanca",12,"Casablanca",114,"NA (Salmia)","","","Unknown","Unknown"
47469,152,"MAR","Morocco",5,"Grand Casablanca",12,"Casablanca",115,"NA (Sbata)","","","Unknown","Unknown"
47470,152,"MAR","Morocco",5,"Grand Casablanca",12,"Casablanca",116,"NA (Sidi Belyout)","","","Unknown","Unknown"
47471,152,"MAR","Morocco",5,"Grand Casablanca",12,"Casablanca",117,"NA (Sidi Bernoussi)","","","Unknown","Unknown"
47472,152,"MAR","Morocco",5,"Grand Casablanca",12,"Casablanca",118,"NA (Sidi Maarouf)","","","Unknown","Unknown"
47473,152,"MAR","Morocco",5,"Grand Casablanca",12,"Casablanca",119,"NA (Sidi Moumen)","","","Unknown","Unknown"
47474,152,"MAR","Morocco",5,"Grand Casablanca",12,"Casablanca",120,"NA (Sidi Othmane)","","","Unknown","Unknown"
47475,152,"MAR","Morocco",5,"Grand Casablanca",12,"Casablanca",121,"NA (Tit Mellil)","","","Unknown","Unknown"
47476,152,"MAR","Morocco",5,"Grand Casablanca",12,"Casablanca",122,"Tit Mellil","","","Cercle","District"
47477,152,"MAR","Morocco",5,"Grand Casablanca",13,"Mohammedia",123,"NA (Mohammedia)","","","Unknown","Unknown"
47478,152,"MAR","Morocco",6,"Guelmim - Es-Semara",14,"Assa-Zag",124,"Assa","","","Cercle","District"
47479,152,"MAR","Morocco",6,"Guelmim - Es-Semara",14,"Assa-Zag",125,"NA (Assa)","","","Unknown","Unknown"
47480,152,"MAR","Morocco",6,"Guelmim - Es-Semara",14,"Assa-Zag",126,"NA (Zag)","","","Unknown","Unknown"
47481,152,"MAR","Morocco",6,"Guelmim - Es-Semara",14,"Assa-Zag",127,"Zag","","","Cercle","District"
47482,152,"MAR","Morocco",6,"Guelmim - Es-Semara",15,"Guelmim",128,"Bouizakarne","","","Cercle","District"
47483,152,"MAR","Morocco",6,"Guelmim - Es-Semara",15,"Guelmim",129,"Guelmim","","","Cercle","District"
47484,152,"MAR","Morocco",6,"Guelmim - Es-Semara",15,"Guelmim",130,"NA (Bouizakarne)","","","Unknown","Unknown"
47485,152,"MAR","Morocco",6,"Guelmim - Es-Semara",15,"Guelmim",131,"NA (Guelmim)","","","Unknown","Unknown"
47486,152,"MAR","Morocco",6,"Guelmim - Es-Semara",16,"Tan-Tan",132,"Msied","","","Cercle","District"
47487,152,"MAR","Morocco",6,"Guelmim - Es-Semara",16,"Tan-Tan",133,"NA (El Ouatia)","","","Unknown","Unknown"
47488,152,"MAR","Morocco",6,"Guelmim - Es-Semara",16,"Tan-Tan",134,"NA (Tan-Tan)","","","Unknown","Unknown"
47489,152,"MAR","Morocco",6,"Guelmim - Es-Semara",16,"Tan-Tan",135,"Tan-Tan","","","Cercle","District"
47490,152,"MAR","Morocco",6,"Guelmim - Es-Semara",17,"Tata",136,"Akka","","","Cercle","District"
47491,152,"MAR","Morocco",6,"Guelmim - Es-Semara",17,"Tata",137,"Foum Zguid","","","Cercle","District"
47492,152,"MAR","Morocco",6,"Guelmim - Es-Semara",17,"Tata",138,"NA (Akka)","","","Unknown","Unknown"
47493,152,"MAR","Morocco",6,"Guelmim - Es-Semara",17,"Tata",139,"NA (Fam El Hisn)","","","Unknown","Unknown"
47494,152,"MAR","Morocco",6,"Guelmim - Es-Semara",17,"Tata",140,"NA (Foum Zguid)","","","Unknown","Unknown"
47495,152,"MAR","Morocco",6,"Guelmim - Es-Semara",17,"Tata",141,"NA (Tata)","","","Unknown","Unknown"
47496,152,"MAR","Morocco",6,"Guelmim - Es-Semara",17,"Tata",142,"Tata","","","Cercle","District"
47497,152,"MAR","Morocco",7,"Laâyoune - Boujdour - Sakia El Hamra",18,"Laâyoune",143,"Tarfaya","","","Cercle","District"
47498,152,"MAR","Morocco",8,"Marrakech - Tensift - Al Haouz",19,"Al Haouz",144,"Ait Ourir","","","Cercle","District"
47499,152,"MAR","Morocco",8,"Marrakech - Tensift - Al Haouz",19,"Al Haouz",145,"Amizmiz","","","Cercle","District"
47500,152,"MAR","Morocco",8,"Marrakech - Tensift - Al Haouz",19,"Al Haouz",146,"Asni","","","Cercle","District"
47501,152,"MAR","Morocco",8,"Marrakech - Tensift - Al Haouz",19,"Al Haouz",147,"NA (Ait Ourir)","","","Unknown","Unknown"
47502,152,"MAR","Morocco",8,"Marrakech - Tensift - Al Haouz",19,"Al Haouz",148,"Tahannaout","","","Cercle","District"
47503,152,"MAR","Morocco",8,"Marrakech - Tensift - Al Haouz",20,"Chichaoua",149,"Chichaoua","","","Cercle","District"
47504,152,"MAR","Morocco",8,"Marrakech - Tensift - Al Haouz",20,"Chichaoua",150,"Imintanoute","","","Cercle","District"
47505,152,"MAR","Morocco",8,"Marrakech - Tensift - Al Haouz",20,"Chichaoua",151,"Majjat","","","Cercle","District"
47506,152,"MAR","Morocco",8,"Marrakech - Tensift - Al Haouz",20,"Chichaoua",152,"Mtouga","","","Cercle","District"
47507,152,"MAR","Morocco",8,"Marrakech - Tensift - Al Haouz",20,"Chichaoua",153,"NA (Chichaoua)","","","Unknown","Unknown"
47508,152,"MAR","Morocco",8,"Marrakech - Tensift - Al Haouz",20,"Chichaoua",154,"NA (Imintanoute)","","","Unknown","Unknown"
47509,152,"MAR","Morocco",8,"Marrakech - Tensift - Al Haouz",21,"El Kelaâ des Sraghna",155,"El Kelaa Sr","","","Cercle","District"
47510,152,"MAR","Morocco",8,"Marrakech - Tensift - Al Haouz",21,"El Kelaâ des Sraghna",156,"Laattaouia","","","Cercle","District"
47511,152,"MAR","Morocco",8,"Marrakech - Tensift - Al Haouz",21,"El Kelaâ des Sraghna",157,"NA (Ben Guerir)","","","Unknown","Unknown"
47512,152,"MAR","Morocco",8,"Marrakech - Tensift - Al Haouz",21,"El Kelaâ des Sraghna",158,"NA (Kelaat Sraghna)","","","Unknown","Unknown"
47513,152,"MAR","Morocco",8,"Marrakech - Tensift - Al Haouz",21,"El Kelaâ des Sraghna",159,"NA (Laataouia)","","","Unknown","Unknown"
47514,152,"MAR","Morocco",8,"Marrakech - Tensift - Al Haouz",21,"El Kelaâ des Sraghna",160,"NA (Sidi Rahhal)","","","Unknown","Unknown"
47515,152,"MAR","Morocco",8,"Marrakech - Tensift - Al Haouz",21,"El Kelaâ des Sraghna",161,"NA (Tamallalt)","","","Unknown","Unknown"
47516,152,"MAR","Morocco",8,"Marrakech - Tensift - Al Haouz",21,"El Kelaâ des Sraghna",162,"Rehamna","","","Cercle","District"
47517,152,"MAR","Morocco",8,"Marrakech - Tensift - Al Haouz",21,"El Kelaâ des Sraghna",163,"Sidi Bou Ot","","","Cercle","District"
47518,152,"MAR","Morocco",8,"Marrakech - Tensift - Al Haouz",22,"Essaouira",164,"Essaouira","","","Cercle","District"
47519,152,"MAR","Morocco",8,"Marrakech - Tensift - Al Haouz",22,"Essaouira",165,"NA (Ait Daoud)","","","Unknown","Unknown"
47520,152,"MAR","Morocco",8,"Marrakech - Tensift - Al Haouz",22,"Essaouira",166,"NA (El Hanchane)","","","Unknown","Unknown"
47521,152,"MAR","Morocco",8,"Marrakech - Tensift - Al Haouz",22,"Essaouira",167,"NA (Essaouira)","","","Unknown","Unknown"
47522,152,"MAR","Morocco",8,"Marrakech - Tensift - Al Haouz",22,"Essaouira",168,"NA (Talmest)","","","Unknown","Unknown"
47523,152,"MAR","Morocco",8,"Marrakech - Tensift - Al Haouz",22,"Essaouira",169,"NA (Tamanar)","","","Unknown","Unknown"
47524,152,"MAR","Morocco",8,"Marrakech - Tensift - Al Haouz",22,"Essaouira",170,"Tamanar","","","Cercle","District"
47525,152,"MAR","Morocco",8,"Marrakech - Tensift - Al Haouz",23,"Marrakech",171,"Bour","","","Cercle","District"
47526,152,"MAR","Morocco",8,"Marrakech - Tensift - Al Haouz",23,"Marrakech",172,"Loudaya","","","Cercle","District"
47527,152,"MAR","Morocco",8,"Marrakech - Tensift - Al Haouz",23,"Marrakech",173,"NA (Annakhil)","","","Unknown","Unknown"
47528,152,"MAR","Morocco",8,"Marrakech - Tensift - Al Haouz",23,"Marrakech",174,"NA (Machouar Kasba)","","","Unknown","Unknown"
47529,152,"MAR","Morocco",8,"Marrakech - Tensift - Al Haouz",23,"Marrakech",175,"NA (Marrakech Medina)","","","Unknown","Unknown"
47530,152,"MAR","Morocco",8,"Marrakech - Tensift - Al Haouz",23,"Marrakech",176,"NA (Menara Gueliz)","","","Unknown","Unknown"
47531,152,"MAR","Morocco",8,"Marrakech - Tensift - Al Haouz",23,"Marrakech",177,"NA (Sidi Youssef Ben Ali)","","","Unknown","Unknown"
47532,152,"MAR","Morocco",9,"Meknès - Tafilalet",24,"El Hajeb",178,"Agourai","","","Cercle","District"
47533,152,"MAR","Morocco",9,"Meknès - Tafilalet",24,"El Hajeb",179,"Ain Taoujda","","","Cercle","District"
47534,152,"MAR","Morocco",9,"Meknès - Tafilalet",24,"El Hajeb",180,"El Hajeb","","","Cercle","District"
47535,152,"MAR","Morocco",9,"Meknès - Tafilalet",24,"El Hajeb",181,"NA (Agourai)","","","Unknown","Unknown"
47536,152,"MAR","Morocco",9,"Meknès - Tafilalet",24,"El Hajeb",182,"NA (Ain Taoujdate)","","","Unknown","Unknown"
47537,152,"MAR","Morocco",9,"Meknès - Tafilalet",24,"El Hajeb",183,"NA (El Hajeb)","","","Unknown","Unknown"
47538,152,"MAR","Morocco",9,"Meknès - Tafilalet",24,"El Hajeb",184,"NA (Sbaa Aiyoun)","","","Unknown","Unknown"
47539,152,"MAR","Morocco",9,"Meknès - Tafilalet",25,"Errachidia",185,"Arfoud","","","Cercle","District"
47540,152,"MAR","Morocco",9,"Meknès - Tafilalet",25,"Errachidia",186,"Assoul","","","Cercle","District"
47541,152,"MAR","Morocco",9,"Meknès - Tafilalet",25,"Errachidia",187,"Errachidia","","","Cercle","District"
47542,152,"MAR","Morocco",9,"Meknès - Tafilalet",25,"Errachidia",188,"Errich","","","Cercle","District"
47543,152,"MAR","Morocco",9,"Meknès - Tafilalet",25,"Errachidia",189,"Errissani","","","Cercle","District"
47544,152,"MAR","Morocco",9,"Meknès - Tafilalet",25,"Errachidia",190,"Goulmima","","","Cercle","District"
47545,152,"MAR","Morocco",9,"Meknès - Tafilalet",25,"Errachidia",191,"Imilchil","","","Cercle","District"
47546,152,"MAR","Morocco",9,"Meknès - Tafilalet",25,"Errachidia",192,"NA (Arfoud)","","","Unknown","Unknown"
47547,152,"MAR","Morocco",9,"Meknès - Tafilalet",25,"Errachidia",193,"NA (Boudnib)","","","Unknown","Unknown"
47548,152,"MAR","Morocco",9,"Meknès - Tafilalet",25,"Errachidia",194,"NA (Errachidia)","","","Unknown","Unknown"
47549,152,"MAR","Morocco",9,"Meknès - Tafilalet",25,"Errachidia",195,"NA (Errich)","","","Unknown","Unknown"
47550,152,"MAR","Morocco",9,"Meknès - Tafilalet",28,"Meknès",216,"NA (Moulay Idriss Zerhoun)","","","Unknown","Unknown"
47551,152,"MAR","Morocco",9,"Meknès - Tafilalet",28,"Meknès",217,"NA (Ouislane)","","","Unknown","Unknown"
47552,152,"MAR","Morocco",9,"Meknès - Tafilalet",28,"Meknès",218,"NA (Toulal)","","","Unknown","Unknown"
47553,152,"MAR","Morocco",9,"Meknès - Tafilalet",28,"Meknès",219,"Zerhoun","","","Cercle","District"
47554,152,"MAR","Morocco",10,"Oriental",29,"Berkane Taourirt",220,"Ahfir","","","Cercle","District"
47555,152,"MAR","Morocco",10,"Oriental",29,"Berkane Taourirt",221,"Aklim","","","Cercle","District"
47556,152,"MAR","Morocco",10,"Oriental",29,"Berkane Taourirt",222,"El Aioun","","","Cercle","District"
47557,152,"MAR","Morocco",10,"Oriental",29,"Berkane Taourirt",223,"NA (Ahfir)","","","Unknown","Unknown"
47558,152,"MAR","Morocco",10,"Oriental",29,"Berkane Taourirt",224,"NA (Ain Erreggada)","","","Unknown","Unknown"
47559,152,"MAR","Morocco",10,"Oriental",29,"Berkane Taourirt",225,"NA (Aklim)","","","Unknown","Unknown"
47560,152,"MAR","Morocco",10,"Oriental",29,"Berkane Taourirt",226,"NA (Berkane)","","","Unknown","Unknown"
47561,152,"MAR","Morocco",10,"Oriental",29,"Berkane Taourirt",227,"NA (El Aioun Sidi Mellouk)","","","Unknown","Unknown"
47562,152,"MAR","Morocco",10,"Oriental",29,"Berkane Taourirt",228,"NA (Saidia)","","","Unknown","Unknown"
47563,152,"MAR","Morocco",10,"Oriental",29,"Berkane Taourirt",229,"NA (Sidi Slimane Echcherraa)","","","Unknown","Unknown"
47564,152,"MAR","Morocco",10,"Oriental",29,"Berkane Taourirt",230,"NA (Taourirt)","","","Unknown","Unknown"
47565,152,"MAR","Morocco",10,"Oriental",29,"Berkane Taourirt",231,"Taourirt","","","Cercle","District"
47566,152,"MAR","Morocco",10,"Oriental",30,"Figuig",232,"Bni Tadjite","","","Cercle","District"
47567,152,"MAR","Morocco",10,"Oriental",30,"Figuig",233,"Figuig","","","Cercle","District"
47568,152,"MAR","Morocco",10,"Oriental",30,"Figuig",234,"NA (Bouarfa)","","","Unknown","Unknown"
47569,152,"MAR","Morocco",10,"Oriental",30,"Figuig",235,"NA (Figuig)","","","Unknown","Unknown"
47570,152,"MAR","Morocco",10,"Oriental",31,"Jerada",236,"Ain Bni Mat","","","Cercle","District"
47571,152,"MAR","Morocco",10,"Oriental",31,"Jerada",237,"Debdou","","","Cercle","District"
47572,152,"MAR","Morocco",10,"Oriental",31,"Jerada",238,"Jerada Banl","","","Cercle","District"
47573,152,"MAR","Morocco",10,"Oriental",31,"Jerada",239,"NA (Ain Bni Mathar)","","","Unknown","Unknown"
47574,152,"MAR","Morocco",10,"Oriental",31,"Jerada",240,"NA (Debdou)","","","Unknown","Unknown"
47575,152,"MAR","Morocco",10,"Oriental",31,"Jerada",241,"NA (Jrada)","","","Unknown","Unknown"
47576,152,"MAR","Morocco",10,"Oriental",31,"Jerada",242,"NA (Touissit)","","","Unknown","Unknown"
47577,152,"MAR","Morocco",10,"Oriental",32,"Nador",243,"Driouch","","","Cercle","District"
47578,152,"MAR","Morocco",10,"Oriental",32,"Nador",244,"Guelaia","","","Cercle","District"
47579,152,"MAR","Morocco",10,"Oriental",32,"Nador",245,"Louta","","","Cercle","District"
47580,152,"MAR","Morocco",10,"Oriental",32,"Nador",246,"NA (Al Aaroui)","","","Unknown","Unknown"
47581,152,"MAR","Morocco",10,"Oriental",32,"Nador",247,"NA (Bni Ansar)","","","Unknown","Unknown"
47582,152,"MAR","Morocco",10,"Oriental",32,"Nador",248,"NA (Nador)","","","Unknown","Unknown"
47583,152,"MAR","Morocco",10,"Oriental",32,"Nador",249,"NA (Zaio)","","","Unknown","Unknown"
47584,152,"MAR","Morocco",10,"Oriental",32,"Nador",250,"NA (Zeghanghane)","","","Unknown","Unknown"
47585,152,"MAR","Morocco",10,"Oriental",32,"Nador",251,"Rif","","","Cercle","District"
47586,152,"MAR","Morocco",10,"Oriental",33,"Oujda Angad",252,"NA (Bni Drar)","","","Unknown","Unknown"
47587,152,"MAR","Morocco",10,"Oriental",33,"Oujda Angad",253,"NA (Neima)","","","Unknown","Unknown"
47588,152,"MAR","Morocco",10,"Oriental",33,"Oujda Angad",254,"NA (Ouad Ennachef Sidi Maafa)","","","Unknown","Unknown"
47589,152,"MAR","Morocco",10,"Oriental",33,"Oujda Angad",255,"NA (Oujda Sidi Ziane)","","","Unknown","Unknown"
47590,152,"MAR","Morocco",10,"Oriental",33,"Oujda Angad",256,"NA (Sidi Driss El Qadi)","","","Unknown","Unknown"
47591,152,"MAR","Morocco",10,"Oriental",33,"Oujda Angad",257,"NA (Sidi Yahya)","","","Unknown","Unknown"
47592,152,"MAR","Morocco",10,"Oriental",33,"Oujda Angad",258,"Oujda Banli","","","Cercle","District"
47593,152,"MAR","Morocco",11,"Rabat - Salé - Zemmour - Zaer",34,"Khémisset",259,"Khemisset","","","Cercle","District"
47594,152,"MAR","Morocco",11,"Rabat - Salé - Zemmour - Zaer",34,"Khémisset",260,"NA (Khemisset)","","","Unknown","Unknown"
47595,152,"MAR","Morocco",11,"Rabat - Salé - Zemmour - Zaer",34,"Khémisset",261,"NA (Rommani)","","","Unknown","Unknown"
47596,152,"MAR","Morocco",11,"Rabat - Salé - Zemmour - Zaer",34,"Khémisset",262,"NA (Tiflet)","","","Unknown","Unknown"
47597,152,"MAR","Morocco",11,"Rabat - Salé - Zemmour - Zaer",34,"Khémisset",263,"Oulmes","","","Cercle","District"
47598,152,"MAR","Morocco",11,"Rabat - Salé - Zemmour - Zaer",34,"Khémisset",264,"Rommani","","","Cercle","District"
47599,152,"MAR","Morocco",11,"Rabat - Salé - Zemmour - Zaer",34,"Khémisset",265,"Tiflet","","","Cercle","District"
47600,152,"MAR","Morocco",11,"Rabat - Salé - Zemmour - Zaer",35,"Rabat",266,"NA (Agdal Riyad)","","","Unknown","Unknown"
47601,152,"MAR","Morocco",11,"Rabat - Salé - Zemmour - Zaer",35,"Rabat",267,"NA (El Youssoufia)","","","Unknown","Unknown"
47602,152,"MAR","Morocco",11,"Rabat - Salé - Zemmour - Zaer",35,"Rabat",268,"NA (Rabat Hassan)","","","Unknown","Unknown"
47603,152,"MAR","Morocco",11,"Rabat - Salé - Zemmour - Zaer",35,"Rabat",269,"NA (Touarga)","","","Unknown","Unknown"
47604,152,"MAR","Morocco",11,"Rabat - Salé - Zemmour - Zaer",35,"Rabat",270,"NA (Yacoub El Mansour)","","","Unknown","Unknown"
47605,152,"MAR","Morocco",11,"Rabat - Salé - Zemmour - Zaer",36,"Salé",271,"NA (Hssaine)","","","Unknown","Unknown"
47606,152,"MAR","Morocco",11,"Rabat - Salé - Zemmour - Zaer",36,"Salé",272,"NA (Sale Bab Lamrissa)","","","Unknown","Unknown"
47607,152,"MAR","Morocco",11,"Rabat - Salé - Zemmour - Zaer",36,"Salé",273,"NA (Sale Bettana)","","","Unknown","Unknown"
47608,152,"MAR","Morocco",11,"Rabat - Salé - Zemmour - Zaer",36,"Salé",274,"NA (Sale Laayayda)","","","Unknown","Unknown"
47609,152,"MAR","Morocco",11,"Rabat - Salé - Zemmour - Zaer",36,"Salé",275,"NA (Sale Tabriquet)","","","Unknown","Unknown"
47610,152,"MAR","Morocco",11,"Rabat - Salé - Zemmour - Zaer",36,"Salé",276,"Sale Banlie","","","Cercle","District"
47611,152,"MAR","Morocco",11,"Rabat - Salé - Zemmour - Zaer",37,"Skhirate-Témara",277,"Ain El Aoud","","","Cercle","District"
47612,152,"MAR","Morocco",11,"Rabat - Salé - Zemmour - Zaer",37,"Skhirate-Témara",278,"NA (Ain El Aouda)","","","Unknown","Unknown"
47613,152,"MAR","Morocco",11,"Rabat - Salé - Zemmour - Zaer",37,"Skhirate-Témara",279,"NA (Harhoura)","","","Unknown","Unknown"
47614,152,"MAR","Morocco",11,"Rabat - Salé - Zemmour - Zaer",37,"Skhirate-Témara",280,"NA (Skhirate)","","","Unknown","Unknown"
47615,152,"MAR","Morocco",11,"Rabat - Salé - Zemmour - Zaer",37,"Skhirate-Témara",281,"NA (Temara)","","","Unknown","Unknown"
47616,152,"MAR","Morocco",11,"Rabat - Salé - Zemmour - Zaer",37,"Skhirate-Témara",282,"Temara","","","Cercle","District"
47617,152,"MAR","Morocco",12,"Souss - Massa - Draâ",38,"Agadir-Ida ou Tanane",283,"Agadir Banl","","","Cercle","District"
47618,152,"MAR","Morocco",12,"Souss - Massa - Draâ",38,"Agadir-Ida ou Tanane",284,"NA (Agadir)","","","Unknown","Unknown"
47619,152,"MAR","Morocco",12,"Souss - Massa - Draâ",38,"Agadir-Ida ou Tanane",285,"NA (Anza)","","","Unknown","Unknown"
47620,152,"MAR","Morocco",12,"Souss - Massa - Draâ",38,"Agadir-Ida ou Tanane",286,"NA (Bensergao)","","","Unknown","Unknown"
47621,152,"MAR","Morocco",12,"Souss - Massa - Draâ",38,"Agadir-Ida ou Tanane",287,"NA (Tikouine)","","","Unknown","Unknown"
47622,152,"MAR","Morocco",12,"Souss - Massa - Draâ",39,"Chtouka-Aït Baha",288,"Ait Baha","","","Cercle","District"
47623,152,"MAR","Morocco",12,"Souss - Massa - Draâ",39,"Chtouka-Aït Baha",289,"Belfaa Mass","","","Cercle","District"
47624,152,"MAR","Morocco",12,"Souss - Massa - Draâ",39,"Chtouka-Aït Baha",290,"Biougra","","","Cercle","District"
47625,152,"MAR","Morocco",12,"Souss - Massa - Draâ",39,"Chtouka-Aït Baha",291,"NA (Ait Baha)","","","Unknown","Unknown"
47626,152,"MAR","Morocco",12,"Souss - Massa - Draâ",39,"Chtouka-Aït Baha",292,"NA (Biougra)","","","Unknown","Unknown"
47627,152,"MAR","Morocco",12,"Souss - Massa - Draâ",40,"Inezgane-Aït Melloul",293,"Ait Melloul","","","Cercle","District"
47628,152,"MAR","Morocco",12,"Souss - Massa - Draâ",40,"Inezgane-Aït Melloul",294,"NA (Ait Melloul)","","","Unknown","Unknown"
47629,152,"MAR","Morocco",12,"Souss - Massa - Draâ",40,"Inezgane-Aït Melloul",295,"NA (Dcheira El Jihadia)","","","Unknown","Unknown"
47630,152,"MAR","Morocco",12,"Souss - Massa - Draâ",40,"Inezgane-Aït Melloul",296,"NA (Inezgane)","","","Unknown","Unknown"
47631,152,"MAR","Morocco",12,"Souss - Massa - Draâ",41,"Ouarzazate",297,"Amerzgane","","","Cercle","District"
47632,152,"MAR","Morocco",12,"Souss - Massa - Draâ",41,"Ouarzazate",298,"Boumalne Da","","","Cercle","District"
47633,152,"MAR","Morocco",12,"Souss - Massa - Draâ",41,"Ouarzazate",299,"NA (Boumalne Dades)","","","Unknown","Unknown"
47634,152,"MAR","Morocco",12,"Souss - Massa - Draâ",41,"Ouarzazate",300,"NA (Kalaat M'Gouna)","","","Unknown","Unknown"
47635,152,"MAR","Morocco",12,"Souss - Massa - Draâ",41,"Ouarzazate",301,"NA (Ouarzazate)","","","Unknown","Unknown"
47636,152,"MAR","Morocco",12,"Souss - Massa - Draâ",41,"Ouarzazate",302,"NA (Taznakht)","","","Unknown","Unknown"
47637,152,"MAR","Morocco",12,"Souss - Massa - Draâ",41,"Ouarzazate",303,"NA (Tinghir)","","","Unknown","Unknown"
47638,152,"MAR","Morocco",12,"Souss - Massa - Draâ",41,"Ouarzazate",304,"Ouarzazate","","","Cercle","District"
47639,152,"MAR","Morocco",12,"Souss - Massa - Draâ",41,"Ouarzazate",305,"Zagora","","","Cercle","District"
47640,152,"MAR","Morocco",12,"Souss - Massa - Draâ",42,"Taroudannt",306,"Igherm","","","Cercle","District"
47641,152,"MAR","Morocco",12,"Souss - Massa - Draâ",42,"Taroudannt",307,"NA (Ait Iaaza)","","","Unknown","Unknown"
47642,152,"MAR","Morocco",12,"Souss - Massa - Draâ",42,"Taroudannt",308,"NA (El Guerdane)","","","Unknown","Unknown"
47643,152,"MAR","Morocco",12,"Souss - Massa - Draâ",42,"Taroudannt",309,"NA (Igherm)","","","Unknown","Unknown"
47644,152,"MAR","Morocco",12,"Souss - Massa - Draâ",42,"Taroudannt",310,"NA (Oulad Berhil)","","","Unknown","Unknown"
47645,152,"MAR","Morocco",12,"Souss - Massa - Draâ",42,"Taroudannt",311,"NA (Oulad Teima)","","","Unknown","Unknown"
47646,152,"MAR","Morocco",12,"Souss - Massa - Draâ",42,"Taroudannt",312,"NA (Taliouine)","","","Unknown","Unknown"
47647,152,"MAR","Morocco",12,"Souss - Massa - Draâ",42,"Taroudannt",313,"NA (Taroudannt)","","","Unknown","Unknown"
47648,152,"MAR","Morocco",12,"Souss - Massa - Draâ",42,"Taroudannt",314,"Oulad Berhi","","","Cercle","District"
47649,152,"MAR","Morocco",12,"Souss - Massa - Draâ",42,"Taroudannt",315,"Oulad Teima","","","Cercle","District"
47650,152,"MAR","Morocco",12,"Souss - Massa - Draâ",42,"Taroudannt",316,"Taliouine","","","Cercle","District"
47651,152,"MAR","Morocco",12,"Souss - Massa - Draâ",42,"Taroudannt",317,"Taroudannt","","","Cercle","District"
47652,152,"MAR","Morocco",12,"Souss - Massa - Draâ",43,"Tiznit",318,"Anezi","","","Cercle","District"
47653,152,"MAR","Morocco",12,"Souss - Massa - Draâ",43,"Tiznit",319,"Ifni","","","Cercle","District"
47654,152,"MAR","Morocco",12,"Souss - Massa - Draâ",43,"Tiznit",320,"Lakhsas","","","Cercle","District"
47655,152,"MAR","Morocco",12,"Souss - Massa - Draâ",43,"Tiznit",321,"NA (Lakhsas)","","","Unknown","Unknown"
47656,152,"MAR","Morocco",12,"Souss - Massa - Draâ",43,"Tiznit",322,"NA (Sidi Ifni)","","","Unknown","Unknown"
47657,152,"MAR","Morocco",12,"Souss - Massa - Draâ",43,"Tiznit",323,"NA (Tafraout)","","","Unknown","Unknown"
47658,152,"MAR","Morocco",12,"Souss - Massa - Draâ",43,"Tiznit",324,"NA (Tiznit)","","","Unknown","Unknown"
47659,152,"MAR","Morocco",12,"Souss - Massa - Draâ",43,"Tiznit",325,"Tafraout","","","Cercle","District"
47660,152,"MAR","Morocco",12,"Souss - Massa - Draâ",43,"Tiznit",326,"Tiznit","","","Cercle","District"
47661,152,"MAR","Morocco",12,"Souss - Massa - Draâ",44,"Zagora",327,"NA (Agdz)","","","Unknown","Unknown"
47662,152,"MAR","Morocco",12,"Souss - Massa - Draâ",44,"Zagora",328,"NA (Zagora)","","","Unknown","Unknown"
47663,152,"MAR","Morocco",12,"Souss - Massa - Draâ",44,"Zagora",329,"Zagora","","","Cercle","District"
47664,152,"MAR","Morocco",13,"Tadla - Azilal",45,"Azilal",330,"Azilal","","","Cercle","District"
47665,152,"MAR","Morocco",13,"Tadla - Azilal",45,"Azilal",331,"Bzou","","","Cercle","District"
47666,152,"MAR","Morocco",13,"Tadla - Azilal",45,"Azilal",332,"Demnate","","","Cercle","District"
47667,152,"MAR","Morocco",13,"Tadla - Azilal",45,"Azilal",333,"NA (Azilal)","","","Unknown","Unknown"
47668,152,"MAR","Morocco",13,"Tadla - Azilal",45,"Azilal",334,"NA (Demnate)","","","Unknown","Unknown"
47669,152,"MAR","Morocco",13,"Tadla - Azilal",45,"Azilal",335,"Ouaouizaght","","","Cercle","District"
47670,152,"MAR","Morocco",13,"Tadla - Azilal",46,"Béni Mellal",336,"Beni Mellal","","","Cercle","District"
47671,152,"MAR","Morocco",13,"Tadla - Azilal",46,"Béni Mellal",337,"Bni Moussa","","","Cercle","District"
47672,152,"MAR","Morocco",13,"Tadla - Azilal",46,"Béni Mellal",338,"El Ksiba","","","Cercle","District"
47673,152,"MAR","Morocco",13,"Tadla - Azilal",46,"Béni Mellal",339,"Fquih Ben S","","","Cercle","District"
47674,152,"MAR","Morocco",13,"Tadla - Azilal",46,"Béni Mellal",340,"Kasba Tadla","","","Cercle","District"
47675,152,"MAR","Morocco",13,"Tadla - Azilal",46,"Béni Mellal",341,"NA (Beni Mellal)","","","Unknown","Unknown"
47676,152,"MAR","Morocco",13,"Tadla - Azilal",46,"Béni Mellal",342,"NA (El Ksiba)","","","Unknown","Unknown"
47677,152,"MAR","Morocco",13,"Tadla - Azilal",46,"Béni Mellal",343,"NA (Fquih Ben Salah)","","","Unknown","Unknown"
47678,152,"MAR","Morocco",13,"Tadla - Azilal",46,"Béni Mellal",344,"NA (Kasba Tadla)","","","Unknown","Unknown"
47679,152,"MAR","Morocco",13,"Tadla - Azilal",46,"Béni Mellal",345,"NA (Oulad Ayad)","","","Unknown","Unknown"
47680,152,"MAR","Morocco",13,"Tadla - Azilal",46,"Béni Mellal",346,"NA (Souk Sebt Oulad Nemma)","","","Unknown","Unknown"
47681,152,"MAR","Morocco",13,"Tadla - Azilal",46,"Béni Mellal",347,"NA (Zaouiat Cheikh)","","","Unknown","Unknown"
47682,152,"MAR","Morocco",14,"Tanger - Tétouan",47,"Chefchaouen",348,"Bab Berred","","","Cercle","District"
47683,152,"MAR","Morocco",14,"Tanger - Tétouan",47,"Chefchaouen",349,"Bab Taza","","","Cercle","District"
47684,152,"MAR","Morocco",14,"Tanger - Tétouan",47,"Chefchaouen",350,"Bou Ahmed","","","Cercle","District"
47685,152,"MAR","Morocco",14,"Tanger - Tétouan",47,"Chefchaouen",351,"Moqrissat","","","Cercle","District"
47686,152,"MAR","Morocco",14,"Tanger - Tétouan",47,"Chefchaouen",352,"NA (Chefchaouene)","","","Unknown","Unknown"
47687,152,"MAR","Morocco",14,"Tanger - Tétouan",48,"Fahs Anjra",353,"Fahs","","","Cercle","District"
47688,152,"MAR","Morocco",14,"Tanger - Tétouan",48,"Fahs Anjra",354,"NA (Bni Makada)","","","Unknown","Unknown"
47689,152,"MAR","Morocco",14,"Tanger - Tétouan",49,"Larache",355,"Ksar El Keb","","","Cercle","District"
47690,152,"MAR","Morocco",14,"Tanger - Tétouan",49,"Larache",356,"Larache","","","Cercle","District"
47691,152,"MAR","Morocco",14,"Tanger - Tétouan",49,"Larache",357,"NA (Ksar El Kebir)","","","Unknown","Unknown"
47692,152,"MAR","Morocco",14,"Tanger - Tétouan",49,"Larache",358,"NA (Larache)","","","Unknown","Unknown"
47693,152,"MAR","Morocco",14,"Tanger - Tétouan",50,"Tanger-Assilah",359,"Assilah","","","Cercle","District"
47694,152,"MAR","Morocco",14,"Tanger - Tétouan",50,"Tanger-Assilah",360,"Boukhalef","","","Cercle","District"
47695,152,"MAR","Morocco",14,"Tanger - Tétouan",50,"Tanger-Assilah",361,"NA (Assilah)","","","Unknown","Unknown"
47696,152,"MAR","Morocco",14,"Tanger - Tétouan",50,"Tanger-Assilah",362,"NA (Charf)","","","Unknown","Unknown"
47697,152,"MAR","Morocco",14,"Tanger - Tétouan",50,"Tanger-Assilah",363,"NA (Tanger)","","","Unknown","Unknown"
47698,152,"MAR","Morocco",14,"Tanger - Tétouan",51,"Tétouan",364,"Jebala","","","Cercle","District"
47699,152,"MAR","Morocco",14,"Tanger - Tétouan",51,"Tétouan",365,"NA (Fnidq)","","","Unknown","Unknown"
47700,152,"MAR","Morocco",14,"Tanger - Tétouan",51,"Tétouan",366,"NA (M'Diq)","","","Unknown","Unknown"
47701,152,"MAR","Morocco",14,"Tanger - Tétouan",51,"Tétouan",367,"NA (Martil)","","","Unknown","Unknown"
47702,152,"MAR","Morocco",14,"Tanger - Tétouan",51,"Tétouan",368,"NA (Ouad Laou)","","","Unknown","Unknown"
47703,152,"MAR","Morocco",14,"Tanger - Tétouan",51,"Tétouan",369,"NA (Tetouan Al Azhar)","","","Unknown","Unknown"
47704,152,"MAR","Morocco",14,"Tanger - Tétouan",51,"Tétouan",370,"NA (Tetouan Sidi Al Mandri)","","","Unknown","Unknown"
47705,152,"MAR","Morocco",14,"Tanger - Tétouan",51,"Tétouan",371,"Tetouan","","","Cercle","District"
47706,152,"MAR","Morocco",15,"Taza - Al Hoceima - Taounate",52,"Al Hoceïma",372,"Bni Boufrah","","","Cercle","District"
47707,152,"MAR","Morocco",15,"Taza - Al Hoceima - Taounate",52,"Al Hoceïma",373,"Bni Ouriagh","","","Cercle","District"
47708,152,"MAR","Morocco",15,"Taza - Al Hoceima - Taounate",52,"Al Hoceïma",374,"NA (Al Hoceima)","","","Unknown","Unknown"
47709,152,"MAR","Morocco",15,"Taza - Al Hoceima - Taounate",52,"Al Hoceïma",375,"NA (Bni Bouayach)","","","Unknown","Unknown"
47710,152,"MAR","Morocco",15,"Taza - Al Hoceima - Taounate",52,"Al Hoceïma",376,"NA (Imzouren)","","","Unknown","Unknown"
47711,152,"MAR","Morocco",15,"Taza - Al Hoceima - Taounate",52,"Al Hoceïma",377,"NA (Targuist)","","","Unknown","Unknown"
47712,152,"MAR","Morocco",15,"Taza - Al Hoceima - Taounate",52,"Al Hoceïma",378,"Targuist","","","Cercle","District"
47713,152,"MAR","Morocco",15,"Taza - Al Hoceima - Taounate",53,"Taounate",379,"Ghafsai","","","Cercle","District"
47714,152,"MAR","Morocco",15,"Taza - Al Hoceima - Taounate",53,"Taounate",380,"Kariat Ba M","","","Cercle","District"
47715,152,"MAR","Morocco",15,"Taza - Al Hoceima - Taounate",53,"Taounate",381,"NA (Ghafsai)","","","Unknown","Unknown"
47716,152,"MAR","Morocco",15,"Taza - Al Hoceima - Taounate",53,"Taounate",382,"NA (Kariat Ba Mohamed)","","","Unknown","Unknown"
47717,152,"MAR","Morocco",15,"Taza - Al Hoceima - Taounate",53,"Taounate",383,"NA (Taouante)","","","Unknown","Unknown"
47718,152,"MAR","Morocco",15,"Taza - Al Hoceima - Taounate",53,"Taounate",384,"NA (Thar Essouk)","","","Unknown","Unknown"
47719,152,"MAR","Morocco",15,"Taza - Al Hoceima - Taounate",53,"Taounate",385,"NA (Tissa)","","","Unknown","Unknown"
47720,152,"MAR","Morocco",15,"Taza - Al Hoceima - Taounate",53,"Taounate",386,"Taounate","","","Cercle","District"
47721,152,"MAR","Morocco",15,"Taza - Al Hoceima - Taounate",53,"Taounate",387,"Tissa","","","Cercle","District"
47722,152,"MAR","Morocco",15,"Taza - Al Hoceima - Taounate",54,"Taza",388,"Aknoul","","","Cercle","District"
47723,152,"MAR","Morocco",15,"Taza - Al Hoceima - Taounate",54,"Taza",389,"Guercif","","","Cercle","District"
47724,152,"MAR","Morocco",15,"Taza - Al Hoceima - Taounate",54,"Taza",390,"NA (Aknoul)","","","Unknown","Unknown"
