"PID","ID_0","ISO","NAME_0","ID_1","NAME_1","ID_2","NAME_2","NL_NAME_2","VARNAME_2","TYPE_2","ENGTYPE_2"
24026,152,"MAR","Morocco",1,"Chaouia - Ouardigha",1,"Ben Slimane","","","Province","Province"
24027,152,"MAR","Morocco",1,"Chaouia - Ouardigha",2,"Khouribga","","","Province","Province"
24028,152,"MAR","Morocco",1,"Chaouia - Ouardigha",3,"Settat","","","Province","Province"
24029,152,"MAR","Morocco",2,"Doukkala - Abda",4,"El Jadida","","","Province","Province"
24030,152,"MAR","Morocco",2,"Doukkala - Abda",5,"Safi","","","Province","Province"
24031,152,"MAR","Morocco",3,"Fès - Boulemane",6,"Boulemane","","","Province","Province"
24032,152,"MAR","Morocco",3,"Fès - Boulemane",7,"Fès","","Fès-Dar-Dbibegh","Province","Province"
24033,152,"MAR","Morocco",3,"Fès - Boulemane",8,"Sefrou","","","Prefecture","Prefecture"
24034,152,"MAR","Morocco",3,"Fès - Boulemane",9,"Zouagha-Moulay Yacoub","","","Prefecture","Prefecture"
24035,152,"MAR","Morocco",4,"Gharb - Chrarda - Béni Hssen",10,"Kénitra","","Kenitra","Province","Province"
24036,152,"MAR","Morocco",4,"Gharb - Chrarda - Béni Hssen",11,"Sidi Kacem","","","Province","Province"
24037,152,"MAR","Morocco",5,"Grand Casablanca",12,"Casablanca","","","Prefecture","Prefecture"
24038,152,"MAR","Morocco",5,"Grand Casablanca",13,"Mohammedia","","","Prefecture","Prefecture"
24039,152,"MAR","Morocco",6,"Guelmim - Es-Semara",14,"Assa-Zag","","","Province","Province"
24040,152,"MAR","Morocco",6,"Guelmim - Es-Semara",15,"Guelmim","","","Province","Province"
24041,152,"MAR","Morocco",6,"Guelmim - Es-Semara",16,"Tan-Tan","","","Province","Province"
24042,152,"MAR","Morocco",6,"Guelmim - Es-Semara",17,"Tata","","","Province","Province"
24043,152,"MAR","Morocco",7,"Laâyoune - Boujdour - Sakia El Hamra",18,"Laâyoune","","Laayoune","Province","Province"
24044,152,"MAR","Morocco",8,"Marrakech - Tensift - Al Haouz",19,"Al Haouz","","","Province","Province"
24045,152,"MAR","Morocco",8,"Marrakech - Tensift - Al Haouz",20,"Chichaoua","","","Province","Province"
24046,152,"MAR","Morocco",8,"Marrakech - Tensift - Al Haouz",21,"El Kelaâ des Sraghna","","El Kelaa Sraghna","Province","Province"
24047,152,"MAR","Morocco",8,"Marrakech - Tensift - Al Haouz",22,"Essaouira","","","Province","Province"
24048,152,"MAR","Morocco",8,"Marrakech - Tensift - Al Haouz",23,"Marrakech","","","Prefecture","Prefecture"
24049,152,"MAR","Morocco",9,"Meknès - Tafilalet",24,"El Hajeb","","","Province","Province"
24050,152,"MAR","Morocco",9,"Meknès - Tafilalet",25,"Errachidia","","","Province","Province"
24051,152,"MAR","Morocco",9,"Meknès - Tafilalet",26,"Ifrane","","","Province","Province"
24052,152,"MAR","Morocco",9,"Meknès - Tafilalet",27,"Khénifra","","Khenifra","Province","Province"
24053,152,"MAR","Morocco",9,"Meknès - Tafilalet",28,"Meknès","","","Prefecture","Prefecture"
24054,152,"MAR","Morocco",10,"Oriental",29,"Berkane Taourirt","","","Province","Province"
24055,152,"MAR","Morocco",10,"Oriental",30,"Figuig","","","Province","Province"
24056,152,"MAR","Morocco",10,"Oriental",31,"Jerada","","Jrada","Province","Province"
24057,152,"MAR","Morocco",10,"Oriental",32,"Nador","","","Province","Province"
24058,152,"MAR","Morocco",10,"Oriental",33,"Oujda Angad","","","Province","Province"
24059,152,"MAR","Morocco",11,"Rabat - Salé - Zemmour - Zaer",34,"Khémisset","","Khemisset","Province","Province"
24060,152,"MAR","Morocco",11,"Rabat - Salé - Zemmour - Zaer",35,"Rabat","","","Prefecture","Prefecture"
24061,152,"MAR","Morocco",11,"Rabat - Salé - Zemmour - Zaer",36,"Salé","Sale","","Prefecture","Prefecture"
24062,152,"MAR","Morocco",11,"Rabat - Salé - Zemmour - Zaer",37,"Skhirate-Témara","","Skhirate-Temara","Prefecture","Prefecture"
24063,152,"MAR","Morocco",12,"Souss - Massa - Draâ",38,"Agadir-Ida ou Tanane","","Agadir Ida Ou Tanane","Prefecture","Prefecture"
24064,152,"MAR","Morocco",12,"Souss - Massa - Draâ",39,"Chtouka-Aït Baha","","Chtouka Ait Baha","Province","Province"
24065,152,"MAR","Morocco",12,"Souss - Massa - Draâ",40,"Inezgane-Aït Melloul","","Inezgane Ait Melloul","Prefecture","Prefecture"
24066,152,"MAR","Morocco",12,"Souss - Massa - Draâ",41,"Ouarzazate","","","Province","Province"
24067,152,"MAR","Morocco",12,"Souss - Massa - Draâ",42,"Taroudannt","","","Province","Province"
24068,152,"MAR","Morocco",12,"Souss - Massa - Draâ",43,"Tiznit","","","Province","Province"
24069,152,"MAR","Morocco",12,"Souss - Massa - Draâ",44,"Zagora","","","Province","Province"
24070,152,"MAR","Morocco",13,"Tadla - Azilal",45,"Azilal","","","Province","Province"
24071,152,"MAR","Morocco",13,"Tadla - Azilal",46,"Béni Mellal","","Beni Mellal","Province","Province"
24072,152,"MAR","Morocco",14,"Tanger - Tétouan",47,"Chefchaouen","","","Province","Province"
24073,152,"MAR","Morocco",14,"Tanger - Tétouan",48,"Fahs Anjra","","Fahs-Béni Makada","Prefecture","Prefecture"
24074,152,"MAR","Morocco",14,"Tanger - Tétouan",49,"Larache","","","Province","Province"
24075,152,"MAR","Morocco",14,"Tanger - Tétouan",50,"Tanger-Assilah","","","Prefecture","Prefecture"
24076,152,"MAR","Morocco",14,"Tanger - Tétouan",51,"Tétouan","","Tetouan","Prefecture","Prefecture"
24077,152,"MAR","Morocco",15,"Taza - Al Hoceima - Taounate",52,"Al Hoceïma","","Al Hoceima","Province","Province"
24078,152,"MAR","Morocco",15,"Taza - Al Hoceima - Taounate",53,"Taounate","","","Province","Province"
24079,152,"MAR","Morocco",15,"Taza - Al Hoceima - Taounate",54,"Taza","","","Province","Province"
