"PID","ID_0","ISO","NAME_0","ID_1","NAME_1","ID_2","NAME_2","NL_NAME_2","VARNAME_2","TYPE_2","ENGTYPE_2"
1,1,"AFG","Afghanistan",1,"Badakhshan",1,"Baharak","",""," "," "
2,1,"AFG","Afghanistan",1,"Badakhshan",2,"Darwaz","",""," "," "
3,1,"AFG","Afghanistan",1,"Badakhshan",3,"Fayz abad","",""," "," "
4,1,"AFG","Afghanistan",1,"Badakhshan",4,"Ishkashim","",""," "," "
5,1,"AFG","Afghanistan",1,"Badakhshan",5,"Jurm","",""," "," "
6,1,"AFG","Afghanistan",1,"Badakhshan",6,"Khwahan","",""," "," "
7,1,"AFG","Afghanistan",1,"Badakhshan",7,"Kishim","",""," "," "
8,1,"AFG","Afghanistan",1,"Badakhshan",8,"Kuran Wa Munjan","",""," "," "
9,1,"AFG","Afghanistan",1,"Badakhshan",9,"Ragh","",""," "," "
10,1,"AFG","Afghanistan",1,"Badakhshan",10,"Shahri Buzurg","",""," "," "
11,1,"AFG","Afghanistan",1,"Badakhshan",11,"Shighnan","",""," "," "
12,1,"AFG","Afghanistan",1,"Badakhshan",12,"Wakhan","",""," "," "
13,1,"AFG","Afghanistan",1,"Badakhshan",13,"Zebak","",""," "," "
14,1,"AFG","Afghanistan",2,"Badghis",14,"Ab Kamari","",""," "," "
15,1,"AFG","Afghanistan",2,"Badghis",15,"Ghormach","",""," "," "
16,1,"AFG","Afghanistan",2,"Badghis",16,"Jawand","",""," "," "
17,1,"AFG","Afghanistan",2,"Badghis",17,"Muqur","",""," "," "
18,1,"AFG","Afghanistan",2,"Badghis",18,"Murghab","",""," "," "
19,1,"AFG","Afghanistan",2,"Badghis",19,"Qadis","",""," "," "
20,1,"AFG","Afghanistan",2,"Badghis",20,"Qala-I-Naw","",""," "," "
21,1,"AFG","Afghanistan",3,"Baghlan",21,"Andarab","",""," "," "
22,1,"AFG","Afghanistan",3,"Baghlan",22,"Baghlan City","",""," "," "
23,1,"AFG","Afghanistan",3,"Baghlan",23,"Baghlani Jadid","",""," "," "
24,1,"AFG","Afghanistan",3,"Baghlan",24,"Burka","",""," "," "
25,1,"AFG","Afghanistan",3,"Baghlan",25,"Dahana-I-Ghori","",""," "," "
26,1,"AFG","Afghanistan",3,"Baghlan",26,"Doshi","",""," "," "
27,1,"AFG","Afghanistan",3,"Baghlan",27,"Kahmard","",""," "," "
28,1,"AFG","Afghanistan",3,"Baghlan",28,"Khinjan","",""," "," "
29,1,"AFG","Afghanistan",3,"Baghlan",29,"Khost Wa Firing","",""," "," "
30,1,"AFG","Afghanistan",3,"Baghlan",30,"Nahrin","",""," "," "
31,1,"AFG","Afghanistan",3,"Baghlan",31,"Puli Khumri","",""," "," "
32,1,"AFG","Afghanistan",3,"Baghlan",32,"Tala Wa Barfak","",""," "," "
33,1,"AFG","Afghanistan",4,"Balkh",33,"Balkh","",""," "," "
34,1,"AFG","Afghanistan",4,"Balkh",34,"Char Bolak","",""," "," "
35,1,"AFG","Afghanistan",4,"Balkh",35,"Charkint","",""," "," "
36,1,"AFG","Afghanistan",4,"Balkh",36,"Chimtal","",""," "," "
37,1,"AFG","Afghanistan",4,"Balkh",37,"Dawlat abad","",""," "," "
38,1,"AFG","Afghanistan",4,"Balkh",38,"Dihdadi","",""," "," "
39,1,"AFG","Afghanistan",4,"Balkh",39,"Kaldar","",""," "," "
40,1,"AFG","Afghanistan",4,"Balkh",40,"Khulm","",""," "," "
41,1,"AFG","Afghanistan",4,"Balkh",41,"Kishindih","",""," "," "
42,1,"AFG","Afghanistan",4,"Balkh",42,"Marmul","",""," "," "
43,1,"AFG","Afghanistan",4,"Balkh",43,"Mazar-i-Sharif","",""," "," "
44,1,"AFG","Afghanistan",4,"Balkh",44,"Nahri Shahi","",""," "," "
45,1,"AFG","Afghanistan",4,"Balkh",45,"Sholgara","",""," "," "
46,1,"AFG","Afghanistan",4,"Balkh",46,"Shortepa","",""," "," "
47,1,"AFG","Afghanistan",5,"Bamyan",47,"Bamyan City","",""," "," "
48,1,"AFG","Afghanistan",5,"Bamyan",48,"Panjab","",""," "," "
49,1,"AFG","Afghanistan",5,"Bamyan",49,"Shibar","",""," "," "
50,1,"AFG","Afghanistan",5,"Bamyan",50,"Waras","",""," "," "
51,1,"AFG","Afghanistan",5,"Bamyan",51,"Yakawlang","",""," "," "
52,1,"AFG","Afghanistan",6,"Farah",52,"Anar Dara","",""," "," "
53,1,"AFG","Afghanistan",6,"Farah",53,"Bakwa","",""," "," "
54,1,"AFG","Afghanistan",6,"Farah",54,"Bala Buluk","",""," "," "
55,1,"AFG","Afghanistan",6,"Farah",55,"Farah City","",""," "," "
56,1,"AFG","Afghanistan",6,"Farah",56,"Gulistan","",""," "," "
57,1,"AFG","Afghanistan",6,"Farah",57,"Khaki Safed","",""," "," "
58,1,"AFG","Afghanistan",6,"Farah",58,"Lash Wa Juwayn","",""," "," "
59,1,"AFG","Afghanistan",6,"Farah",59,"Purchaman","",""," "," "
60,1,"AFG","Afghanistan",6,"Farah",60,"Pusht Rod","",""," "," "
61,1,"AFG","Afghanistan",6,"Farah",61,"Qala-I-Kah","",""," "," "
62,1,"AFG","Afghanistan",6,"Farah",62,"Shib Koh","",""," "," "
63,1,"AFG","Afghanistan",7,"Faryab",63,"Almar","",""," "," "
64,1,"AFG","Afghanistan",7,"Faryab",64,"Andkhoy","",""," "," "
65,1,"AFG","Afghanistan",7,"Faryab",65,"Bilchiragh","",""," "," "
66,1,"AFG","Afghanistan",7,"Faryab",66,"Dawlat abad","",""," "," "
67,1,"AFG","Afghanistan",7,"Faryab",67,"Khan Char Bagh","","Khani Chahar Bagh"," "," "
68,1,"AFG","Afghanistan",7,"Faryab",68,"Khwaja Sabz Posh","","Khwaja Sabz"," "," "
69,1,"AFG","Afghanistan",7,"Faryab",69,"Kohistan","",""," "," "
70,1,"AFG","Afghanistan",7,"Faryab",70,"Maymana","",""," "," "
71,1,"AFG","Afghanistan",7,"Faryab",71,"Pashtun Kot","",""," "," "
72,1,"AFG","Afghanistan",7,"Faryab",72,"Qaram Qol","",""," "," "
73,1,"AFG","Afghanistan",7,"Faryab",73,"Qaysar","",""," "," "
74,1,"AFG","Afghanistan",7,"Faryab",74,"Shirin Tagab","",""," "," "
75,1,"AFG","Afghanistan",8,"Ghazni",75,"Ab Band","",""," "," "
76,1,"AFG","Afghanistan",8,"Ghazni",76,"Ajristan","",""," "," "
77,1,"AFG","Afghanistan",8,"Ghazni",77,"Andar","",""," "," "
78,1,"AFG","Afghanistan",8,"Ghazni",78,"Dihyak","",""," "," "
79,1,"AFG","Afghanistan",8,"Ghazni",79,"Gelan","",""," "," "
80,1,"AFG","Afghanistan",8,"Ghazni",80,"Ghazni","",""," "," "
81,1,"AFG","Afghanistan",8,"Ghazni",81,"Giro","",""," "," "
82,1,"AFG","Afghanistan",8,"Ghazni",82,"Jaghatu","",""," "," "
83,1,"AFG","Afghanistan",8,"Ghazni",83,"Jaghuri","",""," "," "
84,1,"AFG","Afghanistan",8,"Ghazni",84,"Malistan","",""," "," "
85,1,"AFG","Afghanistan",8,"Ghazni",85,"Muqur","",""," "," "
86,1,"AFG","Afghanistan",8,"Ghazni",86,"Nawa","",""," "," "
87,1,"AFG","Afghanistan",8,"Ghazni",87,"Nawur","",""," "," "
88,1,"AFG","Afghanistan",8,"Ghazni",88,"Qarabagh","",""," "," "
89,1,"AFG","Afghanistan",8,"Ghazni",89,"Zana Khan","",""," "," "
90,1,"AFG","Afghanistan",9,"Ghor",90,"Chaghcharan","",""," "," "
91,1,"AFG","Afghanistan",9,"Ghor",91,"Lal Wa Sarjangal","",""," "," "
92,1,"AFG","Afghanistan",9,"Ghor",92,"Pasaband","",""," "," "
93,1,"AFG","Afghanistan",9,"Ghor",93,"Saghar","",""," "," "
94,1,"AFG","Afghanistan",9,"Ghor",94,"Shahrak","",""," "," "
95,1,"AFG","Afghanistan",9,"Ghor",95,"Taywara","",""," "," "
96,1,"AFG","Afghanistan",9,"Ghor",96,"Tulak","",""," "," "
97,1,"AFG","Afghanistan",10,"Hilmand",97,"Bughran","","Baghran"," "," "
98,1,"AFG","Afghanistan",10,"Hilmand",98,"Disho","","Dishu"," "," "
99,1,"AFG","Afghanistan",10,"Hilmand",99,"Garmser","",""," "," "
100,1,"AFG","Afghanistan",10,"Hilmand",100,"Kajaki","",""," "," "
101,1,"AFG","Afghanistan",10,"Hilmand",101,"Lashkargah","",""," "," "
102,1,"AFG","Afghanistan",10,"Hilmand",102,"Musa Qala","",""," "," "
103,1,"AFG","Afghanistan",10,"Hilmand",103,"Nad Ali","",""," "," "
104,1,"AFG","Afghanistan",10,"Hilmand",104,"Nahri Sarraj","",""," "," "
105,1,"AFG","Afghanistan",10,"Hilmand",105,"Naw Zad","",""," "," "
106,1,"AFG","Afghanistan",10,"Hilmand",106,"Nawa-i-Barak Zayi","",""," "," "
107,1,"AFG","Afghanistan",10,"Hilmand",107,"Reg","",""," "," "
108,1,"AFG","Afghanistan",10,"Hilmand",108,"Sangin","",""," "," "
109,1,"AFG","Afghanistan",10,"Hilmand",109,"Washer","",""," "," "
110,1,"AFG","Afghanistan",11,"Hirat",110,"Adraskan","",""," "," "
111,1,"AFG","Afghanistan",11,"Hirat",111,"Chishti Sharif","",""," "," "
112,1,"AFG","Afghanistan",11,"Hirat",112,"Farsi","",""," "," "
113,1,"AFG","Afghanistan",11,"Hirat",113,"Ghoryan","",""," "," "
114,1,"AFG","Afghanistan",11,"Hirat",114,"Gulran","",""," "," "
115,1,"AFG","Afghanistan",11,"Hirat",115,"Guzara","",""," "," "
116,1,"AFG","Afghanistan",11,"Hirat",116,"Hirat City","","Hirat"," "," "
117,1,"AFG","Afghanistan",11,"Hirat",117,"Injil","",""," "," "
118,1,"AFG","Afghanistan",11,"Hirat",118,"Karukh","",""," "," "
119,1,"AFG","Afghanistan",11,"Hirat",119,"Kuhsan","","Kohsan"," "," "
120,1,"AFG","Afghanistan",11,"Hirat",120,"Kushk","",""," "," "
121,1,"AFG","Afghanistan",11,"Hirat",121,"Kushki Kuhna","",""," "," "
122,1,"AFG","Afghanistan",11,"Hirat",122,"Obe","",""," "," "
123,1,"AFG","Afghanistan",11,"Hirat",123,"Pashtun Zarghun","",""," "," "
124,1,"AFG","Afghanistan",11,"Hirat",124,"Shindand","",""," "," "
125,1,"AFG","Afghanistan",11,"Hirat",125,"Zinda Jan","",""," "," "
126,1,"AFG","Afghanistan",12,"Jawzjan",126,"Aqcha","",""," "," "
127,1,"AFG","Afghanistan",12,"Jawzjan",127,"Darzab","",""," "," "
128,1,"AFG","Afghanistan",12,"Jawzjan",128,"Fayz abad","",""," "," "
129,1,"AFG","Afghanistan",12,"Jawzjan",129,"Khamyab","",""," "," "
130,1,"AFG","Afghanistan",12,"Jawzjan",130,"Khwaja Du Koh","",""," "," "
131,1,"AFG","Afghanistan",12,"Jawzjan",131,"Mardyan","",""," "," "
132,1,"AFG","Afghanistan",12,"Jawzjan",132,"Mingajik","",""," "," "
133,1,"AFG","Afghanistan",12,"Jawzjan",133,"Qarqin","",""," "," "
134,1,"AFG","Afghanistan",12,"Jawzjan",134,"Shibirghan","",""," "," "
135,1,"AFG","Afghanistan",13,"Kabul",135,"Bagrami","",""," "," "
136,1,"AFG","Afghanistan",13,"Kabul",136,"Chahar Asyab","",""," "," "
137,1,"AFG","Afghanistan",13,"Kabul",137,"Dih Sabz","",""," "," "
138,1,"AFG","Afghanistan",13,"Kabul",138,"Gul dara","",""," "," "
139,1,"AFG","Afghanistan",13,"Kabul",139,"Istalif","",""," "," "
140,1,"AFG","Afghanistan",13,"Kabul",140,"Kabul City","","Kabul"," "," "
141,1,"AFG","Afghanistan",13,"Kabul",141,"Kalakan","",""," "," "
142,1,"AFG","Afghanistan",13,"Kabul",142,"Khaki Jabar","","Khaki Jabbar"," "," "
143,1,"AFG","Afghanistan",13,"Kabul",143,"Mirbacha Kot","",""," "," "
144,1,"AFG","Afghanistan",13,"Kabul",144,"Musayi","",""," "," "
145,1,"AFG","Afghanistan",13,"Kabul",145,"Paghman","",""," "," "
146,1,"AFG","Afghanistan",13,"Kabul",146,"Qarabagh","",""," "," "
147,1,"AFG","Afghanistan",13,"Kabul",147,"Shakar Dara","",""," "," "
148,1,"AFG","Afghanistan",13,"Kabul",148,"Surobi","",""," "," "
149,1,"AFG","Afghanistan",14,"Kandahar",149,"Arghandab","",""," "," "
150,1,"AFG","Afghanistan",14,"Kandahar",150,"Arghistan","",""," "," "
151,1,"AFG","Afghanistan",14,"Kandahar",151,"Daman","",""," "," "
152,1,"AFG","Afghanistan",14,"Kandahar",152,"Ghorak","",""," "," "
153,1,"AFG","Afghanistan",14,"Kandahar",153,"Kandahar City","","Kandahar"," "," "
154,1,"AFG","Afghanistan",14,"Kandahar",154,"Khakrez","",""," "," "
155,1,"AFG","Afghanistan",14,"Kandahar",155,"Maruf","",""," "," "
156,1,"AFG","Afghanistan",14,"Kandahar",156,"Maywand","",""," "," "
157,1,"AFG","Afghanistan",14,"Kandahar",157,"Panjwayi","",""," "," "
158,1,"AFG","Afghanistan",14,"Kandahar",158,"Reg","",""," "," "
159,1,"AFG","Afghanistan",14,"Kandahar",159,"Shah Wali Kot","",""," "," "
160,1,"AFG","Afghanistan",14,"Kandahar",160,"Shorabak","",""," "," "
161,1,"AFG","Afghanistan",14,"Kandahar",161,"Spin Boldak","",""," "," "
162,1,"AFG","Afghanistan",15,"Kapisa",162,"Alasay","",""," "," "
163,1,"AFG","Afghanistan",15,"Kapisa",163,"Kohband","",""," "," "
164,1,"AFG","Afghanistan",15,"Kapisa",164,"Kohistan","",""," "," "
165,1,"AFG","Afghanistan",15,"Kapisa",165,"Mahmud Raqi","",""," "," "
166,1,"AFG","Afghanistan",15,"Kapisa",166,"Nijrab","",""," "," "
167,1,"AFG","Afghanistan",15,"Kapisa",167,"Tagab","",""," "," "
168,1,"AFG","Afghanistan",16,"Khost",168,"Bak","",""," "," "
169,1,"AFG","Afghanistan",16,"Khost",169,"Gurbuz","",""," "," "
170,1,"AFG","Afghanistan",16,"Khost",170,"Jaji Maydan","",""," "," "
171,1,"AFG","Afghanistan",16,"Khost",171,"Khost (Matun)","",""," "," "
172,1,"AFG","Afghanistan",16,"Khost",172,"Mando Zayi","",""," "," "
173,1,"AFG","Afghanistan",16,"Khost",173,"Musa Khel","",""," "," "
174,1,"AFG","Afghanistan",16,"Khost",174,"Nadir Shah Kot","",""," "," "
175,1,"AFG","Afghanistan",16,"Khost",175,"Qalandar","",""," "," "
176,1,"AFG","Afghanistan",16,"Khost",176,"Sabari","",""," "," "
177,1,"AFG","Afghanistan",16,"Khost",177,"Spera","",""," "," "
178,1,"AFG","Afghanistan",16,"Khost",178,"Tani","",""," "," "
179,1,"AFG","Afghanistan",16,"Khost",179,"Tere Zayi","",""," "," "
180,1,"AFG","Afghanistan",17,"Kunar",180,"Asad abad","",""," "," "
181,1,"AFG","Afghanistan",17,"Kunar",181,"Bar Kunar","",""," "," "
182,1,"AFG","Afghanistan",17,"Kunar",182,"Chapa Dara","",""," "," "
183,1,"AFG","Afghanistan",17,"Kunar",183,"Chawkay","",""," "," "
184,1,"AFG","Afghanistan",17,"Kunar",184,"Dangam","",""," "," "
185,1,"AFG","Afghanistan",17,"Kunar",185,"Dara-i-Pech","","Pech"," "," "
186,1,"AFG","Afghanistan",17,"Kunar",186,"Khas Kunar","",""," "," "
187,1,"AFG","Afghanistan",17,"Kunar",187,"Marwara","","Marawara"," "," "
188,1,"AFG","Afghanistan",17,"Kunar",188,"Nali","","Nari"," "," "
189,1,"AFG","Afghanistan",17,"Kunar",189,"Narang Wa Badil","","Narang"," "," "
190,1,"AFG","Afghanistan",17,"Kunar",190,"Nurgal","",""," "," "
191,1,"AFG","Afghanistan",17,"Kunar",191,"Sirkanay","",""," "," "
192,1,"AFG","Afghanistan",18,"Kunduz",192,"Ali abad","",""," "," "
193,1,"AFG","Afghanistan",18,"Kunduz",193,"Char Dara","","Chahar Dara"," "," "
194,1,"AFG","Afghanistan",18,"Kunduz",194,"Dashti Archi","","Archi"," "," "
195,1,"AFG","Afghanistan",18,"Kunduz",195,"Hazrati Imam","","Imam Sahib"," "," "
196,1,"AFG","Afghanistan",18,"Kunduz",196,"Khan Abad","",""," "," "
197,1,"AFG","Afghanistan",18,"Kunduz",197,"Kunduz","",""," "," "
198,1,"AFG","Afghanistan",18,"Kunduz",198,"Qala-I-Zal","",""," "," "
199,1,"AFG","Afghanistan",19,"Laghman",199,"Alingar","",""," "," "
200,1,"AFG","Afghanistan",19,"Laghman",200,"Alishing","",""," "," "
201,1,"AFG","Afghanistan",19,"Laghman",201,"Dawlat Shah","",""," "," "
202,1,"AFG","Afghanistan",19,"Laghman",202,"Mihtarlam","",""," "," "
203,1,"AFG","Afghanistan",19,"Laghman",203,"Qarghayi","",""," "," "
204,1,"AFG","Afghanistan",20,"Logar",204,"Baraki Barak","",""," "," "
205,1,"AFG","Afghanistan",20,"Logar",205,"Charkh","",""," "," "
206,1,"AFG","Afghanistan",20,"Logar",206,"Khushi","",""," "," "
207,1,"AFG","Afghanistan",20,"Logar",207,"Muhammad Agha","",""," "," "
208,1,"AFG","Afghanistan",20,"Logar",208,"Puli Alam","",""," "," "
209,1,"AFG","Afghanistan",21,"Nangarhar",209,"Achin","",""," "," "
210,1,"AFG","Afghanistan",21,"Nangarhar",210,"Bati Kot","",""," "," "
211,1,"AFG","Afghanistan",21,"Nangarhar",211,"Chaparhar","",""," "," "
212,1,"AFG","Afghanistan",21,"Nangarhar",212,"Dara-I-Nur","",""," "," "
213,1,"AFG","Afghanistan",21,"Nangarhar",213,"Dih Bala","",""," "," "
214,1,"AFG","Afghanistan",21,"Nangarhar",214,"Dur Baba","",""," "," "
215,1,"AFG","Afghanistan",21,"Nangarhar",215,"Goshta","",""," "," "
216,1,"AFG","Afghanistan",21,"Nangarhar",216,"Hisarak","",""," "," "
217,1,"AFG","Afghanistan",21,"Nangarhar",217,"Jalal abad","",""," "," "
218,1,"AFG","Afghanistan",21,"Nangarhar",218,"Kama","",""," "," "
219,1,"AFG","Afghanistan",21,"Nangarhar",219,"Khogyani","",""," "," "
220,1,"AFG","Afghanistan",21,"Nangarhar",220,"Kuz Kunar","",""," "," "
221,1,"AFG","Afghanistan",21,"Nangarhar",221,"Lal Pur","",""," "," "
222,1,"AFG","Afghanistan",21,"Nangarhar",222,"Muhmand Dara","",""," "," "
223,1,"AFG","Afghanistan",21,"Nangarhar",223,"Nazyan","",""," "," "
224,1,"AFG","Afghanistan",21,"Nangarhar",224,"Pachir Wa Agam","",""," "," "
225,1,"AFG","Afghanistan",21,"Nangarhar",225,"Rodat","",""," "," "
226,1,"AFG","Afghanistan",21,"Nangarhar",226,"Sherzad","",""," "," "
227,1,"AFG","Afghanistan",21,"Nangarhar",227,"Shinwar","",""," "," "
228,1,"AFG","Afghanistan",21,"Nangarhar",228,"Surkh Rod","",""," "," "
229,1,"AFG","Afghanistan",22,"Nimroz",229,"Chakhansur","",""," "," "
230,1,"AFG","Afghanistan",22,"Nimroz",230,"Char Burjak","","Chahar Burja"," "," "
231,1,"AFG","Afghanistan",22,"Nimroz",231,"Kang","",""," "," "
232,1,"AFG","Afghanistan",22,"Nimroz",232,"Khash Rod","",""," "," "
233,1,"AFG","Afghanistan",22,"Nimroz",233,"Zaranj","",""," "," "
234,1,"AFG","Afghanistan",23,"Nuristan",234,"Bargi Matal","",""," "," "
235,1,"AFG","Afghanistan",23,"Nuristan",235,"Kamdesh","",""," "," "
236,1,"AFG","Afghanistan",23,"Nuristan",236,"Mandol","",""," "," "
237,1,"AFG","Afghanistan",23,"Nuristan",237,"Nuristan","",""," "," "
238,1,"AFG","Afghanistan",23,"Nuristan",238,"Wama","",""," "," "
239,1,"AFG","Afghanistan",23,"Nuristan",239,"Waygal","",""," "," "
240,1,"AFG","Afghanistan",24,"Paktika",240,"Burmul","","Barmal"," "," "
241,1,"AFG","Afghanistan",24,"Paktika",241,"Dila","",""," "," "
242,1,"AFG","Afghanistan",24,"Paktika",242,"Gayan","",""," "," "
243,1,"AFG","Afghanistan",24,"Paktika",243,"Gomal","",""," "," "
244,1,"AFG","Afghanistan",24,"Paktika",244,"Mata Khan","",""," "," "
245,1,"AFG","Afghanistan",24,"Paktika",245,"Nika","",""," "," "
246,1,"AFG","Afghanistan",24,"Paktika",246,"Omna","",""," "," "
247,1,"AFG","Afghanistan",24,"Paktika",247,"Sar Hawza","",""," "," "
248,1,"AFG","Afghanistan",24,"Paktika",248,"Sarobi","",""," "," "
249,1,"AFG","Afghanistan",24,"Paktika",249,"Sharan","",""," "," "
250,1,"AFG","Afghanistan",24,"Paktika",250,"Urgun","",""," "," "
251,1,"AFG","Afghanistan",24,"Paktika",251,"Wazakhwa","",""," "," "
252,1,"AFG","Afghanistan",24,"Paktika",252,"Wolmamay","","Wor Mamay"," "," "
253,1,"AFG","Afghanistan",24,"Paktika",253,"Zarghun Shahr","",""," "," "
254,1,"AFG","Afghanistan",24,"Paktika",254,"Ziluk","","Ziruk"," "," "
255,1,"AFG","Afghanistan",25,"Paktya",255,"Azro","","Azra"," "," "
256,1,"AFG","Afghanistan",25,"Paktya",256,"Chamkani","",""," "," "
257,1,"AFG","Afghanistan",25,"Paktya",257,"Dand Wa Patan","",""," "," "
258,1,"AFG","Afghanistan",25,"Paktya",258,"Gardez","",""," "," "
259,1,"AFG","Afghanistan",25,"Paktya",259,"Jadran","",""," "," "
260,1,"AFG","Afghanistan",25,"Paktya",260,"Jaji","",""," "," "
261,1,"AFG","Afghanistan",25,"Paktya",261,"Jani Khel","",""," "," "
262,1,"AFG","Afghanistan",25,"Paktya",262,"Lija Mangal","",""," "," "
263,1,"AFG","Afghanistan",25,"Paktya",263,"Sayid Karam","",""," "," "
264,1,"AFG","Afghanistan",25,"Paktya",264,"Shamul","","Shamal"," "," "
265,1,"AFG","Afghanistan",25,"Paktya",265,"Shwak","",""," "," "
266,1,"AFG","Afghanistan",25,"Paktya",266,"Zurmat","",""," "," "
267,1,"AFG","Afghanistan",26,"Parwan",267,"Bagram","",""," "," "
268,1,"AFG","Afghanistan",26,"Parwan",268,"Chaharikar","",""," "," "
269,1,"AFG","Afghanistan",26,"Parwan",269,"Ghorband","",""," "," "
270,1,"AFG","Afghanistan",26,"Parwan",270,"Hisa-I-Awali Panjsher","",""," "," "
271,1,"AFG","Afghanistan",26,"Parwan",271,"Hisa-I-Duwum Panjsher","",""," "," "
272,1,"AFG","Afghanistan",26,"Parwan",272,"Jabalussaraj","",""," "," "
273,1,"AFG","Afghanistan",26,"Parwan",273,"Kohi Safi","",""," "," "
274,1,"AFG","Afghanistan",26,"Parwan",274,"Panjsher","",""," "," "
275,1,"AFG","Afghanistan",26,"Parwan",275,"Salang","",""," "," "
276,1,"AFG","Afghanistan",26,"Parwan",276,"Shekh Ali","",""," "," "
277,1,"AFG","Afghanistan",26,"Parwan",277,"Shinwari","",""," "," "
278,1,"AFG","Afghanistan",26,"Parwan",278,"Surkhi Parsa","",""," "," "
279,1,"AFG","Afghanistan",27,"Samangan",279,"Aybak","",""," "," "
280,1,"AFG","Afghanistan",27,"Samangan",280,"Dara-i-Suf","",""," "," "
281,1,"AFG","Afghanistan",27,"Samangan",281,"Hazrati Sultan","",""," "," "
282,1,"AFG","Afghanistan",27,"Samangan",282,"Khuram Wa Sarbagh","",""," "," "
283,1,"AFG","Afghanistan",27,"Samangan",283,"Royi Du Ab","","Ruyi Du Ab"," "," "
284,1,"AFG","Afghanistan",28,"Sari Pul",284,"Balkhab","",""," "," "
285,1,"AFG","Afghanistan",28,"Sari Pul",285,"Kohistanat","",""," "," "
286,1,"AFG","Afghanistan",28,"Sari Pul",286,"Sangcharak","",""," "," "
287,1,"AFG","Afghanistan",28,"Sari Pul",287,"Sar-i-Pul City","","Sari Pul"," "," "
288,1,"AFG","Afghanistan",28,"Sari Pul",288,"Sayyad","",""," "," "
289,1,"AFG","Afghanistan",28,"Sari Pul",289,"Sozma Qala","",""," "," "
290,1,"AFG","Afghanistan",29,"Takhar",290,"Bangi","",""," "," "
291,1,"AFG","Afghanistan",29,"Takhar",291,"Chah Ab","",""," "," "
292,1,"AFG","Afghanistan",29,"Takhar",292,"Chal","",""," "," "
293,1,"AFG","Afghanistan",29,"Takhar",293,"Darqad","",""," "," "
294,1,"AFG","Afghanistan",29,"Takhar",294,"Farkhar","",""," "," "
295,1,"AFG","Afghanistan",29,"Takhar",295,"Ishkamish","",""," "," "
296,1,"AFG","Afghanistan",29,"Takhar",296,"Kalafgan","",""," "," "
297,1,"AFG","Afghanistan",29,"Takhar",297,"Khwaja Ghar","",""," "," "
468,1,"AFG","Afghanistan",29,"Takhar",298,"Rustaq","",""," "," "
469,1,"AFG","Afghanistan",29,"Takhar",299,"Taluqan","",""," "," "
470,1,"AFG","Afghanistan",29,"Takhar",300,"Warsaj","",""," "," "
471,1,"AFG","Afghanistan",29,"Takhar",301,"Yangi Qala","",""," "," "
472,1,"AFG","Afghanistan",30,"Uruzgan",302,"Chora","",""," "," "
473,1,"AFG","Afghanistan",30,"Uruzgan",303,"Day Kundi","",""," "," "
474,1,"AFG","Afghanistan",30,"Uruzgan",304,"Dihrawud","",""," "," "
475,1,"AFG","Afghanistan",30,"Uruzgan",305,"Gizab","",""," "," "
476,1,"AFG","Afghanistan",30,"Uruzgan",306,"Khas Uruzgan","",""," "," "
477,1,"AFG","Afghanistan",30,"Uruzgan",307,"Kijran","",""," "," "
478,1,"AFG","Afghanistan",30,"Uruzgan",308,"Nesh","",""," "," "
479,1,"AFG","Afghanistan",30,"Uruzgan",309,"Shahidi Hasas","","Shahidi Hassas"," "," "
480,1,"AFG","Afghanistan",30,"Uruzgan",310,"Shahristan","",""," "," "
481,1,"AFG","Afghanistan",30,"Uruzgan",311,"Tirin Kot","",""," "," "
482,1,"AFG","Afghanistan",31,"Wardak",312,"Chak","",""," "," "
483,1,"AFG","Afghanistan",31,"Wardak",313,"Daymirdad","",""," "," "
484,1,"AFG","Afghanistan",31,"Wardak",314,"Hisa-i-Awali Bihsud","",""," "," "
485,1,"AFG","Afghanistan",31,"Wardak",315,"Jalrez","",""," "," "
486,1,"AFG","Afghanistan",31,"Wardak",316,"Markazi Bihsud","",""," "," "
487,1,"AFG","Afghanistan",31,"Wardak",317,"Maydan Shahr","",""," "," "
488,1,"AFG","Afghanistan",31,"Wardak",318,"Nirkh","",""," "," "
489,1,"AFG","Afghanistan",31,"Wardak",319,"Sayid Abad","","Saydabad"," "," "
490,1,"AFG","Afghanistan",32,"Zabul",320,"Arghandab","",""," "," "
491,1,"AFG","Afghanistan",32,"Zabul",321,"Atghar","",""," "," "
492,1,"AFG","Afghanistan",32,"Zabul",322,"Daychopan","",""," "," "
493,1,"AFG","Afghanistan",32,"Zabul",323,"Mizan","",""," "," "
494,1,"AFG","Afghanistan",32,"Zabul",324,"Qalat","",""," "," "
495,1,"AFG","Afghanistan",32,"Zabul",325,"Shahjoy","",""," "," "
496,1,"AFG","Afghanistan",32,"Zabul",326,"Shamul zayi","",""," "," "
497,1,"AFG","Afghanistan",32,"Zabul",327,"Shinkay","",""," "," "
498,1,"AFG","Afghanistan",32,"Zabul",328,"Tarnak Wa Jaldak","",""," "," "
