"PID","ID_0","ISO","NAME_0","ID_1","NAME_1","NL_NAME_1","VARNAME_1","TYPE_1","ENGTYPE_1"
1378,98,"GUY","Guyana",1,"Barima-Waini","","","Region","Region"
1379,98,"GUY","Guyana",2,"Cuyuni-Mazaruni","","","Region","Region"
1380,98,"GUY","Guyana",3,"Demerara-Mahaica","","","Region","Region"
1381,98,"GUY","Guyana",4,"East Berbice-Corentyne","","","Region","Region"
1382,98,"GUY","Guyana",5,"Essequibo Islands-West Demerara","","","Region","Region"
1383,98,"GUY","Guyana",6,"Mahaica-Berbice","","","Region","Region"
1384,98,"GUY","Guyana",7,"Pomeroon-Supenaam","","","Region","Region"
1385,98,"GUY","Guyana",8,"Potaro-Siparuni","","","Region","Region"
1386,98,"GUY","Guyana",9,"Upper Demerara-Berbice","","","Region","Region"
1387,98,"GUY","Guyana",10,"Upper Takutu-Upper Essequibo","","","Region","Region"
