"PID","ID_0","ISO","NAME_0","ID_1","NAME_1","ID_2","NAME_2","NL_NAME_2","VARNAME_2","TYPE_2","ENGTYPE_2"
16454,98,"GUY","Guyana",1,"Barima-Waini",1,"Barima / Amakura","","","Not Classified","Not Classified"
16455,98,"GUY","Guyana",1,"Barima-Waini",2,"Mabaruma / Kumaka / Hosororo","","","Neighbourhood Democratic","Neighbourhood Democratic"
16456,98,"GUY","Guyana",1,"Barima-Waini",3,"Matthews Ridge / Arakaka (Matakai) / Port Kaituma","","","Neighbourhood Democratic","Neighbourhood Democratic"
16457,98,"GUY","Guyana",1,"Barima-Waini",4,"Rest of Region 1","","","Not Classified","Not Classified"
16458,98,"GUY","Guyana",1,"Barima-Waini",5,"Waini","","","Not Classified","Not Classified"
16459,98,"GUY","Guyana",2,"Cuyuni-Mazaruni",6,"Anna Regina","","","Municipality","Municipality"
16460,98,"GUY","Guyana",2,"Cuyuni-Mazaruni",7,"Charity / Urasara","","","Neighbourhood Democratic","Neighbourhood Democratic"
16461,98,"GUY","Guyana",2,"Cuyuni-Mazaruni",8,"Good Hope / Pomona","","","Neighbourhood Democratic","Neighbourhood Democratic"
16462,98,"GUY","Guyana",2,"Cuyuni-Mazaruni",9,"Paradise / Evergreen (including Somerset and","","","Neighbourhood Democratic","Neighbourhood Democratic"
16463,98,"GUY","Guyana",2,"Cuyuni-Mazaruni",10,"Riverstown / Annandale","","","Neighbourhood Democratic","Neighbourhood Democratic"
16464,98,"GUY","Guyana",2,"Cuyuni-Mazaruni",11,"Supernaam River, Bethany and Mashabo village","","","Not Classified","Not Classified"
16465,98,"GUY","Guyana",2,"Cuyuni-Mazaruni",12,"Zorg - En - Vlygt / Aberdeen","","","Neighbourhood Democratic","Neighbourhood Democratic"
16466,98,"GUY","Guyana",3,"Demerara-Mahaica",13,"Amsterdam (Demerara River) / Vriesland","","","Not Classified","Not Classified"
16467,98,"GUY","Guyana",3,"Demerara-Mahaica",14,"Blankenburg / Hague","","","Neighbourhood Democratic","Neighbourhood Democratic"
16468,98,"GUY","Guyana",3,"Demerara-Mahaica",15,"Bonasika / Boerasirie","","","Not Classified","Not Classified"
16469,98,"GUY","Guyana",3,"Demerara-Mahaica",16,"Canal No. 2 (part) + The Belle + Little Alli","","","Not Classified","Not Classified"
16470,98,"GUY","Guyana",3,"Demerara-Mahaica",17,"Canals Polder","","","Neighbourhood Democratic","Neighbourhood Democratic"
16471,98,"GUY","Guyana",3,"Demerara-Mahaica",18,"Cornelia Ida / Stewartville","","","Neighbourhood Democratic","Neighbourhood Democratic"
16472,98,"GUY","Guyana",3,"Demerara-Mahaica",19,"Good Hope / Hydronie","","","Neighbourhood Democratic","Neighbourhood Democratic"
16473,98,"GUY","Guyana",3,"Demerara-Mahaica",20,"Klein Pouderoyen / Best","","","Neighbourhood Democratic","Neighbourhood Democratic"
16474,98,"GUY","Guyana",3,"Demerara-Mahaica",21,"Leguan ( Essequibo Islands )","","","Neighbourhood Democratic","Neighbourhood Democratic"
16475,98,"GUY","Guyana",3,"Demerara-Mahaica",22,"Lower West Demerara","","","Not Classified","Not Classified"
16476,98,"GUY","Guyana",3,"Demerara-Mahaica",23,"Meer Zorgen / Malgre Tout","","","Neighbourhood Democratic","Neighbourhood Democratic"
16477,98,"GUY","Guyana",3,"Demerara-Mahaica",24,"Nismes / La Grange","","","Neighbourhood Democratic","Neighbourhood Democratic"
16478,98,"GUY","Guyana",3,"Demerara-Mahaica",25,"Nouvelle Flanders / La Jalousie","","","Neighbourhood Democratic","Neighbourhood Democratic"
16479,98,"GUY","Guyana",3,"Demerara-Mahaica",26,"Parika / Mora","","","Neighbourhood Democratic","Neighbourhood Democratic"
16480,98,"GUY","Guyana",3,"Demerara-Mahaica",27,"Patentia / Toevlugt","","","Neighbourhood Democratic","Neighbourhood Democratic"
16481,98,"GUY","Guyana",3,"Demerara-Mahaica",28,"Sparta / Bonasika and Rest of Essequibo Isla","","","Not Classified","Not Classified"
16482,98,"GUY","Guyana",3,"Demerara-Mahaica",29,"Uitvlugt / Tuschen","","","Neighbourhood Democratic","Neighbourhood Democratic"
16483,98,"GUY","Guyana",3,"Demerara-Mahaica",30,"Vergenoegen / Greenwich Park","","","Neighbourhood Democratic","Neighbourhood Democratic"
16484,98,"GUY","Guyana",3,"Demerara-Mahaica",31,"Wakenaam ( Essequibo Islands )","","","Neighbourhood Democratic","Neighbourhood Democratic"
16485,98,"GUY","Guyana",4,"East Berbice-Corentyne",32,"Cane Grove Land Development Scheme","","","Neighbourhood Democratic","Neighbourhood Democratic"
16486,98,"GUY","Guyana",4,"East Berbice-Corentyne",33,"City of Georgetown","","","Municipality","Municipality"
16487,98,"GUY","Guyana",4,"East Berbice-Corentyne",34,"Demerara Conservancy","","","Conservancy","Conservancy"
16488,98,"GUY","Guyana",4,"East Berbice-Corentyne",35,"Diamond / Golden Grove","","","Neighbourhood Democratic","Neighbourhood Democratic"
16489,98,"GUY","Guyana",4,"East Berbice-Corentyne",36,"Eccles / Ramsburg","","","Neighbourhood Democratic","Neighbourhood Democratic"
16490,98,"GUY","Guyana",4,"East Berbice-Corentyne",37,"Enmore / Hope","","","Neighbourhood Democratic","Neighbourhood Democratic"
16491,98,"GUY","Guyana",4,"East Berbice-Corentyne",38,"Foulis / Buxton","","","Neighbourhood Democratic","Neighbourhood Democratic"
16492,98,"GUY","Guyana",4,"East Berbice-Corentyne",39,"Good Success / Caledonia","","","Neighbourhood Democratic","Neighbourhood Democratic"
16493,98,"GUY","Guyana",4,"East Berbice-Corentyne",40,"Grove / Haslington","","","Neighbourhood Democratic","Neighbourhood Democratic"
16494,98,"GUY","Guyana",4,"East Berbice-Corentyne",41,"Herstelling / Little Diamond","","","Neighbourhood Democratic","Neighbourhood Democratic"
16495,98,"GUY","Guyana",4,"East Berbice-Corentyne",42,"La Bonne Intention / Better Hope","","","Neighbourhood Democratic","Neighbourhood Democratic"
16496,98,"GUY","Guyana",4,"East Berbice-Corentyne",43,"La Reconnaissance / Mon Repos","","","Neighbourhood Democratic","Neighbourhood Democratic"
16497,98,"GUY","Guyana",4,"East Berbice-Corentyne",44,"Mocha / Arcadia","","","Neighbourhood Democratic","Neighbourhood Democratic"
16498,98,"GUY","Guyana",4,"East Berbice-Corentyne",45,"Plaisance / Industry","","","Neighbourhood Democratic","Neighbourhood Democratic"
16499,98,"GUY","Guyana",4,"East Berbice-Corentyne",46,"Soesdyke-Linden highway (including Timehri)","","","Not Classified","Not Classified"
16500,98,"GUY","Guyana",4,"East Berbice-Corentyne",47,"St. Cuthberts / Orange Nassau (Mahaica River","","","Not Classified","Not Classified"
16501,98,"GUY","Guyana",4,"East Berbice-Corentyne",48,"Te Huist Coverden / Soesdyke","","","Neighbourhood Democratic","Neighbourhood Democratic"
16502,98,"GUY","Guyana",4,"East Berbice-Corentyne",49,"Triumph / Beterverwagting","","","Neighbourhood Democratic","Neighbourhood Democratic"
16503,98,"GUY","Guyana",4,"East Berbice-Corentyne",50,"Vereeniging / Unity","","","Neighbourhood Democratic","Neighbourhood Democratic"
16504,98,"GUY","Guyana",5,"Essequibo Islands-West Demerara",51,"Abary / Mahaicony","","","Neighbourhood Democratic","Neighbourhood Democratic"
16505,98,"GUY","Guyana",5,"Essequibo Islands-West Demerara",52,"Bel Air / Woodlands","","","Neighbourhood Democratic","Neighbourhood Democratic"
16506,98,"GUY","Guyana",5,"Essequibo Islands-West Demerara",53,"Chance / Hamlet","","","Neighbourhood Democratic","Neighbourhood Democratic"
16507,98,"GUY","Guyana",5,"Essequibo Islands-West Demerara",54,"Farm / Woodlands","","","Neighbourhood Democratic","Neighbourhood Democratic"
16508,98,"GUY","Guyana",5,"Essequibo Islands-West Demerara",55,"Gelderland / No 3","","","Neighbourhood Democratic","Neighbourhood Democratic"
16509,98,"GUY","Guyana",5,"Essequibo Islands-West Demerara",56,"Naarstigheid / Union","","","Neighbourhood Democratic","Neighbourhood Democratic"
16510,98,"GUY","Guyana",5,"Essequibo Islands-West Demerara",57,"Rising Sun / Profit","","","Neighbourhood Democratic","Neighbourhood Democratic"
16511,98,"GUY","Guyana",5,"Essequibo Islands-West Demerara",58,"Rosignol / Zeelust","","","Neighbourhood Democratic","Neighbourhood Democratic"
16512,98,"GUY","Guyana",5,"Essequibo Islands-West Demerara",59,"St. Francis Mission","","","Not Classified","Not Classified"
16513,98,"GUY","Guyana",5,"Essequibo Islands-West Demerara",60,"Tempe / Seafield","","","Neighbourhood Democratic","Neighbourhood Democratic"
16514,98,"GUY","Guyana",5,"Essequibo Islands-West Demerara",61,"West bank Berbice (river)","","","Not Classified","Not Classified"
16515,98,"GUY","Guyana",5,"Essequibo Islands-West Demerara",62,"Woodley Park / Bath","","","Neighbourhood Democratic","Neighbourhood Democratic"
16516,98,"GUY","Guyana",6,"Mahaica-Berbice",63,"Black Bush Polder land Development Scheme","","","Neighbourhood Democratic","Neighbourhood Democratic"
16517,98,"GUY","Guyana",6,"Mahaica-Berbice",64,"Borlam ( No.37 ) / Kintyre","","","Neighbourhood Democratic","Neighbourhood Democratic"
16518,98,"GUY","Guyana",6,"Mahaica-Berbice",65,"Bush Lot / Adventure","","","Neighbourhood Democratic","Neighbourhood Democratic"
16519,98,"GUY","Guyana",6,"Mahaica-Berbice",66,"Cane Field / Enterprise","","","Neighbourhood Democratic","Neighbourhood Democratic"
16520,98,"GUY","Guyana",6,"Mahaica-Berbice",67,"Corentyne River","","","Not Classified","Not Classified"
16521,98,"GUY","Guyana",6,"Mahaica-Berbice",68,"Corriverton","","","Municipality","Municipality"
16522,98,"GUY","Guyana",6,"Mahaica-Berbice",69,"East Bank Berbice","","","Not Classified","Not Classified"
16523,98,"GUY","Guyana",6,"Mahaica-Berbice",70,"Enfield / New Doe Park","","","Neighbourhood Democratic","Neighbourhood Democratic"
16524,98,"GUY","Guyana",6,"Mahaica-Berbice",71,"Fyrish / Gibraltar","","","Neighbourhood Democratic","Neighbourhood Democratic"
16525,98,"GUY","Guyana",6,"Mahaica-Berbice",72,"Hampshire / Kilcoy","","","Neighbourhood Democratic","Neighbourhood Democratic"
16526,98,"GUY","Guyana",6,"Mahaica-Berbice",73,"Hogstye / Lancaster","","","Neighbourhood Democratic","Neighbourhood Democratic"
16527,98,"GUY","Guyana",6,"Mahaica-Berbice",74,"Jackson Creek / Crabwood creek","","","Neighbourhood Democratic","Neighbourhood Democratic"
16528,98,"GUY","Guyana",6,"Mahaica-Berbice",75,"John / Port Mourant","","","Neighbourhood Democratic","Neighbourhood Democratic"
16529,98,"GUY","Guyana",6,"Mahaica-Berbice",76,"Joppa / Macedonia","","","Neighbourhood Democratic","Neighbourhood Democratic"
16530,98,"GUY","Guyana",6,"Mahaica-Berbice",77,"New Amsterdam","","","Municipality","Municipality"
16531,98,"GUY","Guyana",6,"Mahaica-Berbice",78,"No. 38 / Ordnance Fortlands","","","Neighbourhood Democratic","Neighbourhood Democratic"
16532,98,"GUY","Guyana",6,"Mahaica-Berbice",79,"No.51 Village / Good hope","","","Neighbourhood Democratic","Neighbourhood Democratic"
16533,98,"GUY","Guyana",6,"Mahaica-Berbice",80,"No.74 Village / No.52 Village","","","Neighbourhood Democratic","Neighbourhood Democratic"
16534,98,"GUY","Guyana",6,"Mahaica-Berbice",81,"Rose Hall","","","Municipality","Municipality"
16535,98,"GUY","Guyana",6,"Mahaica-Berbice",82,"Tarlogie / Maida","","","Neighbourhood Democratic","Neighbourhood Democratic"
16536,98,"GUY","Guyana",6,"Mahaica-Berbice",83,"Whim / Bloomfield","","","Neighbourhood Democratic","Neighbourhood Democratic"
16537,98,"GUY","Guyana",7,"Pomeroon-Supenaam",84,"Agatash","","","Not Classified","Not Classified"
16538,98,"GUY","Guyana",7,"Pomeroon-Supenaam",85,"Arau","","","Not Classified","Not Classified"
16539,98,"GUY","Guyana",7,"Pomeroon-Supenaam",86,"Bartica","","","Neighbourhood Democratic","Neighbourhood Democratic"
16540,98,"GUY","Guyana",7,"Pomeroon-Supenaam",87,"Jawalla, Kubenang River","","","Not Classified","Not Classified"
16541,98,"GUY","Guyana",7,"Pomeroon-Supenaam",88,"Kamarang","","","Not Classified","Not Classified"
16542,98,"GUY","Guyana",7,"Pomeroon-Supenaam",89,"Karambaru to Kukui River + Phillipi","","","Not Classified","Not Classified"
16543,98,"GUY","Guyana",7,"Pomeroon-Supenaam",90,"Paruima","","","Not Classified","Not Classified"
16544,98,"GUY","Guyana",7,"Pomeroon-Supenaam",91,"Rest of Region 7","","","Not Classified","Not Classified"
16545,98,"GUY","Guyana",7,"Pomeroon-Supenaam",92,"Waramadan","","","Not Classified","Not Classified"
16546,98,"GUY","Guyana",8,"Potaro-Siparuni",93,"Chenapau River","","","Not Classified","Not Classified"
16547,98,"GUY","Guyana",8,"Potaro-Siparuni",94,"Kaibarupai","","","Not Classified","Not Classified"
16548,98,"GUY","Guyana",8,"Potaro-Siparuni",95,"Kopanang, Waipa, Kenepai","","","Not Classified","Not Classified"
16549,98,"GUY","Guyana",8,"Potaro-Siparuni",96,"Kurukabaru","","","Not Classified","Not Classified"
16550,98,"GUY","Guyana",8,"Potaro-Siparuni",97,"Madhia + Kurubrong River + Mona Falls","","","Not Classified","Not Classified"
16551,98,"GUY","Guyana",8,"Potaro-Siparuni",98,"Monkey Mountain","","","Not Classified","Not Classified"
16552,98,"GUY","Guyana",8,"Potaro-Siparuni",99,"Paramakatoi","","","Not Classified","Not Classified"
16553,98,"GUY","Guyana",8,"Potaro-Siparuni",100,"Rest of Region 8","","","Not Classified","Not Classified"
16554,98,"GUY","Guyana",9,"Upper Demerara-Berbice",101,"Aishalton - Karaudanawa, Achiwib","","","Not Classified","Not Classified"
16555,98,"GUY","Guyana",9,"Upper Demerara-Berbice",102,"Ireng / Sawariwau ( Including  St. Ignatius","","","Neighbourhood Democratic","Neighbourhood Democratic"
16556,98,"GUY","Guyana",9,"Upper Demerara-Berbice",103,"Marudi","","","Not Classified","Not Classified"
16557,98,"GUY","Guyana",9,"Upper Demerara-Berbice",104,"Rest of Region 9","","","Not Classified","Not Classified"
16558,98,"GUY","Guyana",9,"Upper Demerara-Berbice",105,"Sand Creek - Dadanawa, Catunarib, Sawariwau","","","Not Classified","Not Classified"
16559,98,"GUY","Guyana",9,"Upper Demerara-Berbice",106,"Toka - Jakaretinga","","","Not Classified","Not Classified"
16560,98,"GUY","Guyana",9,"Upper Demerara-Berbice",107,"Yakarinta - Wowetta, Surama","","","Not Classified","Not Classified"
16561,98,"GUY","Guyana",9,"Upper Demerara-Berbice",108,"Yarong Paru - Good Hope","","","Not Classified","Not Classified"
16562,98,"GUY","Guyana",10,"Upper Takutu-Upper Essequibo",109,"Berbice River settlements","","","Not Classified","Not Classified"
16563,98,"GUY","Guyana",10,"Upper Takutu-Upper Essequibo",110,"Coomaka Lands","","","Not Classified","Not Classified"
16564,98,"GUY","Guyana",10,"Upper Takutu-Upper Essequibo",111,"Ituni","","","Not Classified","Not Classified"
16565,98,"GUY","Guyana",10,"Upper Takutu-Upper Essequibo",112,"Kwakwani","","","Neighbourhood Democratic","Neighbourhood Democratic"
16566,98,"GUY","Guyana",10,"Upper Takutu-Upper Essequibo",113,"Linden","","","Municipality","Municipality"
16567,98,"GUY","Guyana",10,"Upper Takutu-Upper Essequibo",114,"Mabura Hill","","","Not Classified","Not Classified"
16568,98,"GUY","Guyana",10,"Upper Takutu-Upper Essequibo",115,"Makouria River","","","Not Classified","Not Classified"
16569,98,"GUY","Guyana",10,"Upper Takutu-Upper Essequibo",116,"Rest of Region 10","","","Not Classified","Not Classified"
