"PID","ID_0","ISO","NAME_0","ID_1","NAME_1","NL_NAME_1","VARNAME_1","TYPE_1","ENGTYPE_1"
3124,233,"TKM","Turkmenistan",1,"Ahal","","Akhal|Ashkhabad|Ashkhabadskaya Oblast","Welayat|Velayat","Province"
3125,233,"TKM","Turkmenistan",2,"Balkan","","Krasnovodsk, Krasnovodskaya Oblast","Welayat|Velayat","Province"
3126,233,"TKM","Turkmenistan",3,"Chardzhou","","Lebap|Chardzhouskaya Oblast","Welayat|Velayat","Province"
3127,233,"TKM","Turkmenistan",4,"Mary","","Maruy|Marysk|Maryyskaya Oblast","Welayat|Velayat","Province"
3128,233,"TKM","Turkmenistan",5,"Tashauz","","Dashoguz|Dashhowuz|Dashkhovuz|Tashauzskaya Oblast","Welayat|Velayat","Province"
