"PID","ID_0","ISO","NAME_0","ID_1","NAME_1","ID_2","NAME_2","NL_NAME_2","VARNAME_2","TYPE_2","ENGTYPE_2"
24245,155,"NAM","Namibia",1,"Caprivi",1,"Kabe","","","Constituency","Constituency"
24246,155,"NAM","Namibia",1,"Caprivi",2,"Katima Muliro Rural","","Katima Mulilo Rural","Constituency","Constituency"
24247,155,"NAM","Namibia",1,"Caprivi",3,"Katima Muliro Urban","","Katima Mulilo Urban","Constituency","Constituency"
24248,155,"NAM","Namibia",1,"Caprivi",4,"Kongola","","","Constituency","Constituency"
24249,155,"NAM","Namibia",1,"Caprivi",5,"Linyandi","","Linyanti","Constituency","Constituency"
24250,155,"NAM","Namibia",1,"Caprivi",6,"Sibinda","","","Constituency","Constituency"
24251,155,"NAM","Namibia",2,"Erongo",7,"Arandis","","","Constituency","Constituency"
24252,155,"NAM","Namibia",2,"Erongo",8,"Daures","","","Constituency","Constituency"
24253,155,"NAM","Namibia",2,"Erongo",9,"Karibib","","","Constituency","Constituency"
24254,155,"NAM","Namibia",2,"Erongo",10,"Omaruru","","","Constituency","Constituency"
24255,155,"NAM","Namibia",2,"Erongo",11,"Swakopmund","","","Constituency","Constituency"
24256,155,"NAM","Namibia",2,"Erongo",12,"Walvisbay Rural","","Walvis Bay Rural","Constituency","Constituency"
24257,155,"NAM","Namibia",2,"Erongo",13,"Walvisbay Urban","","Walvis Bay Urban","Constituency","Constituency"
24258,155,"NAM","Namibia",3,"Hardap",14,"Gibeon","","","Constituency","Constituency"
24259,155,"NAM","Namibia",3,"Hardap",15,"Mariental Rural","","","Constituency","Constituency"
24260,155,"NAM","Namibia",3,"Hardap",16,"Mariental Urban","","","Constituency","Constituency"
24261,155,"NAM","Namibia",3,"Hardap",17,"Rehoboth East","","Rehoboth Urban East","Constituency","Constituency"
24262,155,"NAM","Namibia",3,"Hardap",18,"Rehoboth Rural","","","Constituency","Constituency"
24263,155,"NAM","Namibia",3,"Hardap",19,"Rehoboth West","","Rehoboth Urban West","Constituency","Constituency"
24264,155,"NAM","Namibia",4,"Karas",20,"Berseba","","","Constituency","Constituency"
24265,155,"NAM","Namibia",4,"Karas",21,"Karas","","Karasburg","Constituency","Constituency"
24266,155,"NAM","Namibia",4,"Karas",22,"Keetmanshoop Rural","","","Constituency","Constituency"
24267,155,"NAM","Namibia",4,"Karas",23,"Keetmanshoop Urban","","","Constituency","Constituency"
24268,155,"NAM","Namibia",4,"Karas",24,"Luderitz","","","Constituency","Constituency"
24269,155,"NAM","Namibia",4,"Karas",25,"Oranjemund","","","Constituency","Constituency"
24270,155,"NAM","Namibia",5,"Kavango",26,"Kahenge","","","Constituency","Constituency"
24271,155,"NAM","Namibia",5,"Kavango",27,"Kapako","","","Constituency","Constituency"
24272,155,"NAM","Namibia",5,"Kavango",28,"Mashare","","","Constituency","Constituency"
24273,155,"NAM","Namibia",5,"Kavango",29,"Mpungu","","","Constituency","Constituency"
24274,155,"NAM","Namibia",5,"Kavango",30,"Mukwe","","","Constituency","Constituency"
24275,155,"NAM","Namibia",5,"Kavango",31,"Ndiyona","","","Constituency","Constituency"
24276,155,"NAM","Namibia",5,"Kavango",32,"Rundu Rural East","","","Constituency","Constituency"
24277,155,"NAM","Namibia",5,"Kavango",33,"Rundu Rural West","","","Constituency","Constituency"
24278,155,"NAM","Namibia",5,"Kavango",34,"Rundu Urban","","","Constituency","Constituency"
24279,155,"NAM","Namibia",6,"Khomas",35,"Katutura Central","","","Constituency","Constituency"
24280,155,"NAM","Namibia",6,"Khomas",36,"Katutura East","","","Constituency","Constituency"
24281,155,"NAM","Namibia",6,"Khomas",37,"Khomasdal North","","","Constituency","Constituency"
24282,155,"NAM","Namibia",6,"Khomas",38,"Moses Garoeb","","","Constituency","Constituency"
24283,155,"NAM","Namibia",6,"Khomas",39,"Soweto","","","Constituency","Constituency"
24284,155,"NAM","Namibia",6,"Khomas",40,"Tobias Hainyeko","","","Constituency","Constituency"
24285,155,"NAM","Namibia",6,"Khomas",41,"Wanaheda","","","Constituency","Constituency"
24286,155,"NAM","Namibia",6,"Khomas",42,"Windhoek East","","","Constituency","Constituency"
24287,155,"NAM","Namibia",6,"Khomas",43,"Windhoek Rural","","","Constituency","Constituency"
24288,155,"NAM","Namibia",6,"Khomas",44,"Windhoek West","","","Constituency","Constituency"
24289,155,"NAM","Namibia",7,"Kunene",45,"Epupa","","","Constituency","Constituency"
24290,155,"NAM","Namibia",7,"Kunene",46,"Kamanjab","","","Constituency","Constituency"
24291,155,"NAM","Namibia",7,"Kunene",47,"Khorixas","","","Constituency","Constituency"
24292,155,"NAM","Namibia",7,"Kunene",48,"Opuwo","","","Constituency","Constituency"
24293,155,"NAM","Namibia",7,"Kunene",49,"Outjo","","","Constituency","Constituency"
24294,155,"NAM","Namibia",7,"Kunene",50,"Sesfontein","","","Constituency","Constituency"
24295,155,"NAM","Namibia",8,"Ohangwena",51,"Eenhana","","","Constituency","Constituency"
24296,155,"NAM","Namibia",8,"Ohangwena",52,"Endola","","","Constituency","Constituency"
24297,155,"NAM","Namibia",8,"Ohangwena",53,"Engela","","","Constituency","Constituency"
24298,155,"NAM","Namibia",8,"Ohangwena",54,"Epembe","","","Constituency","Constituency"
24299,155,"NAM","Namibia",8,"Ohangwena",55,"Ohangwena","","","Constituency","Constituency"
24300,155,"NAM","Namibia",8,"Ohangwena",56,"Okongo","","","Constituency","Constituency"
24301,155,"NAM","Namibia",8,"Ohangwena",57,"Omulonga","","","Constituency","Constituency"
24302,155,"NAM","Namibia",8,"Ohangwena",58,"Omundaungilo","","","Constituency","Constituency"
24303,155,"NAM","Namibia",8,"Ohangwena",59,"Ondobe","","","Constituency","Constituency"
24304,155,"NAM","Namibia",8,"Ohangwena",60,"Ongenga","","","Constituency","Constituency"
24305,155,"NAM","Namibia",8,"Ohangwena",61,"Oshikango","","","Constituency","Constituency"
24306,155,"NAM","Namibia",9,"Omaheke",62,"Aminius","","Aminuis","Constituency","Constituency"
24307,155,"NAM","Namibia",9,"Omaheke",63,"Epukiro","","","Constituency","Constituency"
24308,155,"NAM","Namibia",9,"Omaheke",64,"Gobabis","","","Constituency","Constituency"
24309,155,"NAM","Namibia",9,"Omaheke",65,"Kalahari","","","Constituency","Constituency"
24310,155,"NAM","Namibia",9,"Omaheke",66,"Otjinene","","","Constituency","Constituency"
24311,155,"NAM","Namibia",9,"Omaheke",67,"Otjombinde","","","Constituency","Constituency"
24312,155,"NAM","Namibia",9,"Omaheke",68,"Steinhausen","","","Constituency","Constituency"
24313,155,"NAM","Namibia",10,"Omusati",69,"Anamulenge","","","Constituency","Constituency"
24314,155,"NAM","Namibia",10,"Omusati",70,"Elim","","","Constituency","Constituency"
24315,155,"NAM","Namibia",10,"Omusati",71,"Etayi","","","Constituency","Constituency"
24316,155,"NAM","Namibia",10,"Omusati",72,"Ogongo","","","Constituency","Constituency"
24317,155,"NAM","Namibia",10,"Omusati",73,"Okahao","","","Constituency","Constituency"
24318,155,"NAM","Namibia",10,"Omusati",74,"Okalongo","","","Constituency","Constituency"
24319,155,"NAM","Namibia",10,"Omusati",75,"Onesi","","","Constituency","Constituency"
24320,155,"NAM","Namibia",10,"Omusati",76,"Oshikuku","","","Constituency","Constituency"
24321,155,"NAM","Namibia",10,"Omusati",77,"Otamanzi","","","Constituency","Constituency"
24322,155,"NAM","Namibia",10,"Omusati",78,"Outapi","","","Constituency","Constituency"
24323,155,"NAM","Namibia",10,"Omusati",79,"Ruacana","","Raucana","Constituency","Constituency"
24324,155,"NAM","Namibia",10,"Omusati",80,"Tsandi","","","Constituency","Constituency"
24325,155,"NAM","Namibia",11,"Oshana",81,"Okaku","","","Constituency","Constituency"
24326,155,"NAM","Namibia",11,"Oshana",82,"Okatana","","","Constituency","Constituency"
24327,155,"NAM","Namibia",11,"Oshana",83,"Okatyali","","Okatjali","Constituency","Constituency"
24328,155,"NAM","Namibia",11,"Oshana",84,"Ompundja","","","Constituency","Constituency"
24329,155,"NAM","Namibia",11,"Oshana",85,"Ondangwa","","","Constituency","Constituency"
24330,155,"NAM","Namibia",11,"Oshana",86,"Ongwediva","","","Constituency","Constituency"
24331,155,"NAM","Namibia",11,"Oshana",87,"Oshakati East","","","Constituency","Constituency"
24332,155,"NAM","Namibia",11,"Oshana",88,"Oshakati West","","","Constituency","Constituency"
24333,155,"NAM","Namibia",11,"Oshana",89,"Uukwiyu","","","Constituency","Constituency"
24334,155,"NAM","Namibia",11,"Oshana",90,"Uuvudhiya","","","Constituency","Constituency"
24335,155,"NAM","Namibia",12,"Oshikoto",91,"Engodi","","Eengodi","Constituency","Constituency"
24336,155,"NAM","Namibia",12,"Oshikoto",92,"Guinas","","","Constituency","Constituency"
24337,155,"NAM","Namibia",12,"Oshikoto",93,"Okankolo","","","Constituency","Constituency"
24338,155,"NAM","Namibia",12,"Oshikoto",94,"Olukonda","","","Constituency","Constituency"
24339,155,"NAM","Namibia",12,"Oshikoto",95,"Omuntele","","","Constituency","Constituency"
24340,155,"NAM","Namibia",12,"Oshikoto",96,"Omuthiyagwipundi","","Omuthiyagwiipundi","Constituency","Constituency"
24341,155,"NAM","Namibia",12,"Oshikoto",97,"Onayena","","","Constituency","Constituency"
24342,155,"NAM","Namibia",12,"Oshikoto",98,"Oniipa","","","Constituency","Constituency"
24343,155,"NAM","Namibia",12,"Oshikoto",99,"Onyaanya","","","Constituency","Constituency"
24344,155,"NAM","Namibia",12,"Oshikoto",100,"Tsumeb","","","Constituency","Constituency"
24345,155,"NAM","Namibia",13,"Otjozondjupa",101,"Grootfontein","","","Constituency","Constituency"
24346,155,"NAM","Namibia",13,"Otjozondjupa",102,"Okahandja","","","Constituency","Constituency"
24347,155,"NAM","Namibia",13,"Otjozondjupa",103,"Okakarara","","","Constituency","Constituency"
24348,155,"NAM","Namibia",13,"Otjozondjupa",104,"Omatako","","","Constituency","Constituency"
24349,155,"NAM","Namibia",13,"Otjozondjupa",105,"Otavi","","","Constituency","Constituency"
24350,155,"NAM","Namibia",13,"Otjozondjupa",106,"Otjiwarongo","","","Constituency","Constituency"
24351,155,"NAM","Namibia",13,"Otjozondjupa",107,"Tsumkwe","","","Constituency","Constituency"
