"PID","ID_0","ISO","NAME_0","ID_1","NAME_1","NL_NAME_1","VARNAME_1","TYPE_1","ENGTYPE_1"
2028,155,"NAM","Namibia",1,"Caprivi","","","Region","Region"
2029,155,"NAM","Namibia",2,"Erongo","","","Region","Region"
2030,155,"NAM","Namibia",3,"Hardap","","","Region","Region"
2031,155,"NAM","Namibia",4,"Karas","","","Region","Region"
2032,155,"NAM","Namibia",5,"Kavango","","","Region","Region"
2033,155,"NAM","Namibia",6,"Khomas","","","Region","Region"
2034,155,"NAM","Namibia",7,"Kunene","","","Region","Region"
2035,155,"NAM","Namibia",8,"Ohangwena","","","Region","Region"
2036,155,"NAM","Namibia",9,"Omaheke","","","Region","Region"
2037,155,"NAM","Namibia",10,"Omusati","","","Region","Region"
2038,155,"NAM","Namibia",11,"Oshana","","","Region","Region"
2039,155,"NAM","Namibia",12,"Oshikoto","","","Region","Region"
2040,155,"NAM","Namibia",13,"Otjozondjupa","","","Region","Region"
