"PID","ID_0","ISO","NAME_0","ID_1","NAME_1","NL_NAME_1","VARNAME_1","TYPE_1","ENGTYPE_1"
1530,107,"IRN","Iran",1,"Ardebil","","Ardabil","Ostan","Province"
1531,107,"IRN","Iran",2,"Bushehr","","Banader va Jazayer-e Khalij-e Fars|Bushire|Persian Gulf|Ports and Islands of the Persian Gulf","Ostan","Province"
1532,107,"IRN","Iran",3,"Chahar Mahall and Bakhtiari","","Bakhtiari|Chaharmahal va Bakhtiyari|Charmahal-Bakhtiyari","Ostan","Province"
1533,107,"IRN","Iran",4,"East Azarbaijan","","Azarbayjan-e Khavari|Azarbaijan-e Sharghi|Azarbaijan-Sharqi|East Azarbayejan|Azerba‹djan e Sharqi","Ostan","Province"
1534,107,"IRN","Iran",5,"Esfahan","","Isfahan|Ispahan","Ostan","Province"
1535,107,"IRN","Iran",6,"Fars","","","Ostan","Province"
1536,107,"IRN","Iran",7,"Gilan","","","Ostan","Province"
1537,107,"IRN","Iran",8,"Golestan","","","Ostan","Province"
1538,107,"IRN","Iran",9,"Hamadan","","Hamedan","Ostan","Province"
1539,107,"IRN","Iran",10,"Hormozgan","","Banader va Jazayer-e Bahr-e Oman|Ports and Islands of the Sea of Oman|Saheli","Ostan","Province"
1540,107,"IRN","Iran",11,"Ilam","","Ilam and Poshtkuh","Ostan","Province"
1541,107,"IRN","Iran",12,"Kerman","","","Ostan","Province"
1542,107,"IRN","Iran",13,"Kermanshah","","Bakhtaran|Kermanshahan","Ostan","Province"
1543,107,"IRN","Iran",14,"Khuzestan","","Khuzistan|Kouzistan","Ostan","Province"
1544,107,"IRN","Iran",15,"Kohgiluyeh and Buyer Ahmad","","Bovir Ahmadi and Kohkiluyeh|Boyer-Ahmad and Koh-Giluye|Boyer Ahmad e Kohkiluyeh|Boyer Ahmadi-ye Sardir va Kohkiluyeh|Kohgil","Ostan","Province"
1545,107,"IRN","Iran",16,"Kordestan","","Kurdistan","Ostan","Province"
1546,107,"IRN","Iran",17,"Lorestan","","","Ostan","Province"
1547,107,"IRN","Iran",18,"Markazi","","","Ostan","Province"
1548,107,"IRN","Iran",19,"Mazandaran","","","Ostan","Province"
1549,107,"IRN","Iran",20,"North Khorasan","","Khorasan-e Shemali","Ostan","Province"
1550,107,"IRN","Iran",21,"Qazvin","","","Ostan","Province"
1551,107,"IRN","Iran",22,"Qom","","","Ostan","Province"
1552,107,"IRN","Iran",23,"Razavi Khorasan","","Khorasan-e Razavi","Ostan","Province"
1553,107,"IRN","Iran",24,"Semnan","","","Ostan","Province"
1554,107,"IRN","Iran",25,"Sistan and Baluchestan","","Baluchestan va Sistan|Seistan and Baluchistan|Sistan e Baloutchistan","Ostan","Province"
1555,107,"IRN","Iran",26,"South Khorasan","","Khorasan-e Janubi","Ostan","Province"
1556,107,"IRN","Iran",27,"Tehran","","Teheran|T‚h‚ran","Ostan","Province"
1557,107,"IRN","Iran",28,"West Azarbaijan","","Azarbayjan-e Bakhtari|Azarbaijan-e Gharbi|West Azarbayejan|Azerba‹djan e Gharbi","Ostan","Province"
1558,107,"IRN","Iran",29,"Yazd","","","Ostan","Province"
1559,107,"IRN","Iran",30,"Zanjan","","","Ostan","Province"
