"PID","ID_0","ISO","NAME_0","ID_1","NAME_1","ID_2","NAME_2","NL_NAME_2","VARNAME_2","TYPE_2","ENGTYPE_2"
18161,107,"IRN","Iran",1,"Ardebil",1,"Ardebil","","","Shahrestan","County"
18162,107,"IRN","Iran",1,"Ardebil",2,"Bilehsavar","","Bilasavar","Shahrestan","County"
18163,107,"IRN","Iran",1,"Ardebil",3,"Germi","","","Shahrestan","County"
18164,107,"IRN","Iran",1,"Ardebil",4,"Khalkhal","","","Shahrestan","County"
18165,107,"IRN","Iran",1,"Ardebil",5,"Neer","","","Shahrestan","County"
18166,107,"IRN","Iran",1,"Ardebil",6,"Parsabad","","","Shahrestan","County"
18167,107,"IRN","Iran",2,"Bushehr",7,"Bushehr","","","Shahrestan","County"
18168,107,"IRN","Iran",2,"Bushehr",8,"Dashtestan","","","Shahrestan","County"
18169,107,"IRN","Iran",2,"Bushehr",9,"Dashti","","","Shahrestan","County"
18170,107,"IRN","Iran",2,"Bushehr",10,"Dayyer","","","Shahrestan","County"
18171,107,"IRN","Iran",2,"Bushehr",11,"Deylam","","","Shahrestan","County"
18172,107,"IRN","Iran",2,"Bushehr",12,"Genaveh","","Ganaveh","Shahrestan","County"
18173,107,"IRN","Iran",2,"Bushehr",13,"Jam","","","Shahrestan","County"
18174,107,"IRN","Iran",2,"Bushehr",14,"Tangestan","","","Shahrestan","County"
18175,107,"IRN","Iran",3,"Chahar Mahall and Bakhtiari",15,"Ardal","","","Shahrestan","County"
18176,107,"IRN","Iran",3,"Chahar Mahall and Bakhtiari",16,"Borujen","","Boroojen","Shahrestan","County"
18177,107,"IRN","Iran",3,"Chahar Mahall and Bakhtiari",17,"Kuhrang","","Koohrang","Shahrestan","County"
18178,107,"IRN","Iran",3,"Chahar Mahall and Bakhtiari",18,"Lordakan","","Lordegan","Shahrestan","County"
18179,107,"IRN","Iran",3,"Chahar Mahall and Bakhtiari",19,"Shahr-e-Kord","","","Shahrestan","County"
18180,107,"IRN","Iran",4,"East Azarbaijan",20,"Ahar","","","Shahrestan","County"
18181,107,"IRN","Iran",4,"East Azarbaijan",21,"Bonab","","","Shahrestan","County"
18182,107,"IRN","Iran",4,"East Azarbaijan",22,"Bostan Abad","","Bostanabad","Shahrestan","County"
18183,107,"IRN","Iran",4,"East Azarbaijan",23,"Hashtrud","","Hashtrood","Shahrestan","County"
18184,107,"IRN","Iran",4,"East Azarbaijan",24,"Heris","","Haris","Shahrestan","County"
18185,107,"IRN","Iran",4,"East Azarbaijan",25,"Kaleibar","","Kalibar","Shahrestan","County"
18186,107,"IRN","Iran",4,"East Azarbaijan",26,"Marand","","","Shahrestan","County"
18187,107,"IRN","Iran",4,"East Azarbaijan",27,"Maraqeh","","Maragheh","Shahrestan","County"
18188,107,"IRN","Iran",4,"East Azarbaijan",28,"Mianeh","","","Shahrestan","County"
18189,107,"IRN","Iran",4,"East Azarbaijan",29,"Sarab","","","Shahrestan","County"
18190,107,"IRN","Iran",4,"East Azarbaijan",30,"Shabestar","","","Shahrestan","County"
18191,107,"IRN","Iran",4,"East Azarbaijan",31,"Tabriz","","","Shahrestan","County"
18192,107,"IRN","Iran",5,"Esfahan",32,"Ardestan","","","Shahrestan","County"
18193,107,"IRN","Iran",5,"Esfahan",33,"Borkhar and Meymeh","","","Shahrestan","County"
18194,107,"IRN","Iran",5,"Esfahan",34,"Chadegan","","","Shahrestan","County"
18195,107,"IRN","Iran",5,"Esfahan",35,"Falavarjan","","","Shahrestan","County"
18196,107,"IRN","Iran",5,"Esfahan",36,"Fereydunshahr","","","Shahrestan","County"
18197,107,"IRN","Iran",5,"Esfahan",37,"Golpayegan","","Gulpaigan","Shahrestan","County"
18198,107,"IRN","Iran",5,"Esfahan",38,"Kashan","","","Shahrestan","County"
18199,107,"IRN","Iran",5,"Esfahan",39,"Khansar","","","Shahrestan","County"
18200,107,"IRN","Iran",5,"Esfahan",40,"Khomeynishahr","","","Shahrestan","County"
18201,107,"IRN","Iran",5,"Esfahan",41,"Lanjan","","Lenjan","Shahrestan","County"
18202,107,"IRN","Iran",5,"Esfahan",42,"Lower Semirom/Dehaghan","","","Shahrestan","County"
18203,107,"IRN","Iran",5,"Esfahan",43,"Mobarakeh","","","Shahrestan","County"
18204,107,"IRN","Iran",5,"Esfahan",44,"Natanz","","","Shahrestan","County"
18205,107,"IRN","Iran",5,"Esfahan",45,"Nayin","","","Shahrestan","County"
18206,107,"IRN","Iran",5,"Esfahan",46,"Semirom","","","Shahrestan","County"
18207,107,"IRN","Iran",5,"Esfahan",47,"Tiran and Karvan","","","Shahrestan","County"
18208,107,"IRN","Iran",6,"Fars",48,"Abadeh","","","Shahrestan","County"
18209,107,"IRN","Iran",6,"Fars",49,"Darab","","","Shahrestan","County"
18210,107,"IRN","Iran",6,"Fars",50,"Eqlid","","","Shahrestan","County"
18211,107,"IRN","Iran",6,"Fars",51,"Estahban","","","Shahrestan","County"
18212,107,"IRN","Iran",6,"Fars",52,"Fasa","","","Shahrestan","County"
18213,107,"IRN","Iran",6,"Fars",53,"Firozabad","","","Shahrestan","County"
18214,107,"IRN","Iran",6,"Fars",54,"Jahrom","","","Shahrestan","County"
18215,107,"IRN","Iran",6,"Fars",55,"Kazerun","","","Shahrestan","County"
18216,107,"IRN","Iran",6,"Fars",56,"Khorrambid","","","Shahrestan","County"
18217,107,"IRN","Iran",6,"Fars",57,"Lamard","","","Shahrestan","County"
18218,107,"IRN","Iran",6,"Fars",58,"Lar","","","Shahrestan","County"
18219,107,"IRN","Iran",6,"Fars",59,"Mamasany","","","Shahrestan","County"
18220,107,"IRN","Iran",9,"Hamadan",86,"Malayer","","","Shahrestan","County"
18221,107,"IRN","Iran",9,"Hamadan",87,"Nahavand","","","Shahrestan","County"
18222,107,"IRN","Iran",9,"Hamadan",88,"Razan","","","Shahrestan","County"
18223,107,"IRN","Iran",9,"Hamadan",89,"Tuyserkan","","","Shahrestan","County"
18224,107,"IRN","Iran",10,"Hormozgan",90,"Abu Musa","","","Shahrestan","County"
18225,107,"IRN","Iran",10,"Hormozgan",91,"Bandar-e-Abbas","","","Shahrestan","County"
18226,107,"IRN","Iran",10,"Hormozgan",92,"Bandar-e-Jask","","Jask","Shahrestan","County"
18227,107,"IRN","Iran",10,"Hormozgan",93,"Bandar-e-Lengeh","","","Shahrestan","County"
18228,107,"IRN","Iran",10,"Hormozgan",94,"Bastak","","","Shahrestan","County"
18229,107,"IRN","Iran",10,"Hormozgan",95,"Greater Farur","","","Island","Island"
18230,107,"IRN","Iran",10,"Hormozgan",96,"Greater Tonb","","","Island","Island"
18231,107,"IRN","Iran",10,"Hormozgan",97,"Hajiabad","","","Shahrestan","County"
18232,107,"IRN","Iran",10,"Hormozgan",98,"Hendorabi","","","Island","Island"
18233,107,"IRN","Iran",10,"Hormozgan",99,"Kish","","","Island","Island"
18234,107,"IRN","Iran",10,"Hormozgan",100,"Lavan","","","Island","Island"
18235,107,"IRN","Iran",10,"Hormozgan",101,"Lesser Tonb","","","Island","Island"
18236,107,"IRN","Iran",10,"Hormozgan",102,"Minab","","","Shahrestan","County"
18237,107,"IRN","Iran",10,"Hormozgan",103,"Qeshm","","","Shahrestan","County"
18238,107,"IRN","Iran",10,"Hormozgan",104,"Rudan","","","Shahrestan","County"
18239,107,"IRN","Iran",10,"Hormozgan",105,"Sirri","","","Island","Island"
18240,107,"IRN","Iran",10,"Hormozgan",106,"Strait of Hormuz","","","Unknown","Unknown"
18241,107,"IRN","Iran",11,"Ilam",107,"Abdanan","","","Shahrestan","County"
18242,107,"IRN","Iran",11,"Ilam",108,"Darrehshahr","","","Shahrestan","County"
18243,107,"IRN","Iran",11,"Ilam",109,"Dehloran","","","Shahrestan","County"
18244,107,"IRN","Iran",11,"Ilam",110,"Eevan","","Eevan","Shahrestan","County"
18245,107,"IRN","Iran",11,"Ilam",111,"Ilam","","","Shahrestan","County"
18246,107,"IRN","Iran",11,"Ilam",112,"Mehran","","","Shahrestan","County"
18247,107,"IRN","Iran",6,"Fars",60,"Marvdasht","","","Shahrestan","County"
18248,107,"IRN","Iran",6,"Fars",61,"Neyriz","","","Shahrestan","County"
18249,107,"IRN","Iran",6,"Fars",62,"Sepidan","","","Shahrestan","County"
18250,107,"IRN","Iran",6,"Fars",63,"Shiraz","","","Shahrestan","County"
18251,107,"IRN","Iran",7,"Gilan",64,"Astaneh-ye-Ashrafiyeh","","Astaneh Ashrafiyeh","Shahrestan","County"
18252,107,"IRN","Iran",7,"Gilan",65,"Astara","","","Shahrestan","County"
18253,107,"IRN","Iran",7,"Gilan",66,"Bandar-e Anzali","","","Shahrestan","County"
18254,107,"IRN","Iran",7,"Gilan",67,"Fuman","","Fooman","Shahrestan","County"
18255,107,"IRN","Iran",7,"Gilan",68,"Hashtpar","","","Shahrestan","County"
18256,107,"IRN","Iran",7,"Gilan",69,"Lahijan","","","Shahrestan","County"
18257,107,"IRN","Iran",7,"Gilan",70,"Langrud","","Langerood","Shahrestan","County"
18258,107,"IRN","Iran",7,"Gilan",71,"Rasht","","","Shahrestan","County"
18259,107,"IRN","Iran",7,"Gilan",72,"Rudbar","","","Shahrestan","County"
18260,107,"IRN","Iran",7,"Gilan",73,"Rudsar","","Roudsar","Shahrestan","County"
18261,107,"IRN","Iran",7,"Gilan",74,"Shaft","","Shaft","Shahrestan","County"
18262,107,"IRN","Iran",7,"Gilan",75,"Sume'eh Sara","","Some'e Sara","Shahrestan","County"
18263,107,"IRN","Iran",8,"Golestan",76,"Aliabad","","Ali Abad","Shahrestan","County"
18264,107,"IRN","Iran",8,"Golestan",77,"Gonbad-e-Kavus","","Gonbad Kavoos","Shahrestan","County"
18265,107,"IRN","Iran",8,"Golestan",78,"Gorgan","","","Shahrestan","County"
18266,107,"IRN","Iran",8,"Golestan",79,"Kordkuy","","Kordkooy","Shahrestan","County"
18267,107,"IRN","Iran",8,"Golestan",80,"Minudasht","","Minoodasht","Shahrestan","County"
18268,107,"IRN","Iran",8,"Golestan",81,"Torkaman","","Bandar Torkaman","Shahrestan","County"
18269,107,"IRN","Iran",9,"Hamadan",82,"Asadabad","","","Shahrestan","County"
18270,107,"IRN","Iran",9,"Hamadan",83,"Bahar","","","Shahrestan","County"
18271,107,"IRN","Iran",9,"Hamadan",84,"Hamadan","","","Shahrestan","County"
18272,107,"IRN","Iran",9,"Hamadan",85,"Kabudarahang","","","Shahrestan","County"
18273,107,"IRN","Iran",11,"Ilam",113,"Shirvan and Chard-e-Aval","","Shirvan-o-Chardavol","Shahrestan","County"
18274,107,"IRN","Iran",12,"Kerman",114,"Baft","","","Shahrestan","County"
18275,107,"IRN","Iran",12,"Kerman",115,"Bam","","","Shahrestan","County"
18276,107,"IRN","Iran",12,"Kerman",116,"Bardsir","","","Shahrestan","County"
18277,107,"IRN","Iran",12,"Kerman",117,"Jiroft","","","Shahrestan","County"
18278,107,"IRN","Iran",12,"Kerman",118,"Kahnuj","","","Shahrestan","County"
18279,107,"IRN","Iran",12,"Kerman",119,"Kerman","","","Shahrestan","County"
18280,107,"IRN","Iran",12,"Kerman",120,"Rafsanjan","","","Shahrestan","County"
18281,107,"IRN","Iran",12,"Kerman",121,"Ravar","","","Shahrestan","County"
18282,107,"IRN","Iran",12,"Kerman",122,"Sirjan","","","Shahrestan","County"
18283,107,"IRN","Iran",12,"Kerman",123,"Zarand","","","Shahrestan","County"
18284,107,"IRN","Iran",13,"Kermanshah",124,"Eslamabad-e-Gharb","","","Shahrestan","County"
18285,107,"IRN","Iran",13,"Kermanshah",125,"Gilan-e-Gharb","","","Shahrestan","County"
18286,107,"IRN","Iran",13,"Kermanshah",126,"Harsin","","","Shahrestan","County"
18287,107,"IRN","Iran",13,"Kermanshah",127,"Kangavar","","","Shahrestan","County"
18288,107,"IRN","Iran",13,"Kermanshah",128,"Kermanshah","","","Shahrestan","County"
18289,107,"IRN","Iran",13,"Kermanshah",129,"n.a. (03)","","","Shahrestan","County"
18290,107,"IRN","Iran",13,"Kermanshah",130,"Paveh","","","Shahrestan","County"
18291,107,"IRN","Iran",13,"Kermanshah",131,"Qasr-e-Shirin","","","Shahrestan","County"
18292,107,"IRN","Iran",13,"Kermanshah",132,"Sahneh","","","Shahrestan","County"
18293,107,"IRN","Iran",13,"Kermanshah",133,"Sarpol-e-Zahab","","","Shahrestan","County"
18294,107,"IRN","Iran",13,"Kermanshah",134,"Sonqor","","","Shahrestan","County"
18295,107,"IRN","Iran",14,"Khuzestan",135,"Abadan","","","Shahrestan","County"
18296,107,"IRN","Iran",14,"Khuzestan",136,"Ahvaz","","","Shahrestan","County"
18297,107,"IRN","Iran",14,"Khuzestan",137,"Andimeshk","","","Shahrestan","County"
18298,107,"IRN","Iran",14,"Khuzestan",138,"Baghemalek","","Baghmalek","Shahrestan","County"
18299,107,"IRN","Iran",14,"Khuzestan",139,"Bandar-e-Mahshahr/Hendijan","","","Shahrestan","County"
18300,107,"IRN","Iran",14,"Khuzestan",140,"Behbahan","","","Shahrestan","County"
18301,107,"IRN","Iran",14,"Khuzestan",141,"Dasht-e-Azadegan","","","Shahrestan","County"
18302,107,"IRN","Iran",14,"Khuzestan",142,"Dezful","","","Shahrestan","County"
18303,107,"IRN","Iran",14,"Khuzestan",143,"Izeh County","","","Shahrestan","County"
18304,107,"IRN","Iran",14,"Khuzestan",144,"Khorramshahr","","","Shahrestan","County"
18305,107,"IRN","Iran",14,"Khuzestan",145,"Masjed Soleyman","","Masjed Soleyman","Shahrestan","County"
18306,107,"IRN","Iran",14,"Khuzestan",146,"Ramhormoz","","","Shahrestan","County"
18307,107,"IRN","Iran",14,"Khuzestan",147,"Shadegan","","","Shahrestan","County"
18308,107,"IRN","Iran",14,"Khuzestan",148,"Shush","","","Shahrestan","County"
18309,107,"IRN","Iran",14,"Khuzestan",149,"Shushtar","","","Shahrestan","County"
18310,107,"IRN","Iran",15,"Kohgiluyeh and Buyer Ahmad",150,"Boyer Ahmad","","Yasooj","Shahrestan","County"
18311,107,"IRN","Iran",15,"Kohgiluyeh and Buyer Ahmad",151,"Gachsaran","","","Shahrestan","County"
18312,107,"IRN","Iran",15,"Kohgiluyeh and Buyer Ahmad",152,"Kohgiluyeh","","Dehdasht","Shahrestan","County"
18313,107,"IRN","Iran",16,"Kordestan",153,"Baneh","","","Shahrestan","County"
18314,107,"IRN","Iran",16,"Kordestan",154,"Bijar","","","Shahrestan","County"
18315,107,"IRN","Iran",16,"Kordestan",155,"Divandarreh","","","Shahrestan","County"
18316,107,"IRN","Iran",16,"Kordestan",156,"Kamyaran","","","Shahrestan","County"
18317,107,"IRN","Iran",16,"Kordestan",157,"Marivan","","","Shahrestan","County"
18318,107,"IRN","Iran",16,"Kordestan",158,"Qorveh","","","Shahrestan","County"
18319,107,"IRN","Iran",16,"Kordestan",159,"Sanandaj","","","Shahrestan","County"
18320,107,"IRN","Iran",16,"Kordestan",160,"Saqqez","","","Shahrestan","County"
18321,107,"IRN","Iran",17,"Lorestan",161,"Aligudarz","","Aligoodarz","Shahrestan","County"
18322,107,"IRN","Iran",17,"Lorestan",162,"Azna","","","Shahrestan","County"
18323,107,"IRN","Iran",17,"Lorestan",163,"Borujerd","","Borudscherd","Shahrestan","County"
18324,107,"IRN","Iran",17,"Lorestan",164,"Dalfan","","Delfan","Shahrestan","County"
18325,107,"IRN","Iran",17,"Lorestan",165,"Dorud","","Dorood","Shahrestan","County"
18326,107,"IRN","Iran",17,"Lorestan",166,"Khorramabad","","Chorramabad","Shahrestan","County"
18327,107,"IRN","Iran",17,"Lorestan",167,"Kuhdasht","","Kuhdascht","Shahrestan","County"
18328,107,"IRN","Iran",17,"Lorestan",168,"Poldokhtar","","Pol-e- Dochtar","Shahrestan","County"
18329,107,"IRN","Iran",18,"Markazi",169,"Arak","","","Shahrestan","County"
18330,107,"IRN","Iran",18,"Markazi",170,"Ashtiyan","","Ashtian","Shahrestan","County"
18331,107,"IRN","Iran",18,"Markazi",171,"Delijan","","","Shahrestan","County"
18332,107,"IRN","Iran",18,"Markazi",172,"Khomeyn","","Khomein","Shahrestan","County"
18333,107,"IRN","Iran",18,"Markazi",173,"Mahalat","","Mahallat","Shahrestan","County"
18334,107,"IRN","Iran",18,"Markazi",174,"Saveh","","","Shahrestan","County"
18335,107,"IRN","Iran",18,"Markazi",175,"Shazand","","","Shahrestan","County"
18336,107,"IRN","Iran",18,"Markazi",176,"Tafresh","","","Shahrestan","County"
18337,107,"IRN","Iran",18,"Markazi",177,"Zarandiyeh","","","Shahrestan","County"
18338,107,"IRN","Iran",19,"Mazandaran",178,"Amol","","","Shahrestan","County"
18339,107,"IRN","Iran",19,"Mazandaran",179,"Babol","","","Shahrestan","County"
18340,107,"IRN","Iran",19,"Mazandaran",180,"Babolsar","","","Shahrestan","County"
18341,107,"IRN","Iran",19,"Mazandaran",181,"Behshahr","","","Shahrestan","County"
18342,107,"IRN","Iran",19,"Mazandaran",182,"Chalus","","Chaloos","Shahrestan","County"
18343,107,"IRN","Iran",19,"Mazandaran",183,"Juybar","","","Shahrestan","County"
18344,107,"IRN","Iran",19,"Mazandaran",184,"Mahmudabad","","","Shahrestan","County"
18345,107,"IRN","Iran",19,"Mazandaran",185,"Nur","","Noor","Shahrestan","County"
18346,107,"IRN","Iran",19,"Mazandaran",186,"Ramsar","","","Shahrestan","County"
18347,107,"IRN","Iran",19,"Mazandaran",187,"Sari","","","Shahrestan","County"
18348,107,"IRN","Iran",19,"Mazandaran",188,"Savadkuh","","","Shahrestan","County"
18349,107,"IRN","Iran",19,"Mazandaran",189,"Tonekabon","","","Shahrestan","County"
18350,107,"IRN","Iran",20,"North Khorasan",190,"Bojnurd","","","Shahrestan","County"
18351,107,"IRN","Iran",20,"North Khorasan",191,"Esfarayen","","","Shahrestan","County"
18352,107,"IRN","Iran",20,"North Khorasan",192,"Jajarm","","","Shahrestan","County"
18353,107,"IRN","Iran",21,"Qazvin",193,"Qazvin","","","Shahrestan","County"
18354,107,"IRN","Iran",21,"Qazvin",194,"Takestan","","","Shahrestan","County"
18355,107,"IRN","Iran",22,"Qom",195,"Qom","","","Shahrestan","County"
18356,107,"IRN","Iran",23,"Razavi Khorasan",196,"Bardeskan","","","Shahrestan","County"
18357,107,"IRN","Iran",23,"Razavi Khorasan",197,"Chenaran","","","Shahrestan","County"
18358,107,"IRN","Iran",23,"Razavi Khorasan",198,"Dargaz","","Darrehgaz","Shahrestan","County"
18359,107,"IRN","Iran",23,"Razavi Khorasan",199,"Fariman","","","Shahrestan","County"
18360,107,"IRN","Iran",23,"Razavi Khorasan",200,"Ferdows","","","Shahrestan","County"
18361,107,"IRN","Iran",23,"Razavi Khorasan",201,"Gonabad","","","Shahrestan","County"
18362,107,"IRN","Iran",23,"Razavi Khorasan",202,"Kashmar/Khalilabad","","","Shahrestan","County"
18363,107,"IRN","Iran",23,"Razavi Khorasan",203,"Khaf","","","Shahrestan","County"
18364,107,"IRN","Iran",23,"Razavi Khorasan",204,"Mashhad","","","Shahrestan","County"
18365,107,"IRN","Iran",23,"Razavi Khorasan",205,"n.a. (01)","","","Shahrestan","County"
18366,107,"IRN","Iran",23,"Razavi Khorasan",206,"n.a. (02)","","","Shahrestan","County"
18367,107,"IRN","Iran",23,"Razavi Khorasan",207,"Neyshabur","","","Shahrestan","County"
18368,107,"IRN","Iran",23,"Razavi Khorasan",208,"Quchan","","","Shahrestan","County"
18369,107,"IRN","Iran",23,"Razavi Khorasan",209,"Sabzevar","","","Shahrestan","County"
18370,107,"IRN","Iran",23,"Razavi Khorasan",210,"Sarakhs","","","Shahrestan","County"
18371,107,"IRN","Iran",23,"Razavi Khorasan",211,"Taybad","","","Shahrestan","County"
18372,107,"IRN","Iran",23,"Razavi Khorasan",212,"Torbat-e-Heydarieh","","","Shahrestan","County"
18373,107,"IRN","Iran",23,"Razavi Khorasan",213,"Torbat-e-Jam","","","Shahrestan","County"
18374,107,"IRN","Iran",24,"Semnan",214,"Damghan","","","Shahrestan","County"
18375,107,"IRN","Iran",24,"Semnan",215,"Garmsar","","","Shahrestan","County"
18376,107,"IRN","Iran",24,"Semnan",216,"Semnan","","","Shahrestan","County"
18377,107,"IRN","Iran",24,"Semnan",217,"Shahrud","","","Shahrestan","County"
18378,107,"IRN","Iran",25,"Sistan and Baluchestan",218,"Chahbahar","","","Shahrestan","County"
18379,107,"IRN","Iran",25,"Sistan and Baluchestan",219,"Iranshahr","","","Shahrestan","County"
18380,107,"IRN","Iran",25,"Sistan and Baluchestan",220,"Khash","","","Shahrestan","County"
18381,107,"IRN","Iran",25,"Sistan and Baluchestan",221,"Nikshahr","","","Shahrestan","County"
18382,107,"IRN","Iran",25,"Sistan and Baluchestan",222,"Saravan","","","Shahrestan","County"
18383,107,"IRN","Iran",25,"Sistan and Baluchestan",223,"Zabol","","","Shahrestan","County"
18384,107,"IRN","Iran",25,"Sistan and Baluchestan",224,"Zahedan","","","Shahrestan","County"
18385,107,"IRN","Iran",26,"South Khorasan",225,"Birjand","","","Shahrestan","County"
18386,107,"IRN","Iran",26,"South Khorasan",226,"Nehbandan","","","Shahrestan","County"
18387,107,"IRN","Iran",26,"South Khorasan",227,"Sarbisheh","","","Shahrestan","County"
18388,107,"IRN","Iran",27,"Tehran",228,"Damavand","","","Shahrestan","County"
18389,107,"IRN","Iran",27,"Tehran",229,"Eslamshahr","","","Shahrestan","County"
18390,107,"IRN","Iran",27,"Tehran",230,"Firuzkuh","","","Shahrestan","County"
18391,107,"IRN","Iran",27,"Tehran",231,"Karaj","","","Shahrestan","County"
18392,107,"IRN","Iran",27,"Tehran",232,"Nazarabad","","","Shahrestan","County"
18393,107,"IRN","Iran",27,"Tehran",233,"Pakdasht","","","Shahrestan","County"
18394,107,"IRN","Iran",27,"Tehran",234,"Rey","","Ray","Shahrestan","County"
18395,107,"IRN","Iran",27,"Tehran",235,"Robatkarim","","Robat-Karim","Shahrestan","County"
18396,107,"IRN","Iran",27,"Tehran",236,"Savojbolagh","","","Shahrestan","County"
18397,107,"IRN","Iran",27,"Tehran",237,"Shahriyar","","Shahriar","Shahrestan","County"
18398,107,"IRN","Iran",27,"Tehran",238,"Shemiranat","","","Shahrestan","County"
18399,107,"IRN","Iran",27,"Tehran",239,"Theran","","","Shahrestan","County"
18400,107,"IRN","Iran",27,"Tehran",240,"Varamin","","","Shahrestan","County"
18401,107,"IRN","Iran",28,"West Azarbaijan",241,"Bukan","","","Shahrestan","County"
18402,107,"IRN","Iran",28,"West Azarbaijan",242,"Chaldoran","","","Shahrestan","County"
18403,107,"IRN","Iran",28,"West Azarbaijan",243,"Khoy","","","Shahrestan","County"
18404,107,"IRN","Iran",28,"West Azarbaijan",244,"Mahabad","","","Shahrestan","County"
18405,107,"IRN","Iran",28,"West Azarbaijan",245,"Maku","","","Shahrestan","County"
18406,107,"IRN","Iran",28,"West Azarbaijan",246,"Miyandoab","","","Shahrestan","County"
18407,107,"IRN","Iran",28,"West Azarbaijan",247,"Naqadeh","","Naghadeh","Shahrestan","County"
18408,107,"IRN","Iran",28,"West Azarbaijan",248,"Orumiyeh","","Urmia","Shahrestan","County"
18409,107,"IRN","Iran",28,"West Azarbaijan",249,"Oshnaviyeh","","","Shahrestan","County"
18410,107,"IRN","Iran",28,"West Azarbaijan",250,"Piranshahr","","","Shahrestan","County"
18411,107,"IRN","Iran",28,"West Azarbaijan",251,"Salmas","","","Shahrestan","County"
18412,107,"IRN","Iran",28,"West Azarbaijan",252,"Sardasht","","","Shahrestan","County"
18413,107,"IRN","Iran",28,"West Azarbaijan",253,"Shahindezh","","","Shahrestan","County"
18414,107,"IRN","Iran",28,"West Azarbaijan",254,"Takab","","","Shahrestan","County"
18415,107,"IRN","Iran",29,"Yazd",255,"Ardakan","","","Shahrestan","County"
18416,107,"IRN","Iran",29,"Yazd",256,"Bafq","","","Shahrestan","County"
18417,107,"IRN","Iran",29,"Yazd",257,"Mehriz","","Mehreez","Shahrestan","County"
18418,107,"IRN","Iran",29,"Yazd",258,"Meybod","","Maybod","Shahrestan","County"
18419,107,"IRN","Iran",29,"Yazd",259,"Tabas","","","Shahrestan","County"
18420,107,"IRN","Iran",29,"Yazd",260,"Taft","","","Shahrestan","County"
18421,107,"IRN","Iran",29,"Yazd",261,"Yazd","","","Shahrestan","County"
18422,107,"IRN","Iran",30,"Zanjan",262,"Abhar","","","Shahrestan","County"
18423,107,"IRN","Iran",30,"Zanjan",263,"Khodabandeh","","","Shahrestan","County"
18424,107,"IRN","Iran",30,"Zanjan",264,"Khorramdarreh","","Khoramdareh","Shahrestan","County"
18425,107,"IRN","Iran",30,"Zanjan",265,"Mahneshan","","","Shahrestan","County"
18426,107,"IRN","Iran",30,"Zanjan",266,"Tarom","","Abbar","Shahrestan","County"
18427,107,"IRN","Iran",30,"Zanjan",267,"Zanjan","","","Shahrestan","County"
18428,107,"IRN","Iran",30,"Zanjan",268,"Zarrinabad","","","Shahrestan","County"
