"PID","ID_0","ISO","NAME_0","ID_1","NAME_1","ID_2","NAME_2","NL_NAME_2","VARNAME_2","TYPE_2","ENGTYPE_2"
17054,104,"ISL","Iceland",1,"Austurland",1,"Austur-Hérað","","","Sveitarfélög ","Municipality"
17055,104,"ISL","Iceland",1,"Austurland",2,"Borgarfjarðarhreppur","","","Sveitarfélög ","Municipality"
17056,104,"ISL","Iceland",1,"Austurland",3,"Breiðdalshreppur","","","Sveitarfélög ","Municipality"
17057,104,"ISL","Iceland",1,"Austurland",4,"Búðahreppur","","","Sveitarfélög ","Municipality"
17058,104,"ISL","Iceland",1,"Austurland",5,"Djúpavogshreppur","","","Sveitarfélög ","Municipality"
17059,104,"ISL","Iceland",1,"Austurland",6,"Fáskrúðsfjarðarhr.","","","Sveitarfélög ","Municipality"
17060,104,"ISL","Iceland",1,"Austurland",7,"Fellahreppur","","","Sveitarfélög ","Municipality"
17061,104,"ISL","Iceland",1,"Austurland",8,"Fjarðabyggð","","","Sveitarfélög ","Municipality"
17062,104,"ISL","Iceland",1,"Austurland",9,"Fljótsdalshreppur","","","Sveitarfélög ","Municipality"
17063,104,"ISL","Iceland",1,"Austurland",10,"Mjóafjarðarhreppur","","","Sveitarfélög ","Municipality"
17064,104,"ISL","Iceland",1,"Austurland",11,"Norður-Hérað","","","Sveitarfélög ","Municipality"
17065,104,"ISL","Iceland",1,"Austurland",12,"Seyðisfjörður","","","Sveitarfélög ","Municipality"
17066,104,"ISL","Iceland",1,"Austurland",13,"Skeggjastaðahreppur","","","Sveitarfélög ","Municipality"
17067,104,"ISL","Iceland",1,"Austurland",14,"Stöðvarhreppur","","","Sveitarfélög ","Municipality"
17068,104,"ISL","Iceland",1,"Austurland",15,"Sveitarfélagið Hornafjörður","","","Sveitarfélög ","Municipality"
17069,104,"ISL","Iceland",1,"Austurland",16,"Vopnafjarðarhreppur","","","Sveitarfélög ","Municipality"
17070,104,"ISL","Iceland",2,"Hálshreppur",17,"Aðaldælahreppur","","","Sveitarfélög ","Municipality"
17071,104,"ISL","Iceland",2,"Hálshreppur",18,"Akureyri","","","Sveitarfélög ","Municipality"
17072,104,"ISL","Iceland",2,"Hálshreppur",19,"Arnarneshreppur","","","Sveitarfélög ","Municipality"
17073,104,"ISL","Iceland",2,"Hálshreppur",20,"Bárðdælahreppur","","","Sveitarfélög ","Municipality"
17074,104,"ISL","Iceland",2,"Hálshreppur",21,"Dalvíkurbyggð","","","Sveitarfélög ","Municipality"
17075,104,"ISL","Iceland",2,"Hálshreppur",22,"Eyjafjarðarsveit","","","Sveitarfélög ","Municipality"
17076,104,"ISL","Iceland",2,"Hálshreppur",23,"Glæsibæjarhreppur","","","Sveitarfélög ","Municipality"
17077,104,"ISL","Iceland",2,"Hálshreppur",24,"Grímseyjarhreppur","","","Sveitarfélög ","Municipality"
17078,104,"ISL","Iceland",2,"Hálshreppur",25,"Grýtubakkahreppur","","","Sveitarfélög ","Municipality"
17079,104,"ISL","Iceland",2,"Hálshreppur",26,"Hálshreppur","","","Sveitarfélög ","Municipality"
17080,104,"ISL","Iceland",2,"Hálshreppur",27,"Hríseyjarhreppur","","","Sveitarfélög ","Municipality"
17081,104,"ISL","Iceland",2,"Hálshreppur",28,"Húsavík","","","Sveitarfélög ","Municipality"
17082,104,"ISL","Iceland",2,"Hálshreppur",29,"Kelduneshreppur","","","Sveitarfélög ","Municipality"
17083,104,"ISL","Iceland",2,"Hálshreppur",30,"Ljósavatnshreppur","","","Sveitarfélög ","Municipality"
17084,104,"ISL","Iceland",2,"Hálshreppur",31,"Ólafsfjörður","","","Sveitarfélög ","Municipality"
17085,104,"ISL","Iceland",2,"Hálshreppur",32,"Öxarfjarðarhreppur","","","Sveitarfélög ","Municipality"
17086,104,"ISL","Iceland",2,"Hálshreppur",33,"Öxnadalshreppur","","","Sveitarfélög ","Municipality"
17087,104,"ISL","Iceland",2,"Hálshreppur",34,"Reykdælahreppur","","","Sveitarfélög ","Municipality"
17088,104,"ISL","Iceland",2,"Hálshreppur",35,"Reykjahreppur","","","Sveitarfélög ","Municipality"
17089,104,"ISL","Iceland",2,"Hálshreppur",36,"Siglufjörður","","","Sveitarfélög ","Municipality"
17090,104,"ISL","Iceland",2,"Hálshreppur",37,"Skriðuhreppur","","","Sveitarfélög ","Municipality"
17091,104,"ISL","Iceland",2,"Hálshreppur",38,"Skútustaðahreppur","","","Sveitarfélög ","Municipality"
17092,104,"ISL","Iceland",2,"Hálshreppur",39,"Svalbarðshreppur","","","Sveitarfélög ","Municipality"
17093,104,"ISL","Iceland",2,"Hálshreppur",40,"Þórshafnarhreppur","","","Sveitarfélög ","Municipality"
17094,104,"ISL","Iceland",2,"Hálshreppur",41,"Tjörneshreppur","","","Sveitarfélög ","Municipality"
17095,104,"ISL","Iceland",3,"Höfuðborgarsvæði",42,"Bessastaðahreppur","","","Sveitarfélög ","Municipality"
17096,104,"ISL","Iceland",3,"Höfuðborgarsvæði",43,"Garðabær","","","Sveitarfélög ","Municipality"
17097,104,"ISL","Iceland",3,"Höfuðborgarsvæði",44,"Hafnarfjörður","","","Sveitarfélög ","Municipality"
17098,104,"ISL","Iceland",3,"Höfuðborgarsvæði",45,"Kjósarhreppur","","","Sveitarfélög ","Municipality"
17099,104,"ISL","Iceland",3,"Höfuðborgarsvæði",46,"Kópavogur","","","Sveitarfélög ","Municipality"
17100,104,"ISL","Iceland",3,"Höfuðborgarsvæði",47,"Mosfellsbær","","","Sveitarfélög ","Municipality"
17101,104,"ISL","Iceland",3,"Höfuðborgarsvæði",48,"Reykjavík","","","Sveitarfélög ","Municipality"
17102,104,"ISL","Iceland",4,"Norðurland vestra",49,"Akrahreppur","","","Sveitarfélög ","Municipality"
17103,104,"ISL","Iceland",4,"Norðurland vestra",50,"Áshreppur","","","Sveitarfélög ","Municipality"
17104,104,"ISL","Iceland",4,"Norðurland vestra",51,"Blönduós","","","Sveitarfélög ","Municipality"
17105,104,"ISL","Iceland",4,"Norðurland vestra",52,"Bólstaðarhlíðarhreppur","","","Sveitarfélög ","Municipality"
17106,104,"ISL","Iceland",4,"Norðurland vestra",53,"Engihlíðarhreppur","","","Sveitarfélög ","Municipality"
17107,104,"ISL","Iceland",4,"Norðurland vestra",54,"Höfðahreppur","","","Sveitarfélög ","Municipality"
17108,104,"ISL","Iceland",4,"Norðurland vestra",55,"Húnaþing vestra","","","Sveitarfélög ","Municipality"
17109,104,"ISL","Iceland",4,"Norðurland vestra",56,"Skagahreppur","","","Sveitarfélög ","Municipality"
17110,104,"ISL","Iceland",4,"Norðurland vestra",57,"Sveinsstaðahreppur","","","Sveitarfélög ","Municipality"
17111,104,"ISL","Iceland",4,"Norðurland vestra",58,"Sveitarfélagið Skagafjörður","","","Sveitarfélög ","Municipality"
17112,104,"ISL","Iceland",4,"Norðurland vestra",59,"Svínavatnshreppur","","","Sveitarfélög ","Municipality"
17113,104,"ISL","Iceland",4,"Norðurland vestra",60,"Torfalækjarhreppur","","","Sveitarfélög ","Municipality"
17114,104,"ISL","Iceland",4,"Norðurland vestra",61,"Vindhælishreppur","","","Sveitarfélög ","Municipality"
17115,104,"ISL","Iceland",5,"Suðurland",62,"Ásahreppur","","","Sveitarfélög ","Municipality"
17116,104,"ISL","Iceland",5,"Suðurland",63,"Austur-Eyjafjallahreppur","","","Sveitarfélög ","Municipality"
17117,104,"ISL","Iceland",5,"Suðurland",64,"Austur-Landeyjahreppur","","","Sveitarfélög ","Municipality"
17118,104,"ISL","Iceland",5,"Suðurland",65,"Biskupstungnahreppur","","","Sveitarfélög ","Municipality"
17119,104,"ISL","Iceland",5,"Suðurland",66,"Djúpárhreppur","","","Sveitarfélög ","Municipality"
17120,104,"ISL","Iceland",5,"Suðurland",67,"Fljótshlíðarhreppur","","","Sveitarfélög ","Municipality"
17121,104,"ISL","Iceland",5,"Suðurland",68,"Gaulverjabæjarhreppur","","","Sveitarfélög ","Municipality"
17122,104,"ISL","Iceland",5,"Suðurland",69,"Gnúpverjahreppur","","","Sveitarfélög ","Municipality"
17123,104,"ISL","Iceland",5,"Suðurland",70,"Grímsnes- og Grafningshreppur","","","Sveitarfélög ","Municipality"
17124,104,"ISL","Iceland",5,"Suðurland",71,"Holta- og Landasveit","","","Sveitarfélög ","Municipality"
17125,104,"ISL","Iceland",5,"Suðurland",72,"Hraungerðishreppur","","","Sveitarfélög ","Municipality"
17126,104,"ISL","Iceland",5,"Suðurland",73,"Hrunamannahreppur","","","Sveitarfélög ","Municipality"
17127,104,"ISL","Iceland",5,"Suðurland",74,"Hveragerði","","","Sveitarfélög ","Municipality"
17128,104,"ISL","Iceland",5,"Suðurland",75,"Hvolhreppur","","","Sveitarfélög ","Municipality"
17129,104,"ISL","Iceland",5,"Suðurland",76,"Laugardalshreppur","","","Sveitarfélög ","Municipality"
17130,104,"ISL","Iceland",5,"Suðurland",77,"Mýrdalshreppur","","","Sveitarfélög ","Municipality"
17131,104,"ISL","Iceland",5,"Suðurland",78,"Ölfushreppur","","","Sveitarfélög ","Municipality"
17132,104,"ISL","Iceland",5,"Suðurland",79,"Rangárvallahreppur","","","Sveitarfélög ","Municipality"
17133,104,"ISL","Iceland",5,"Suðurland",80,"Skaftárhreppur","","","Sveitarfélög ","Municipality"
17134,104,"ISL","Iceland",5,"Suðurland",81,"Skeiðahreppur","","","Sveitarfélög ","Municipality"
17135,104,"ISL","Iceland",5,"Suðurland",82,"Sveitarfélagið Árborg","","","Sveitarfélög ","Municipality"
17136,104,"ISL","Iceland",5,"Suðurland",83,"Þingvallahreppur","","","Sveitarfélög ","Municipality"
17137,104,"ISL","Iceland",5,"Suðurland",84,"Uten navn - sysla","","","Sveitarfélög ","Municipality"
17138,104,"ISL","Iceland",5,"Suðurland",85,"Vestmannaeyjar","","","Sveitarfélög ","Municipality"
17139,104,"ISL","Iceland",5,"Suðurland",86,"Vestur-Eyjafjallahreppur","","","Sveitarfélög ","Municipality"
17140,104,"ISL","Iceland",5,"Suðurland",87,"Vestur-Landeyjahreppur","","","Sveitarfélög ","Municipality"
17141,104,"ISL","Iceland",5,"Suðurland",88,"Villingaholtshreppur","","","Sveitarfélög ","Municipality"
17142,104,"ISL","Iceland",6,"Suðurnes",89,"Grindavík","","","Sveitarfélög ","Municipality"
17143,104,"ISL","Iceland",6,"Suðurnes",90,"Reykjanesbær","","","Sveitarfélög ","Municipality"
17144,104,"ISL","Iceland",6,"Suðurnes",91,"Sandgerði","","","Sveitarfélög ","Municipality"
17145,104,"ISL","Iceland",6,"Suðurnes",92,"Vatnsleysustrandarhreppur","","","Sveitarfélög ","Municipality"
17146,104,"ISL","Iceland",7,"Vestfirðir",93,"Árneshreppur","","","Sveitarfélög ","Municipality"
17147,104,"ISL","Iceland",7,"Vestfirðir",94,"Bæjarhreppur","","","Sveitarfélög ","Municipality"
17148,104,"ISL","Iceland",7,"Vestfirðir",95,"Bolungarvík","","","Sveitarfélög ","Municipality"
17149,104,"ISL","Iceland",7,"Vestfirðir",96,"Broddaneshreppur","","","Sveitarfélög ","Municipality"
17150,104,"ISL","Iceland",7,"Vestfirðir",97,"Hólmavíkurhreppur","","","Sveitarfélög ","Municipality"
17151,104,"ISL","Iceland",7,"Vestfirðir",98,"Ísafjarðarbær","","","Sveitarfélög ","Municipality"
17152,104,"ISL","Iceland",7,"Vestfirðir",99,"Kaldrananeshreppur","","","Sveitarfélög ","Municipality"
17153,104,"ISL","Iceland",7,"Vestfirðir",100,"Kirkjubólshreppur","","","Sveitarfélög ","Municipality"
17154,104,"ISL","Iceland",7,"Vestfirðir",101,"Reykhólahreppur","","","Sveitarfélög ","Municipality"
17155,104,"ISL","Iceland",7,"Vestfirðir",102,"Súðavíkurhreppur","","","Sveitarfélög ","Municipality"
17156,104,"ISL","Iceland",7,"Vestfirðir",103,"Vesturbyggð","","","Sveitarfélög ","Municipality"
17157,104,"ISL","Iceland",8,"Vesturland",104,"Akranes","","","Sveitarfélög ","Municipality"
17158,104,"ISL","Iceland",8,"Vesturland",105,"Borgarbyggð","","","Sveitarfélög ","Municipality"
17159,104,"ISL","Iceland",8,"Vesturland",106,"Borgarfjarðarsveit","","","Sveitarfélög ","Municipality"
17160,104,"ISL","Iceland",8,"Vesturland",107,"Dalabyggð","","","Sveitarfélög ","Municipality"
17161,104,"ISL","Iceland",8,"Vesturland",108,"Eyja- og Miklaholtshreppur","","","Sveitarfélög ","Municipality"
17162,104,"ISL","Iceland",8,"Vesturland",109,"Eyrarsveit","","","Sveitarfélög ","Municipality"
17163,104,"ISL","Iceland",8,"Vesturland",110,"Helgafellssveit","","","Sveitarfélög ","Municipality"
17164,104,"ISL","Iceland",8,"Vesturland",111,"Hvalfjarðarstrandarhreppur","","","Sveitarfélög ","Municipality"
17165,104,"ISL","Iceland",8,"Vesturland",112,"Hvítársíðuhreppur","","","Sveitarfélög ","Municipality"
17166,104,"ISL","Iceland",8,"Vesturland",113,"Innri-Akraneshreppur","","","Sveitarfélög ","Municipality"
17167,104,"ISL","Iceland",8,"Vesturland",114,"Kolbeinsstaðahreppur","","","Sveitarfélög ","Municipality"
17168,104,"ISL","Iceland",8,"Vesturland",115,"Leirár- og Melahreppur","","","Sveitarfélög ","Municipality"
17169,104,"ISL","Iceland",8,"Vesturland",116,"Saurbæjarhreppur","","","Sveitarfélög ","Municipality"
17170,104,"ISL","Iceland",8,"Vesturland",117,"Skilmannahreppur","","","Sveitarfélög ","Municipality"
17171,104,"ISL","Iceland",8,"Vesturland",118,"Skorradalshreppur","","","Sveitarfélög ","Municipality"
17172,104,"ISL","Iceland",8,"Vesturland",119,"Snæfellsbær","","","Sveitarfélög ","Municipality"
