"PID","ID_0","ISO","NAME_0","ID_1","NAME_1","NL_NAME_1","VARNAME_1","TYPE_1","ENGTYPE_1"
1454,104,"ISL","Iceland",1,"Austurland","","Eastland","Landsvæði","Region"
1455,104,"ISL","Iceland",2,"Hálshreppur","","Norðurland eystra|Northland East","Landsvæði","Region"
1456,104,"ISL","Iceland",3,"Höfuðborgarsvæði","","Capital|Reykjavik and Reykjane","Landsvæði","Region"
1457,104,"ISL","Iceland",4,"Norðurland vestra","","Northland West","Landsvæði","Region"
1458,104,"ISL","Iceland",5,"Suðurland","","Southland|South","Landsvæði","Region"
1459,104,"ISL","Iceland",6,"Suðurnes","","Southern Peninsula","Kaupstadir","Independent Town"
1460,104,"ISL","Iceland",7,"Vestfirðir","","Western Fjords|Western Peninsula","Landsvæði","Region"
1461,104,"ISL","Iceland",8,"Vesturland","","Westland|West","Landsvæði","Region"
