"PID","ID_0","ISO","NAME_0","ID_1","NAME_1","ID_2","NAME_2","NL_NAME_2","VARNAME_2","TYPE_2","ENGTYPE_2"
14210,64,"DJI","Djibouti",1,"Ali Sabieh",1,"Ali Sabieh","","","District","District"
14211,64,"DJI","Djibouti",2,"Dikhil",2,"As Eyla","","","District","District"
14212,64,"DJI","Djibouti",2,"Dikhil",3,"Dikhil","","","District","District"
14213,64,"DJI","Djibouti",2,"Dikhil",4,"Yoboki","","","District","District"
14214,64,"DJI","Djibouti",3,"Djibouti",5,"Djibouti","","","District","District"
14215,64,"DJI","Djibouti",4,"Obock",6,"Alaili Dadda","","","District","District"
14216,64,"DJI","Djibouti",4,"Obock",7,"Obock","","","District","District"
14217,64,"DJI","Djibouti",5,"Tadjourah",8,"Balha","","","District","District"
14218,64,"DJI","Djibouti",5,"Tadjourah",9,"Dorra","","","District","District"
14219,64,"DJI","Djibouti",5,"Tadjourah",10,"Randa","","","District","District"
14220,64,"DJI","Djibouti",5,"Tadjourah",11,"Tadjourah","","","District","District"
