"PID","ID_0","ISO","NAME_0","ID_1","NAME_1","NL_NAME_1","VARNAME_1","TYPE_1","ENGTYPE_1"
2639,199,"SEN","Senegal",1,"Dakar","","Cap Vert|Dacar","Région","Region"
2640,199,"SEN","Senegal",2,"Diourbel","","","Région","Region"
2641,199,"SEN","Senegal",3,"Fatick","","","Région","Region"
2642,199,"SEN","Senegal",4,"Kaolack","","","Région","Region"
2643,199,"SEN","Senegal",5,"Kolda","","","Région","Region"
2644,199,"SEN","Senegal",6,"Louga","","","Région","Region"
2645,199,"SEN","Senegal",7,"Matam","","","Région","Region"
2646,199,"SEN","Senegal",8,"Saint-Louis","","Fleuve|Vallée du Fleuve","Région","Region"
2647,199,"SEN","Senegal",9,"Tambacounda","","Sénégal Oriental","Région","Region"
2648,199,"SEN","Senegal",10,"Thiès","","","Région","Region"
2649,199,"SEN","Senegal",11,"Ziguinchor","","","Région","Region"
