"PID","ID_0","ISO","NAME_0","ID_1","NAME_1","ID_2","NAME_2","ID_3","NAME_3","ID_4","NAME_4","VARNAME_4","TYPE_4","ENGTYPE_4"
24538,199,"SEN","Senegal",1,"Dakar",1,"Dakar",1,"Dakar",1,"Biscuiterie","","Commune d'arrondissement","Commune"
24539,199,"SEN","Senegal",1,"Dakar",1,"Dakar",1,"Dakar",2,"Cambérène","","Commune d'arrondissement","Commune"
24540,199,"SEN","Senegal",1,"Dakar",1,"Dakar",1,"Dakar",3,"Dieuppeul-Derklé","","Commune d'arrondissement","Commune"
24541,199,"SEN","Senegal",1,"Dakar",1,"Dakar",1,"Dakar",4,"Fann-Point E-Amitié","","Commune d'arrondissement","Commune"
24542,199,"SEN","Senegal",1,"Dakar",1,"Dakar",1,"Dakar",5,"Gorée","","Commune d'arrondissement","Commune"
24543,199,"SEN","Senegal",1,"Dakar",1,"Dakar",1,"Dakar",6,"Grand Dakar","","Commune d'arrondissement","Commune"
24544,199,"SEN","Senegal",1,"Dakar",1,"Dakar",1,"Dakar",7,"Grand Yoff","","Commune d'arrondissement","Commune"
24545,199,"SEN","Senegal",1,"Dakar",1,"Dakar",1,"Dakar",8,"Gueule Tapée-Fass-Colobane","","Commune d'arrondissement","Commune"
24546,199,"SEN","Senegal",1,"Dakar",1,"Dakar",1,"Dakar",9,"Hann-Bel Air","","Commune d'arrondissement","Commune"
24547,199,"SEN","Senegal",1,"Dakar",1,"Dakar",1,"Dakar",10,"HLM","","Commune d'arrondissement","Commune"
24548,199,"SEN","Senegal",1,"Dakar",1,"Dakar",1,"Dakar",11,"Médina","","Commune d'arrondissement","Commune"
24549,199,"SEN","Senegal",1,"Dakar",1,"Dakar",1,"Dakar",12,"Mermoz-Sacré Cœur","","Commune d'arrondissement","Commune"
24550,199,"SEN","Senegal",1,"Dakar",1,"Dakar",1,"Dakar",13,"Ngor","","Commune d'arrondissement","Commune"
24551,199,"SEN","Senegal",1,"Dakar",1,"Dakar",1,"Dakar",14,"Ouakam","","Commune d'arrondissement","Commune"
24552,199,"SEN","Senegal",1,"Dakar",1,"Dakar",1,"Dakar",15,"Parcelles Assainies","","Commune d'arrondissement","Commune"
24553,199,"SEN","Senegal",1,"Dakar",1,"Dakar",1,"Dakar",16,"Patte d'Oie","","Commune d'arrondissement","Commune"
24554,199,"SEN","Senegal",1,"Dakar",1,"Dakar",1,"Dakar",17,"Plateau","","Commune d'arrondissement","Commune"
24555,199,"SEN","Senegal",1,"Dakar",1,"Dakar",1,"Dakar",18,"Sicap Liberté","","Commune d'arrondissement","Commune"
24556,199,"SEN","Senegal",1,"Dakar",1,"Dakar",1,"Dakar",19,"Yoff","","Commune d'arrondissement","Commune"
24557,199,"SEN","Senegal",1,"Dakar",2,"Pikine",2,"Pikine",20,"",""," "," "
24558,199,"SEN","Senegal",1,"Dakar",3,"Rufisque-Bargny",3,"Sebikotane",21,"",""," "," "
24559,199,"SEN","Senegal",2,"Diourbel",4,"Bambey",4,"Baba Garage",22,"",""," "," "
24560,199,"SEN","Senegal",2,"Diourbel",4,"Bambey",5,"Lambaye",23,"",""," "," "
24561,199,"SEN","Senegal",2,"Diourbel",4,"Bambey",6,"Ngoye",24,"",""," "," "
24562,199,"SEN","Senegal",2,"Diourbel",5,"Diourbel",7,"Ndindy",25,"",""," "," "
24563,199,"SEN","Senegal",2,"Diourbel",5,"Diourbel",8,"Ndoulo",26,"",""," "," "
24564,199,"SEN","Senegal",2,"Diourbel",6,"Mbacké",9,"Kael",27,"",""," "," "
24565,199,"SEN","Senegal",2,"Diourbel",6,"Mbacké",10,"Ndame",28,"",""," "," "
24566,199,"SEN","Senegal",3,"Fatick",7,"Fatick",11,"Diakhao",29,"",""," "," "
24567,199,"SEN","Senegal",3,"Fatick",7,"Fatick",12,"Fimela",30,"",""," "," "
24568,199,"SEN","Senegal",3,"Fatick",7,"Fatick",13,"Niakhar",31,"",""," "," "
24569,199,"SEN","Senegal",3,"Fatick",7,"Fatick",14,"Tattaguine",32,"",""," "," "
24570,199,"SEN","Senegal",3,"Fatick",8,"Foundiougne",15,"Djilor",33,"",""," "," "
24571,199,"SEN","Senegal",3,"Fatick",8,"Foundiougne",16,"Niodior",34,"",""," "," "
24572,199,"SEN","Senegal",3,"Fatick",8,"Foundiougne",17,"Toubacouta",35,"",""," "," "
24573,199,"SEN","Senegal",3,"Fatick",9,"Gossas",18,"Colobane",36,"",""," "," "
24574,199,"SEN","Senegal",3,"Fatick",9,"Gossas",19,"Kahone",37,"",""," "," "
24575,199,"SEN","Senegal",3,"Fatick",9,"Gossas",20,"Ouadiour",38,"",""," "," "
24576,199,"SEN","Senegal",4,"Kaolack",10,"Kaffrine",21,"Birkelane",39,"",""," "," "
24577,199,"SEN","Senegal",4,"Kaolack",10,"Kaffrine",22,"Koungheul",40,"",""," "," "
24578,199,"SEN","Senegal",4,"Kaolack",10,"Kaffrine",23,"Maleme Hodar",41,"",""," "," "
24579,199,"SEN","Senegal",4,"Kaolack",10,"Kaffrine",24,"Nganda",42,"",""," "," "
24580,199,"SEN","Senegal",4,"Kaolack",11,"Kaolack",25,"Gandiaye",43,"",""," "," "
24581,199,"SEN","Senegal",4,"Kaolack",11,"Kaolack",26,"Ndiedieng",44,"",""," "," "
24582,199,"SEN","Senegal",4,"Kaolack",11,"Kaolack",27,"Ndoffane",45,"",""," "," "
24583,199,"SEN","Senegal",4,"Kaolack",12,"Nioro-Du-Rip",28,"Medina Sabakh",46,"",""," "," "
24584,199,"SEN","Senegal",4,"Kaolack",12,"Nioro-Du-Rip",29,"Paoskoto",47,"",""," "," "
24585,199,"SEN","Senegal",4,"Kaolack",12,"Nioro-Du-Rip",30,"Wack Ngouna",48,"",""," "," "
24586,199,"SEN","Senegal",5,"Kolda",13,"Kolda",31,"Dabo",49,"",""," "," "
24587,199,"SEN","Senegal",5,"Kolda",13,"Kolda",32,"Dioulacolon",50,"",""," "," "
24588,199,"SEN","Senegal",5,"Kolda",13,"Kolda",33,"Medina Yoro Foulah",51,"",""," "," "
24589,199,"SEN","Senegal",5,"Kolda",14,"Sédhiou",34,"Bounkiling",52,"",""," "," "
24590,199,"SEN","Senegal",5,"Kolda",14,"Sédhiou",35,"Diattacounda",53,"",""," "," "
24591,199,"SEN","Senegal",5,"Kolda",14,"Sédhiou",36,"Diende",54,"",""," "," "
24592,199,"SEN","Senegal",5,"Kolda",14,"Sédhiou",37,"Marsassoum",55,"",""," "," "
24593,199,"SEN","Senegal",5,"Kolda",14,"Sédhiou",38,"Tanaff",56,"",""," "," "
24594,199,"SEN","Senegal",5,"Kolda",15,"Vélingara",39,"Bonconto",57,"",""," "," "
24595,199,"SEN","Senegal",5,"Kolda",15,"Vélingara",40,"Kounkane",58,"",""," "," "
24596,199,"SEN","Senegal",5,"Kolda",15,"Vélingara",41,"Pakour",59,"",""," "," "
24597,199,"SEN","Senegal",6,"Louga",16,"Kébémer",42,"Darou Mousti",60,"",""," "," "
24598,199,"SEN","Senegal",6,"Louga",16,"Kébémer",43,"Ndande",61,"",""," "," "
24599,199,"SEN","Senegal",6,"Louga",16,"Kébémer",44,"Sagata",62,"",""," "," "
24600,199,"SEN","Senegal",6,"Louga",17,"Linguère",45,"Barkedji",63,"",""," "," "
24601,199,"SEN","Senegal",6,"Louga",17,"Linguère",46,"Dahra",64,"",""," "," "
24602,199,"SEN","Senegal",6,"Louga",17,"Linguère",47,"Dodji",65,"",""," "," "
24603,199,"SEN","Senegal",6,"Louga",17,"Linguère",48,"Yang-Yang",66,"",""," "," "
24604,199,"SEN","Senegal",6,"Louga",18,"Louga",49,"Keur Momar Sarr",67,"",""," "," "
24605,199,"SEN","Senegal",6,"Louga",18,"Louga",50,"Koki",68,"",""," "," "
24606,199,"SEN","Senegal",6,"Louga",18,"Louga",51,"Mbediene",69,"",""," "," "
24607,199,"SEN","Senegal",6,"Louga",18,"Louga",52,"Sakal",70,"",""," "," "
24608,199,"SEN","Senegal",7,"Matam",19,"Matam",53,"Kanel",71,"",""," "," "
24609,199,"SEN","Senegal",7,"Matam",19,"Matam",54,"Ourossogui",72,"",""," "," "
24610,199,"SEN","Senegal",7,"Matam",19,"Matam",55,"Semme",73,"",""," "," "
24611,199,"SEN","Senegal",7,"Matam",19,"Matam",56,"Thilogne",74,"",""," "," "
24612,199,"SEN","Senegal",8,"Saint-Louis",20,"Dagana",57,"Mbane",75,"",""," "," "
24613,199,"SEN","Senegal",8,"Saint-Louis",20,"Dagana",58,"Rao",76,"",""," "," "
24614,199,"SEN","Senegal",8,"Saint-Louis",20,"Dagana",59,"Ross-Bethio",77,"",""," "," "
24615,199,"SEN","Senegal",8,"Saint-Louis",21,"Podor",60,"Cas-Cas",78,"",""," "," "
24616,199,"SEN","Senegal",8,"Saint-Louis",21,"Podor",61,"Ndioum",79,"",""," "," "
24617,199,"SEN","Senegal",8,"Saint-Louis",21,"Podor",62,"Salde",80,"",""," "," "
24618,199,"SEN","Senegal",8,"Saint-Louis",21,"Podor",63,"Thille Boubacar",81,"",""," "," "
24619,199,"SEN","Senegal",9,"Tambacounda",22,"Bakel",64,"Bala",82,"",""," "," "
24620,199,"SEN","Senegal",9,"Tambacounda",22,"Bakel",65,"Diawara",83,"",""," "," "
24621,199,"SEN","Senegal",9,"Tambacounda",22,"Bakel",66,"Goudiri",84,"",""," "," "
24622,199,"SEN","Senegal",9,"Tambacounda",22,"Bakel",67,"Kidira",85,"",""," "," "
24623,199,"SEN","Senegal",9,"Tambacounda",23,"Kédougou",68,"Bandafassi",86,"",""," "," "
24624,199,"SEN","Senegal",9,"Tambacounda",23,"Kédougou",69,"Fongolimbi",87,"",""," "," "
24625,199,"SEN","Senegal",9,"Tambacounda",23,"Kédougou",70,"Salemata",88,"",""," "," "
24626,199,"SEN","Senegal",9,"Tambacounda",23,"Kédougou",71,"Saraya",89,"",""," "," "
24627,199,"SEN","Senegal",9,"Tambacounda",24,"Tambacounda",72,"Koumpentoum",90,"",""," "," "
24628,199,"SEN","Senegal",9,"Tambacounda",24,"Tambacounda",73,"Koussanar",91,"",""," "," "
24629,199,"SEN","Senegal",9,"Tambacounda",24,"Tambacounda",74,"Makacolibantang",92,"",""," "," "
24630,199,"SEN","Senegal",9,"Tambacounda",24,"Tambacounda",75,"Missirah",93,"",""," "," "
24631,199,"SEN","Senegal",10,"Thiès",25,"Mbour",76,"Fissel",94,"",""," "," "
24632,199,"SEN","Senegal",10,"Thiès",25,"Mbour",77,"Nguekokh",95,"",""," "," "
24633,199,"SEN","Senegal",10,"Thiès",25,"Mbour",78,"Thiadiaye",96,"",""," "," "
24634,199,"SEN","Senegal",10,"Thiès",26,"Thiès",79,"Notto",97,"",""," "," "
24635,199,"SEN","Senegal",10,"Thiès",26,"Thiès",80,"Pout",98,"",""," "," "
24636,199,"SEN","Senegal",10,"Thiès",26,"Thiès",81,"Thienaba",99,"",""," "," "
24637,199,"SEN","Senegal",10,"Thiès",27,"Tivaouane",82,"Meouane",100,"",""," "," "
24638,199,"SEN","Senegal",10,"Thiès",27,"Tivaouane",83,"Merina Dakhar",101,"",""," "," "
24639,199,"SEN","Senegal",10,"Thiès",27,"Tivaouane",84,"Niakhene",102,"",""," "," "
24640,199,"SEN","Senegal",10,"Thiès",27,"Tivaouane",85,"Pambal",103,"",""," "," "
24641,199,"SEN","Senegal",11,"Ziguinchor",28,"Bignona",86,"Diouloulou",104,"",""," "," "
24642,199,"SEN","Senegal",11,"Ziguinchor",28,"Bignona",87,"Sindian",105,"",""," "," "
24643,199,"SEN","Senegal",11,"Ziguinchor",28,"Bignona",88,"Tendouck",106,"",""," "," "
24644,199,"SEN","Senegal",11,"Ziguinchor",28,"Bignona",89,"Tenghori",107,"",""," "," "
24645,199,"SEN","Senegal",11,"Ziguinchor",29,"Oussouye",90,"Cabrousse",108,"",""," "," "
24646,199,"SEN","Senegal",11,"Ziguinchor",29,"Oussouye",91,"Loudia Ouolof",109,"",""," "," "
24647,199,"SEN","Senegal",11,"Ziguinchor",30,"Ziguinchor",92,"Niaguis",110,"",""," "," "
24648,199,"SEN","Senegal",11,"Ziguinchor",30,"Ziguinchor",93,"Niassia",111,"",""," "," "
