"PID","ID_0","ISO","NAME_0","ID_1","NAME_1","ID_2","NAME_2","NL_NAME_2","VARNAME_2","TYPE_2","ENGTYPE_2"
32202,199,"SEN","Senegal",1,"Dakar",1,"Dakar","","","Département","Department"
32203,199,"SEN","Senegal",1,"Dakar",2,"Pikine","","","Département","Department"
32204,199,"SEN","Senegal",1,"Dakar",3,"Rufisque-Bargny","","Rufisque","Département","Department"
32205,199,"SEN","Senegal",2,"Diourbel",4,"Bambey","","","Département","Department"
32206,199,"SEN","Senegal",2,"Diourbel",5,"Diourbel","","","Département","Department"
32207,199,"SEN","Senegal",2,"Diourbel",6,"Mbacké","","M'Back","Département","Department"
32208,199,"SEN","Senegal",3,"Fatick",7,"Fatick","","","Département","Department"
32209,199,"SEN","Senegal",3,"Fatick",8,"Foundiougne","","","Département","Department"
32210,199,"SEN","Senegal",3,"Fatick",9,"Gossas","","","Département","Department"
32211,199,"SEN","Senegal",4,"Kaolack",10,"Kaffrine","","","Département","Department"
32212,199,"SEN","Senegal",4,"Kaolack",11,"Kaolack","","","Département","Department"
32213,199,"SEN","Senegal",4,"Kaolack",12,"Nioro-Du-Rip","","Nioro du Rip|Nioro","Département","Department"
32214,199,"SEN","Senegal",5,"Kolda",13,"Kolda","","","Département","Department"
32215,199,"SEN","Senegal",5,"Kolda",14,"Sédhiou","","","Département","Department"
32216,199,"SEN","Senegal",5,"Kolda",15,"Vélingara","","","Département","Department"
32217,199,"SEN","Senegal",6,"Louga",16,"Kébémer","","","Département","Department"
32218,199,"SEN","Senegal",6,"Louga",17,"Linguère","","","Département","Department"
32219,199,"SEN","Senegal",6,"Louga",18,"Louga","","","Département","Department"
32220,199,"SEN","Senegal",7,"Matam",19,"Matam","","","Département","Department"
32221,199,"SEN","Senegal",8,"Saint-Louis",20,"Dagana","","","Département","Department"
32222,199,"SEN","Senegal",8,"Saint-Louis",21,"Podor","","","Département","Department"
32223,199,"SEN","Senegal",9,"Tambacounda",22,"Bakel","","","Département","Department"
32224,199,"SEN","Senegal",9,"Tambacounda",23,"Kédougou","","","Département","Department"
32225,199,"SEN","Senegal",9,"Tambacounda",24,"Tambacounda","","","Département","Department"
32226,199,"SEN","Senegal",10,"Thiès",25,"Mbour","","M'Bour","Département","Department"
32227,199,"SEN","Senegal",10,"Thiès",26,"Thiès","","","Département","Department"
32228,199,"SEN","Senegal",10,"Thiès",27,"Tivaouane","","","Département","Department"
32229,199,"SEN","Senegal",11,"Ziguinchor",28,"Bignona","","","Département","Department"
32230,199,"SEN","Senegal",11,"Ziguinchor",29,"Oussouye","","","Département","Department"
32231,199,"SEN","Senegal",11,"Ziguinchor",30,"Ziguinchor","","","Département","Department"
