"PID","ID_0","ISO","NAME_0","ID_1","NAME_1","ID_2","NAME_2","ID_3","NAME_3","NL_NAME_3","VARNAME_3","TYPE_3","ENGTYPE_3"
100845,199,"SEN","Senegal",1,"Dakar",1,"Dakar",1,"Dakar","","","Arrondissment","Arrondissement"
100846,199,"SEN","Senegal",1,"Dakar",2,"Pikine",2,"Pikine","","","Arrondissment","Arrondissement"
100847,199,"SEN","Senegal",1,"Dakar",3,"Rufisque-Bargny",3,"Sebikotane","","","Arrondissment","Arrondissement"
100848,199,"SEN","Senegal",2,"Diourbel",4,"Bambey",4,"Baba Garage","","","Arrondissment","Arrondissement"
100849,199,"SEN","Senegal",2,"Diourbel",4,"Bambey",5,"Lambaye","","","Arrondissment","Arrondissement"
100850,199,"SEN","Senegal",2,"Diourbel",4,"Bambey",6,"Ngoye","","","Arrondissment","Arrondissement"
100851,199,"SEN","Senegal",2,"Diourbel",5,"Diourbel",7,"Ndindy","","","Arrondissment","Arrondissement"
100852,199,"SEN","Senegal",2,"Diourbel",5,"Diourbel",8,"Ndoulo","","","Arrondissment","Arrondissement"
100853,199,"SEN","Senegal",2,"Diourbel",6,"Mbacké",9,"Kael","","","Arrondissment","Arrondissement"
100854,199,"SEN","Senegal",2,"Diourbel",6,"Mbacké",10,"Ndame","","","Arrondissment","Arrondissement"
100855,199,"SEN","Senegal",3,"Fatick",7,"Fatick",11,"Diakhao","","","Arrondissment","Arrondissement"
100856,199,"SEN","Senegal",3,"Fatick",7,"Fatick",12,"Fimela","","","Arrondissment","Arrondissement"
100857,199,"SEN","Senegal",3,"Fatick",7,"Fatick",13,"Niakhar","","","Arrondissment","Arrondissement"
100858,199,"SEN","Senegal",3,"Fatick",7,"Fatick",14,"Tattaguine","","","Arrondissment","Arrondissement"
100859,199,"SEN","Senegal",3,"Fatick",8,"Foundiougne",15,"Djilor","","","Arrondissment","Arrondissement"
100860,199,"SEN","Senegal",3,"Fatick",8,"Foundiougne",16,"Niodior","","","Arrondissment","Arrondissement"
100861,199,"SEN","Senegal",3,"Fatick",8,"Foundiougne",17,"Toubacouta","","","Arrondissment","Arrondissement"
100862,199,"SEN","Senegal",3,"Fatick",9,"Gossas",18,"Colobane","","","Arrondissment","Arrondissement"
100863,199,"SEN","Senegal",3,"Fatick",9,"Gossas",19,"Kahone","","","Arrondissment","Arrondissement"
100864,199,"SEN","Senegal",3,"Fatick",9,"Gossas",20,"Ouadiour","","","Arrondissment","Arrondissement"
100865,199,"SEN","Senegal",4,"Kaolack",10,"Kaffrine",21,"Birkelane","","","Arrondissment","Arrondissement"
100866,199,"SEN","Senegal",4,"Kaolack",10,"Kaffrine",22,"Koungheul","","","Arrondissment","Arrondissement"
100867,199,"SEN","Senegal",4,"Kaolack",10,"Kaffrine",23,"Maleme Hodar","","","Arrondissment","Arrondissement"
100868,199,"SEN","Senegal",4,"Kaolack",10,"Kaffrine",24,"Nganda","","","Arrondissment","Arrondissement"
100869,199,"SEN","Senegal",4,"Kaolack",11,"Kaolack",25,"Gandiaye","","","Arrondissment","Arrondissement"
100870,199,"SEN","Senegal",4,"Kaolack",11,"Kaolack",26,"Ndiedieng","","","Arrondissment","Arrondissement"
100871,199,"SEN","Senegal",4,"Kaolack",11,"Kaolack",27,"Ndoffane","","","Arrondissment","Arrondissement"
100872,199,"SEN","Senegal",4,"Kaolack",12,"Nioro-Du-Rip",28,"Medina Sabakh","","","Arrondissment","Arrondissement"
100873,199,"SEN","Senegal",4,"Kaolack",12,"Nioro-Du-Rip",29,"Paoskoto","","","Arrondissment","Arrondissement"
100874,199,"SEN","Senegal",4,"Kaolack",12,"Nioro-Du-Rip",30,"Wack Ngouna","","","Arrondissment","Arrondissement"
100875,199,"SEN","Senegal",5,"Kolda",13,"Kolda",31,"Dabo","","","Arrondissment","Arrondissement"
100876,199,"SEN","Senegal",5,"Kolda",13,"Kolda",32,"Dioulacolon","","","Arrondissment","Arrondissement"
100877,199,"SEN","Senegal",5,"Kolda",13,"Kolda",33,"Medina Yoro Foulah","","","Arrondissment","Arrondissement"
100878,199,"SEN","Senegal",5,"Kolda",14,"Sédhiou",34,"Bounkiling","","","Arrondissment","Arrondissement"
100879,199,"SEN","Senegal",5,"Kolda",14,"Sédhiou",35,"Diattacounda","","","Arrondissment","Arrondissement"
100880,199,"SEN","Senegal",5,"Kolda",14,"Sédhiou",36,"Diende","","","Arrondissment","Arrondissement"
100881,199,"SEN","Senegal",5,"Kolda",14,"Sédhiou",37,"Marsassoum","","","Arrondissment","Arrondissement"
100882,199,"SEN","Senegal",5,"Kolda",14,"Sédhiou",38,"Tanaff","","","Arrondissment","Arrondissement"
100883,199,"SEN","Senegal",5,"Kolda",15,"Vélingara",39,"Bonconto","","","Arrondissment","Arrondissement"
100884,199,"SEN","Senegal",5,"Kolda",15,"Vélingara",40,"Kounkane","","","Arrondissment","Arrondissement"
100885,199,"SEN","Senegal",5,"Kolda",15,"Vélingara",41,"Pakour","","","Arrondissment","Arrondissement"
100886,199,"SEN","Senegal",6,"Louga",16,"Kébémer",42,"Darou Mousti","","","Arrondissment","Arrondissement"
100887,199,"SEN","Senegal",6,"Louga",16,"Kébémer",43,"Ndande","","","Arrondissment","Arrondissement"
100888,199,"SEN","Senegal",6,"Louga",16,"Kébémer",44,"Sagata","","","Arrondissment","Arrondissement"
100889,199,"SEN","Senegal",6,"Louga",17,"Linguère",45,"Barkedji","","","Arrondissment","Arrondissement"
100890,199,"SEN","Senegal",6,"Louga",17,"Linguère",46,"Dahra","","","Arrondissment","Arrondissement"
100891,199,"SEN","Senegal",6,"Louga",17,"Linguère",47,"Dodji","","","Arrondissment","Arrondissement"
100892,199,"SEN","Senegal",6,"Louga",17,"Linguère",48,"Yang-Yang","","","Arrondissment","Arrondissement"
100893,199,"SEN","Senegal",6,"Louga",18,"Louga",49,"Keur Momar Sarr","","","Arrondissment","Arrondissement"
100894,199,"SEN","Senegal",6,"Louga",18,"Louga",50,"Koki","","","Arrondissment","Arrondissement"
100895,199,"SEN","Senegal",6,"Louga",18,"Louga",51,"Mbediene","","","Arrondissment","Arrondissement"
100896,199,"SEN","Senegal",6,"Louga",18,"Louga",52,"Sakal","","","Arrondissment","Arrondissement"
100897,199,"SEN","Senegal",7,"Matam",19,"Matam",53,"Kanel","","","Arrondissment","Arrondissement"
100898,199,"SEN","Senegal",7,"Matam",19,"Matam",54,"Ourossogui","","","Arrondissment","Arrondissement"
100899,199,"SEN","Senegal",7,"Matam",19,"Matam",55,"Semme","","","Arrondissment","Arrondissement"
100900,199,"SEN","Senegal",7,"Matam",19,"Matam",56,"Thilogne","","","Arrondissment","Arrondissement"
100901,199,"SEN","Senegal",8,"Saint-Louis",20,"Dagana",57,"Mbane","","","Arrondissment","Arrondissement"
100902,199,"SEN","Senegal",8,"Saint-Louis",20,"Dagana",58,"Rao","","","Arrondissment","Arrondissement"
100903,199,"SEN","Senegal",8,"Saint-Louis",20,"Dagana",59,"Ross-Bethio","","","Arrondissment","Arrondissement"
100904,199,"SEN","Senegal",8,"Saint-Louis",21,"Podor",60,"Cas-Cas","","","Arrondissment","Arrondissement"
100905,199,"SEN","Senegal",8,"Saint-Louis",21,"Podor",61,"Ndioum","","","Arrondissment","Arrondissement"
100906,199,"SEN","Senegal",8,"Saint-Louis",21,"Podor",62,"Salde","","","Arrondissment","Arrondissement"
100907,199,"SEN","Senegal",8,"Saint-Louis",21,"Podor",63,"Thille Boubacar","","","Arrondissment","Arrondissement"
100908,199,"SEN","Senegal",9,"Tambacounda",22,"Bakel",64,"Bala","","","Arrondissment","Arrondissement"
100909,199,"SEN","Senegal",9,"Tambacounda",22,"Bakel",65,"Diawara","","","Arrondissment","Arrondissement"
100910,199,"SEN","Senegal",9,"Tambacounda",22,"Bakel",66,"Goudiri","","","Arrondissment","Arrondissement"
100911,199,"SEN","Senegal",9,"Tambacounda",22,"Bakel",67,"Kidira","","","Arrondissment","Arrondissement"
100912,199,"SEN","Senegal",9,"Tambacounda",23,"Kédougou",68,"Bandafassi","","","Arrondissment","Arrondissement"
100913,199,"SEN","Senegal",9,"Tambacounda",23,"Kédougou",69,"Fongolimbi","","","Arrondissment","Arrondissement"
100914,199,"SEN","Senegal",9,"Tambacounda",23,"Kédougou",70,"Salemata","","","Arrondissment","Arrondissement"
100915,199,"SEN","Senegal",9,"Tambacounda",23,"Kédougou",71,"Saraya","","","Arrondissment","Arrondissement"
100916,199,"SEN","Senegal",9,"Tambacounda",24,"Tambacounda",72,"Koumpentoum","","","Arrondissment","Arrondissement"
100917,199,"SEN","Senegal",9,"Tambacounda",24,"Tambacounda",73,"Koussanar","","","Arrondissment","Arrondissement"
100918,199,"SEN","Senegal",9,"Tambacounda",24,"Tambacounda",74,"Makacolibantang","","","Arrondissment","Arrondissement"
100919,199,"SEN","Senegal",9,"Tambacounda",24,"Tambacounda",75,"Missirah","","","Arrondissment","Arrondissement"
100920,199,"SEN","Senegal",10,"Thiès",25,"Mbour",76,"Fissel","","","Arrondissment","Arrondissement"
100921,199,"SEN","Senegal",10,"Thiès",25,"Mbour",77,"Nguekokh","","","Arrondissment","Arrondissement"
100922,199,"SEN","Senegal",10,"Thiès",25,"Mbour",78,"Thiadiaye","","","Arrondissment","Arrondissement"
100923,199,"SEN","Senegal",10,"Thiès",26,"Thiès",79,"Notto","","","Arrondissment","Arrondissement"
100924,199,"SEN","Senegal",10,"Thiès",26,"Thiès",80,"Pout","","","Arrondissment","Arrondissement"
100925,199,"SEN","Senegal",10,"Thiès",26,"Thiès",81,"Thienaba","","","Arrondissment","Arrondissement"
100926,199,"SEN","Senegal",10,"Thiès",27,"Tivaouane",82,"Meouane","","","Arrondissment","Arrondissement"
100927,199,"SEN","Senegal",10,"Thiès",27,"Tivaouane",83,"Merina Dakhar","","","Arrondissment","Arrondissement"
100928,199,"SEN","Senegal",10,"Thiès",27,"Tivaouane",84,"Niakhene","","","Arrondissment","Arrondissement"
100929,199,"SEN","Senegal",10,"Thiès",27,"Tivaouane",85,"Pambal","","","Arrondissment","Arrondissement"
100930,199,"SEN","Senegal",11,"Ziguinchor",28,"Bignona",86,"Diouloulou","","","Arrondissment","Arrondissement"
100931,199,"SEN","Senegal",11,"Ziguinchor",28,"Bignona",87,"Sindian","","","Arrondissment","Arrondissement"
100932,199,"SEN","Senegal",11,"Ziguinchor",28,"Bignona",88,"Tendouck","","","Arrondissment","Arrondissement"
100933,199,"SEN","Senegal",11,"Ziguinchor",28,"Bignona",89,"Tenghori","","","Arrondissment","Arrondissement"
100934,199,"SEN","Senegal",11,"Ziguinchor",29,"Oussouye",90,"Cabrousse","","","Arrondissment","Arrondissement"
100935,199,"SEN","Senegal",11,"Ziguinchor",29,"Oussouye",91,"Loudia Ouolof","","","Arrondissment","Arrondissement"
100936,199,"SEN","Senegal",11,"Ziguinchor",30,"Ziguinchor",92,"Niaguis","","","Arrondissment","Arrondissement"
100937,199,"SEN","Senegal",11,"Ziguinchor",30,"Ziguinchor",93,"Niassia","","","Arrondissment","Arrondissement"
