"PID","ID_0","ISO","NAME_0","ID_1","NAME_1","ID_2","NAME_2","ID_3","NAME_3","NL_NAME_3","VARNAME_3","TYPE_3","ENGTYPE_3"
45331,158,"NLD","Netherlands",11,"Utrecht",377,"Renswoude",0," "," "," "," "," "
45332,158,"NLD","Netherlands",11,"Utrecht",378,"Rhenen",0," "," "," "," "," "
45333,158,"NLD","Netherlands",11,"Utrecht",379,"Soest",0," "," "," "," "," "
45334,158,"NLD","Netherlands",11,"Utrecht",380,"Utrecht",0," "," "," "," "," "
45335,158,"NLD","Netherlands",11,"Utrecht",381,"Veenendaal",0," "," "," "," "," "
45336,158,"NLD","Netherlands",11,"Utrecht",382,"Vianen",0," "," "," "," "," "
45337,158,"NLD","Netherlands",11,"Utrecht",383,"Wijk bij Duurstede",0," "," "," "," "," "
45338,158,"NLD","Netherlands",11,"Utrecht",384,"Woerden",0," "," "," "," "," "
45339,158,"NLD","Netherlands",11,"Utrecht",385,"Woudenberg",0," "," "," "," "," "
45340,158,"NLD","Netherlands",11,"Utrecht",386,"Zeist",0," "," "," "," "," "
45341,158,"NLD","Netherlands",12,"Zeeland",387,"Borsele",0," "," "," "," "," "
45342,158,"NLD","Netherlands",12,"Zeeland",388,"Goes",0," "," "," "," "," "
45343,158,"NLD","Netherlands",12,"Zeeland",389,"Hulst",0," "," "," "," "," "
45344,158,"NLD","Netherlands",12,"Zeeland",390,"Kapelle",0," "," "," "," "," "
45345,158,"NLD","Netherlands",12,"Zeeland",391,"Middelburg",0," "," "," "," "," "
45346,158,"NLD","Netherlands",12,"Zeeland",392,"Noord-Beveland",0," "," "," "," "," "
45347,158,"NLD","Netherlands",12,"Zeeland",393,"Reimerswaal",0," "," "," "," "," "
45348,158,"NLD","Netherlands",12,"Zeeland",394,"Schouwen-Duiveland",0," "," "," "," "," "
45349,158,"NLD","Netherlands",12,"Zeeland",395,"Sluis",0," "," "," "," "," "
45350,158,"NLD","Netherlands",12,"Zeeland",396,"Terneuzen",0," "," "," "," "," "
45351,158,"NLD","Netherlands",12,"Zeeland",397,"Tholen",0," "," "," "," "," "
45352,158,"NLD","Netherlands",12,"Zeeland",398,"Veere",0," "," "," "," "," "
45353,158,"NLD","Netherlands",12,"Zeeland",399,"Vlissingen",0," "," "," "," "," "
45354,158,"NLD","Netherlands",13,"Zeeuwse meren",400," ",0," "," "," "," "," "
45355,158,"NLD","Netherlands",14,"Zuid-Holland",401,"'s-Gravendeel",0," "," "," "," "," "
45356,158,"NLD","Netherlands",14,"Zuid-Holland",402,"'s-Gravenhage",0," "," "," "," "," "
45357,158,"NLD","Netherlands",14,"Zuid-Holland",403,"'s-Gravenzande",0," "," "," "," "," "
48424,158,"NLD","Netherlands",1,"Drenthe",1,"Aa en Hunze",0," "," "," "," "," "
48425,158,"NLD","Netherlands",1,"Drenthe",2,"Assen",0," "," "," "," "," "
48426,158,"NLD","Netherlands",1,"Drenthe",3,"Borger-Odoorn",0," "," "," "," "," "
48427,158,"NLD","Netherlands",1,"Drenthe",4,"Coevorden",0," "," "," "," "," "
48428,158,"NLD","Netherlands",1,"Drenthe",5,"De Wolden",0," "," "," "," "," "
48429,158,"NLD","Netherlands",1,"Drenthe",6,"Emmen",0," "," "," "," "," "
48430,158,"NLD","Netherlands",1,"Drenthe",7,"Hoogeveen",0," "," "," "," "," "
48431,158,"NLD","Netherlands",1,"Drenthe",8,"Meppel",0," "," "," "," "," "
48432,158,"NLD","Netherlands",1,"Drenthe",9,"Midden-Drenthe",0," "," "," "," "," "
48433,158,"NLD","Netherlands",1,"Drenthe",10,"Noordenveld",0," "," "," "," "," "
48434,158,"NLD","Netherlands",1,"Drenthe",11,"Tynaarlo",0," "," "," "," "," "
48435,158,"NLD","Netherlands",1,"Drenthe",12,"Westerveld",0," "," "," "," "," "
48436,158,"NLD","Netherlands",2,"Flevoland",13,"Almere",0," "," "," "," "," "
48437,158,"NLD","Netherlands",2,"Flevoland",14,"Dronten",0," "," "," "," "," "
48438,158,"NLD","Netherlands",2,"Flevoland",15,"Lelystad",0," "," "," "," "," "
48439,158,"NLD","Netherlands",2,"Flevoland",16,"Noordoostpolder",0," "," "," "," "," "
48440,158,"NLD","Netherlands",2,"Flevoland",17,"Urk",0," "," "," "," "," "
48441,158,"NLD","Netherlands",2,"Flevoland",18,"Zeewolde",0," "," "," "," "," "
48442,158,"NLD","Netherlands",3,"Friesland",19,"Achtkarspelen",0," "," "," "," "," "
48443,158,"NLD","Netherlands",3,"Friesland",20,"Ameland",0," "," "," "," "," "
48444,158,"NLD","Netherlands",3,"Friesland",21,"Boarnsterhim",0," "," "," "," "," "
48445,158,"NLD","Netherlands",3,"Friesland",22,"Bolsward",0," "," "," "," "," "
48446,158,"NLD","Netherlands",3,"Friesland",23,"Dantumadeel",0," "," "," "," "," "
48447,158,"NLD","Netherlands",3,"Friesland",24,"Dongeradeel",0," "," "," "," "," "
48448,158,"NLD","Netherlands",3,"Friesland",25,"Ferwerderadiel",0," "," "," "," "," "
48449,158,"NLD","Netherlands",3,"Friesland",26,"Franekeradeel",0," "," "," "," "," "
48450,158,"NLD","Netherlands",3,"Friesland",27,"Gaasterlân-Sleat",0," "," "," "," "," "
48451,158,"NLD","Netherlands",3,"Friesland",28,"Harlingen",0," "," "," "," "," "
48452,158,"NLD","Netherlands",3,"Friesland",29,"Heerenveen",0," "," "," "," "," "
48453,158,"NLD","Netherlands",3,"Friesland",30,"Het Bildt",0," "," "," "," "," "
48454,158,"NLD","Netherlands",3,"Friesland",31,"Kollumerland c.a.",0," "," "," "," "," "
48455,158,"NLD","Netherlands",3,"Friesland",32,"Leeuwarden",0," "," "," "," "," "
48456,158,"NLD","Netherlands",3,"Friesland",33,"Leeuwarderadeel",0," "," "," "," "," "
48457,158,"NLD","Netherlands",3,"Friesland",34,"Lemsterland",0," "," "," "," "," "
48458,158,"NLD","Netherlands",3,"Friesland",35,"Littenseradiel",0," "," "," "," "," "
48459,158,"NLD","Netherlands",3,"Friesland",36,"Menaldumadeel",0," "," "," "," "," "
48460,158,"NLD","Netherlands",3,"Friesland",37,"Nijefurd",0," "," "," "," "," "
48461,158,"NLD","Netherlands",3,"Friesland",38,"Ooststellingwerf",0," "," "," "," "," "
48462,158,"NLD","Netherlands",3,"Friesland",39,"Opsterland",0," "," "," "," "," "
48463,158,"NLD","Netherlands",3,"Friesland",40,"Schiermonnikoog",0," "," "," "," "," "
48464,158,"NLD","Netherlands",3,"Friesland",41,"Skarsterlân",0," "," "," "," "," "
48465,158,"NLD","Netherlands",3,"Friesland",42,"Smallingerland",0," "," "," "," "," "
48466,158,"NLD","Netherlands",3,"Friesland",43,"Sneek",0," "," "," "," "," "
48467,158,"NLD","Netherlands",3,"Friesland",44,"Terschelling",0," "," "," "," "," "
48468,158,"NLD","Netherlands",3,"Friesland",45,"Tytsjerksteradiel",0," "," "," "," "," "
48469,158,"NLD","Netherlands",3,"Friesland",46,"Vlieland",0," "," "," "," "," "
48470,158,"NLD","Netherlands",3,"Friesland",47,"Weststellingwerf",0," "," "," "," "," "
48471,158,"NLD","Netherlands",3,"Friesland",48,"Wûnseradiel",0," "," "," "," "," "
48472,158,"NLD","Netherlands",3,"Friesland",49,"Wymbritseradiel",0," "," "," "," "," "
48473,158,"NLD","Netherlands",4,"Gelderland",50,"Aalten",0," "," "," "," "," "
48474,158,"NLD","Netherlands",4,"Gelderland",51,"Angerlo",0," "," "," "," "," "
48475,158,"NLD","Netherlands",4,"Gelderland",52,"Apeldoorn",0," "," "," "," "," "
48476,158,"NLD","Netherlands",4,"Gelderland",53,"Arnhem",0," "," "," "," "," "
48477,158,"NLD","Netherlands",4,"Gelderland",54,"Barneveld",0," "," "," "," "," "
48478,158,"NLD","Netherlands",4,"Gelderland",55,"Bergh",0," "," "," "," "," "
48479,158,"NLD","Netherlands",4,"Gelderland",56,"Beuningen",0," "," "," "," "," "
48480,158,"NLD","Netherlands",4,"Gelderland",57,"Borculo",0," "," "," "," "," "
48481,158,"NLD","Netherlands",4,"Gelderland",58,"Brummen",0," "," "," "," "," "
48482,158,"NLD","Netherlands",4,"Gelderland",59,"Buren",0," "," "," "," "," "
48483,158,"NLD","Netherlands",4,"Gelderland",60,"Culemborg",0," "," "," "," "," "
48484,158,"NLD","Netherlands",4,"Gelderland",61,"Didam",0," "," "," "," "," "
48485,158,"NLD","Netherlands",4,"Gelderland",62,"Dinxperlo",0," "," "," "," "," "
48486,158,"NLD","Netherlands",4,"Gelderland",63,"Doesburg",0," "," "," "," "," "
48487,158,"NLD","Netherlands",4,"Gelderland",64,"Doetinchem",0," "," "," "," "," "
48488,158,"NLD","Netherlands",4,"Gelderland",65,"Druten",0," "," "," "," "," "
48489,158,"NLD","Netherlands",4,"Gelderland",66,"Duiven",0," "," "," "," "," "
48490,158,"NLD","Netherlands",4,"Gelderland",67,"Ede",0," "," "," "," "," "
48491,158,"NLD","Netherlands",4,"Gelderland",68,"Eibergen",0," "," "," "," "," "
48492,158,"NLD","Netherlands",4,"Gelderland",69,"Elburg",0," "," "," "," "," "
48493,158,"NLD","Netherlands",4,"Gelderland",70,"Epe",0," "," "," "," "," "
48494,158,"NLD","Netherlands",4,"Gelderland",71,"Ermelo",0," "," "," "," "," "
48495,158,"NLD","Netherlands",4,"Gelderland",72,"Geldermalsen",0," "," "," "," "," "
48496,158,"NLD","Netherlands",4,"Gelderland",73,"Gendringen",0," "," "," "," "," "
48497,158,"NLD","Netherlands",4,"Gelderland",74,"Gorssel",0," "," "," "," "," "
48498,158,"NLD","Netherlands",4,"Gelderland",75,"Groenlo",0," "," "," "," "," "
48499,158,"NLD","Netherlands",4,"Gelderland",76,"Groesbeek",0," "," "," "," "," "
48500,158,"NLD","Netherlands",4,"Gelderland",77,"Harderwijk",0," "," "," "," "," "
48501,158,"NLD","Netherlands",4,"Gelderland",78,"Hattem",0," "," "," "," "," "
48502,158,"NLD","Netherlands",4,"Gelderland",79,"Heerde",0," "," "," "," "," "
48503,158,"NLD","Netherlands",4,"Gelderland",80,"Hengelo",0," "," "," "," "," "
48504,158,"NLD","Netherlands",4,"Gelderland",81,"Heumen",0," "," "," "," "," "
48505,158,"NLD","Netherlands",4,"Gelderland",82,"Hummelo en Keppel",0," "," "," "," "," "
48506,158,"NLD","Netherlands",4,"Gelderland",83,"Kesteren",0," "," "," "," "," "
48507,158,"NLD","Netherlands",4,"Gelderland",84,"Lichtenvoorde",0," "," "," "," "," "
48508,158,"NLD","Netherlands",4,"Gelderland",85,"Lingewaal",0," "," "," "," "," "
48509,158,"NLD","Netherlands",4,"Gelderland",86,"Lingewaard",0," "," "," "," "," "
48510,158,"NLD","Netherlands",4,"Gelderland",87,"Lochem",0," "," "," "," "," "
48511,158,"NLD","Netherlands",4,"Gelderland",88,"Maasdriel",0," "," "," "," "," "
48512,158,"NLD","Netherlands",4,"Gelderland",89,"Millingen aan de Rijn",0," "," "," "," "," "
48513,158,"NLD","Netherlands",4,"Gelderland",90,"Neede",0," "," "," "," "," "
48514,158,"NLD","Netherlands",4,"Gelderland",91,"Neerijnen",0," "," "," "," "," "
48515,158,"NLD","Netherlands",4,"Gelderland",92,"Nijkerk",0," "," "," "," "," "
48516,158,"NLD","Netherlands",4,"Gelderland",93,"Nijmegen",0," "," "," "," "," "
48517,158,"NLD","Netherlands",4,"Gelderland",94,"Nunspeet",0," "," "," "," "," "
48518,158,"NLD","Netherlands",4,"Gelderland",95,"Oldebroek",0," "," "," "," "," "
48519,158,"NLD","Netherlands",4,"Gelderland",96,"Overbetuwe",0," "," "," "," "," "
48520,158,"NLD","Netherlands",4,"Gelderland",97,"Putten",0," "," "," "," "," "
48521,158,"NLD","Netherlands",4,"Gelderland",98,"Renkum",0," "," "," "," "," "
48522,158,"NLD","Netherlands",4,"Gelderland",99,"Rheden",0," "," "," "," "," "
48523,158,"NLD","Netherlands",4,"Gelderland",100,"Rijnwaarden",0," "," "," "," "," "
48524,158,"NLD","Netherlands",4,"Gelderland",101,"Rozendaal",0," "," "," "," "," "
48525,158,"NLD","Netherlands",4,"Gelderland",102,"Ruurlo",0," "," "," "," "," "
48526,158,"NLD","Netherlands",4,"Gelderland",103,"Scherpenzeel",0," "," "," "," "," "
48527,158,"NLD","Netherlands",4,"Gelderland",104,"Steenderen",0," "," "," "," "," "
48528,158,"NLD","Netherlands",4,"Gelderland",105,"Tiel",0," "," "," "," "," "
48529,158,"NLD","Netherlands",4,"Gelderland",106,"Ubbergen",0," "," "," "," "," "
48530,158,"NLD","Netherlands",4,"Gelderland",107,"Voorst",0," "," "," "," "," "
48531,158,"NLD","Netherlands",4,"Gelderland",108,"Vorden",0," "," "," "," "," "
48532,158,"NLD","Netherlands",4,"Gelderland",109,"Wageningen",0," "," "," "," "," "
48533,158,"NLD","Netherlands",4,"Gelderland",110,"Warnsveld",0," "," "," "," "," "
48534,158,"NLD","Netherlands",4,"Gelderland",111,"Wehl",0," "," "," "," "," "
48535,158,"NLD","Netherlands",4,"Gelderland",112,"West Maas en Waal",0," "," "," "," "," "
48536,158,"NLD","Netherlands",4,"Gelderland",113,"Westervoort",0," "," "," "," "," "
48537,158,"NLD","Netherlands",4,"Gelderland",114,"Wijchen",0," "," "," "," "," "
48538,158,"NLD","Netherlands",4,"Gelderland",115,"Winterswijk",0," "," "," "," "," "
48539,158,"NLD","Netherlands",4,"Gelderland",116,"Wisch",0," "," "," "," "," "
48540,158,"NLD","Netherlands",4,"Gelderland",117,"Zaltbommel",0," "," "," "," "," "
48541,158,"NLD","Netherlands",4,"Gelderland",118,"Zelhem",0," "," "," "," "," "
48542,158,"NLD","Netherlands",4,"Gelderland",119,"Zevenaar",0," "," "," "," "," "
48543,158,"NLD","Netherlands",4,"Gelderland",120,"Zutphen",0," "," "," "," "," "
48544,158,"NLD","Netherlands",5,"Groningen",121,"Appingedam",0," "," "," "," "," "
48545,158,"NLD","Netherlands",5,"Groningen",122,"Bedum",0," "," "," "," "," "
48546,158,"NLD","Netherlands",5,"Groningen",123,"Bellingwedde",0," "," "," "," "," "
48547,158,"NLD","Netherlands",5,"Groningen",124,"De Marne",0," "," "," "," "," "
48548,158,"NLD","Netherlands",5,"Groningen",125,"Delfzijl",0," "," "," "," "," "
48549,158,"NLD","Netherlands",5,"Groningen",126,"Eemsmond",0," "," "," "," "," "
48550,158,"NLD","Netherlands",5,"Groningen",127,"Groningen",0," "," "," "," "," "
48551,158,"NLD","Netherlands",5,"Groningen",128,"Grootegast",0," "," "," "," "," "
48552,158,"NLD","Netherlands",5,"Groningen",129,"Haren",0," "," "," "," "," "
48553,158,"NLD","Netherlands",5,"Groningen",130,"Hoogezand-Sappemeer",0," "," "," "," "," "
48554,158,"NLD","Netherlands",5,"Groningen",131,"Leek",0," "," "," "," "," "
48555,158,"NLD","Netherlands",5,"Groningen",132,"Loppersum",0," "," "," "," "," "
48556,158,"NLD","Netherlands",5,"Groningen",133,"Marum",0," "," "," "," "," "
48557,158,"NLD","Netherlands",5,"Groningen",134,"Menterwolde",0," "," "," "," "," "
48558,158,"NLD","Netherlands",5,"Groningen",135,"Pekela",0," "," "," "," "," "
48559,158,"NLD","Netherlands",5,"Groningen",136,"Reiderland",0," "," "," "," "," "
48560,158,"NLD","Netherlands",5,"Groningen",137,"Scheemda",0," "," "," "," "," "
48561,158,"NLD","Netherlands",5,"Groningen",138,"Slochteren",0," "," "," "," "," "
48562,158,"NLD","Netherlands",5,"Groningen",139,"Stadskanaal",0," "," "," "," "," "
48563,158,"NLD","Netherlands",5,"Groningen",140,"Ten Boer",0," "," "," "," "," "
48564,158,"NLD","Netherlands",5,"Groningen",141,"Veendam",0," "," "," "," "," "
48565,158,"NLD","Netherlands",5,"Groningen",142,"Vlagtwedde",0," "," "," "," "," "
48566,158,"NLD","Netherlands",5,"Groningen",143,"Winschoten",0," "," "," "," "," "
48567,158,"NLD","Netherlands",5,"Groningen",144,"Winsum",0," "," "," "," "," "
48568,158,"NLD","Netherlands",5,"Groningen",145,"Zuidhorn",0," "," "," "," "," "
48569,158,"NLD","Netherlands",6,"IJsselmeer",146," ",0," "," "," "," "," "
48570,158,"NLD","Netherlands",7,"Limburg",147,"Ambt Montfort",0," "," "," "," "," "
48571,158,"NLD","Netherlands",7,"Limburg",148,"Arcen en Velden",0," "," "," "," "," "
48572,158,"NLD","Netherlands",7,"Limburg",149,"Beek",0," "," "," "," "," "
48573,158,"NLD","Netherlands",7,"Limburg",150,"Beesel",0," "," "," "," "," "
48574,158,"NLD","Netherlands",7,"Limburg",151,"Bergen",0," "," "," "," "," "
48575,158,"NLD","Netherlands",7,"Limburg",152,"Brunssum",0," "," "," "," "," "
48576,158,"NLD","Netherlands",7,"Limburg",153,"Echt-Susteren",0," "," "," "," "," "
48577,158,"NLD","Netherlands",7,"Limburg",154,"Eijsden",0," "," "," "," "," "
48578,158,"NLD","Netherlands",7,"Limburg",155,"Gennep",0," "," "," "," "," "
48579,158,"NLD","Netherlands",7,"Limburg",156,"Gulpen-Wittem",0," "," "," "," "," "
48580,158,"NLD","Netherlands",7,"Limburg",157,"Haelen",0," "," "," "," "," "
48581,158,"NLD","Netherlands",7,"Limburg",158,"Heel",0," "," "," "," "," "
48582,158,"NLD","Netherlands",7,"Limburg",159,"Heerlen",0," "," "," "," "," "
48583,158,"NLD","Netherlands",7,"Limburg",160,"Helden",0," "," "," "," "," "
48584,158,"NLD","Netherlands",7,"Limburg",161,"Heythuysen",0," "," "," "," "," "
48585,158,"NLD","Netherlands",7,"Limburg",162,"Horst aan de Maas",0," "," "," "," "," "
48586,158,"NLD","Netherlands",7,"Limburg",163,"Hunsel",0," "," "," "," "," "
48587,158,"NLD","Netherlands",7,"Limburg",164,"Kerkrade",0," "," "," "," "," "
48588,158,"NLD","Netherlands",7,"Limburg",165,"Kessel",0," "," "," "," "," "
48589,158,"NLD","Netherlands",7,"Limburg",166,"Landgraaf",0," "," "," "," "," "
48590,158,"NLD","Netherlands",7,"Limburg",167,"Maasbracht",0," "," "," "," "," "
48591,158,"NLD","Netherlands",7,"Limburg",168,"Maasbree",0," "," "," "," "," "
48592,158,"NLD","Netherlands",7,"Limburg",169,"Maastricht",0," "," "," "," "," "
48593,158,"NLD","Netherlands",7,"Limburg",170,"Margraten",0," "," "," "," "," "
48594,158,"NLD","Netherlands",7,"Limburg",171,"Meerlo-Wanssum",0," "," "," "," "," "
48595,158,"NLD","Netherlands",7,"Limburg",172,"Meerssen",0," "," "," "," "," "
48596,158,"NLD","Netherlands",7,"Limburg",173,"Meijel",0," "," "," "," "," "
48597,158,"NLD","Netherlands",7,"Limburg",174,"Mook en Middelaar",0," "," "," "," "," "
48598,158,"NLD","Netherlands",7,"Limburg",175,"Nederweert",0," "," "," "," "," "
48599,158,"NLD","Netherlands",7,"Limburg",176,"Nuth",0," "," "," "," "," "
48600,158,"NLD","Netherlands",7,"Limburg",177,"Onderbanken",0," "," "," "," "," "
48601,158,"NLD","Netherlands",7,"Limburg",178,"Roerdalen",0," "," "," "," "," "
48602,158,"NLD","Netherlands",7,"Limburg",179,"Roermond",0," "," "," "," "," "
48603,158,"NLD","Netherlands",7,"Limburg",180,"Roggel en Neer",0," "," "," "," "," "
48604,158,"NLD","Netherlands",7,"Limburg",181,"Schinnen",0," "," "," "," "," "
48605,158,"NLD","Netherlands",7,"Limburg",182,"Sevenum",0," "," "," "," "," "
48606,158,"NLD","Netherlands",7,"Limburg",183,"Simpelveld",0," "," "," "," "," "
48607,158,"NLD","Netherlands",7,"Limburg",184,"Sittard-Geleen",0," "," "," "," "," "
48608,158,"NLD","Netherlands",7,"Limburg",185,"Stein",0," "," "," "," "," "
48609,158,"NLD","Netherlands",7,"Limburg",186,"Swalmen",0," "," "," "," "," "
48610,158,"NLD","Netherlands",7,"Limburg",187,"Thorn",0," "," "," "," "," "
48611,158,"NLD","Netherlands",7,"Limburg",188,"Vaals",0," "," "," "," "," "
48612,158,"NLD","Netherlands",7,"Limburg",189,"Valkenburg aan de Geul",0," "," "," "," "," "
48613,158,"NLD","Netherlands",7,"Limburg",190,"Venlo",0," "," "," "," "," "
48614,158,"NLD","Netherlands",7,"Limburg",191,"Venray",0," "," "," "," "," "
48615,158,"NLD","Netherlands",7,"Limburg",192,"Voerendaal",0," "," "," "," "," "
48616,158,"NLD","Netherlands",7,"Limburg",193,"Weert",0," "," "," "," "," "
48617,158,"NLD","Netherlands",8,"Noord-Brabant",194,"'s-Hertogenbosch",0," "," "," "," "," "
48618,158,"NLD","Netherlands",8,"Noord-Brabant",195,"Aalburg",0," "," "," "," "," "
48619,158,"NLD","Netherlands",8,"Noord-Brabant",196,"Alphen-Chaam",0," "," "," "," "," "
48620,158,"NLD","Netherlands",8,"Noord-Brabant",197,"Asten",0," "," "," "," "," "
48621,158,"NLD","Netherlands",8,"Noord-Brabant",198,"Baarle-Nassau",0," "," "," "," "," "
48622,158,"NLD","Netherlands",8,"Noord-Brabant",199,"Bergeijk",0," "," "," "," "," "
48623,158,"NLD","Netherlands",8,"Noord-Brabant",200,"Bergen op Zoom",0," "," "," "," "," "
48624,158,"NLD","Netherlands",8,"Noord-Brabant",201,"Bernheze",0," "," "," "," "," "
48625,158,"NLD","Netherlands",8,"Noord-Brabant",202,"Best",0," "," "," "," "," "
48626,158,"NLD","Netherlands",8,"Noord-Brabant",203,"Bladel",0," "," "," "," "," "
48627,158,"NLD","Netherlands",8,"Noord-Brabant",204,"Boekel",0," "," "," "," "," "
48628,158,"NLD","Netherlands",8,"Noord-Brabant",205,"Boxmeer",0," "," "," "," "," "
48629,158,"NLD","Netherlands",8,"Noord-Brabant",206,"Boxtel",0," "," "," "," "," "
48630,158,"NLD","Netherlands",8,"Noord-Brabant",207,"Breda",0," "," "," "," "," "
48631,158,"NLD","Netherlands",8,"Noord-Brabant",208,"Cranendonck",0," "," "," "," "," "
48632,158,"NLD","Netherlands",8,"Noord-Brabant",209,"Cuijk",0," "," "," "," "," "
48633,158,"NLD","Netherlands",8,"Noord-Brabant",210,"Deurne",0," "," "," "," "," "
48634,158,"NLD","Netherlands",8,"Noord-Brabant",211,"Dongen",0," "," "," "," "," "
48635,158,"NLD","Netherlands",8,"Noord-Brabant",212,"Drimmelen",0," "," "," "," "," "
48636,158,"NLD","Netherlands",8,"Noord-Brabant",213,"Eersel",0," "," "," "," "," "
48637,158,"NLD","Netherlands",8,"Noord-Brabant",214,"Eindhoven",0," "," "," "," "," "
48638,158,"NLD","Netherlands",8,"Noord-Brabant",215,"Etten-Leur",0," "," "," "," "," "
48639,158,"NLD","Netherlands",8,"Noord-Brabant",216,"Geertruidenberg",0," "," "," "," "," "
48640,158,"NLD","Netherlands",8,"Noord-Brabant",217,"Geldrop",0," "," "," "," "," "
48641,158,"NLD","Netherlands",8,"Noord-Brabant",218,"Gemert-Bakel",0," "," "," "," "," "
48642,158,"NLD","Netherlands",8,"Noord-Brabant",219,"Gilze en Rijen",0," "," "," "," "," "
48643,158,"NLD","Netherlands",8,"Noord-Brabant",220,"Goirle",0," "," "," "," "," "
48644,158,"NLD","Netherlands",8,"Noord-Brabant",221,"Grave",0," "," "," "," "," "
48645,158,"NLD","Netherlands",8,"Noord-Brabant",222,"Haaren",0," "," "," "," "," "
48646,158,"NLD","Netherlands",8,"Noord-Brabant",223,"Halderberge",0," "," "," "," "," "
48647,158,"NLD","Netherlands",8,"Noord-Brabant",224,"Heeze-Leende",0," "," "," "," "," "
48648,158,"NLD","Netherlands",8,"Noord-Brabant",225,"Helmond",0," "," "," "," "," "
48649,158,"NLD","Netherlands",8,"Noord-Brabant",226,"Heusden",0," "," "," "," "," "
48650,158,"NLD","Netherlands",8,"Noord-Brabant",227,"Hilvarenbeek",0," "," "," "," "," "
48651,158,"NLD","Netherlands",8,"Noord-Brabant",228,"Laarbeek",0," "," "," "," "," "
48652,158,"NLD","Netherlands",8,"Noord-Brabant",229,"Landerd",0," "," "," "," "," "
48653,158,"NLD","Netherlands",8,"Noord-Brabant",230,"Lith",0," "," "," "," "," "
48654,158,"NLD","Netherlands",8,"Noord-Brabant",231,"Loon op Zand",0," "," "," "," "," "
48655,158,"NLD","Netherlands",8,"Noord-Brabant",232,"Maasdonk",0," "," "," "," "," "
48656,158,"NLD","Netherlands",8,"Noord-Brabant",233,"Mierlo",0," "," "," "," "," "
48657,158,"NLD","Netherlands",8,"Noord-Brabant",234,"Mill en Sint Hubert",0," "," "," "," "," "
48658,158,"NLD","Netherlands",8,"Noord-Brabant",235,"Moerdijk",0," "," "," "," "," "
48659,158,"NLD","Netherlands",8,"Noord-Brabant",236,"Nuenen c.a.",0," "," "," "," "," "
48660,158,"NLD","Netherlands",8,"Noord-Brabant",237,"Oirschot",0," "," "," "," "," "
48661,158,"NLD","Netherlands",8,"Noord-Brabant",238,"Oisterwijk",0," "," "," "," "," "
48662,158,"NLD","Netherlands",8,"Noord-Brabant",239,"Oosterhout",0," "," "," "," "," "
48663,158,"NLD","Netherlands",8,"Noord-Brabant",240,"Oss",0," "," "," "," "," "
48664,158,"NLD","Netherlands",8,"Noord-Brabant",241,"Reusel-De Mierden",0," "," "," "," "," "
48665,158,"NLD","Netherlands",8,"Noord-Brabant",242,"Roosendaal",0," "," "," "," "," "
48666,158,"NLD","Netherlands",8,"Noord-Brabant",243,"Rucphen",0," "," "," "," "," "
48667,158,"NLD","Netherlands",8,"Noord-Brabant",244,"Schijndel",0," "," "," "," "," "
48668,158,"NLD","Netherlands",8,"Noord-Brabant",245,"Sint-Michielsgestel",0," "," "," "," "," "
48669,158,"NLD","Netherlands",8,"Noord-Brabant",246,"Sint-Oedenrode",0," "," "," "," "," "
48670,158,"NLD","Netherlands",8,"Noord-Brabant",247,"Sint Anthonis",0," "," "," "," "," "
48671,158,"NLD","Netherlands",8,"Noord-Brabant",248,"Someren",0," "," "," "," "," "
48672,158,"NLD","Netherlands",8,"Noord-Brabant",249,"Son en Breugel",0," "," "," "," "," "
48673,158,"NLD","Netherlands",8,"Noord-Brabant",250,"Steenbergen",0," "," "," "," "," "
48674,158,"NLD","Netherlands",8,"Noord-Brabant",251,"Tilburg",0," "," "," "," "," "
48675,158,"NLD","Netherlands",8,"Noord-Brabant",252,"Uden",0," "," "," "," "," "
48676,158,"NLD","Netherlands",8,"Noord-Brabant",253,"Valkenswaard",0," "," "," "," "," "
48677,158,"NLD","Netherlands",8,"Noord-Brabant",254,"Veghel",0," "," "," "," "," "
48678,158,"NLD","Netherlands",8,"Noord-Brabant",255,"Veldhoven",0," "," "," "," "," "
48679,158,"NLD","Netherlands",8,"Noord-Brabant",256,"Vught",0," "," "," "," "," "
48680,158,"NLD","Netherlands",8,"Noord-Brabant",257,"Waalre",0," "," "," "," "," "
48681,158,"NLD","Netherlands",8,"Noord-Brabant",258,"Waalwijk",0," "," "," "," "," "
48682,158,"NLD","Netherlands",8,"Noord-Brabant",259,"Werkendam",0," "," "," "," "," "
48683,158,"NLD","Netherlands",8,"Noord-Brabant",260,"Woensdrecht",0," "," "," "," "," "
48684,158,"NLD","Netherlands",8,"Noord-Brabant",261,"Woudrichem",0," "," "," "," "," "
48685,158,"NLD","Netherlands",8,"Noord-Brabant",262,"Zundert",0," "," "," "," "," "
48686,158,"NLD","Netherlands",9,"Noord-Holland",263,"Aalsmeer",0," "," "," "," "," "
48687,158,"NLD","Netherlands",9,"Noord-Holland",264,"Alkmaar",0," "," "," "," "," "
48688,158,"NLD","Netherlands",9,"Noord-Holland",265,"Amstelveen",0," "," "," "," "," "
48689,158,"NLD","Netherlands",9,"Noord-Holland",266,"Amsterdam",0," "," "," "," "," "
48690,158,"NLD","Netherlands",9,"Noord-Holland",267,"Andijk",0," "," "," "," "," "
48691,158,"NLD","Netherlands",9,"Noord-Holland",268,"Anna Paulowna",0," "," "," "," "," "
48692,158,"NLD","Netherlands",9,"Noord-Holland",269,"Beemster",0," "," "," "," "," "
48693,158,"NLD","Netherlands",9,"Noord-Holland",270,"Bennebroek",0," "," "," "," "," "
48694,158,"NLD","Netherlands",9,"Noord-Holland",271,"Bergen",0," "," "," "," "," "
48695,158,"NLD","Netherlands",9,"Noord-Holland",272,"Beverwijk",0," "," "," "," "," "
48696,158,"NLD","Netherlands",9,"Noord-Holland",273,"Blaricum",0," "," "," "," "," "
48697,158,"NLD","Netherlands",9,"Noord-Holland",274,"Bloemendaal",0," "," "," "," "," "
48698,158,"NLD","Netherlands",9,"Noord-Holland",275,"Bussum",0," "," "," "," "," "
48699,158,"NLD","Netherlands",9,"Noord-Holland",276,"Castricum",0," "," "," "," "," "
48700,158,"NLD","Netherlands",9,"Noord-Holland",277,"Den Helder",0," "," "," "," "," "
48701,158,"NLD","Netherlands",9,"Noord-Holland",278,"Diemen",0," "," "," "," "," "
48702,158,"NLD","Netherlands",9,"Noord-Holland",279,"Drechterland",0," "," "," "," "," "
48703,158,"NLD","Netherlands",9,"Noord-Holland",280,"Edam-Volendam",0," "," "," "," "," "
48704,158,"NLD","Netherlands",9,"Noord-Holland",281,"Enkhuizen",0," "," "," "," "," "
48705,158,"NLD","Netherlands",9,"Noord-Holland",282,"Graft-De Rijp",0," "," "," "," "," "
48706,158,"NLD","Netherlands",9,"Noord-Holland",283,"Haarlem",0," "," "," "," "," "
48707,158,"NLD","Netherlands",9,"Noord-Holland",284,"Haarlemmerliede c.a.",0," "," "," "," "," "
48708,158,"NLD","Netherlands",9,"Noord-Holland",285,"Haarlemmermeer",0," "," "," "," "," "
48709,158,"NLD","Netherlands",9,"Noord-Holland",286,"Harenkarspel",0," "," "," "," "," "
48710,158,"NLD","Netherlands",9,"Noord-Holland",287,"Heemskerk",0," "," "," "," "," "
48711,158,"NLD","Netherlands",9,"Noord-Holland",288,"Heemstede",0," "," "," "," "," "
48712,158,"NLD","Netherlands",9,"Noord-Holland",289,"Heerhugowaard",0," "," "," "," "," "
48713,158,"NLD","Netherlands",9,"Noord-Holland",290,"Heiloo",0," "," "," "," "," "
48714,158,"NLD","Netherlands",9,"Noord-Holland",291,"Hilversum",0," "," "," "," "," "
48715,158,"NLD","Netherlands",9,"Noord-Holland",292,"Hoorn",0," "," "," "," "," "
48716,158,"NLD","Netherlands",9,"Noord-Holland",293,"Huizen",0," "," "," "," "," "
48717,158,"NLD","Netherlands",9,"Noord-Holland",294,"Landsmeer",0," "," "," "," "," "
48718,158,"NLD","Netherlands",9,"Noord-Holland",295,"Langedijk",0," "," "," "," "," "
48719,158,"NLD","Netherlands",9,"Noord-Holland",296,"Laren",0," "," "," "," "," "
48720,158,"NLD","Netherlands",9,"Noord-Holland",297,"Medemblik",0," "," "," "," "," "
48721,158,"NLD","Netherlands",9,"Noord-Holland",298,"Muiden",0," "," "," "," "," "
48722,158,"NLD","Netherlands",9,"Noord-Holland",299,"Naarden",0," "," "," "," "," "
48723,158,"NLD","Netherlands",9,"Noord-Holland",300,"Niedorp",0," "," "," "," "," "
48724,158,"NLD","Netherlands",9,"Noord-Holland",301,"Noorder-Koggenland",0," "," "," "," "," "
48725,158,"NLD","Netherlands",9,"Noord-Holland",302,"Obdam",0," "," "," "," "," "
48726,158,"NLD","Netherlands",9,"Noord-Holland",303,"Oostzaan",0," "," "," "," "," "
48727,158,"NLD","Netherlands",9,"Noord-Holland",304,"Opmeer",0," "," "," "," "," "
48728,158,"NLD","Netherlands",9,"Noord-Holland",305,"Ouder-Amstel",0," "," "," "," "," "
48729,158,"NLD","Netherlands",9,"Noord-Holland",306,"Purmerend",0," "," "," "," "," "
48730,158,"NLD","Netherlands",9,"Noord-Holland",307,"Schagen",0," "," "," "," "," "
48731,158,"NLD","Netherlands",9,"Noord-Holland",308,"Schermer",0," "," "," "," "," "
48732,158,"NLD","Netherlands",9,"Noord-Holland",309,"Stede Broec",0," "," "," "," "," "
48733,158,"NLD","Netherlands",9,"Noord-Holland",310,"Texel",0," "," "," "," "," "
48734,158,"NLD","Netherlands",9,"Noord-Holland",311,"Uitgeest",0," "," "," "," "," "
48735,158,"NLD","Netherlands",9,"Noord-Holland",312,"Uithoorn",0," "," "," "," "," "
48736,158,"NLD","Netherlands",9,"Noord-Holland",313,"Velsen",0," "," "," "," "," "
48737,158,"NLD","Netherlands",9,"Noord-Holland",314,"Venhuizen",0," "," "," "," "," "
48738,158,"NLD","Netherlands",9,"Noord-Holland",315,"Waterland",0," "," "," "," "," "
48739,158,"NLD","Netherlands",9,"Noord-Holland",316,"Weesp",0," "," "," "," "," "
48740,158,"NLD","Netherlands",9,"Noord-Holland",317,"Wervershoof",0," "," "," "," "," "
48741,158,"NLD","Netherlands",9,"Noord-Holland",318,"Wester-Koggenland",0," "," "," "," "," "
48742,158,"NLD","Netherlands",9,"Noord-Holland",319,"Wieringen",0," "," "," "," "," "
48743,158,"NLD","Netherlands",9,"Noord-Holland",320,"Wieringermeer",0," "," "," "," "," "
48744,158,"NLD","Netherlands",9,"Noord-Holland",321,"Wijdemeren",0," "," "," "," "," "
48745,158,"NLD","Netherlands",9,"Noord-Holland",322,"Wognum",0," "," "," "," "," "
48746,158,"NLD","Netherlands",9,"Noord-Holland",323,"Wormerland",0," "," "," "," "," "
48747,158,"NLD","Netherlands",9,"Noord-Holland",324,"Zaanstad",0," "," "," "," "," "
48748,158,"NLD","Netherlands",9,"Noord-Holland",325,"Zandvoort",0," "," "," "," "," "
48749,158,"NLD","Netherlands",9,"Noord-Holland",326,"Zeevang",0," "," "," "," "," "
48750,158,"NLD","Netherlands",9,"Noord-Holland",327,"Zijpe",0," "," "," "," "," "
48751,158,"NLD","Netherlands",10,"Overijssel",328,"Almelo",0," "," "," "," "," "
48752,158,"NLD","Netherlands",10,"Overijssel",329,"Bathmen",0," "," "," "," "," "
48753,158,"NLD","Netherlands",10,"Overijssel",330,"Borne",0," "," "," "," "," "
48754,158,"NLD","Netherlands",10,"Overijssel",331,"Dalfsen",0," "," "," "," "," "
48755,158,"NLD","Netherlands",10,"Overijssel",332,"Deventer",0," "," "," "," "," "
48756,158,"NLD","Netherlands",10,"Overijssel",333,"Dinkelland",0," "," "," "," "," "
48757,158,"NLD","Netherlands",10,"Overijssel",334,"Enschede",0," "," "," "," "," "
48758,158,"NLD","Netherlands",10,"Overijssel",335,"Haaksbergen",0," "," "," "," "," "
48759,158,"NLD","Netherlands",10,"Overijssel",336,"Hardenberg",0," "," "," "," "," "
48760,158,"NLD","Netherlands",10,"Overijssel",337,"Hellendoorn",0," "," "," "," "," "
48761,158,"NLD","Netherlands",10,"Overijssel",338,"Hengelo",0," "," "," "," "," "
48762,158,"NLD","Netherlands",10,"Overijssel",339,"Hof van Twente",0," "," "," "," "," "
48763,158,"NLD","Netherlands",10,"Overijssel",340,"Kampen",0," "," "," "," "," "
48764,158,"NLD","Netherlands",10,"Overijssel",341,"Losser",0," "," "," "," "," "
48765,158,"NLD","Netherlands",10,"Overijssel",342,"Oldenzaal",0," "," "," "," "," "
48766,158,"NLD","Netherlands",10,"Overijssel",343,"Olst-Wijhe",0," "," "," "," "," "
48767,158,"NLD","Netherlands",10,"Overijssel",344,"Ommen",0," "," "," "," "," "
48768,158,"NLD","Netherlands",10,"Overijssel",345,"Raalte",0," "," "," "," "," "
48769,158,"NLD","Netherlands",10,"Overijssel",346,"Rijssen",0," "," "," "," "," "
48770,158,"NLD","Netherlands",10,"Overijssel",347,"Staphorst",0," "," "," "," "," "
48771,158,"NLD","Netherlands",10,"Overijssel",348,"Steenwijkerland",0," "," "," "," "," "
48772,158,"NLD","Netherlands",10,"Overijssel",349,"Tubbergen",0," "," "," "," "," "
48773,158,"NLD","Netherlands",10,"Overijssel",350,"Twenterand",0," "," "," "," "," "
48774,158,"NLD","Netherlands",10,"Overijssel",351,"Wierden",0," "," "," "," "," "
48775,158,"NLD","Netherlands",10,"Overijssel",352,"Zwartewaterland",0," "," "," "," "," "
48776,158,"NLD","Netherlands",10,"Overijssel",353,"Zwolle",0," "," "," "," "," "
48777,158,"NLD","Netherlands",11,"Utrecht",354,"Abcoude",0," "," "," "," "," "
48778,158,"NLD","Netherlands",11,"Utrecht",355,"Amerongen",0," "," "," "," "," "
48779,158,"NLD","Netherlands",11,"Utrecht",356,"Amersfoort",0," "," "," "," "," "
48780,158,"NLD","Netherlands",11,"Utrecht",357,"Baarn",0," "," "," "," "," "
48781,158,"NLD","Netherlands",11,"Utrecht",358,"Breukelen",0," "," "," "," "," "
48782,158,"NLD","Netherlands",11,"Utrecht",359,"Bunnik",0," "," "," "," "," "
48783,158,"NLD","Netherlands",11,"Utrecht",360,"Bunschoten",0," "," "," "," "," "
48784,158,"NLD","Netherlands",11,"Utrecht",361,"De Bilt",0," "," "," "," "," "
48785,158,"NLD","Netherlands",11,"Utrecht",362,"De Ronde Venen",0," "," "," "," "," "
48786,158,"NLD","Netherlands",11,"Utrecht",363,"Doorn",0," "," "," "," "," "
48787,158,"NLD","Netherlands",11,"Utrecht",364,"Driebergen-Rijsenburg",0," "," "," "," "," "
48788,158,"NLD","Netherlands",11,"Utrecht",365,"Eemnes",0," "," "," "," "," "
48789,158,"NLD","Netherlands",11,"Utrecht",366,"Houten",0," "," "," "," "," "
48790,158,"NLD","Netherlands",11,"Utrecht",367,"IJsselstein",0," "," "," "," "," "
48791,158,"NLD","Netherlands",11,"Utrecht",368,"Leersum",0," "," "," "," "," "
48792,158,"NLD","Netherlands",11,"Utrecht",369,"Leusden",0," "," "," "," "," "
48793,158,"NLD","Netherlands",11,"Utrecht",370,"Loenen",0," "," "," "," "," "
48794,158,"NLD","Netherlands",11,"Utrecht",371,"Lopik",0," "," "," "," "," "
48795,158,"NLD","Netherlands",11,"Utrecht",372,"Maarn",0," "," "," "," "," "
48796,158,"NLD","Netherlands",11,"Utrecht",373,"Maarssen",0," "," "," "," "," "
48797,158,"NLD","Netherlands",11,"Utrecht",374,"Montfoort",0," "," "," "," "," "
48798,158,"NLD","Netherlands",11,"Utrecht",375,"Nieuwegein",0," "," "," "," "," "
48799,158,"NLD","Netherlands",11,"Utrecht",376,"Oudewater",0," "," "," "," "," "
48800,158,"NLD","Netherlands",14,"Zuid-Holland",404,"Alblasserdam",0," "," "," "," "," "
48801,158,"NLD","Netherlands",14,"Zuid-Holland",405,"Albrandswaard",0," "," "," "," "," "
48802,158,"NLD","Netherlands",14,"Zuid-Holland",406,"Alkemade",0," "," "," "," "," "
48803,158,"NLD","Netherlands",14,"Zuid-Holland",407,"Alphen aan den Rijn",0," "," "," "," "," "
48804,158,"NLD","Netherlands",14,"Zuid-Holland",408,"Barendrecht",0," "," "," "," "," "
48805,158,"NLD","Netherlands",14,"Zuid-Holland",409,"Bergambacht",0," "," "," "," "," "
48806,158,"NLD","Netherlands",14,"Zuid-Holland",410,"Bergschenhoek",0," "," "," "," "," "
48807,158,"NLD","Netherlands",14,"Zuid-Holland",411,"Berkel en Rodenrijs",0," "," "," "," "," "
48808,158,"NLD","Netherlands",14,"Zuid-Holland",412,"Bernisse",0," "," "," "," "," "
48809,158,"NLD","Netherlands",14,"Zuid-Holland",413,"Binnenmaas",0," "," "," "," "," "
48810,158,"NLD","Netherlands",14,"Zuid-Holland",414,"Bleiswijk",0," "," "," "," "," "
48811,158,"NLD","Netherlands",14,"Zuid-Holland",415,"Bodegraven",0," "," "," "," "," "
48812,158,"NLD","Netherlands",14,"Zuid-Holland",416,"Boskoop",0," "," "," "," "," "
48813,158,"NLD","Netherlands",14,"Zuid-Holland",417,"Brielle",0," "," "," "," "," "
48814,158,"NLD","Netherlands",14,"Zuid-Holland",418,"Capelle aan den IJssel",0," "," "," "," "," "
48815,158,"NLD","Netherlands",14,"Zuid-Holland",419,"Cromstrijen",0," "," "," "," "," "
48816,158,"NLD","Netherlands",14,"Zuid-Holland",420,"De Lier",0," "," "," "," "," "
48817,158,"NLD","Netherlands",14,"Zuid-Holland",421,"Delft",0," "," "," "," "," "
48818,158,"NLD","Netherlands",14,"Zuid-Holland",422,"Dirksland",0," "," "," "," "," "
48819,158,"NLD","Netherlands",14,"Zuid-Holland",423,"Dordrecht",0," "," "," "," "," "
48820,158,"NLD","Netherlands",14,"Zuid-Holland",424,"Giessenlanden",0," "," "," "," "," "
48821,158,"NLD","Netherlands",14,"Zuid-Holland",425,"Goedereede",0," "," "," "," "," "
48822,158,"NLD","Netherlands",14,"Zuid-Holland",426,"Gorinchem",0," "," "," "," "," "
48823,158,"NLD","Netherlands",14,"Zuid-Holland",427,"Gouda",0," "," "," "," "," "
48824,158,"NLD","Netherlands",14,"Zuid-Holland",428,"Graafstroom",0," "," "," "," "," "
48825,158,"NLD","Netherlands",14,"Zuid-Holland",429,"Hardinxveld-Giessendam",0," "," "," "," "," "
48826,158,"NLD","Netherlands",14,"Zuid-Holland",430,"Hellevoetsluis",0," "," "," "," "," "
48827,158,"NLD","Netherlands",14,"Zuid-Holland",431,"Hendrik-Ido-Ambacht",0," "," "," "," "," "
48828,158,"NLD","Netherlands",14,"Zuid-Holland",432,"Hillegom",0," "," "," "," "," "
48829,158,"NLD","Netherlands",14,"Zuid-Holland",433,"Jacobswoude",0," "," "," "," "," "
48830,158,"NLD","Netherlands",14,"Zuid-Holland",434,"Katwijk",0," "," "," "," "," "
48831,158,"NLD","Netherlands",14,"Zuid-Holland",435,"Korendijk",0," "," "," "," "," "
48832,158,"NLD","Netherlands",14,"Zuid-Holland",436,"Krimpen aan den IJssel",0," "," "," "," "," "
48833,158,"NLD","Netherlands",14,"Zuid-Holland",437,"Leerdam",0," "," "," "," "," "
48834,158,"NLD","Netherlands",14,"Zuid-Holland",438,"Leiden",0," "," "," "," "," "
48835,158,"NLD","Netherlands",14,"Zuid-Holland",439,"Leiderdorp",0," "," "," "," "," "
48836,158,"NLD","Netherlands",14,"Zuid-Holland",440,"Leidschendam-Voorburg",0," "," "," "," "," "
48837,158,"NLD","Netherlands",14,"Zuid-Holland",441,"Liemeer",0," "," "," "," "," "
48838,158,"NLD","Netherlands",14,"Zuid-Holland",442,"Liesveld",0," "," "," "," "," "
48839,158,"NLD","Netherlands",14,"Zuid-Holland",443,"Lisse",0," "," "," "," "," "
48840,158,"NLD","Netherlands",14,"Zuid-Holland",444,"Maasland",0," "," "," "," "," "
48841,158,"NLD","Netherlands",14,"Zuid-Holland",445,"Maassluis",0," "," "," "," "," "
48842,158,"NLD","Netherlands",14,"Zuid-Holland",446,"Middelharnis",0," "," "," "," "," "
48843,158,"NLD","Netherlands",14,"Zuid-Holland",447,"Monster",0," "," "," "," "," "
48844,158,"NLD","Netherlands",14,"Zuid-Holland",448,"Moordrecht",0," "," "," "," "," "
48845,158,"NLD","Netherlands",14,"Zuid-Holland",449,"Naaldwijk",0," "," "," "," "," "
48846,158,"NLD","Netherlands",14,"Zuid-Holland",450,"Nederlek",0," "," "," "," "," "
48847,158,"NLD","Netherlands",14,"Zuid-Holland",451,"Nieuw-Lekkerland",0," "," "," "," "," "
48848,158,"NLD","Netherlands",14,"Zuid-Holland",452,"Nieuwerkerk aan den IJssel",0," "," "," "," "," "
48849,158,"NLD","Netherlands",14,"Zuid-Holland",453,"Nieuwkoop",0," "," "," "," "," "
48850,158,"NLD","Netherlands",14,"Zuid-Holland",454,"Noordwijk",0," "," "," "," "," "
48851,158,"NLD","Netherlands",14,"Zuid-Holland",455,"Noordwijkerhout",0," "," "," "," "," "
48852,158,"NLD","Netherlands",14,"Zuid-Holland",456,"Oegstgeest",0," "," "," "," "," "
48853,158,"NLD","Netherlands",14,"Zuid-Holland",457,"Oostflakkee",0," "," "," "," "," "
48854,158,"NLD","Netherlands",14,"Zuid-Holland",458,"Oud-Beijerland",0," "," "," "," "," "
48855,158,"NLD","Netherlands",14,"Zuid-Holland",459,"Ouderkerk",0," "," "," "," "," "
48856,158,"NLD","Netherlands",14,"Zuid-Holland",460,"Papendrecht",0," "," "," "," "," "
48857,158,"NLD","Netherlands",14,"Zuid-Holland",461,"Pijnacker-Nootdorp",0," "," "," "," "," "
48858,158,"NLD","Netherlands",14,"Zuid-Holland",462,"Reeuwijk",0," "," "," "," "," "
48859,158,"NLD","Netherlands",14,"Zuid-Holland",463,"Ridderkerk",0," "," "," "," "," "
48860,158,"NLD","Netherlands",14,"Zuid-Holland",464,"Rijnsburg",0," "," "," "," "," "
48861,158,"NLD","Netherlands",14,"Zuid-Holland",465,"Rijnwoude",0," "," "," "," "," "
48862,158,"NLD","Netherlands",14,"Zuid-Holland",466,"Rijswijk",0," "," "," "," "," "
48863,158,"NLD","Netherlands",14,"Zuid-Holland",467,"Rotterdam",0," "," "," "," "," "
48864,158,"NLD","Netherlands",14,"Zuid-Holland",468,"Rozenburg",0," "," "," "," "," "
48865,158,"NLD","Netherlands",14,"Zuid-Holland",469,"Sassenheim",0," "," "," "," "," "
48866,158,"NLD","Netherlands",14,"Zuid-Holland",470,"Schiedam",0," "," "," "," "," "
48867,158,"NLD","Netherlands",14,"Zuid-Holland",471,"Schipluiden",0," "," "," "," "," "
48868,158,"NLD","Netherlands",14,"Zuid-Holland",472,"Schoonhoven",0," "," "," "," "," "
48869,158,"NLD","Netherlands",14,"Zuid-Holland",473,"Sliedrecht",0," "," "," "," "," "
48870,158,"NLD","Netherlands",14,"Zuid-Holland",474,"Spijkenisse",0," "," "," "," "," "
48871,158,"NLD","Netherlands",14,"Zuid-Holland",475,"Strijen",0," "," "," "," "," "
48872,158,"NLD","Netherlands",14,"Zuid-Holland",476,"Ter Aar",0," "," "," "," "," "
48873,158,"NLD","Netherlands",14,"Zuid-Holland",477,"Valkenburg",0," "," "," "," "," "
48874,158,"NLD","Netherlands",14,"Zuid-Holland",478,"Vlaardingen",0," "," "," "," "," "
48875,158,"NLD","Netherlands",14,"Zuid-Holland",479,"Vlist",0," "," "," "," "," "
48876,158,"NLD","Netherlands",14,"Zuid-Holland",480,"Voorhout",0," "," "," "," "," "
48877,158,"NLD","Netherlands",14,"Zuid-Holland",481,"Voorschoten",0," "," "," "," "," "
48878,158,"NLD","Netherlands",14,"Zuid-Holland",482,"Waddinxveen",0," "," "," "," "," "
48879,158,"NLD","Netherlands",14,"Zuid-Holland",483,"Warmond",0," "," "," "," "," "
48880,158,"NLD","Netherlands",14,"Zuid-Holland",484,"Wassenaar",0," "," "," "," "," "
48881,158,"NLD","Netherlands",14,"Zuid-Holland",485,"Wateringen",0," "," "," "," "," "
48882,158,"NLD","Netherlands",14,"Zuid-Holland",486,"Westvoorne",0," "," "," "," "," "
48883,158,"NLD","Netherlands",14,"Zuid-Holland",487,"Zederik",0," "," "," "," "," "
48884,158,"NLD","Netherlands",14,"Zuid-Holland",488,"Zevenhuizen-Moerkapelle",0," "," "," "," "," "
48885,158,"NLD","Netherlands",14,"Zuid-Holland",489,"Zoetermeer",0," "," "," "," "," "
48886,158,"NLD","Netherlands",14,"Zuid-Holland",490,"Zoeterwoude",0," "," "," "," "," "
48887,158,"NLD","Netherlands",14,"Zuid-Holland",491,"Zwijndrecht",0," "," "," "," "," "
