"PID","ID_0","ISO","NAME_0","ID_1","NAME_1","ID_2","NAME_2","NL_NAME_2","VARNAME_2","TYPE_2","ENGTYPE_2"
4025,15,"AUT","Austria",1,"Burgenland",1,"Eisenstadt Umgebung","","","Bezirke","District"
4026,15,"AUT","Austria",1,"Burgenland",2,"Eisenstadt","","","Statutarstädte","Statutory City"
4027,15,"AUT","Austria",1,"Burgenland",3,"Güssing","","","Bezirke","District"
4028,15,"AUT","Austria",1,"Burgenland",4,"Jennersdorf","","","Bezirke","District"
4029,15,"AUT","Austria",1,"Burgenland",5,"Mattersburg","","","Bezirke","District"
4030,15,"AUT","Austria",1,"Burgenland",6,"Neusiedl am See","","","Bezirke","District"
4031,15,"AUT","Austria",1,"Burgenland",7,"Oberpullendorf","","","Bezirke","District"
4032,15,"AUT","Austria",1,"Burgenland",8,"Oberwart","","","Bezirke","District"
4033,15,"AUT","Austria",1,"Burgenland",9,"Rust","",""," "," "
4034,15,"AUT","Austria",2,"Kärnten",10,"Feldkirchen","","","Bezirke","District"
4035,15,"AUT","Austria",2,"Kärnten",11,"Hermagor","","","Bezirke","District"
4036,15,"AUT","Austria",2,"Kärnten",12,"Klagenfurt Land","","","Bezirke","District"
4037,15,"AUT","Austria",2,"Kärnten",13,"Klagenfurt","","","Statutarstädte","Statutory City"
4038,15,"AUT","Austria",2,"Kärnten",14,"Sankt Veit an der Glan","","","Bezirke","District"
4039,15,"AUT","Austria",2,"Kärnten",15,"Spittal an der Drau","","","Bezirke","District"
4040,15,"AUT","Austria",2,"Kärnten",16,"Villach Land","","","Bezirke","District"
4041,15,"AUT","Austria",2,"Kärnten",17,"Villach","","","Statutarstädte","Statutory City"
4042,15,"AUT","Austria",2,"Kärnten",18,"Völkermarkt","","","Bezirke","District"
4043,15,"AUT","Austria",2,"Kärnten",19,"Wolfsberg","","","Bezirke","District"
4044,15,"AUT","Austria",3,"Niederösterreich",20,"Amstetten","","","Bezirke","District"
4045,15,"AUT","Austria",3,"Niederösterreich",21,"Baden","","","Bezirke","District"
4046,15,"AUT","Austria",3,"Niederösterreich",22,"Bruck an der Leitha","","","Bezirke","District"
4047,15,"AUT","Austria",3,"Niederösterreich",23,"Gänserndorf","","","Bezirke","District"
4048,15,"AUT","Austria",3,"Niederösterreich",24,"Gmünd","","","Bezirke","District"
4049,15,"AUT","Austria",3,"Niederösterreich",25,"Hollabrunn","","","Bezirke","District"
4050,15,"AUT","Austria",3,"Niederösterreich",26,"Horn","","","Bezirke","District"
4051,15,"AUT","Austria",3,"Niederösterreich",27,"Korneuburg","","","Bezirke","District"
4052,15,"AUT","Austria",3,"Niederösterreich",28,"Krems an der Donau Land","","","Bezirke","District"
4053,15,"AUT","Austria",3,"Niederösterreich",29,"Krems an der Donau Stadt","","","Statutarstädte","Statutory City"
4054,15,"AUT","Austria",3,"Niederösterreich",30,"Lilienfeld","","","Bezirke","District"
4055,15,"AUT","Austria",3,"Niederösterreich",31,"Melk","","","Bezirke","District"
4056,15,"AUT","Austria",3,"Niederösterreich",32,"Mistelbach","","","Bezirke","District"
4057,15,"AUT","Austria",3,"Niederösterreich",33,"Mödling","","","Bezirke","District"
4058,15,"AUT","Austria",3,"Niederösterreich",34,"Neunkirchen","","","Bezirke","District"
4059,15,"AUT","Austria",3,"Niederösterreich",35,"Sankt Pölten Land","","","Bezirke","District"
4060,15,"AUT","Austria",3,"Niederösterreich",36,"Sankt Pölten","","","Bezirke","District"
4061,15,"AUT","Austria",3,"Niederösterreich",37,"Scheibbs","","","Bezirke","District"
4062,15,"AUT","Austria",3,"Niederösterreich",38,"Tulln","","","Bezirke","District"
4063,15,"AUT","Austria",3,"Niederösterreich",39,"Waidhofen an der Thaya","","","Bezirke","District"
4064,15,"AUT","Austria",3,"Niederösterreich",40,"Waidhofen an der Ybbs","","","Statutarstädte","Statutory City"
4065,15,"AUT","Austria",3,"Niederösterreich",41,"Wien Umgebung","","","Bezirke","District"
4066,15,"AUT","Austria",3,"Niederösterreich",42,"Wiener Neustadt Land","","","Bezirke","District"
4067,15,"AUT","Austria",3,"Niederösterreich",43,"Wiener Neustadt","","","Statutarstädte","Statutory City"
4068,15,"AUT","Austria",3,"Niederösterreich",44,"Zwettl","","","Bezirke","District"
4069,15,"AUT","Austria",4,"Oberösterreich",45,"Braunau am Inn","","","Bezirke","District"
4070,15,"AUT","Austria",4,"Oberösterreich",46,"Eferding","","","Bezirke","District"
4071,15,"AUT","Austria",4,"Oberösterreich",47,"Freistadt","","","Bezirke","District"
4072,15,"AUT","Austria",4,"Oberösterreich",48,"Gmunden","","","Bezirke","District"
4073,15,"AUT","Austria",4,"Oberösterreich",49,"Grieskirchen","","","Bezirke","District"
4074,15,"AUT","Austria",4,"Oberösterreich",50,"Kirchdorf an der Krems","","","Bezirke","District"
4075,15,"AUT","Austria",4,"Oberösterreich",51,"Linz Land","","","Bezirke","District"
4076,15,"AUT","Austria",4,"Oberösterreich",52,"Linz","","","Statutarstädte","Statutory City"
4077,15,"AUT","Austria",4,"Oberösterreich",53,"Perg","","","Bezirke","District"
4078,15,"AUT","Austria",4,"Oberösterreich",54,"Ried im Innkreis","","","Bezirke","District"
4079,15,"AUT","Austria",4,"Oberösterreich",55,"Rohrbach im Mühlkreis","","","Bezirke","District"
4080,15,"AUT","Austria",4,"Oberösterreich",56,"Schärding","","","Bezirke","District"
4081,15,"AUT","Austria",4,"Oberösterreich",57,"Steyr Land","","","Bezirke","District"
4082,15,"AUT","Austria",4,"Oberösterreich",58,"Steyr","","","Statutarstädte","Statutory City"
4083,15,"AUT","Austria",4,"Oberösterreich",59,"Urfahr Umgebung","","","Bezirke","District"
4084,15,"AUT","Austria",4,"Oberösterreich",60,"Vöcklabruck","","","Bezirke","District"
4085,15,"AUT","Austria",4,"Oberösterreich",61,"Wels Land","","","Bezirke","District"
4086,15,"AUT","Austria",4,"Oberösterreich",62,"Wels","","","Statutarstädte","Statutory City"
4087,15,"AUT","Austria",5,"Salzburg",63,"Hallein","","","Bezirke","District"
4088,15,"AUT","Austria",5,"Salzburg",64,"Salzburg Umgebung","","","Bezirke","District"
4089,15,"AUT","Austria",5,"Salzburg",65,"Salzburg","","","Statutarstädte","Statutory City"
4090,15,"AUT","Austria",5,"Salzburg",66,"Sankt Johann im Pongau","","","Bezirke","District"
4091,15,"AUT","Austria",5,"Salzburg",67,"Tamsweg","","","Bezirke","District"
4092,15,"AUT","Austria",5,"Salzburg",68,"Zell am See","","","Bezirke","District"
4093,15,"AUT","Austria",6,"Steiermark",69,"Bruck an der Mur","","","Bezirke","District"
4094,15,"AUT","Austria",6,"Steiermark",70,"Deutschlandsberg","","","Bezirke","District"
4095,15,"AUT","Austria",6,"Steiermark",71,"Feldbach","","","Bezirke","District"
4096,15,"AUT","Austria",6,"Steiermark",72,"Fürstenfeld","","","Bezirke","District"
4097,15,"AUT","Austria",6,"Steiermark",73,"Graz Umgebung","","","Bezirke","District"
4098,15,"AUT","Austria",6,"Steiermark",74,"Graz","","","Statutarstädte","Statutory City"
4099,15,"AUT","Austria",6,"Steiermark",75,"Hartberg","","","Bezirke","District"
4100,15,"AUT","Austria",6,"Steiermark",76,"Judenburg","","","Bezirke","District"
4101,15,"AUT","Austria",6,"Steiermark",77,"Knittelfeld","","","Bezirke","District"
4102,15,"AUT","Austria",6,"Steiermark",78,"Leibnitz","","","Bezirke","District"
4103,15,"AUT","Austria",6,"Steiermark",79,"Leoben","","","Bezirke","District"
4104,15,"AUT","Austria",6,"Steiermark",80,"Liezen","","","Bezirke","District"
4105,15,"AUT","Austria",6,"Steiermark",81,"Murau","","","Bezirke","District"
4106,15,"AUT","Austria",6,"Steiermark",82,"Mürzzuschlag","","","Bezirke","District"
4107,15,"AUT","Austria",6,"Steiermark",83,"Radkersburg","","","Bezirke","District"
4108,15,"AUT","Austria",6,"Steiermark",84,"Voitsberg","","","Bezirke","District"
4109,15,"AUT","Austria",6,"Steiermark",85,"Weiz","","","Bezirke","District"
4110,15,"AUT","Austria",7,"Tirol",86,"Imst","","","Bezirke","District"
4111,15,"AUT","Austria",7,"Tirol",87,"Innsbruck Land","","","Bezirke","District"
4112,15,"AUT","Austria",7,"Tirol",88,"Innsbruck","","","Statutarstädte","Statutory City"
4113,15,"AUT","Austria",7,"Tirol",89,"Kitzbühel","","","Bezirke","District"
4114,15,"AUT","Austria",7,"Tirol",90,"Kufstein","","","Bezirke","District"
4115,15,"AUT","Austria",7,"Tirol",91,"Landeck","","","Bezirke","District"
4116,15,"AUT","Austria",7,"Tirol",92,"Lienz","","","Bezirke","District"
4117,15,"AUT","Austria",7,"Tirol",93,"Reutte","","","Bezirke","District"
4118,15,"AUT","Austria",7,"Tirol",94,"Schwaz","","","Bezirke","District"
4119,15,"AUT","Austria",8,"Vorarlberg",95,"Bludenz","","","Bezirke","District"
4120,15,"AUT","Austria",8,"Vorarlberg",96,"Bregenz","","","Bezirke","District"
4121,15,"AUT","Austria",8,"Vorarlberg",97,"Dornbirn","","","Bezirke","District"
4122,15,"AUT","Austria",8,"Vorarlberg",98,"Feldkirch","","","Bezirke","District"
4123,15,"AUT","Austria",9,"Wien",99,"Wien","","","Statutarstädte","Statutory City"
