"PID","ID_0","ISO","NAME_0","ID_1","NAME_1","ID_2","NAME_2","NL_NAME_2","VARNAME_2","TYPE_2","ENGTYPE_2"
33043,231,"TUN","Tunisia",1,"Ariana",1,"Ariana Médina","","Ariana Medina","Delegation","Delegation"
35405,231,"TUN","Tunisia",1,"Ariana",2,"Ettadhamen","","","Delegation","Delegation"
35406,231,"TUN","Tunisia",1,"Ariana",3,"Kalaat El Andalous","","","Delegation","Delegation"
35407,231,"TUN","Tunisia",1,"Ariana",4,"Mnihla","","","Delegation","Delegation"
35408,231,"TUN","Tunisia",1,"Ariana",5,"Raoued","","","Delegation","Delegation"
35409,231,"TUN","Tunisia",1,"Ariana",6,"Sebkhet Ariana","","","Water body","Water Body"
35410,231,"TUN","Tunisia",1,"Ariana",7,"Sidi Thabet","","","Delegation","Delegation"
35411,231,"TUN","Tunisia",1,"Ariana",8,"Soukra","","","Delegation","Delegation"
35412,231,"TUN","Tunisia",2,"Béja",9,"Amdoun","","","Delegation","Delegation"
35413,231,"TUN","Tunisia",2,"Béja",10,"Béja Nord","","","Delegation","Delegation"
35414,231,"TUN","Tunisia",2,"Béja",11,"Béja Sud","","","Delegation","Delegation"
35415,231,"TUN","Tunisia",2,"Béja",12,"Goubellat","","","Delegation","Delegation"
35416,231,"TUN","Tunisia",2,"Béja",13,"Mejez El Bab","","","Delegation","Delegation"
35417,231,"TUN","Tunisia",2,"Béja",14,"Nefza","","","Delegation","Delegation"
35418,231,"TUN","Tunisia",2,"Béja",15,"Téboursouk","","Teboursouk","Delegation","Delegation"
35419,231,"TUN","Tunisia",2,"Béja",16,"Testour","","","Delegation","Delegation"
35420,231,"TUN","Tunisia",2,"Béja",17,"Thibar","","","Delegation","Delegation"
35421,231,"TUN","Tunisia",3,"Ben Arous (Tunis Sud)",18,"Ben Arous","","","Delegation","Delegation"
35422,231,"TUN","Tunisia",3,"Ben Arous (Tunis Sud)",19,"Boumhel","","","Delegation","Delegation"
35423,231,"TUN","Tunisia",3,"Ben Arous (Tunis Sud)",20,"El Mourouj","","","Delegation","Delegation"
35424,231,"TUN","Tunisia",3,"Ben Arous (Tunis Sud)",21,"Ezzahra","","","Delegation","Delegation"
35425,231,"TUN","Tunisia",3,"Ben Arous (Tunis Sud)",22,"Fouchana","","","Delegation","Delegation"
35426,231,"TUN","Tunisia",3,"Ben Arous (Tunis Sud)",23,"Hammam Chott","","","Delegation","Delegation"
35427,231,"TUN","Tunisia",3,"Ben Arous (Tunis Sud)",24,"Hammam Lif","","","Delegation","Delegation"
35428,231,"TUN","Tunisia",3,"Ben Arous (Tunis Sud)",25,"M'Hamdia","","","Delegation","Delegation"
35429,231,"TUN","Tunisia",3,"Ben Arous (Tunis Sud)",26,"Mégrine","","Megrine","Delegation","Delegation"
35430,231,"TUN","Tunisia",3,"Ben Arous (Tunis Sud)",27,"Mornag","","","Delegation","Delegation"
35431,231,"TUN","Tunisia",3,"Ben Arous (Tunis Sud)",28,"Nouvelle Médina","","Medina Jedida","Delegation","Delegation"
35432,231,"TUN","Tunisia",3,"Ben Arous (Tunis Sud)",29,"Radès","","Rades","Delegation","Delegation"
35433,231,"TUN","Tunisia",4,"Bizerte",30,"Bizerte Nord","","","Delegation","Delegation"
35434,231,"TUN","Tunisia",4,"Bizerte",31,"Bizerte Sud","","","Delegation","Delegation"
35435,231,"TUN","Tunisia",4,"Bizerte",32,"El Alia","","","Delegation","Delegation"
35436,231,"TUN","Tunisia",4,"Bizerte",33,"Ghar El Melh","","","Delegation","Delegation"
35437,231,"TUN","Tunisia",4,"Bizerte",34,"Ghazala","","Ghezala","Delegation","Delegation"
35438,231,"TUN","Tunisia",4,"Bizerte",35,"Joumine","","","Delegation","Delegation"
35439,231,"TUN","Tunisia",4,"Bizerte",36,"Lake Ichkeul","","","Water Body","Water Body"
35440,231,"TUN","Tunisia",4,"Bizerte",37,"Mateur","","","Delegation","Delegation"
35441,231,"TUN","Tunisia",4,"Bizerte",38,"Menzel Bourguiba","","","Delegation","Delegation"
35442,231,"TUN","Tunisia",4,"Bizerte",39,"Menzel Jemil","","","Delegation","Delegation"
35443,231,"TUN","Tunisia",4,"Bizerte",40,"Ras Jebel","","","Delegation","Delegation"
35444,231,"TUN","Tunisia",4,"Bizerte",41,"Sejnane","","","Delegation","Delegation"
35445,231,"TUN","Tunisia",4,"Bizerte",42,"Tinja","","","Delegation","Delegation"
35446,231,"TUN","Tunisia",4,"Bizerte",43,"Utique","","","Delegation","Delegation"
35447,231,"TUN","Tunisia",5,"Gabès",44,"Gabès Médina","","Gabes Medina","Delegation","Delegation"
35448,231,"TUN","Tunisia",5,"Gabès",45,"Gabès Ouest","","Gabes Ouest","Delegation","Delegation"
35449,231,"TUN","Tunisia",5,"Gabès",46,"Gabès Sud","","Gabes Sud","Delegation","Delegation"
35450,231,"TUN","Tunisia",5,"Gabès",47,"Ghannouch","","","Delegation","Delegation"
35451,231,"TUN","Tunisia",5,"Gabès",48,"Hamma","","","Delegation","Delegation"
35452,231,"TUN","Tunisia",5,"Gabès",49,"Mareth","","","Delegation","Delegation"
35453,231,"TUN","Tunisia",5,"Gabès",50,"Matmata Nouvelle","","","Delegation","Delegation"
35454,231,"TUN","Tunisia",5,"Gabès",51,"Matmata","","Matmata Ancienne","Delegation","Delegation"
35455,231,"TUN","Tunisia",5,"Gabès",52,"Menzel Habib","","","Delegation","Delegation"
35456,231,"TUN","Tunisia",5,"Gabès",53,"Metouia","","","Delegation","Delegation"
35457,231,"TUN","Tunisia",6,"Gafsa",54,"Belkhir","","","Delegation","Delegation"
35458,231,"TUN","Tunisia",6,"Gafsa",55,"Gafsa Nord","","","Delegation","Delegation"
35459,231,"TUN","Tunisia",6,"Gafsa",56,"Gafsa Sud","","","Delegation","Delegation"
35460,231,"TUN","Tunisia",6,"Gafsa",57,"Guetar","","","Delegation","Delegation"
35461,231,"TUN","Tunisia",6,"Gafsa",58,"Ksar","","","Delegation","Delegation"
35462,231,"TUN","Tunisia",6,"Gafsa",59,"Mdhilla","","","Delegation","Delegation"
35463,231,"TUN","Tunisia",6,"Gafsa",60,"Metlaoui","","","Delegation","Delegation"
35464,231,"TUN","Tunisia",6,"Gafsa",61,"Oum Larais","","Moulareb|Oum El Araies|Oum Laarayés","Delegation","Delegation"
35465,231,"TUN","Tunisia",6,"Gafsa",62,"Redeyef","","","Delegation","Delegation"
35466,231,"TUN","Tunisia",6,"Gafsa",63,"Sened","","","Delegation","Delegation"
35467,231,"TUN","Tunisia",6,"Gafsa",64,"Sidi Aich","","","Delegation","Delegation"
35468,231,"TUN","Tunisia",7,"Jendouba",65,"Aïn Draham","","Ain Draham","Delegation","Delegation"
35469,231,"TUN","Tunisia",7,"Jendouba",66,"Balta Bou Aouane","","Balta","Delegation","Delegation"
35470,231,"TUN","Tunisia",7,"Jendouba",67,"Bousalem","","","Delegation","Delegation"
35471,231,"TUN","Tunisia",7,"Jendouba",68,"Fernana","","","Delegation","Delegation"
35472,231,"TUN","Tunisia",7,"Jendouba",69,"Ghardimaou","","","Delegation","Delegation"
35473,231,"TUN","Tunisia",7,"Jendouba",70,"Jendouba Nord","","","Delegation","Delegation"
35474,231,"TUN","Tunisia",7,"Jendouba",71,"Jendouba Sud","","","Delegation","Delegation"
35475,231,"TUN","Tunisia",7,"Jendouba",72,"Oued Mliz","","","Delegation","Delegation"
35476,231,"TUN","Tunisia",7,"Jendouba",73,"Tabarka","","","Delegation","Delegation"
35477,231,"TUN","Tunisia",8,"Kairouan",74,"Alaa","","El  Ala","Delegation","Delegation"
35478,231,"TUN","Tunisia",8,"Kairouan",75,"Bouhajla","","","Delegation","Delegation"
35479,231,"TUN","Tunisia",8,"Kairouan",76,"Chebika","","","Delegation","Delegation"
35480,231,"TUN","Tunisia",8,"Kairouan",77,"Chrarda","","Ch'rarda","Delegation","Delegation"
35481,231,"TUN","Tunisia",8,"Kairouan",78,"Haffouz","","","Delegation","Delegation"
35482,231,"TUN","Tunisia",8,"Kairouan",79,"Hajeb El Ayoun","","","Delegation","Delegation"
35483,231,"TUN","Tunisia",8,"Kairouan",80,"Kairouan Nord","","","Delegation","Delegation"
35484,231,"TUN","Tunisia",8,"Kairouan",81,"Kairouan Sud","","","Delegation","Delegation"
35485,231,"TUN","Tunisia",8,"Kairouan",82,"Nasrallah","","","Delegation","Delegation"
35486,231,"TUN","Tunisia",8,"Kairouan",83,"Oueslatia","","","Delegation","Delegation"
35487,231,"TUN","Tunisia",8,"Kairouan",84,"Sbikha","","","Delegation","Delegation"
35488,231,"TUN","Tunisia",9,"Kassérine",85,"Ayoun","","Elayoun","Delegation","Delegation"
35489,231,"TUN","Tunisia",9,"Kassérine",86,"Ezzouhour","","","Delegation","Delegation"
35490,231,"TUN","Tunisia",9,"Kassérine",87,"Feriana","","","Delegation","Delegation"
35491,231,"TUN","Tunisia",9,"Kassérine",88,"Foussana","","","Delegation","Delegation"
35492,231,"TUN","Tunisia",9,"Kassérine",89,"Hassi El Ferid","","","Delegation","Delegation"
35493,231,"TUN","Tunisia",9,"Kassérine",90,"Hidra","","Haidra","Delegation","Delegation"
35494,231,"TUN","Tunisia",9,"Kassérine",91,"Jedeliane","","","Delegation","Delegation"
35495,231,"TUN","Tunisia",9,"Kassérine",92,"Kasserine Nord","","","Delegation","Delegation"
35496,231,"TUN","Tunisia",9,"Kassérine",93,"Kasserine Sud","","","Delegation","Delegation"
35497,231,"TUN","Tunisia",9,"Kassérine",94,"Majel Belabbes","","","Delegation","Delegation"
35498,231,"TUN","Tunisia",9,"Kassérine",95,"Sbeitla","","","Delegation","Delegation"
35499,231,"TUN","Tunisia",9,"Kassérine",96,"Sbiba","","","Delegation","Delegation"
35500,231,"TUN","Tunisia",9,"Kassérine",97,"Thala","","","Delegation","Delegation"
35501,231,"TUN","Tunisia",10,"Kebili",98,"Douz","","","Delegation","Delegation"
35502,231,"TUN","Tunisia",10,"Kebili",99,"Faouar","","","Delegation","Delegation"
35503,231,"TUN","Tunisia",10,"Kebili",100,"Kebili Nord","","Kebili-North","Delegation","Delegation"
35504,231,"TUN","Tunisia",10,"Kebili",101,"Kebili Sud","","Kebili-South","Delegation","Delegation"
35505,231,"TUN","Tunisia",10,"Kebili",102,"Souk El Ahed","","","Delegation","Delegation"
35506,231,"TUN","Tunisia",11,"Le Kef",103,"Dahmani","","","Delegation","Delegation"
35507,231,"TUN","Tunisia",11,"Le Kef",104,"Es Sers","","","Delegation","Delegation"
35508,231,"TUN","Tunisia",11,"Le Kef",105,"Jerissa","","","Delegation","Delegation"
35509,231,"TUN","Tunisia",11,"Le Kef",106,"Kalaa Khesba","","Kalaa Khasbat","Delegation","Delegation"
35510,231,"TUN","Tunisia",11,"Le Kef",107,"Kalaat Senan","","Kalat Snen|Kalaat Senane","Delegation","Delegation"
35511,231,"TUN","Tunisia",11,"Le Kef",108,"Kef Est","","","Delegation","Delegation"
35512,231,"TUN","Tunisia",11,"Le Kef",109,"Kef Ouest","","","Delegation","Delegation"
35513,231,"TUN","Tunisia",11,"Le Kef",110,"Ksour","","","Delegation","Delegation"
35514,231,"TUN","Tunisia",11,"Le Kef",111,"Nebeur","","","Delegation","Delegation"
35515,231,"TUN","Tunisia",11,"Le Kef",112,"Sakiet Sidi Youssef","","","Delegation","Delegation"
35516,231,"TUN","Tunisia",11,"Le Kef",113,"Tajerouine","","Tejrouine","Delegation","Delegation"
35517,231,"TUN","Tunisia",12,"Mahdia",114,"Boumerdès","","Boumerdes","Delegation","Delegation"
35518,231,"TUN","Tunisia",12,"Mahdia",115,"Chebba","","","Delegation","Delegation"
35519,231,"TUN","Tunisia",12,"Mahdia",116,"Chorbane","","","Delegation","Delegation"
35520,231,"TUN","Tunisia",12,"Mahdia",117,"El Jem","","","Delegation","Delegation"
35521,231,"TUN","Tunisia",12,"Mahdia",118,"Hbira","","","Delegation","Delegation"
35522,231,"TUN","Tunisia",12,"Mahdia",119,"Ksour Essef","","","Delegation","Delegation"
35523,231,"TUN","Tunisia",12,"Mahdia",120,"Mahdia","","","Delegation","Delegation"
35524,231,"TUN","Tunisia",12,"Mahdia",121,"Melloulech","","","Delegation","Delegation"
35525,231,"TUN","Tunisia",12,"Mahdia",122,"Ouled Chamekh","","","Delegation","Delegation"
35526,231,"TUN","Tunisia",12,"Mahdia",123,"Sidi Alouane","","","Delegation","Delegation"
35527,231,"TUN","Tunisia",12,"Mahdia",124,"Souassi","","Essouassi","Delegation","Delegation"
35528,231,"TUN","Tunisia",13,"Manubah",125,"Borj El Amri","","","Delegation","Delegation"
35529,231,"TUN","Tunisia",13,"Manubah",126,"Douar Hicher","","","Delegation","Delegation"
35530,231,"TUN","Tunisia",13,"Manubah",127,"El Battan","","El Batane","Delegation","Delegation"
35531,231,"TUN","Tunisia",13,"Manubah",128,"Jedaida","","Jdaida","Delegation","Delegation"
35532,231,"TUN","Tunisia",13,"Manubah",129,"Manouba","","","Delegation","Delegation"
35533,231,"TUN","Tunisia",13,"Manubah",130,"Mornaguia","","","Delegation","Delegation"
35534,231,"TUN","Tunisia",13,"Manubah",131,"Oued Ellil","","","Delegation","Delegation"
35535,231,"TUN","Tunisia",13,"Manubah",132,"Tebourba","","","Delegation","Delegation"
35536,231,"TUN","Tunisia",14,"Médenine",133,"Ben Guerdane","","","Delegation","Delegation"
35537,231,"TUN","Tunisia",14,"Médenine",134,"Beni Khedache","","","Delegation","Delegation"
35538,231,"TUN","Tunisia",14,"Médenine",135,"Djerba Ajim","","","Delegation","Delegation"
35539,231,"TUN","Tunisia",14,"Médenine",136,"Djerba Midoun","","","Delegation","Delegation"
35540,231,"TUN","Tunisia",14,"Médenine",137,"Houmt Souk","","Houmt Souk","Delegation","Delegation"
35541,231,"TUN","Tunisia",14,"Médenine",138,"Médenine Nord","","Medenine Nord","Delegation","Delegation"
35542,231,"TUN","Tunisia",14,"Médenine",139,"Médenine Sud","","Medenine Sud","Delegation","Delegation"
35543,231,"TUN","Tunisia",14,"Médenine",140,"Sidi Makhlouf","","","Delegation","Delegation"
35544,231,"TUN","Tunisia",14,"Médenine",141,"Zarzis","","Larig","Delegation","Delegation"
35545,231,"TUN","Tunisia",15,"Monastir",142,"Bekalta","","","Delegation","Delegation"
35546,231,"TUN","Tunisia",15,"Monastir",143,"Bembla","","","Delegation","Delegation"
35547,231,"TUN","Tunisia",15,"Monastir",144,"Beni Hassen","","","Delegation","Delegation"
35548,231,"TUN","Tunisia",15,"Monastir",145,"Jammel","","","Delegation","Delegation"
35549,231,"TUN","Tunisia",15,"Monastir",146,"Ksar Hellal","","","Delegation","Delegation"
35550,231,"TUN","Tunisia",15,"Monastir",147,"Ksibet El Mediouni","","","Delegation","Delegation"
35551,231,"TUN","Tunisia",15,"Monastir",148,"Moknine","","","Delegation","Delegation"
35552,231,"TUN","Tunisia",15,"Monastir",149,"Monastir","","","Delegation","Delegation"
35553,231,"TUN","Tunisia",15,"Monastir",150,"Ouerdanine","","","Delegation","Delegation"
35554,231,"TUN","Tunisia",15,"Monastir",151,"Sahline","","","Delegation","Delegation"
35555,231,"TUN","Tunisia",15,"Monastir",152,"Sayada-Lamta-Bou Hjar","","","Delegation","Delegation"
35556,231,"TUN","Tunisia",15,"Monastir",153,"Sebkhet El Moknine","","","Water body","Water body"
35557,231,"TUN","Tunisia",15,"Monastir",154,"Teboulba","","","Delegation","Delegation"
35558,231,"TUN","Tunisia",15,"Monastir",155,"Unknown1","","","Delegation","Delegation"
35559,231,"TUN","Tunisia",15,"Monastir",156,"Zeramdine","","","Delegation","Delegation"
35560,231,"TUN","Tunisia",16,"Nabeul",157,"Beni Khalled","","","Delegation","Delegation"
35561,231,"TUN","Tunisia",16,"Nabeul",158,"Beni Khiar","","","Delegation","Delegation"
35562,231,"TUN","Tunisia",16,"Nabeul",159,"Bou Argoub","","","Delegation","Delegation"
35563,231,"TUN","Tunisia",16,"Nabeul",160,"Dar Chaabane El Fehri","","","Delegation","Delegation"
35564,231,"TUN","Tunisia",16,"Nabeul",161,"El Mida","","","Delegation","Delegation"
35565,231,"TUN","Tunisia",16,"Nabeul",162,"Grombalia","","","Delegation","Delegation"
35566,231,"TUN","Tunisia",16,"Nabeul",163,"Hammam Ghezaz","","Hammam","Delegation","Delegation"
35567,231,"TUN","Tunisia",16,"Nabeul",164,"Hammamet","","","Delegation","Delegation"
35568,231,"TUN","Tunisia",16,"Nabeul",165,"Haouaria","","","Delegation","Delegation"
35569,231,"TUN","Tunisia",16,"Nabeul",166,"Kelibia","","","Delegation","Delegation"
35570,231,"TUN","Tunisia",16,"Nabeul",167,"Korba","","","Delegation","Delegation"
35571,231,"TUN","Tunisia",16,"Nabeul",168,"Menzel Bouzelfa","","","Delegation","Delegation"
35572,231,"TUN","Tunisia",16,"Nabeul",169,"Menzel Temime","","","Delegation","Delegation"
35573,231,"TUN","Tunisia",16,"Nabeul",170,"Nabeul","","","Delegation","Delegation"
35574,231,"TUN","Tunisia",16,"Nabeul",171,"Soliman","","","Delegation","Delegation"
35575,231,"TUN","Tunisia",16,"Nabeul",172,"Takelsa","","","Delegation","Delegation"
35576,231,"TUN","Tunisia",17,"Sfax",173,"Agareb","","","Delegation","Delegation"
35577,231,"TUN","Tunisia",17,"Sfax",174,"Bir Ali Ben Khélifa","","Bir Ali Ben Khelifa","Delegation","Delegation"
35578,231,"TUN","Tunisia",17,"Sfax",175,"El Amra","","Amra","Delegation","Delegation"
35579,231,"TUN","Tunisia",17,"Sfax",176,"El Ghraiba","","Gheriba","Delegation","Delegation"
35580,231,"TUN","Tunisia",17,"Sfax",177,"Hencha","","","Delegation","Delegation"
35581,231,"TUN","Tunisia",17,"Sfax",178,"Jebeniana","","","Delegation","Delegation"
35582,231,"TUN","Tunisia",17,"Sfax",179,"Kerkennah","","","Delegation","Delegation"
35583,231,"TUN","Tunisia",17,"Sfax",180,"Mahres","","El Mahres","Delegation","Delegation"
35584,231,"TUN","Tunisia",17,"Sfax",181,"Menzel Chaker","","","Delegation","Delegation"
35585,231,"TUN","Tunisia",17,"Sfax",182,"Sakiet Eddaier","","","Delegation","Delegation"
35586,231,"TUN","Tunisia",17,"Sfax",183,"Sakiet Ezzit","","","Delegation","Delegation"
35587,231,"TUN","Tunisia",17,"Sfax",184,"Sfax Médina","","Sfax Medina","Delegation","Delegation"
35588,231,"TUN","Tunisia",17,"Sfax",185,"Sfax Ouest","","","Delegation","Delegation"
35589,231,"TUN","Tunisia",17,"Sfax",186,"Sfax Sud","","","Delegation","Delegation"
35590,231,"TUN","Tunisia",17,"Sfax",187,"Skhira","","","Delegation","Delegation"
35591,231,"TUN","Tunisia",18,"Sidi Bou Zid",188,"Bir El Hfay","","","Delegation","Delegation"
35592,231,"TUN","Tunisia",18,"Sidi Bou Zid",189,"Jelma","","","Delegation","Delegation"
35593,231,"TUN","Tunisia",18,"Sidi Bou Zid",190,"Mazzouna","","","Delegation","Delegation"
35594,231,"TUN","Tunisia",18,"Sidi Bou Zid",191,"Meknassi","","","Delegation","Delegation"
35595,231,"TUN","Tunisia",18,"Sidi Bou Zid",192,"Menzel Bouzaiene","","","Delegation","Delegation"
35596,231,"TUN","Tunisia",18,"Sidi Bou Zid",193,"Ouled Haffouz","","","Delegation","Delegation"
35597,231,"TUN","Tunisia",18,"Sidi Bou Zid",194,"Regueb","","","Delegation","Delegation"
35598,231,"TUN","Tunisia",18,"Sidi Bou Zid",195,"Sabalat Ouled Asker","","","Delegation","Delegation"
35599,231,"TUN","Tunisia",18,"Sidi Bou Zid",196,"Sidi Ali Ben Aoun","","","Delegation","Delegation"
35600,231,"TUN","Tunisia",18,"Sidi Bou Zid",197,"Sidi Bouzid Est","","","Delegation","Delegation"
35601,231,"TUN","Tunisia",18,"Sidi Bou Zid",198,"Sidi Bouzid Ouest","","","Delegation","Delegation"
35602,231,"TUN","Tunisia",18,"Sidi Bou Zid",199,"Souk Jedid","","Souk Jdid","Delegation","Delegation"
35603,231,"TUN","Tunisia",19,"Siliana",200,"Bargou","","","Delegation","Delegation"
35604,231,"TUN","Tunisia",19,"Siliana",201,"Bouarada","","","Delegation","Delegation"
35605,231,"TUN","Tunisia",19,"Siliana",202,"Bourouis","","","Delegation","Delegation"
35606,231,"TUN","Tunisia",19,"Siliana",203,"El Krib","","","Delegation","Delegation"
35607,231,"TUN","Tunisia",19,"Siliana",204,"Gaafour","","","Delegation","Delegation"
35608,231,"TUN","Tunisia",19,"Siliana",205,"Kesra","","","Delegation","Delegation"
35609,231,"TUN","Tunisia",19,"Siliana",206,"Laroussa","","Laaroussa","Delegation","Delegation"
35610,231,"TUN","Tunisia",19,"Siliana",207,"Makthar","","","Delegation","Delegation"
35611,231,"TUN","Tunisia",19,"Siliana",208,"Rouhia","","","Delegation","Delegation"
35612,231,"TUN","Tunisia",19,"Siliana",209,"Siliana Nord","","","Delegation","Delegation"
35613,231,"TUN","Tunisia",19,"Siliana",210,"Siliana Sud","","","Delegation","Delegation"
35614,231,"TUN","Tunisia",20,"Sousse",211,"Akouda","","","Delegation","Delegation"
35615,231,"TUN","Tunisia",20,"Sousse",212,"Bouficha","","","Delegation","Delegation"
35616,231,"TUN","Tunisia",20,"Sousse",213,"Enfidha","","","Delegation","Delegation"
35706,231,"TUN","Tunisia",20,"Sousse",214,"Hammam Sousse","","","Delegation","Delegation"
35707,231,"TUN","Tunisia",20,"Sousse",215,"Hergla","","","Delegation","Delegation"
35708,231,"TUN","Tunisia",20,"Sousse",216,"Kalaa Kebira","","","Delegation","Delegation"
35709,231,"TUN","Tunisia",20,"Sousse",217,"Kalaa Sghira","","","Delegation","Delegation"
35710,231,"TUN","Tunisia",20,"Sousse",218,"Kondar","","","Delegation","Delegation"
35711,231,"TUN","Tunisia",20,"Sousse",219,"M'Saken","","","Delegation","Delegation"
35712,231,"TUN","Tunisia",20,"Sousse",220,"Sebkhat Sidi El Hani","","","Water Body","Water Body"
35713,231,"TUN","Tunisia",20,"Sousse",221,"Sebkhit El Kabla","","","Water Body","Water Body"
35714,231,"TUN","Tunisia",20,"Sousse",222,"Sidi Bou Ali","","","Delegation","Delegation"
35715,231,"TUN","Tunisia",20,"Sousse",223,"Sidi El Heni","","","Delegation","Delegation"
35716,231,"TUN","Tunisia",20,"Sousse",224,"Sousse Jaouhara","","","Delegation","Delegation"
35717,231,"TUN","Tunisia",20,"Sousse",225,"Sousse Médina","","Sousse Medina","Delegation","Delegation"
35718,231,"TUN","Tunisia",20,"Sousse",226,"Sousse Riadh","","","Delegation","Delegation"
35719,231,"TUN","Tunisia",20,"Sousse",227,"Sousse Sidi Abdelhamid","","","Delegation","Delegation"
35720,231,"TUN","Tunisia",21,"Tataouine",228,"Bir Lahmar","","","Delegation","Delegation"
35721,231,"TUN","Tunisia",21,"Tataouine",229,"Dhiba","","","Delegation","Delegation"
35722,231,"TUN","Tunisia",21,"Tataouine",230,"Ghomrassen","","","Delegation","Delegation"
35723,231,"TUN","Tunisia",21,"Tataouine",231,"Remada","","","Delegation","Delegation"
35724,231,"TUN","Tunisia",21,"Tataouine",232,"Samar","","","Delegation","Delegation"
35725,231,"TUN","Tunisia",21,"Tataouine",233,"Tataouine Nord","","","Delegation","Delegation"
35726,231,"TUN","Tunisia",21,"Tataouine",234,"Tataouine Sud","","","Delegation","Delegation"
35727,231,"TUN","Tunisia",22,"Tozeur",235,"Degueche","","","Delegation","Delegation"
35728,231,"TUN","Tunisia",22,"Tozeur",236,"Hazoua","","","Delegation","Delegation"
35729,231,"TUN","Tunisia",22,"Tozeur",237,"Nefta","","","Delegation","Delegation"
35730,231,"TUN","Tunisia",22,"Tozeur",238,"Tamaghza","","","Delegation","Delegation"
35731,231,"TUN","Tunisia",22,"Tozeur",239,"Tozeur","","","Delegation","Delegation"
35732,231,"TUN","Tunisia",23,"Tunis",240,"Bab Bhar","","","Delegation","Delegation"
35733,231,"TUN","Tunisia",23,"Tunis",241,"Bab Souika","","","Delegation","Delegation"
35734,231,"TUN","Tunisia",23,"Tunis",242,"Bardo","","Le Bardo","Delegation","Delegation"
35735,231,"TUN","Tunisia",23,"Tunis",243,"Bouhaira","","","Delegation","Delegation"
35736,231,"TUN","Tunisia",23,"Tunis",244,"Carthage","","","Delegation","Delegation"
35737,231,"TUN","Tunisia",23,"Tunis",245,"Cité El Khadra","","Cite El Khadra","Delegation","Delegation"
35738,231,"TUN","Tunisia",23,"Tunis",246,"El Menzah","","","Delegation","Delegation"
35739,231,"TUN","Tunisia",23,"Tunis",247,"El Ouardia","","","Delegation","Delegation"
35740,231,"TUN","Tunisia",23,"Tunis",248,"El Tahrir","","","Delegation","Delegation"
35741,231,"TUN","Tunisia",23,"Tunis",249,"Ezzouhour","","","Delegation","Delegation"
35742,231,"TUN","Tunisia",23,"Tunis",250,"Hrairia","","","Delegation","Delegation"
35743,231,"TUN","Tunisia",23,"Tunis",251,"Jebel Jelloud","","","Delegation","Delegation"
35744,231,"TUN","Tunisia",23,"Tunis",252,"Kabaria","","","Delegation","Delegation"
35745,231,"TUN","Tunisia",23,"Tunis",253,"La Goulette","","","Delegation","Delegation"
35746,231,"TUN","Tunisia",23,"Tunis",254,"La Marsa","","","Delegation","Delegation"
35747,231,"TUN","Tunisia",23,"Tunis",255,"Médina","","Medina","Delegation","Delegation"
35748,231,"TUN","Tunisia",23,"Tunis",256,"Omrane Supérieur","","Omrane Superieur","Delegation","Delegation"
35749,231,"TUN","Tunisia",23,"Tunis",257,"Omrane","","","Delegation","Delegation"
35750,231,"TUN","Tunisia",23,"Tunis",258,"Sabkhet Sijoumi","","","Water body","Water body"
35751,231,"TUN","Tunisia",23,"Tunis",259,"Sidi El Béchir","","Sidi El Bechir","Delegation","Delegation"
35752,231,"TUN","Tunisia",23,"Tunis",260,"Sidi Hassine","","","Delegation","Delegation"
35753,231,"TUN","Tunisia",23,"Tunis",261,"Sijoumi","","Sejoumi","Delegation","Delegation"
35754,231,"TUN","Tunisia",23,"Tunis",262,"Unknown","","","Delegation","Delegation"
35755,231,"TUN","Tunisia",24,"Zaghouan",263,"Bir Mchergua","","","Delegation","Delegation"
35756,231,"TUN","Tunisia",24,"Zaghouan",264,"Fahs","","","Delegation","Delegation"
35757,231,"TUN","Tunisia",24,"Zaghouan",265,"Nadhour","","","Delegation","Delegation"
35758,231,"TUN","Tunisia",24,"Zaghouan",266,"Saouaf","","","Delegation","Delegation"
35759,231,"TUN","Tunisia",24,"Zaghouan",267,"Zaghouan","","","Delegation","Delegation"
35760,231,"TUN","Tunisia",24,"Zaghouan",268,"Zriba","","","Delegation","Delegation"
