"PID","ID_0","ISO","NAME_0","ID_1","NAME_1","NL_NAME_1","VARNAME_1","TYPE_1","ENGTYPE_1"
3019,231,"TUN","Tunisia",1,"Ariana","","Al Aryianah|L'Ariana|Tunis Ariana|Al Aryanah","Wilayat","Governorate"
3020,231,"TUN","Tunisia",2,"Béja","","Bajah|Béja","Wilayat","Governorate"
3021,231,"TUN","Tunisia",3,"Ben Arous (Tunis Sud)","","Bin `Arus|Ben Arous|Tunis Ben Arous","Wilayat","Governorate"
3022,231,"TUN","Tunisia",4,"Bizerte","","BanzartBanzart|Bensert|Binzart|Biserta|Bizerta","Wilayat","Governorate"
3023,231,"TUN","Tunisia",5,"Gabès","","Qabis|Gabas","Wilayat","Governorate"
3024,231,"TUN","Tunisia",6,"Gafsa","","Gaf<U+1E63>ah|Qaf<U+1E63>ah","Wilayat","Governorate"
3025,231,"TUN","Tunisia",7,"Jendouba","","Jendoûbah|Jenduba|Jondouba|Jundubah|Souk-El-Arba|Dschunduba","Wilayat","Governorate"
3026,231,"TUN","Tunisia",8,"Kairouan","","Al Qayrawan|Al Qirwan|Qairouân|Kairuã|Kairouwan","Wilayat","Governorate"
3027,231,"TUN","Tunisia",9,"Kassérine","","Al Qa<U+1E63>rayn|Al Ga<U+1E63>rin|Al Qasrin|Kasserim|Al Qa<U+1E63>rayn|Sbeitla","Wilayat","Governorate"
3028,231,"TUN","Tunisia",10,"Kebili","","Kebilli|Qbili|Qibili","Wilayat","Governorate"
3029,231,"TUN","Tunisia",11,"Le Kef","","Al Kaf|El Kef|Kaf|Kef","Wilayat","Governorate"
3030,231,"TUN","Tunisia",12,"Mahdia","","Al Madiyah|Al Mahdiyya|Mahdiâh","Wilayat","Governorate"
3031,231,"TUN","Tunisia",13,"Manubah","","","Wilayat","Governorate"
3032,231,"TUN","Tunisia",14,"Médenine","","Madaniyin|Madanin|Medenin","Wilayat","Governorate"
3033,231,"TUN","Tunisia",15,"Monastir","","Al Munastir","Wilayat","Governorate"
3034,231,"TUN","Tunisia",16,"Nabeul","","Cap Bon|Nabil|Nabol|Nabul","Wilayat","Governorate"
3035,231,"TUN","Tunisia",17,"Sfax","","Safaqis|<U+1E62>afaqis|<U+1E62>faqis","Wilayat","Governorate"
3036,231,"TUN","Tunisia",18,"Sidi Bou Zid","","Sidi Bu Zayd|Qamudah|Sidi Boû Sa`îd|Sidi Buzid|Sidi Bu Sa`id|Sidi Bu Zayd|Sidi Bu Said","Wilayat","Governorate"
3037,231,"TUN","Tunisia",19,"Siliana","","Silianah|Silyanah","Wilayat","Governorate"
3038,231,"TUN","Tunisia",20,"Sousse","","Sousa|Sussa|Susse|Susa|Susah","Wilayat","Governorate"
3039,231,"TUN","Tunisia",21,"Tataouine","","Foum Tataouine|Tatahouine|Tatuine|Tatawin","Wilayat","Governorate"
3040,231,"TUN","Tunisia",22,"Tozeur","","Tawzar|Touzar|Tuzar","Wilayat","Governorate"
3041,231,"TUN","Tunisia",23,"Tunis","","Tounis|Tunis City|Tunus|Túnez|Túnis|Tunisi|Tunis","Wilayat","Governorate"
3042,231,"TUN","Tunisia",24,"Zaghouan","","Tunis South|Zachouan|Zaguan|Zaghwan|Saghuan","Wilayat","Governorate"
