"PID","ID_0","ISO","NAME_0","ID_1","NAME_1","ID_2","NAME_2","NL_NAME_2","VARNAME_2","TYPE_2","ENGTYPE_2"
20261,153,"MOZ","Mozambique",4,"Manica",44,"Manica","","","Distrito","District"
20262,153,"MOZ","Mozambique",4,"Manica",45,"Mossurize","","","Distrito","District"
20263,153,"MOZ","Mozambique",4,"Manica",46,"Sussundenga","","","Distrito","District"
20264,153,"MOZ","Mozambique",4,"Manica",47,"Tambara","","","Distrito","District"
20265,153,"MOZ","Mozambique",5,"Maputo",48,"Boane","","","Distrito","District"
20266,153,"MOZ","Mozambique",5,"Maputo",49,"Magude","","","Distrito","District"
20267,153,"MOZ","Mozambique",5,"Maputo",50,"Manhiça","","","Distrito","District"
20268,153,"MOZ","Mozambique",5,"Maputo",51,"Maputo","","","Distrito","District"
20269,153,"MOZ","Mozambique",5,"Maputo",52,"Marracuene","","","Distrito","District"
20270,153,"MOZ","Mozambique",5,"Maputo",53,"Matutuíne","","","Distrito","District"
20271,153,"MOZ","Mozambique",5,"Maputo",54,"Moamba","","","Distrito","District"
20272,153,"MOZ","Mozambique",5,"Maputo",55,"Namaacha","","","Distrito","District"
20273,153,"MOZ","Mozambique",6,"Nampula",56,"Angoche","","","Distrito","District"
20274,153,"MOZ","Mozambique",6,"Nampula",57,"Erati","","","Distrito","District"
20275,153,"MOZ","Mozambique",6,"Nampula",58,"Lalaua","","","Distrito","District"
20276,153,"MOZ","Mozambique",6,"Nampula",59,"Malema","","","Distrito","District"
20277,153,"MOZ","Mozambique",6,"Nampula",60,"Meconta","","","Distrito","District"
20278,153,"MOZ","Mozambique",6,"Nampula",61,"Mecuburi","","","Distrito","District"
20279,153,"MOZ","Mozambique",6,"Nampula",62,"Memba","","","Distrito","District"
20280,153,"MOZ","Mozambique",6,"Nampula",63,"Mogovolas","","","Distrito","District"
20281,153,"MOZ","Mozambique",6,"Nampula",64,"Moma","","","Distrito","District"
20282,153,"MOZ","Mozambique",6,"Nampula",65,"Monapo","","","Distrito","District"
20283,153,"MOZ","Mozambique",6,"Nampula",66,"Mongincual","","Mogincual","Distrito","District"
20284,153,"MOZ","Mozambique",6,"Nampula",67,"Mossuril","","","Distrito","District"
20285,153,"MOZ","Mozambique",6,"Nampula",68,"Muecate","","","Distrito","District"
24080,153,"MOZ","Mozambique",1,"Cabo Delgado",1,"Ancuabe","","","Distrito","District"
24081,153,"MOZ","Mozambique",1,"Cabo Delgado",2,"Balama","","","Distrito","District"
24082,153,"MOZ","Mozambique",1,"Cabo Delgado",3,"Chiúre","","","Distrito","District"
24083,153,"MOZ","Mozambique",1,"Cabo Delgado",4,"Macomia","","","Distrito","District"
24084,153,"MOZ","Mozambique",1,"Cabo Delgado",5,"Mecufi","","","Distrito","District"
24085,153,"MOZ","Mozambique",1,"Cabo Delgado",6,"Meluco","","","Distrito","District"
24086,153,"MOZ","Mozambique",1,"Cabo Delgado",7,"Mocimboa da Praia","","","Distrito","District"
24087,153,"MOZ","Mozambique",1,"Cabo Delgado",8,"Montepuez","","","Distrito","District"
24088,153,"MOZ","Mozambique",1,"Cabo Delgado",9,"Mueda","","","Distrito","District"
24089,153,"MOZ","Mozambique",1,"Cabo Delgado",10,"Muidumbe","","","Distrito","District"
24090,153,"MOZ","Mozambique",1,"Cabo Delgado",11,"Namuno","","","Distrito","District"
24091,153,"MOZ","Mozambique",1,"Cabo Delgado",12,"Nangade","","","Distrito","District"
24092,153,"MOZ","Mozambique",1,"Cabo Delgado",13,"Palma","","","Distrito","District"
24093,153,"MOZ","Mozambique",1,"Cabo Delgado",14,"Pemba","","Pemba-Metuge","Distrito","District"
24094,153,"MOZ","Mozambique",1,"Cabo Delgado",15,"Quissanga","","","Distrito","District"
24095,153,"MOZ","Mozambique",2,"Gaza",16,"Bilene","","Bilene-Macia","Distrito","District"
24096,153,"MOZ","Mozambique",2,"Gaza",17,"Chibuto","","","Distrito","District"
24097,153,"MOZ","Mozambique",2,"Gaza",18,"Chicualacuala","","","Distrito","District"
24098,153,"MOZ","Mozambique",2,"Gaza",19,"Chigubo","","","Distrito","District"
24099,153,"MOZ","Mozambique",2,"Gaza",20,"Chókwè","","","Distrito","District"
24100,153,"MOZ","Mozambique",2,"Gaza",21,"Guijá","","","Distrito","District"
24101,153,"MOZ","Mozambique",2,"Gaza",22,"Mabalane","","","Distrito","District"
24102,153,"MOZ","Mozambique",2,"Gaza",23,"Mandlakazi","","","Distrito","District"
24103,153,"MOZ","Mozambique",2,"Gaza",24,"Massangena","","","Distrito","District"
24104,153,"MOZ","Mozambique",2,"Gaza",25,"Massingir","","","Distrito","District"
24105,153,"MOZ","Mozambique",2,"Gaza",26,"Xai-Xai","","","Distrito","District"
24106,153,"MOZ","Mozambique",3,"Inhambane",27,"Funhalouro","","","Distrito","District"
24107,153,"MOZ","Mozambique",3,"Inhambane",28,"Govuro","","","Distrito","District"
24108,153,"MOZ","Mozambique",3,"Inhambane",29,"Homoine","","","Distrito","District"
24109,153,"MOZ","Mozambique",3,"Inhambane",30,"Inharrime","","","Distrito","District"
24110,153,"MOZ","Mozambique",3,"Inhambane",31,"Inhassoro","","","Distrito","District"
24111,153,"MOZ","Mozambique",3,"Inhambane",32,"Jangamo","","","Distrito","District"
24112,153,"MOZ","Mozambique",3,"Inhambane",33,"Mabote","","","Distrito","District"
24113,153,"MOZ","Mozambique",3,"Inhambane",34,"Massinga","","","Distrito","District"
24114,153,"MOZ","Mozambique",3,"Inhambane",35,"Morrumbene","","","Distrito","District"
24115,153,"MOZ","Mozambique",3,"Inhambane",36,"Panda","","","Distrito","District"
24116,153,"MOZ","Mozambique",3,"Inhambane",37,"Vilanculos","","Vilankulo","Distrito","District"
24117,153,"MOZ","Mozambique",3,"Inhambane",38,"Zavala","","","Distrito","District"
24118,153,"MOZ","Mozambique",4,"Manica",39,"Barue","","","Distrito","District"
24119,153,"MOZ","Mozambique",4,"Manica",40,"Gondola","","","Distrito","District"
24120,153,"MOZ","Mozambique",4,"Manica",41,"Guro","","","Distrito","District"
24121,153,"MOZ","Mozambique",4,"Manica",42,"Machaze","","","Distrito","District"
24122,153,"MOZ","Mozambique",4,"Manica",43,"Macossa","","","Distrito","District"
24123,153,"MOZ","Mozambique",6,"Nampula",69,"Murrupula","","","Distrito","District"
24124,153,"MOZ","Mozambique",6,"Nampula",70,"Nacala Velha","","Nacala-Velha","Distrito","District"
24125,153,"MOZ","Mozambique",6,"Nampula",71,"Namapa","","","Distrito","District"
24126,153,"MOZ","Mozambique",6,"Nampula",72,"Nampula","","","Distrito","District"
24127,153,"MOZ","Mozambique",6,"Nampula",73,"Ribaue","","","Distrito","District"
24128,153,"MOZ","Mozambique",7,"Nassa",74,"Cuamba","","","Distrito","District"
24129,153,"MOZ","Mozambique",7,"Nassa",75,"Lago","","","Distrito","District"
24130,153,"MOZ","Mozambique",7,"Nassa",76,"Lichinga","","","Distrito","District"
24131,153,"MOZ","Mozambique",7,"Nassa",77,"Majune","","","Distrito","District"
24132,153,"MOZ","Mozambique",7,"Nassa",78,"Mandimba","","","Distrito","District"
24133,153,"MOZ","Mozambique",7,"Nassa",79,"Marrupa","","","Distrito","District"
24134,153,"MOZ","Mozambique",7,"Nassa",80,"Maúa","","","Distrito","District"
24135,153,"MOZ","Mozambique",7,"Nassa",81,"Mavago","","","Distrito","District"
24136,153,"MOZ","Mozambique",7,"Nassa",82,"Mecanhelas","","","Distrito","District"
24137,153,"MOZ","Mozambique",7,"Nassa",83,"Mecula","","","Distrito","District"
24138,153,"MOZ","Mozambique",7,"Nassa",84,"Metarica","","","Distrito","District"
24139,153,"MOZ","Mozambique",7,"Nassa",85,"Muembe","","","Distrito","District"
24140,153,"MOZ","Mozambique",7,"Nassa",86,"N'gauma","","","Distrito","District"
24141,153,"MOZ","Mozambique",7,"Nassa",87,"Nipepe","","","Distrito","District"
24142,153,"MOZ","Mozambique",7,"Nassa",88,"Sanga","","","Distrito","District"
24143,153,"MOZ","Mozambique",8,"Sofala",89,"Buzi","","","Distrito","District"
24144,153,"MOZ","Mozambique",8,"Sofala",90,"Caia","","","Distrito","District"
24145,153,"MOZ","Mozambique",8,"Sofala",91,"Chemba","","","Distrito","District"
24146,153,"MOZ","Mozambique",8,"Sofala",92,"Cheringoma","","","Distrito","District"
24147,153,"MOZ","Mozambique",8,"Sofala",93,"Chibabava","","","Distrito","District"
24148,153,"MOZ","Mozambique",8,"Sofala",94,"Dondo","","","Distrito","District"
24149,153,"MOZ","Mozambique",8,"Sofala",95,"Gorongosa","","","Distrito","District"
24150,153,"MOZ","Mozambique",8,"Sofala",96,"Machanga","","","Distrito","District"
24151,153,"MOZ","Mozambique",8,"Sofala",97,"Maringue","","","Distrito","District"
24152,153,"MOZ","Mozambique",8,"Sofala",98,"Marromeu","","","Distrito","District"
24153,153,"MOZ","Mozambique",8,"Sofala",99,"Muanza","","","Distrito","District"
24154,153,"MOZ","Mozambique",8,"Sofala",100,"Nhamatanda","","","Distrito","District"
24155,153,"MOZ","Mozambique",9,"Tete",101,"Angónia","","","Distrito","District"
24156,153,"MOZ","Mozambique",9,"Tete",102,"Cahora Bassa","","Cahora-Bassa","Distrito","District"
24157,153,"MOZ","Mozambique",9,"Tete",103,"Changara","","","Distrito","District"
24158,153,"MOZ","Mozambique",9,"Tete",104,"Chifunde","","","Distrito","District"
24159,153,"MOZ","Mozambique",9,"Tete",105,"Chiuta","","","Distrito","District"
24160,153,"MOZ","Mozambique",9,"Tete",106,"Macanga","","","Distrito","District"
24161,153,"MOZ","Mozambique",9,"Tete",107,"Magoe","","","Distrito","District"
24162,153,"MOZ","Mozambique",9,"Tete",108,"Maravia","","","Distrito","District"
24163,153,"MOZ","Mozambique",9,"Tete",109,"Moatize","","","Distrito","District"
24164,153,"MOZ","Mozambique",9,"Tete",110,"Mutarara","","","Distrito","District"
24165,153,"MOZ","Mozambique",9,"Tete",111,"Tsangano","","","Distrito","District"
24166,153,"MOZ","Mozambique",9,"Tete",112,"Zumbu","","Zumbo","Distrito","District"
24167,153,"MOZ","Mozambique",10,"Zambezia",113,"Alto Molocue","","","Distrito","District"
24168,153,"MOZ","Mozambique",10,"Zambezia",114,"Chinde","","","Distrito","District"
24169,153,"MOZ","Mozambique",10,"Zambezia",115,"Gile","","","Distrito","District"
24170,153,"MOZ","Mozambique",10,"Zambezia",116,"Gurue","","","Distrito","District"
24171,153,"MOZ","Mozambique",10,"Zambezia",117,"Ile","","","Distrito","District"
24172,153,"MOZ","Mozambique",10,"Zambezia",118,"Inhassunge","","","Distrito","District"
24173,153,"MOZ","Mozambique",10,"Zambezia",119,"Lugela","","","Distrito","District"
24174,153,"MOZ","Mozambique",10,"Zambezia",120,"Maganja da Costa","","","Distrito","District"
24175,153,"MOZ","Mozambique",10,"Zambezia",121,"Milange","","","Distrito","District"
24176,153,"MOZ","Mozambique",10,"Zambezia",122,"Mocuba","","","Distrito","District"
24177,153,"MOZ","Mozambique",10,"Zambezia",123,"Mopeia","","","Distrito","District"
24178,153,"MOZ","Mozambique",10,"Zambezia",124,"Morrumbala","","","Distrito","District"
24179,153,"MOZ","Mozambique",10,"Zambezia",125,"Namacurra","","","Distrito","District"
24180,153,"MOZ","Mozambique",10,"Zambezia",126,"Namarroi","","Namaroi","Distrito","District"
24181,153,"MOZ","Mozambique",10,"Zambezia",127,"Nicoadala","","","Distrito","District"
24182,153,"MOZ","Mozambique",10,"Zambezia",128,"Pebane","","","Distrito","District"
