"PID","ID_0","ISO","NAME_0","ID_1","NAME_1","NL_NAME_1","VARNAME_1","TYPE_1","ENGTYPE_1"
788,153,"MOZ","Mozambique",1,"Cabo Delgado","","","Provincia","Province"
789,153,"MOZ","Mozambique",2,"Gaza","","","Provincia","Province"
790,153,"MOZ","Mozambique",3,"Inhambane","","","Provincia","Province"
791,153,"MOZ","Mozambique",4,"Manica","","","Provincia","Province"
792,153,"MOZ","Mozambique",5,"Maputo","","","Provincia","Province"
793,153,"MOZ","Mozambique",6,"Nampula","","Moçambique|Mozambique","Provincia","Province"
794,153,"MOZ","Mozambique",7,"Nassa","","Niassa","Provincia","Province"
795,153,"MOZ","Mozambique",8,"Sofala","","","Provincia","Province"
796,153,"MOZ","Mozambique",9,"Tete","","","Provincia","Province"
797,153,"MOZ","Mozambique",10,"Zambezia","","","Provincia","Province"
