"PID","ID_0","ISO","NAME_0","ID_1","NAME_1","ID_2","NAME_2","ID_3","NAME_3","NL_NAME_3","VARNAME_3","TYPE_3","ENGTYPE_3"
43506,153,"MOZ","Mozambique",1,"Cabo Delgado",1,"Ancuabe",1,"Ancuabe","","","Localidad","Locality"
43507,153,"MOZ","Mozambique",1,"Cabo Delgado",1,"Ancuabe",2,"Chiure-Sede","","","Localidad","Locality"
43508,153,"MOZ","Mozambique",1,"Cabo Delgado",1,"Ancuabe",3,"Metoro","","","Localidad","Locality"
43509,153,"MOZ","Mozambique",1,"Cabo Delgado",1,"Ancuabe",4,"Meza","","","Localidad","Locality"
43510,153,"MOZ","Mozambique",1,"Cabo Delgado",1,"Ancuabe",5,"Murrebue","","","Localidad","Locality"
43511,153,"MOZ","Mozambique",1,"Cabo Delgado",2,"Balama",6,"Balama","","","Localidad","Locality"
43512,153,"MOZ","Mozambique",1,"Cabo Delgado",2,"Balama",7,"Impiri","","","Localidad","Locality"
43513,153,"MOZ","Mozambique",1,"Cabo Delgado",2,"Balama",8,"Kwekwe","","","Localidad","Locality"
43514,153,"MOZ","Mozambique",1,"Cabo Delgado",2,"Balama",9,"Mavala","","","Localidad","Locality"
43515,153,"MOZ","Mozambique",1,"Cabo Delgado",3,"Chiúre",10,"Chiure Velho","","","Localidad","Locality"
43516,153,"MOZ","Mozambique",1,"Cabo Delgado",3,"Chiúre",11,"Katapua","","","Localidad","Locality"
43517,153,"MOZ","Mozambique",9,"Tete",103,"Changara",337,"Luenha","","","Localidad","Locality"
43518,153,"MOZ","Mozambique",9,"Tete",103,"Changara",338,"Mavara (Marara)","","","Localidad","Locality"
43519,153,"MOZ","Mozambique",9,"Tete",103,"Changara",339,"Sede","","","Localidad","Locality"
43520,153,"MOZ","Mozambique",9,"Tete",104,"Chifunde",340,"Chifunde","","","Localidad","Locality"
43521,153,"MOZ","Mozambique",9,"Tete",104,"Chifunde",341,"Mualadzi","","","Localidad","Locality"
43522,153,"MOZ","Mozambique",9,"Tete",104,"Chifunde",342,"N'Sadzo","","","Localidad","Locality"
43523,153,"MOZ","Mozambique",9,"Tete",105,"Chiuta",343,"Kazula","","","Localidad","Locality"
43524,153,"MOZ","Mozambique",9,"Tete",105,"Chiuta",344,"Manje","","","Localidad","Locality"
43525,153,"MOZ","Mozambique",9,"Tete",106,"Macanga",345,"Chidzolomondo","","","Localidad","Locality"
43526,153,"MOZ","Mozambique",9,"Tete",106,"Macanga",346,"Furancungo","","","Localidad","Locality"
43527,153,"MOZ","Mozambique",9,"Tete",107,"Magoe",347,"Chinhopo (Chinthopo)","","","Localidad","Locality"
43528,153,"MOZ","Mozambique",9,"Tete",107,"Magoe",348,"Mapheende","","","Localidad","Locality"
43529,153,"MOZ","Mozambique",9,"Tete",107,"Magoe",349,"Mukumbura","","","Localidad","Locality"
43530,153,"MOZ","Mozambique",9,"Tete",108,"Maravia",350,"Chipera","","","Localidad","Locality"
43531,153,"MOZ","Mozambique",9,"Tete",108,"Maravia",351,"Chiputo","","","Localidad","Locality"
43532,153,"MOZ","Mozambique",9,"Tete",108,"Maravia",352,"Fingoe","","","Localidad","Locality"
43533,153,"MOZ","Mozambique",9,"Tete",108,"Maravia",353,"Molowera (Malowera)","","","Localidad","Locality"
43534,153,"MOZ","Mozambique",9,"Tete",109,"Moatize",354,"Kambulatsitsi","","","Localidad","Locality"
43535,153,"MOZ","Mozambique",9,"Tete",109,"Moatize",355,"Moatize","","","Localidad","Locality"
43536,153,"MOZ","Mozambique",9,"Tete",109,"Moatize",356,"Zobue","","","Localidad","Locality"
43537,153,"MOZ","Mozambique",9,"Tete",110,"Mutarara",357,"Chare","","","Localidad","Locality"
43538,153,"MOZ","Mozambique",9,"Tete",110,"Mutarara",358,"Doa","","","Localidad","Locality"
47725,153,"MOZ","Mozambique",1,"Cabo Delgado",3,"Chiúre",12,"Mazeze","","","Localidad","Locality"
47726,153,"MOZ","Mozambique",1,"Cabo Delgado",3,"Chiúre",13,"Namogelia","","","Localidad","Locality"
47727,153,"MOZ","Mozambique",1,"Cabo Delgado",3,"Chiúre",14,"Ocua","","","Localidad","Locality"
47728,153,"MOZ","Mozambique",1,"Cabo Delgado",4,"Macomia",15,"Chai","","","Localidad","Locality"
47729,153,"MOZ","Mozambique",1,"Cabo Delgado",4,"Macomia",16,"Macomia-Sede","","","Localidad","Locality"
47730,153,"MOZ","Mozambique",1,"Cabo Delgado",4,"Macomia",17,"Mucojo","","","Localidad","Locality"
47731,153,"MOZ","Mozambique",1,"Cabo Delgado",4,"Macomia",18,"Quirimba","","","Localidad","Locality"
47732,153,"MOZ","Mozambique",1,"Cabo Delgado",4,"Macomia",19,"Quissanga","","","Localidad","Locality"
47733,153,"MOZ","Mozambique",1,"Cabo Delgado",4,"Macomia",20,"Quiterajo","","","Localidad","Locality"
47734,153,"MOZ","Mozambique",1,"Cabo Delgado",5,"Mecufi",21,"Mecufi","","","Localidad","Locality"
47735,153,"MOZ","Mozambique",1,"Cabo Delgado",6,"Meluco",22,"Meluco","","","Localidad","Locality"
47736,153,"MOZ","Mozambique",1,"Cabo Delgado",6,"Meluco",23,"Muaguide","","","Localidad","Locality"
47737,153,"MOZ","Mozambique",1,"Cabo Delgado",7,"Mocimboa da Praia",24,"Diaca","","","Localidad","Locality"
47738,153,"MOZ","Mozambique",1,"Cabo Delgado",7,"Mocimboa da Praia",25,"Mbau","","","Localidad","Locality"
47739,153,"MOZ","Mozambique",1,"Cabo Delgado",7,"Mocimboa da Praia",26,"Mocimboa Da Praia","","","Localidad","Locality"
47740,153,"MOZ","Mozambique",1,"Cabo Delgado",8,"Montepuez",27,"Mirate","","","Localidad","Locality"
47741,153,"MOZ","Mozambique",1,"Cabo Delgado",8,"Montepuez",28,"Montepuez Cidade (Sede)","","","Localidad","Locality"
47742,153,"MOZ","Mozambique",1,"Cabo Delgado",8,"Montepuez",29,"Montepuez Cidade","","","Localidad","Locality"
47743,153,"MOZ","Mozambique",1,"Cabo Delgado",8,"Montepuez",30,"Nairoto","","","Localidad","Locality"
47744,153,"MOZ","Mozambique",1,"Cabo Delgado",8,"Montepuez",31,"Namanhumbir","","","Localidad","Locality"
47745,153,"MOZ","Mozambique",1,"Cabo Delgado",9,"Mueda",32,"Chapa","","","Localidad","Locality"
47746,153,"MOZ","Mozambique",1,"Cabo Delgado",9,"Mueda",33,"Imbuho","","","Localidad","Locality"
47747,153,"MOZ","Mozambique",1,"Cabo Delgado",9,"Mueda",34,"Mueda-Sede","","","Localidad","Locality"
47748,153,"MOZ","Mozambique",1,"Cabo Delgado",9,"Mueda",35,"N'Gapa","","","Localidad","Locality"
47749,153,"MOZ","Mozambique",1,"Cabo Delgado",9,"Mueda",36,"Negomano","","","Localidad","Locality"
47750,153,"MOZ","Mozambique",1,"Cabo Delgado",10,"Muidumbe",37,"Chitunda","","","Localidad","Locality"
47751,153,"MOZ","Mozambique",1,"Cabo Delgado",10,"Muidumbe",38,"Miteda","","","Localidad","Locality"
47752,153,"MOZ","Mozambique",1,"Cabo Delgado",10,"Muidumbe",39,"Muidumbe","","","Localidad","Locality"
47753,153,"MOZ","Mozambique",1,"Cabo Delgado",11,"Namuno",40,"Hucula","","","Localidad","Locality"
47754,153,"MOZ","Mozambique",1,"Cabo Delgado",11,"Namuno",41,"Luli","","","Localidad","Locality"
47755,153,"MOZ","Mozambique",1,"Cabo Delgado",11,"Namuno",42,"Machoca","","","Localidad","Locality"
47756,153,"MOZ","Mozambique",1,"Cabo Delgado",11,"Namuno",43,"Meloco","","","Localidad","Locality"
47757,153,"MOZ","Mozambique",1,"Cabo Delgado",11,"Namuno",44,"Namuno-Sede","","","Localidad","Locality"
47758,153,"MOZ","Mozambique",1,"Cabo Delgado",11,"Namuno",45,"Ncumpe","","","Localidad","Locality"
47759,153,"MOZ","Mozambique",1,"Cabo Delgado",12,"Nangade",46,"Nangade","","","Localidad","Locality"
47760,153,"MOZ","Mozambique",1,"Cabo Delgado",12,"Nangade",47,"Ntamba","","","Localidad","Locality"
47761,153,"MOZ","Mozambique",1,"Cabo Delgado",13,"Palma",48,"Olumbe","","","Localidad","Locality"
47762,153,"MOZ","Mozambique",1,"Cabo Delgado",13,"Palma",49,"Palma","","","Localidad","Locality"
47763,153,"MOZ","Mozambique",1,"Cabo Delgado",13,"Palma",50,"Pundanhar","","","Localidad","Locality"
47764,153,"MOZ","Mozambique",1,"Cabo Delgado",13,"Palma",51,"Quionga","","","Localidad","Locality"
47765,153,"MOZ","Mozambique",1,"Cabo Delgado",14,"Pemba",52,"Metuge Sede","","","Localidad","Locality"
47766,153,"MOZ","Mozambique",1,"Cabo Delgado",14,"Pemba",53,"Mieze","","","Localidad","Locality"
47767,153,"MOZ","Mozambique",1,"Cabo Delgado",14,"Pemba",54,"Pemba Cidade","","","Localidad","Locality"
47768,153,"MOZ","Mozambique",1,"Cabo Delgado",15,"Quissanga",55,"Bilibiza","","","Localidad","Locality"
47769,153,"MOZ","Mozambique",1,"Cabo Delgado",15,"Quissanga",56,"Mahate","","","Localidad","Locality"
47770,153,"MOZ","Mozambique",2,"Gaza",16,"Bilene",57,"Bilene Macia","","","Localidad","Locality"
47771,153,"MOZ","Mozambique",2,"Gaza",16,"Bilene",58,"Chissano","","","Localidad","Locality"
47772,153,"MOZ","Mozambique",2,"Gaza",16,"Bilene",59,"Macuane","","","Localidad","Locality"
47773,153,"MOZ","Mozambique",2,"Gaza",16,"Bilene",60,"Mazivila","","","Localidad","Locality"
47774,153,"MOZ","Mozambique",2,"Gaza",16,"Bilene",61,"Messano","","","Localidad","Locality"
47775,153,"MOZ","Mozambique",2,"Gaza",16,"Bilene",62,"Praia De Bilene","","","Localidad","Locality"
47776,153,"MOZ","Mozambique",2,"Gaza",17,"Chibuto",63,"Alto Changane","","","Localidad","Locality"
47777,153,"MOZ","Mozambique",2,"Gaza",17,"Chibuto",64,"Chaimite","","","Localidad","Locality"
47778,153,"MOZ","Mozambique",2,"Gaza",17,"Chibuto",65,"Changanine","","","Localidad","Locality"
47779,153,"MOZ","Mozambique",2,"Gaza",17,"Chibuto",66,"Chibuto","","","Localidad","Locality"
47780,153,"MOZ","Mozambique",2,"Gaza",17,"Chibuto",67,"Godide","","","Localidad","Locality"
47781,153,"MOZ","Mozambique",2,"Gaza",17,"Chibuto",68,"Malehice","","","Localidad","Locality"
47782,153,"MOZ","Mozambique",2,"Gaza",18,"Chicualacuala",69,"Chicualacuala (E.M. Sede)","","","Localidad","Locality"
47783,153,"MOZ","Mozambique",2,"Gaza",18,"Chicualacuala",70,"Mapai","","","Localidad","Locality"
47784,153,"MOZ","Mozambique",2,"Gaza",18,"Chicualacuala",71,"Pafuri","","","Localidad","Locality"
47785,153,"MOZ","Mozambique",2,"Gaza",19,"Chigubo",72,"Chigubo","","","Localidad","Locality"
47786,153,"MOZ","Mozambique",2,"Gaza",19,"Chigubo",73,"Ndindiza","","","Localidad","Locality"
47787,153,"MOZ","Mozambique",2,"Gaza",20,"Chókwè",74,"Cidade Chokwe","","","Localidad","Locality"
47788,153,"MOZ","Mozambique",2,"Gaza",20,"Chókwè",75,"Lionde","","","Localidad","Locality"
47789,153,"MOZ","Mozambique",2,"Gaza",20,"Chókwè",76,"Macarretane","","","Localidad","Locality"
47790,153,"MOZ","Mozambique",2,"Gaza",20,"Chókwè",77,"Xilembene","","","Localidad","Locality"
47791,153,"MOZ","Mozambique",2,"Gaza",21,"Guijá",78,"Chivonguene","","","Localidad","Locality"
47792,153,"MOZ","Mozambique",2,"Gaza",21,"Guijá",79,"Mubanguene","","","Localidad","Locality"
47793,153,"MOZ","Mozambique",2,"Gaza",21,"Guijá",80,"Nalazi","","","Localidad","Locality"
47794,153,"MOZ","Mozambique",2,"Gaza",21,"Guijá",81,"Vila De Canicado","","","Localidad","Locality"
47795,153,"MOZ","Mozambique",2,"Gaza",22,"Mabalane",82,"Combomune","","","Localidad","Locality"
47796,153,"MOZ","Mozambique",2,"Gaza",22,"Mabalane",83,"Mabalane","","","Localidad","Locality"
47797,153,"MOZ","Mozambique",2,"Gaza",22,"Mabalane",84,"Ntlavane","","","Localidad","Locality"
47798,153,"MOZ","Mozambique",2,"Gaza",23,"Mandlakazi",85,"Chalala","","","Localidad","Locality"
47799,153,"MOZ","Mozambique",2,"Gaza",23,"Mandlakazi",86,"Chibonzane","","","Localidad","Locality"
47800,153,"MOZ","Mozambique",2,"Gaza",23,"Mandlakazi",87,"Chidenguele","","","Localidad","Locality"
47801,153,"MOZ","Mozambique",2,"Gaza",23,"Mandlakazi",88,"Macuacua","","","Localidad","Locality"
47802,153,"MOZ","Mozambique",2,"Gaza",23,"Mandlakazi",89,"Mandlacaze","","","Localidad","Locality"
47803,153,"MOZ","Mozambique",2,"Gaza",23,"Mandlakazi",90,"Mazucane","","","Localidad","Locality"
47804,153,"MOZ","Mozambique",2,"Gaza",23,"Mandlakazi",91,"Nguzene","","","Localidad","Locality"
47805,153,"MOZ","Mozambique",2,"Gaza",24,"Massangena",92,"Massangena","","","Localidad","Locality"
47806,153,"MOZ","Mozambique",2,"Gaza",24,"Massangena",93,"Muvue","","","Localidad","Locality"
47807,153,"MOZ","Mozambique",2,"Gaza",25,"Massingir",94,"Massingir","","","Localidad","Locality"
47808,153,"MOZ","Mozambique",2,"Gaza",25,"Massingir",95,"Mavodze","","","Localidad","Locality"
47809,153,"MOZ","Mozambique",2,"Gaza",25,"Massingir",96,"Zulo","","","Localidad","Locality"
47810,153,"MOZ","Mozambique",2,"Gaza",26,"Xai-Xai",97,"Chicunbane","","","Localidad","Locality"
47811,153,"MOZ","Mozambique",2,"Gaza",26,"Xai-Xai",98,"Chongoene","","","Localidad","Locality"
47812,153,"MOZ","Mozambique",2,"Gaza",26,"Xai-Xai",99,"Cidade De Xai-Xai","","","Localidad","Locality"
47813,153,"MOZ","Mozambique",2,"Gaza",26,"Xai-Xai",100,"Zonguene","","","Localidad","Locality"
47814,153,"MOZ","Mozambique",3,"Inhambane",27,"Funhalouro",101,"Funhalouro","","","Localidad","Locality"
47815,153,"MOZ","Mozambique",3,"Inhambane",27,"Funhalouro",102,"Tome","","","Localidad","Locality"
47816,153,"MOZ","Mozambique",3,"Inhambane",28,"Govuro",103,"Nova Mambone (Mambone Sede)","","","Localidad","Locality"
47817,153,"MOZ","Mozambique",3,"Inhambane",28,"Govuro",104,"Save","","","Localidad","Locality"
47818,153,"MOZ","Mozambique",3,"Inhambane",29,"Homoine",105,"Homoine - Sede","","","Localidad","Locality"
47819,153,"MOZ","Mozambique",3,"Inhambane",29,"Homoine",106,"Maxixe (Cidade)","","","Localidad","Locality"
47820,153,"MOZ","Mozambique",3,"Inhambane",29,"Homoine",107,"Pembe","","","Localidad","Locality"
47821,153,"MOZ","Mozambique",3,"Inhambane",30,"Inharrime",108,"Inharrime - Sede","","","Localidad","Locality"
47822,153,"MOZ","Mozambique",3,"Inhambane",30,"Inharrime",109,"Mucumbi","","","Localidad","Locality"
47823,153,"MOZ","Mozambique",3,"Inhambane",31,"Inhassoro",110,"Inhassoro","","","Localidad","Locality"
47824,153,"MOZ","Mozambique",3,"Inhambane",32,"Jangamo",111,"Cumbana","","","Localidad","Locality"
47825,153,"MOZ","Mozambique",3,"Inhambane",32,"Jangamo",112,"Inhambane (Cidade)","","","Localidad","Locality"
47826,153,"MOZ","Mozambique",3,"Inhambane",32,"Jangamo",113,"Jangamo","","","Localidad","Locality"
47827,153,"MOZ","Mozambique",3,"Inhambane",33,"Mabote",114,"Mabote","","","Localidad","Locality"
47828,153,"MOZ","Mozambique",3,"Inhambane",33,"Mabote",115,"Zimane","","","Localidad","Locality"
47829,153,"MOZ","Mozambique",3,"Inhambane",33,"Mabote",116,"Zinave","","","Localidad","Locality"
47830,153,"MOZ","Mozambique",3,"Inhambane",34,"Massinga",117,"Chicomo","","","Localidad","Locality"
47831,153,"MOZ","Mozambique",3,"Inhambane",34,"Massinga",118,"Massinga","","","Localidad","Locality"
47832,153,"MOZ","Mozambique",3,"Inhambane",35,"Morrumbene",119,"Mocoduene","","","Localidad","Locality"
47833,153,"MOZ","Mozambique",3,"Inhambane",35,"Morrumbene",120,"Morrumbene","","","Localidad","Locality"
47834,153,"MOZ","Mozambique",3,"Inhambane",36,"Panda",121,"Mawayela","","","Localidad","Locality"
47835,153,"MOZ","Mozambique",3,"Inhambane",36,"Panda",122,"Panda","","","Localidad","Locality"
47836,153,"MOZ","Mozambique",3,"Inhambane",36,"Panda",123,"Urrene","","","Localidad","Locality"
47837,153,"MOZ","Mozambique",3,"Inhambane",37,"Vilanculos",124,"Mapinhane","","","Localidad","Locality"
47838,153,"MOZ","Mozambique",3,"Inhambane",37,"Vilanculos",125,"Vilankulo","","","Localidad","Locality"
47839,153,"MOZ","Mozambique",3,"Inhambane",38,"Zavala",126,"Quissico","","","Localidad","Locality"
47840,153,"MOZ","Mozambique",3,"Inhambane",38,"Zavala",127,"Zandamela","","","Localidad","Locality"
47841,153,"MOZ","Mozambique",4,"Manica",39,"Barue",128,"Cantadica","","","Localidad","Locality"
47842,153,"MOZ","Mozambique",4,"Manica",39,"Barue",129,"Choa","","","Localidad","Locality"
47843,153,"MOZ","Mozambique",4,"Manica",39,"Barue",130,"Nhampassa","","","Localidad","Locality"
47844,153,"MOZ","Mozambique",4,"Manica",40,"Gondola",131,"Amatongas","","","Localidad","Locality"
47845,153,"MOZ","Mozambique",4,"Manica",40,"Gondola",132,"Cafumpe","","","Localidad","Locality"
47846,153,"MOZ","Mozambique",4,"Manica",40,"Gondola",133,"Gondola","","","Localidad","Locality"
47847,153,"MOZ","Mozambique",4,"Manica",40,"Gondola",134,"Inchope","","","Localidad","Locality"
47848,153,"MOZ","Mozambique",4,"Manica",40,"Gondola",135,"Macate","","","Localidad","Locality"
47849,153,"MOZ","Mozambique",4,"Manica",40,"Gondola",136,"Matsinho 2","","","Localidad","Locality"
47850,153,"MOZ","Mozambique",4,"Manica",40,"Gondola",137,"Matsinho","","","Localidad","Locality"
47851,153,"MOZ","Mozambique",4,"Manica",40,"Gondola",138,"Urbana 1 (Sede)","","","Localidad","Locality"
47852,153,"MOZ","Mozambique",4,"Manica",41,"Guro",139,"Dacata","","","Localidad","Locality"
47853,153,"MOZ","Mozambique",4,"Manica",41,"Guro",140,"Guro Sede","","","Localidad","Locality"
47854,153,"MOZ","Mozambique",4,"Manica",41,"Guro",141,"Mandie","","","Localidad","Locality"
47855,153,"MOZ","Mozambique",4,"Manica",41,"Guro",142,"Mungari","","","Localidad","Locality"
47856,153,"MOZ","Mozambique",4,"Manica",41,"Guro",143,"Nhamassonge","","","Localidad","Locality"
47857,153,"MOZ","Mozambique",4,"Manica",42,"Machaze",144,"Machaze (Chitobe Sede)","","","Localidad","Locality"
47858,153,"MOZ","Mozambique",4,"Manica",42,"Machaze",145,"Save","","","Localidad","Locality"
47859,153,"MOZ","Mozambique",4,"Manica",43,"Macossa",146,"Macossa","","","Localidad","Locality"
47860,153,"MOZ","Mozambique",4,"Manica",43,"Macossa",147,"Nguawala","","","Localidad","Locality"
47861,153,"MOZ","Mozambique",4,"Manica",43,"Macossa",148,"Nhamangua","","","Localidad","Locality"
47862,153,"MOZ","Mozambique",4,"Manica",44,"Manica",149,"Machipanda","","","Localidad","Locality"
47863,153,"MOZ","Mozambique",4,"Manica",44,"Manica",150,"Manica","","","Localidad","Locality"
47864,153,"MOZ","Mozambique",4,"Manica",44,"Manica",151,"Mavonde","","","Localidad","Locality"
47865,153,"MOZ","Mozambique",4,"Manica",44,"Manica",152,"Messica","","","Localidad","Locality"
47866,153,"MOZ","Mozambique",4,"Manica",44,"Manica",153,"Vanduzi","","","Localidad","Locality"
47867,153,"MOZ","Mozambique",4,"Manica",45,"Mossurize",154,"Chiurairue","","","Localidad","Locality"
47868,153,"MOZ","Mozambique",4,"Manica",45,"Mossurize",155,"Dacata","","","Localidad","Locality"
47869,153,"MOZ","Mozambique",4,"Manica",45,"Mossurize",156,"Espungabera","","","Localidad","Locality"
47870,153,"MOZ","Mozambique",4,"Manica",46,"Sussundenga",157,"Dombe","","","Localidad","Locality"
47871,153,"MOZ","Mozambique",4,"Manica",46,"Sussundenga",158,"Muhoa","","","Localidad","Locality"
47872,153,"MOZ","Mozambique",4,"Manica",46,"Sussundenga",159,"Rotanda","","","Localidad","Locality"
47873,153,"MOZ","Mozambique",4,"Manica",46,"Sussundenga",160,"Sussundenga","","","Localidad","Locality"
47874,153,"MOZ","Mozambique",4,"Manica",47,"Tambara",161,"Buzua","","","Localidad","Locality"
47875,153,"MOZ","Mozambique",4,"Manica",47,"Tambara",162,"Nhacafula","","","Localidad","Locality"
47876,153,"MOZ","Mozambique",4,"Manica",47,"Tambara",163,"Nhacolo","","","Localidad","Locality"
47877,153,"MOZ","Mozambique",5,"Maputo",48,"Boane",164,"Boane","","","Localidad","Locality"
47878,153,"MOZ","Mozambique",5,"Maputo",48,"Boane",165,"Matola Rio","","","Localidad","Locality"
47879,153,"MOZ","Mozambique",5,"Maputo",49,"Magude",166,"Magude","","","Localidad","Locality"
47880,153,"MOZ","Mozambique",5,"Maputo",49,"Magude",167,"Mahele","","","Localidad","Locality"
47881,153,"MOZ","Mozambique",5,"Maputo",49,"Magude",168,"Mapulanguene","","","Localidad","Locality"
47882,153,"MOZ","Mozambique",5,"Maputo",49,"Magude",169,"Motaze","","","Localidad","Locality"
47883,153,"MOZ","Mozambique",5,"Maputo",49,"Magude",170,"Panjane","","","Localidad","Locality"
47884,153,"MOZ","Mozambique",5,"Maputo",50,"Manhiça",171,"3 De Fevereiro","","","Localidad","Locality"
47885,153,"MOZ","Mozambique",5,"Maputo",50,"Manhiça",172,"Calanga","","","Localidad","Locality"
47886,153,"MOZ","Mozambique",5,"Maputo",50,"Manhiça",173,"Ilha Josina Machel","","","Localidad","Locality"
47887,153,"MOZ","Mozambique",5,"Maputo",50,"Manhiça",174,"Maluana","","","Localidad","Locality"
47888,153,"MOZ","Mozambique",5,"Maputo",50,"Manhiça",175,"Manhica - Sede","","","Localidad","Locality"
47889,153,"MOZ","Mozambique",5,"Maputo",50,"Manhiça",176,"Xinavane","","","Localidad","Locality"
47890,153,"MOZ","Mozambique",5,"Maputo",51,"Maputo",177,"Cidade De Matola","","","Localidad","Locality"
47891,153,"MOZ","Mozambique",5,"Maputo",51,"Maputo",178,"Maputo 1","","","Localidad","Locality"
47892,153,"MOZ","Mozambique",5,"Maputo",51,"Maputo",179,"Maputo 2","","","Localidad","Locality"
47893,153,"MOZ","Mozambique",5,"Maputo",51,"Maputo",180,"Maputo 3","","","Localidad","Locality"
47894,153,"MOZ","Mozambique",5,"Maputo",51,"Maputo",181,"Maputo 4","","","Localidad","Locality"
47895,153,"MOZ","Mozambique",5,"Maputo",51,"Maputo",182,"Maputo 5","","","Localidad","Locality"
47896,153,"MOZ","Mozambique",5,"Maputo",52,"Marracuene",183,"Machubo","","","Localidad","Locality"
47897,153,"MOZ","Mozambique",5,"Maputo",52,"Marracuene",184,"Marracuene","","","Localidad","Locality"
47898,153,"MOZ","Mozambique",5,"Maputo",53,"Matutuíne",185,"Catembe","","","Localidad","Locality"
47899,153,"MOZ","Mozambique",5,"Maputo",53,"Matutuíne",186,"Catuane","","","Localidad","Locality"
47900,153,"MOZ","Mozambique",5,"Maputo",53,"Matutuíne",187,"Machangulo","","","Localidad","Locality"
47901,153,"MOZ","Mozambique",5,"Maputo",53,"Matutuíne",188,"Missevene (Bela Vista)","","","Localidad","Locality"
47902,153,"MOZ","Mozambique",5,"Maputo",53,"Matutuíne",189,"Zitundo","","","Localidad","Locality"
47903,153,"MOZ","Mozambique",5,"Maputo",54,"Moamba",190,"Moamba","","","Localidad","Locality"
47904,153,"MOZ","Mozambique",5,"Maputo",54,"Moamba",191,"Pessene","","","Localidad","Locality"
47905,153,"MOZ","Mozambique",5,"Maputo",54,"Moamba",192,"Ressano Garcia","","","Localidad","Locality"
47906,153,"MOZ","Mozambique",5,"Maputo",54,"Moamba",193,"Sabie","","","Localidad","Locality"
47907,153,"MOZ","Mozambique",5,"Maputo",55,"Namaacha",194,"Changalane","","","Localidad","Locality"
47908,153,"MOZ","Mozambique",5,"Maputo",55,"Namaacha",195,"Namaacha","","","Localidad","Locality"
47909,153,"MOZ","Mozambique",6,"Nampula",56,"Angoche",196,"Angoche","","","Localidad","Locality"
47910,153,"MOZ","Mozambique",6,"Nampula",56,"Angoche",197,"Aube","","","Localidad","Locality"
47911,153,"MOZ","Mozambique",6,"Nampula",56,"Angoche",198,"Boila - Nametoria","","","Localidad","Locality"
47912,153,"MOZ","Mozambique",6,"Nampula",56,"Angoche",199,"Namaponda","","","Localidad","Locality"
47913,153,"MOZ","Mozambique",6,"Nampula",57,"Erati",200,"Intete","","","Localidad","Locality"
47914,153,"MOZ","Mozambique",6,"Nampula",57,"Erati",201,"Nacaroa","","","Localidad","Locality"
47915,153,"MOZ","Mozambique",6,"Nampula",57,"Erati",202,"Saua-Saua","","","Localidad","Locality"
47916,153,"MOZ","Mozambique",6,"Nampula",58,"Lalaua",203,"Lalaua","","","Localidad","Locality"
47917,153,"MOZ","Mozambique",6,"Nampula",58,"Lalaua",204,"Meti","","","Localidad","Locality"
47918,153,"MOZ","Mozambique",6,"Nampula",59,"Malema",205,"Chihulo","","","Localidad","Locality"
47919,153,"MOZ","Mozambique",6,"Nampula",59,"Malema",206,"Malema","","","Localidad","Locality"
47920,153,"MOZ","Mozambique",6,"Nampula",59,"Malema",207,"Mutuali (Canhunha)","","","Localidad","Locality"
47921,153,"MOZ","Mozambique",6,"Nampula",60,"Meconta",208,"7 De Abril","","","Localidad","Locality"
47922,153,"MOZ","Mozambique",6,"Nampula",60,"Meconta",209,"Corrane","","","Localidad","Locality"
47923,153,"MOZ","Mozambique",6,"Nampula",60,"Meconta",210,"Meconta","","","Localidad","Locality"
47924,153,"MOZ","Mozambique",6,"Nampula",60,"Meconta",211,"Namialo","","","Localidad","Locality"
47925,153,"MOZ","Mozambique",6,"Nampula",61,"Mecuburi",212,"Mecuburi","","","Localidad","Locality"
47926,153,"MOZ","Mozambique",6,"Nampula",61,"Mecuburi",213,"Mihlana (Milhana)","","","Localidad","Locality"
47927,153,"MOZ","Mozambique",6,"Nampula",61,"Mecuburi",214,"Muite","","","Localidad","Locality"
47928,153,"MOZ","Mozambique",6,"Nampula",61,"Mecuburi",215,"Namina","","","Localidad","Locality"
47929,153,"MOZ","Mozambique",6,"Nampula",62,"Memba",216,"Chipene","","","Localidad","Locality"
47930,153,"MOZ","Mozambique",6,"Nampula",62,"Memba",217,"Mazua","","","Localidad","Locality"
47931,153,"MOZ","Mozambique",6,"Nampula",62,"Memba",218,"Memba","","","Localidad","Locality"
47932,153,"MOZ","Mozambique",6,"Nampula",63,"Mogovolas",219,"Calipo","","","Localidad","Locality"
47933,153,"MOZ","Mozambique",6,"Nampula",63,"Mogovolas",220,"Ilute (Luluti)","","","Localidad","Locality"
47934,153,"MOZ","Mozambique",6,"Nampula",63,"Mogovolas",221,"Muatua","","","Localidad","Locality"
47935,153,"MOZ","Mozambique",6,"Nampula",63,"Mogovolas",222,"Nametil - Sede","","","Localidad","Locality"
47936,153,"MOZ","Mozambique",6,"Nampula",63,"Mogovolas",223,"Nanhupo","","","Localidad","Locality"
47937,153,"MOZ","Mozambique",6,"Nampula",64,"Moma",224,"Chalaua","","","Localidad","Locality"
47938,153,"MOZ","Mozambique",6,"Nampula",64,"Moma",225,"Larde","","","Localidad","Locality"
47939,153,"MOZ","Mozambique",6,"Nampula",64,"Moma",226,"Macone - Sede (Moma Sede)","","","Localidad","Locality"
47940,153,"MOZ","Mozambique",6,"Nampula",64,"Moma",227,"Mucuali","","","Localidad","Locality"
47941,153,"MOZ","Mozambique",6,"Nampula",65,"Monapo",228,"Itoculo","","","Localidad","Locality"
47942,153,"MOZ","Mozambique",6,"Nampula",65,"Monapo",229,"Monapo - Sede","","","Localidad","Locality"
47943,153,"MOZ","Mozambique",6,"Nampula",65,"Monapo",230,"Netia","","","Localidad","Locality"
47944,153,"MOZ","Mozambique",6,"Nampula",66,"Mongincual",231,"Chunga (Liupo)","","","Localidad","Locality"
47945,153,"MOZ","Mozambique",6,"Nampula",66,"Mongincual",232,"Namige 2","","","Localidad","Locality"
47946,153,"MOZ","Mozambique",6,"Nampula",66,"Mongincual",233,"Namingue","","","Localidad","Locality"
47947,153,"MOZ","Mozambique",6,"Nampula",66,"Mongincual",234,"Quinga","","","Localidad","Locality"
47948,153,"MOZ","Mozambique",6,"Nampula",66,"Mongincual",235,"Quixaxe","","","Localidad","Locality"
47949,153,"MOZ","Mozambique",6,"Nampula",67,"Mossuril",236,"Ilha De Mocambique (Cidade)","","","Localidad","Locality"
47950,153,"MOZ","Mozambique",6,"Nampula",67,"Mossuril",237,"Lunga","","","Localidad","Locality"
47951,153,"MOZ","Mozambique",6,"Nampula",67,"Mossuril",238,"Matibane","","","Localidad","Locality"
47952,153,"MOZ","Mozambique",6,"Nampula",67,"Mossuril",239,"Mossuril - Sede","","","Localidad","Locality"
47953,153,"MOZ","Mozambique",6,"Nampula",68,"Muecate",240,"Imala","","","Localidad","Locality"
47954,153,"MOZ","Mozambique",6,"Nampula",68,"Muecate",241,"Mucoluane (Muculuone)","","","Localidad","Locality"
47955,153,"MOZ","Mozambique",6,"Nampula",68,"Muecate",242,"Muecate","","","Localidad","Locality"
47956,153,"MOZ","Mozambique",6,"Nampula",69,"Murrupula",243,"Chinga","","","Localidad","Locality"
47957,153,"MOZ","Mozambique",6,"Nampula",69,"Murrupula",244,"Murrupula","","","Localidad","Locality"
47958,153,"MOZ","Mozambique",6,"Nampula",69,"Murrupula",245,"Nehessine","","","Localidad","Locality"
47959,153,"MOZ","Mozambique",6,"Nampula",70,"Nacala Velha",246,"Cidade De Nacala","","","Localidad","Locality"
47960,153,"MOZ","Mozambique",6,"Nampula",70,"Nacala Velha",247,"Covo","","","Localidad","Locality"
47961,153,"MOZ","Mozambique",6,"Nampula",70,"Nacala Velha",248,"Nacala-Velha","","","Localidad","Locality"
47962,153,"MOZ","Mozambique",6,"Nampula",71,"Namapa",249,"Alua","","","Localidad","Locality"
47963,153,"MOZ","Mozambique",6,"Nampula",71,"Namapa",250,"Lurio","","","Localidad","Locality"
47964,153,"MOZ","Mozambique",6,"Nampula",71,"Namapa",251,"Namapa-Erati","","","Localidad","Locality"
47965,153,"MOZ","Mozambique",6,"Nampula",71,"Namapa",252,"Namiroa","","","Localidad","Locality"
47966,153,"MOZ","Mozambique",6,"Nampula",72,"Nampula",253,"Anchilo","","","Localidad","Locality"
47967,153,"MOZ","Mozambique",6,"Nampula",72,"Nampula",254,"Cidade De Nampula","","","Localidad","Locality"
47968,153,"MOZ","Mozambique",6,"Nampula",72,"Nampula",255,"Mutivaze","","","Localidad","Locality"
47969,153,"MOZ","Mozambique",6,"Nampula",72,"Nampula",256,"Namaita","","","Localidad","Locality"
47970,153,"MOZ","Mozambique",6,"Nampula",72,"Nampula",257,"Rapale","","","Localidad","Locality"
47971,153,"MOZ","Mozambique",6,"Nampula",73,"Ribaue",258,"Iapala","","","Localidad","Locality"
47972,153,"MOZ","Mozambique",6,"Nampula",73,"Ribaue",259,"Kunle (Cunle)","","","Localidad","Locality"
47973,153,"MOZ","Mozambique",6,"Nampula",73,"Ribaue",260,"Ribaue","","","Localidad","Locality"
47974,153,"MOZ","Mozambique",7,"Nassa",74,"Cuamba",261,"Etatara","","","Localidad","Locality"
47975,153,"MOZ","Mozambique",7,"Nassa",74,"Cuamba",262,"Lurio 2","","","Localidad","Locality"
47976,153,"MOZ","Mozambique",7,"Nassa",74,"Cuamba",263,"Lurio","","","Localidad","Locality"
47977,153,"MOZ","Mozambique",7,"Nassa",75,"Lago",264,"Cobue","","","Localidad","Locality"
47978,153,"MOZ","Mozambique",7,"Nassa",75,"Lago",265,"Lunho","","","Localidad","Locality"
47979,153,"MOZ","Mozambique",7,"Nassa",75,"Lago",266,"Maniamba","","","Localidad","Locality"
47980,153,"MOZ","Mozambique",7,"Nassa",75,"Lago",267,"Meluluca (Metangula Sede)","","","Localidad","Locality"
47981,153,"MOZ","Mozambique",7,"Nassa",76,"Lichinga",268,"Chimbonila","","","Localidad","Locality"
47982,153,"MOZ","Mozambique",7,"Nassa",76,"Lichinga",269,"Cidade De Lichinga","","","Localidad","Locality"
47983,153,"MOZ","Mozambique",7,"Nassa",76,"Lichinga",270,"Lione","","","Localidad","Locality"
47984,153,"MOZ","Mozambique",7,"Nassa",76,"Lichinga",271,"Meponda","","","Localidad","Locality"
47985,153,"MOZ","Mozambique",7,"Nassa",77,"Majune",272,"Majune (Malanga Sede)","","","Localidad","Locality"
47986,153,"MOZ","Mozambique",7,"Nassa",77,"Majune",273,"Muaquia","","","Localidad","Locality"
47987,153,"MOZ","Mozambique",7,"Nassa",77,"Majune",274,"Nairrubi","","","Localidad","Locality"
47988,153,"MOZ","Mozambique",7,"Nassa",78,"Mandimba",275,"Mitande","","","Localidad","Locality"
47989,153,"MOZ","Mozambique",7,"Nassa",79,"Marrupa",276,"Marangira","","","Localidad","Locality"
47990,153,"MOZ","Mozambique",7,"Nassa",79,"Marrupa",277,"Marrupa-Sede","","","Localidad","Locality"
47991,153,"MOZ","Mozambique",7,"Nassa",79,"Marrupa",278,"Nungo","","","Localidad","Locality"
47992,153,"MOZ","Mozambique",7,"Nassa",80,"Maúa",279,"Maiaca","","","Localidad","Locality"
47993,153,"MOZ","Mozambique",7,"Nassa",80,"Maúa",280,"Maua","","","Localidad","Locality"
47994,153,"MOZ","Mozambique",7,"Nassa",81,"Mavago",281,"M'Sawize","","","Localidad","Locality"
47995,153,"MOZ","Mozambique",7,"Nassa",81,"Mavago",282,"Mavago-Sede","","","Localidad","Locality"
47996,153,"MOZ","Mozambique",7,"Nassa",82,"Mecanhelas",283,"Chiuta","","","Localidad","Locality"
47997,153,"MOZ","Mozambique",7,"Nassa",82,"Mecanhelas",284,"Mandimba-Sede","","","Localidad","Locality"
47998,153,"MOZ","Mozambique",7,"Nassa",82,"Mecanhelas",285,"Mecanhelas Sede (Insaca Sed","","","Localidad","Locality"
47999,153,"MOZ","Mozambique",7,"Nassa",83,"Mecula",286,"Matondovela","","","Localidad","Locality"
48000,153,"MOZ","Mozambique",7,"Nassa",83,"Mecula",287,"Mecula-Sede","","","Localidad","Locality"
48001,153,"MOZ","Mozambique",7,"Nassa",84,"Metarica",288,"Metarica","","","Localidad","Locality"
48002,153,"MOZ","Mozambique",7,"Nassa",84,"Metarica",289,"Nacumua","","","Localidad","Locality"
48003,153,"MOZ","Mozambique",7,"Nassa",85,"Muembe",290,"Chiconono","","","Localidad","Locality"
48004,153,"MOZ","Mozambique",7,"Nassa",85,"Muembe",291,"Muembe","","","Localidad","Locality"
48005,153,"MOZ","Mozambique",7,"Nassa",86,"N'gauma",292,"Itepela","","","Localidad","Locality"
48006,153,"MOZ","Mozambique",7,"Nassa",86,"N'gauma",293,"Massangulo","","","Localidad","Locality"
48007,153,"MOZ","Mozambique",7,"Nassa",87,"Nipepe",294,"Muipite","","","Localidad","Locality"
48008,153,"MOZ","Mozambique",7,"Nassa",87,"Nipepe",295,"Nipepe","","","Localidad","Locality"
48009,153,"MOZ","Mozambique",7,"Nassa",88,"Sanga",296,"Lussimbeze","","","Localidad","Locality"
48010,153,"MOZ","Mozambique",7,"Nassa",88,"Sanga",297,"Macaloge","","","Localidad","Locality"
48011,153,"MOZ","Mozambique",7,"Nassa",88,"Sanga",298,"Matchedje","","","Localidad","Locality"
48012,153,"MOZ","Mozambique",7,"Nassa",88,"Sanga",299,"Sanga (Unango Sede)","","","Localidad","Locality"
48013,153,"MOZ","Mozambique",8,"Sofala",89,"Buzi",300,"Buzi","","","Localidad","Locality"
48014,153,"MOZ","Mozambique",8,"Sofala",89,"Buzi",301,"Estaquinha","","","Localidad","Locality"
48015,153,"MOZ","Mozambique",8,"Sofala",89,"Buzi",302,"Sofala","","","Localidad","Locality"
48016,153,"MOZ","Mozambique",8,"Sofala",90,"Caia",303,"Caia - Sede","","","Localidad","Locality"
48017,153,"MOZ","Mozambique",8,"Sofala",90,"Caia",304,"Murraca","","","Localidad","Locality"
48018,153,"MOZ","Mozambique",8,"Sofala",90,"Caia",305,"Sena","","","Localidad","Locality"
48019,153,"MOZ","Mozambique",8,"Sofala",91,"Chemba",306,"Chemba","","","Localidad","Locality"
48020,153,"MOZ","Mozambique",8,"Sofala",91,"Chemba",307,"Chiramba","","","Localidad","Locality"
48021,153,"MOZ","Mozambique",8,"Sofala",91,"Chemba",308,"Mulima","","","Localidad","Locality"
48022,153,"MOZ","Mozambique",8,"Sofala",92,"Cheringoma",309,"Inhaminga","","","Localidad","Locality"
48023,153,"MOZ","Mozambique",8,"Sofala",92,"Cheringoma",310,"Inhamitanga","","","Localidad","Locality"
48024,153,"MOZ","Mozambique",8,"Sofala",93,"Chibabava",311,"Chibabava","","","Localidad","Locality"
48025,153,"MOZ","Mozambique",8,"Sofala",93,"Chibabava",312,"Gonda (Gooda)","","","Localidad","Locality"
48026,153,"MOZ","Mozambique",8,"Sofala",93,"Chibabava",313,"Muxungue","","","Localidad","Locality"
48027,153,"MOZ","Mozambique",8,"Sofala",94,"Dondo",314,"Cidade Da Beira","","","Localidad","Locality"
48028,153,"MOZ","Mozambique",8,"Sofala",94,"Dondo",315,"Dondo","","","Localidad","Locality"
48029,153,"MOZ","Mozambique",8,"Sofala",94,"Dondo",316,"Mafambisse","","","Localidad","Locality"
48030,153,"MOZ","Mozambique",8,"Sofala",95,"Gorongosa",317,"Gororngosa-Sede","","","Localidad","Locality"
48031,153,"MOZ","Mozambique",8,"Sofala",95,"Gorongosa",318,"Nhamadzi","","","Localidad","Locality"
48032,153,"MOZ","Mozambique",8,"Sofala",95,"Gorongosa",319,"Vanduzi (Vunduzi)","","","Localidad","Locality"
48033,153,"MOZ","Mozambique",8,"Sofala",96,"Machanga",320,"Divinhe","","","Localidad","Locality"
48034,153,"MOZ","Mozambique",8,"Sofala",96,"Machanga",321,"Machanga","","","Localidad","Locality"
48035,153,"MOZ","Mozambique",8,"Sofala",97,"Maringue",322,"Canxixe","","","Localidad","Locality"
48036,153,"MOZ","Mozambique",8,"Sofala",97,"Maringue",323,"Maringue","","","Localidad","Locality"
48037,153,"MOZ","Mozambique",8,"Sofala",97,"Maringue",324,"Subui (Subwe)","","","Localidad","Locality"
48038,153,"MOZ","Mozambique",8,"Sofala",98,"Marromeu",325,"Chupanga","","","Localidad","Locality"
48039,153,"MOZ","Mozambique",8,"Sofala",98,"Marromeu",326,"Marromeu","","","Localidad","Locality"
48040,153,"MOZ","Mozambique",8,"Sofala",99,"Muanza",327,"Galinha","","","Localidad","Locality"
48041,153,"MOZ","Mozambique",8,"Sofala",99,"Muanza",328,"Muanza","","","Localidad","Locality"
48042,153,"MOZ","Mozambique",8,"Sofala",100,"Nhamatanda",329,"Nhamatanda","","","Localidad","Locality"
48043,153,"MOZ","Mozambique",8,"Sofala",100,"Nhamatanda",330,"Tica","","","Localidad","Locality"
48044,153,"MOZ","Mozambique",9,"Tete",101,"Angónia",331,"Domue","","","Localidad","Locality"
48045,153,"MOZ","Mozambique",9,"Tete",101,"Angónia",332,"Ulongoe","","","Localidad","Locality"
48046,153,"MOZ","Mozambique",9,"Tete",102,"Cahora Bassa",333,"Chitholo","","","Localidad","Locality"
48047,153,"MOZ","Mozambique",9,"Tete",102,"Cahora Bassa",334,"Chitima","","","Localidad","Locality"
48048,153,"MOZ","Mozambique",9,"Tete",102,"Cahora Bassa",335,"Songo","","","Localidad","Locality"
48049,153,"MOZ","Mozambique",9,"Tete",103,"Changara",336,"Chioco","","","Localidad","Locality"
48050,153,"MOZ","Mozambique",9,"Tete",110,"Mutarara",359,"Inhangoma","","","Localidad","Locality"
48051,153,"MOZ","Mozambique",9,"Tete",110,"Mutarara",360,"Nhamayabue","","","Localidad","Locality"
48052,153,"MOZ","Mozambique",9,"Tete",111,"Tsangano",361,"Ntengo-Wambalane","","","Localidad","Locality"
48053,153,"MOZ","Mozambique",9,"Tete",111,"Tsangano",362,"Tsangano","","","Localidad","Locality"
48054,153,"MOZ","Mozambique",9,"Tete",112,"Zumbu",363,"Muze","","","Localidad","Locality"
48055,153,"MOZ","Mozambique",9,"Tete",112,"Zumbu",364,"Zambue","","","Localidad","Locality"
48056,153,"MOZ","Mozambique",9,"Tete",112,"Zumbu",365,"Zumbo","","","Localidad","Locality"
48057,153,"MOZ","Mozambique",10,"Zambezia",113,"Alto Molocue",366,"Nauela","","","Localidad","Locality"
48058,153,"MOZ","Mozambique",10,"Zambezia",113,"Alto Molocue",367,"Sede (Alto Molocue)","","","Localidad","Locality"
48059,153,"MOZ","Mozambique",10,"Zambezia",114,"Chinde",368,"Chinde - Sede","","","Localidad","Locality"
48060,153,"MOZ","Mozambique",10,"Zambezia",114,"Chinde",369,"Luabo","","","Localidad","Locality"
48061,153,"MOZ","Mozambique",10,"Zambezia",114,"Chinde",370,"Mecaune (Micaune)","","","Localidad","Locality"
48062,153,"MOZ","Mozambique",10,"Zambezia",115,"Gile",371,"Alto Ligonha","","","Localidad","Locality"
48063,153,"MOZ","Mozambique",10,"Zambezia",115,"Gile",372,"Gile","","","Localidad","Locality"
48064,153,"MOZ","Mozambique",10,"Zambezia",116,"Gurue",373,"Cidade De Gurue","","","Localidad","Locality"
48065,153,"MOZ","Mozambique",10,"Zambezia",116,"Gurue",374,"Lioma","","","Localidad","Locality"
48066,153,"MOZ","Mozambique",10,"Zambezia",116,"Gurue",375,"Nepuagiua (Mepuagiua)","","","Localidad","Locality"
48067,153,"MOZ","Mozambique",10,"Zambezia",117,"Ile",376,"Ile","","","Localidad","Locality"
48068,153,"MOZ","Mozambique",10,"Zambezia",117,"Ile",377,"Mulevala (Namigonha)","","","Localidad","Locality"
48069,153,"MOZ","Mozambique",10,"Zambezia",117,"Ile",378,"Socone","","","Localidad","Locality"
48070,153,"MOZ","Mozambique",10,"Zambezia",118,"Inhassunge",379,"Gonhane","","","Localidad","Locality"
48071,153,"MOZ","Mozambique",10,"Zambezia",118,"Inhassunge",380,"Mucupia (Inhassunge Sede)","","","Localidad","Locality"
48072,153,"MOZ","Mozambique",10,"Zambezia",119,"Lugela",381,"Lugela","","","Localidad","Locality"
48073,153,"MOZ","Mozambique",10,"Zambezia",119,"Lugela",382,"Manhamade","","","Localidad","Locality"
48074,153,"MOZ","Mozambique",10,"Zambezia",119,"Lugela",383,"Muabanama","","","Localidad","Locality"
48075,153,"MOZ","Mozambique",10,"Zambezia",119,"Lugela",384,"Tacuane","","","Localidad","Locality"
48076,153,"MOZ","Mozambique",10,"Zambezia",120,"Maganja da Costa",385,"Bojone (Bajone)","","","Localidad","Locality"
48077,153,"MOZ","Mozambique",10,"Zambezia",120,"Maganja da Costa",386,"Maganja Da Costa","","","Localidad","Locality"
48078,153,"MOZ","Mozambique",10,"Zambezia",120,"Maganja da Costa",387,"Mocubela","","","Localidad","Locality"
48079,153,"MOZ","Mozambique",10,"Zambezia",120,"Maganja da Costa",388,"Nante (Baixo Licungo)","","","Localidad","Locality"
48080,153,"MOZ","Mozambique",10,"Zambezia",121,"Milange",389,"Majaua","","","Localidad","Locality"
48081,153,"MOZ","Mozambique",10,"Zambezia",121,"Milange",390,"Milange","","","Localidad","Locality"
48082,153,"MOZ","Mozambique",10,"Zambezia",121,"Milange",391,"Molumbo","","","Localidad","Locality"
48083,153,"MOZ","Mozambique",10,"Zambezia",121,"Milange",392,"Mongue","","","Localidad","Locality"
48084,153,"MOZ","Mozambique",10,"Zambezia",122,"Mocuba",393,"Cidade De Mocuba","","","Localidad","Locality"
48085,153,"MOZ","Mozambique",10,"Zambezia",122,"Mocuba",394,"Mugeba","","","Localidad","Locality"
48086,153,"MOZ","Mozambique",10,"Zambezia",122,"Mocuba",395,"Namajavira","","","Localidad","Locality"
48087,153,"MOZ","Mozambique",10,"Zambezia",123,"Mopeia",396,"Campo","","","Localidad","Locality"
48088,153,"MOZ","Mozambique",10,"Zambezia",123,"Mopeia",397,"Mopeia","","","Localidad","Locality"
48089,153,"MOZ","Mozambique",10,"Zambezia",124,"Morrumbala",398,"Chire","","","Localidad","Locality"
48090,153,"MOZ","Mozambique",10,"Zambezia",124,"Morrumbala",399,"Derre","","","Localidad","Locality"
48091,153,"MOZ","Mozambique",10,"Zambezia",124,"Morrumbala",400,"Megaza","","","Localidad","Locality"
48092,153,"MOZ","Mozambique",10,"Zambezia",124,"Morrumbala",401,"Morrumbala","","","Localidad","Locality"
48093,153,"MOZ","Mozambique",10,"Zambezia",125,"Namacurra",402,"Mucuse (Macuze)","","","Localidad","Locality"
48094,153,"MOZ","Mozambique",10,"Zambezia",125,"Namacurra",403,"Namacurra","","","Localidad","Locality"
48095,153,"MOZ","Mozambique",10,"Zambezia",126,"Namarroi",404,"Namarroi","","","Localidad","Locality"
48096,153,"MOZ","Mozambique",10,"Zambezia",126,"Namarroi",405,"Regone","","","Localidad","Locality"
48097,153,"MOZ","Mozambique",10,"Zambezia",127,"Nicoadala",406,"Cidade De Quelimane","","","Localidad","Locality"
48098,153,"MOZ","Mozambique",10,"Zambezia",127,"Nicoadala",407,"Maquival","","","Localidad","Locality"
48099,153,"MOZ","Mozambique",10,"Zambezia",127,"Nicoadala",408,"Nicodala","","","Localidad","Locality"
48100,153,"MOZ","Mozambique",10,"Zambezia",128,"Pebane",409,"Mulela Mualama","","","Localidad","Locality"
48101,153,"MOZ","Mozambique",10,"Zambezia",128,"Pebane",410,"Naburi","","","Localidad","Locality"
48102,153,"MOZ","Mozambique",10,"Zambezia",128,"Pebane",411,"Pebane","","","Localidad","Locality"
