"PID","ID_0","ISO","NAME_0","ID_1","NAME_1","NL_NAME_1","VARNAME_1","TYPE_1","ENGTYPE_1"
272,17,"BHS","Bahamas",1,"Acklins","","","District","District"
273,17,"BHS","Bahamas",2,"Berry Islands","","","District","District"
274,17,"BHS","Bahamas",3,"Biminis","","Bimini","District","District"
275,17,"BHS","Bahamas",4,"Black Point","","","District","District"
276,17,"BHS","Bahamas",5,"Cat Island","","Ilha do Gato|Isla del Gato","District","District"
277,17,"BHS","Bahamas",6,"Central Abaco","","","District","District"
278,17,"BHS","Bahamas",7,"Central Andros","","","District","District"
279,17,"BHS","Bahamas",8,"Central Eleuthera","","","District","District"
280,17,"BHS","Bahamas",9,"City of Freeport","","","District","District"
281,17,"BHS","Bahamas",10,"Crooked Island","","","District","District"
282,17,"BHS","Bahamas",11,"East Grand Bahama","","","District","District"
283,17,"BHS","Bahamas",12,"Exuma","","","District","District"
284,17,"BHS","Bahamas",13,"Grand Cay","","","District","District"
285,17,"BHS","Bahamas",14,"Harbour Island","","","District","District"
286,17,"BHS","Bahamas",15,"Hope Town","","","District","District"
287,17,"BHS","Bahamas",16,"Inagua","","Inague","District","District"
288,17,"BHS","Bahamas",17,"Long Island","","Ilha Longa|Isla Larga","District","District"
289,17,"BHS","Bahamas",18,"Mangrove Cay","","","District","District"
290,17,"BHS","Bahamas",19,"Mayaguana","","","District","District"
291,17,"BHS","Bahamas",20,"Moore's Island","","","District","District"
292,17,"BHS","Bahamas",21,"New Providence","","Nova Providência|Nueva Providencia","District","District"
293,17,"BHS","Bahamas",22,"North Abaco","","","District","District"
294,17,"BHS","Bahamas",23,"North Andros","","","District","District"
295,17,"BHS","Bahamas",24,"North Eleuthera","","","District","District"
296,17,"BHS","Bahamas",25,"Ragged Island","","","District","District"
297,17,"BHS","Bahamas",26,"Rum Cay","","","District","District"
298,17,"BHS","Bahamas",27,"San Salvador","","São Salvador|Watling Island","District","District"
299,17,"BHS","Bahamas",28,"South Abaco","","","District","District"
300,17,"BHS","Bahamas",29,"South Andros","","","District","District"
301,17,"BHS","Bahamas",30,"South Eleuthera","","","District","District"
302,17,"BHS","Bahamas",31,"Spanish Wells","","","District","District"
303,17,"BHS","Bahamas",32,"West Grand Bahama","","","District","District"
