"PID","ID_0","ISO","NAME_0","ID_1","NAME_1","ID_2","NAME_2","NL_NAME_2","VARNAME_2","TYPE_2","ENGTYPE_2"
33071,237,"UKR","Ukraine",4,"Crimea",72,"Krasnoperekops'kyi","","Krasnoperekopsk","Raion","District"
33072,237,"UKR","Ukraine",4,"Crimea",73,"Lenins'kyi","","Leninskiy","Raion","Raion"
33073,237,"UKR","Ukraine",4,"Crimea",74,"Nyzhn'ohirs'kyi","","Nizhnegorskiy","Raion","Raion"
33074,237,"UKR","Ukraine",4,"Crimea",75,"Pervomais'kyi","","Pervomaiskiy","Raion","Raion"
33075,237,"UKR","Ukraine",4,"Crimea",76,"Rozdol'nens'kyi","","Rozdolnenskiy","Raion","Raion"
33076,237,"UKR","Ukraine",4,"Crimea",77,"Saks'ka","","Saq-city","Misto","City"
33077,237,"UKR","Ukraine",4,"Crimea",78,"Saks'kyi","","Saq","Raion","District"
33078,237,"UKR","Ukraine",4,"Crimea",79,"Simferopol's'ka","","Simferopol city","Mis'ka Rada","Mis'ka Rada"
33079,237,"UKR","Ukraine",4,"Crimea",80,"Simferopol's'kyi","","Simferopol","Raion","District"
33080,237,"UKR","Ukraine",4,"Crimea",81,"Soviets'kyi","","Sovetskiy","Raion","Raion"
33081,237,"UKR","Ukraine",4,"Crimea",82,"Sudats'ka","","Sudak","Misto","City"
33082,237,"UKR","Ukraine",5,"Dnipropetrovs'k",83,"Apostolivs'kyi","","Apostolovskyi","Raion","District"
33083,237,"UKR","Ukraine",5,"Dnipropetrovs'k",84,"Dniprodzerzhyns'ka","","Dniprodzerzhinsk","Mis'ka Rada","Mis'ka Rada"
33084,237,"UKR","Ukraine",5,"Dnipropetrovs'k",85,"Dnipropetrovs'ka","","Dnipropetrovsk","Mis'ka Rada","Mis'ka Rada"
33085,237,"UKR","Ukraine",5,"Dnipropetrovs'k",86,"Dnipropetrovs'kyi","","Dnipropetrovskyi","Raion","District"
33086,237,"UKR","Ukraine",5,"Dnipropetrovs'k",87,"Iurïvs'kyi","","Yuriivskyi","Raion","District"
33087,237,"UKR","Ukraine",5,"Dnipropetrovs'k",88,"Krynychans'kyi","","Krynychanskyi","Raion","District"
33088,237,"UKR","Ukraine",5,"Dnipropetrovs'k",89,"Kryvoriz'kyi","","Kryvorizkyi","Raion","District"
33089,237,"UKR","Ukraine",5,"Dnipropetrovs'k",90,"KryvyiRig","","","Misto","City"
33090,237,"UKR","Ukraine",5,"Dnipropetrovs'k",91,"Mahdalynivs'kyi","","Magdalynivskyi","Raion","District"
33091,237,"UKR","Ukraine",5,"Dnipropetrovs'k",92,"Marhanets'ka","","Marhanets","Mis'ka Rada","Mis'ka Rada"
35617,237,"UKR","Ukraine",5,"Dnipropetrovs'k",93,"Mezhivs'kyi","","Mezhovyi","Raion","District"
35618,237,"UKR","Ukraine",5,"Dnipropetrovs'k",94,"Nikopol's'ka","","","Misto","City"
35619,237,"UKR","Ukraine",5,"Dnipropetrovs'k",95,"Nikopol's'kyi","","Nikopolskyi","Raion","District"
35620,237,"UKR","Ukraine",5,"Dnipropetrovs'k",96,"Novomoskovs'ka","","Novomoskovsk","Misto","City"
35621,237,"UKR","Ukraine",5,"Dnipropetrovs'k",97,"Novomoskovs'kyi","","Novomoskovskyi","Raion","District"
35622,237,"UKR","Ukraine",5,"Dnipropetrovs'k",98,"Ordzhonikidzevs'ka","","Ordzhonikidze","Misto","City"
35623,237,"UKR","Ukraine",5,"Dnipropetrovs'k",99,"Pavlograd","","","Misto","City"
35624,237,"UKR","Ukraine",5,"Dnipropetrovs'k",100,"Pavlohrads'kyi","","Pavlogradskyi","Raion","District"
35625,237,"UKR","Ukraine",5,"Dnipropetrovs'k",101,"Petropavlivs'kyi","","Petropavlivskyi","Raion","District"
35626,237,"UKR","Ukraine",5,"Dnipropetrovs'k",102,"Petrykivs'kyi","","Petrykivskyi","Raion","District"
35627,237,"UKR","Ukraine",5,"Dnipropetrovs'k",103,"Piatykhats'kyi","","Pyatyhatskyi","Raion","District"
35628,237,"UKR","Ukraine",5,"Dnipropetrovs'k",104,"Pokrovs'kyi","","Pokrovskyi","Raion","District"
35629,237,"UKR","Ukraine",5,"Dnipropetrovs'k",105,"Shyrokivs'kyi","","Shyrochanskyi","Raion","District"
35630,237,"UKR","Ukraine",5,"Dnipropetrovs'k",106,"Sofi‹vs'kyi","","Sofiivskyi","Raion","District"
35631,237,"UKR","Ukraine",5,"Dnipropetrovs'k",107,"Solonians'kyi","","Solonyanskyi","Raion","District"
35632,237,"UKR","Ukraine",5,"Dnipropetrovs'k",108,"Synel'nykivs'ka","","","Misto","City"
35633,237,"UKR","Ukraine",5,"Dnipropetrovs'k",109,"Synel'nykivs'kyi","","Synelnikivskyi","Raion","District"
35634,237,"UKR","Ukraine",5,"Dnipropetrovs'k",110,"Tomakivs'kyi","","Tomakivskyi","Raion","District"
35635,237,"UKR","Ukraine",5,"Dnipropetrovs'k",111,"Tsarychans'kyi","","Tsarychanskyi","Raion","District"
35636,237,"UKR","Ukraine",5,"Dnipropetrovs'k",112,"Vasyl'kivs'kyi","","Vasylkivskyi","Raion","District"
36824,237,"UKR","Ukraine",1,"Cherkasy",1,"Cherkas'ka","","","Mis'ka Rada","Mis'ka Rada"
36825,237,"UKR","Ukraine",1,"Cherkasy",2,"Cherkas'kyi","","","Raion","District"
36826,237,"UKR","Ukraine",1,"Cherkasy",3,"Chornobaivs'kyi","","Chornobayivskyi","Raion","District"
36827,237,"UKR","Ukraine",1,"Cherkasy",4,"Chyhyryns'kyi","","","Raion","District"
36828,237,"UKR","Ukraine",1,"Cherkasy",5,"Drabivs'kyi","","","Raion","District"
36829,237,"UKR","Ukraine",1,"Cherkasy",6,"Horodyshchens'kyi","","Gorodyschenskyi","Raion","District"
36830,237,"UKR","Ukraine",1,"Cherkasy",7,"Kamians'kyi","","","Raion","District"
36831,237,"UKR","Ukraine",1,"Cherkasy",8,"Kanivs'ka","","","Misto","City"
36832,237,"UKR","Ukraine",1,"Cherkasy",9,"Kanivs'kyi","","","Raion","District"
36833,237,"UKR","Ukraine",1,"Cherkasy",10,"Katerynopil's'kyi","","","Raion","District"
36834,237,"UKR","Ukraine",1,"Cherkasy",11,"Khrystynivs'kyi","","","Raion","District"
36835,237,"UKR","Ukraine",1,"Cherkasy",12,"Korsun'-Shevchenkivs'kyi","","KorsunShevchenkiv","Raion","District"
36836,237,"UKR","Ukraine",1,"Cherkasy",13,"Lysians'kyi","","","Raion","District"
36837,237,"UKR","Ukraine",1,"Cherkasy",14,"Man'kivs'kyi","","Mankivskyi","Raion","District"
36838,237,"UKR","Ukraine",1,"Cherkasy",15,"Monastyryshchens'kyi","","Monastyryshchens'","Raion","District"
36839,237,"UKR","Ukraine",1,"Cherkasy",16,"Shpolians'kyi","","","Raion","District"
36840,237,"UKR","Ukraine",1,"Cherkasy",17,"Smilians'kyi","","","Raion","District"
36841,237,"UKR","Ukraine",1,"Cherkasy",18,"Tal'nivs'kyi","","","Raion","District"
36842,237,"UKR","Ukraine",1,"Cherkasy",19,"Umans'ka","","","Misto","City"
36843,237,"UKR","Ukraine",1,"Cherkasy",20,"Umans'kyi","","","Raion","District"
36844,237,"UKR","Ukraine",1,"Cherkasy",21,"Zhashkivs'kyi","","","Raion","District"
36845,237,"UKR","Ukraine",1,"Cherkasy",22,"Zolotonis'kyi","","","Raion","District"
36846,237,"UKR","Ukraine",1,"Cherkasy",23,"Zvenyhorods'kyi","","","Raion","District"
36847,237,"UKR","Ukraine",2,"Chernihiv",24,"Bakhmats'kyi","","Bahmatskyi","Raion","District"
36848,237,"UKR","Ukraine",2,"Chernihiv",25,"Bobrovyts'kyi","","Bobrovytskyi","Raion","District"
36849,237,"UKR","Ukraine",2,"Chernihiv",26,"Borznians'kyi","","Borznyanskyi","Raion","District"
36850,237,"UKR","Ukraine",2,"Chernihiv",27,"Chernihivs'ka","","Chernigiv","Misto","City"
36851,237,"UKR","Ukraine",2,"Chernihiv",28,"Chernihivs'kyi","","Chernigivskyi","Raion","District"
36852,237,"UKR","Ukraine",2,"Chernihiv",29,"Horodnians'kyi","","Gorodnyanskyi","Raion","District"
36853,237,"UKR","Ukraine",2,"Chernihiv",30,"Ichnians'kyi","","Ichnyanskyi","Raion","District"
36854,237,"UKR","Ukraine",2,"Chernihiv",31,"Koriukivs'kyi","","Koryukivskyi","Raion","District"
36855,237,"UKR","Ukraine",2,"Chernihiv",32,"Korops'kyi","","Koropskyi","Raion","District"
36856,237,"UKR","Ukraine",2,"Chernihiv",33,"Kozelets'kyi","","Kozeletskyi","Raion","District"
36857,237,"UKR","Ukraine",2,"Chernihiv",34,"Kulykivs'kyi","","Kulykivskyi","Raion","District"
36858,237,"UKR","Ukraine",2,"Chernihiv",35,"Mens'kyi","","Menskyi","Raion","District"
36859,237,"UKR","Ukraine",2,"Chernihiv",36,"Nizhyns'ka","","","Misto","City"
36860,237,"UKR","Ukraine",2,"Chernihiv",37,"Nizhyns'kyi","","Nizhynskyi","Raion","District"
36861,237,"UKR","Ukraine",2,"Chernihiv",38,"Nosivs'kyi","","Nosivskyi","Raion","District"
36862,237,"UKR","Ukraine",2,"Chernihiv",39,"Novhorod-Sivers'kyi","","NovgorodSiverskyi","Raion","District"
36863,237,"UKR","Ukraine",2,"Chernihiv",40,"Pryluts'ka","","","Misto","City"
36864,237,"UKR","Ukraine",2,"Chernihiv",41,"Pryluts'kyi","","Prylutskyi","Raion","District"
36865,237,"UKR","Ukraine",2,"Chernihiv",42,"Ripkyns'kyi","","Ripchanskyi","Raion","District"
36866,237,"UKR","Ukraine",2,"Chernihiv",43,"Semenivs'kyi","","Semenivskyi","Raion","District"
36867,237,"UKR","Ukraine",2,"Chernihiv",44,"Shchors'kyi","","Schorskyi","Raion","District"
36868,237,"UKR","Ukraine",2,"Chernihiv",45,"Sosnyts'kyi","","Sosnytskyi","Raion","District"
36869,237,"UKR","Ukraine",2,"Chernihiv",46,"Sribnians'kyi","","Sribnyanskyi","Raion","District"
36870,237,"UKR","Ukraine",2,"Chernihiv",47,"Talala‹vs'kyi","","Talalayivskyi","Raion","District"
36871,237,"UKR","Ukraine",2,"Chernihiv",48,"Varvyns'kyi","","Varvenskyi","Raion","District"
36872,237,"UKR","Ukraine",3,"Chernivtsi",49,"Chernivets'ka","","Chernivtsi","Misto","City"
36873,237,"UKR","Ukraine",3,"Chernivtsi",50,"Hlybots'kyi","","","Raion","District"
36874,237,"UKR","Ukraine",3,"Chernivtsi",51,"Kel'menets'kyi","","Kelmenetskyi","Raion","District"
36875,237,"UKR","Ukraine",3,"Chernivtsi",52,"Khotyns'kyi","","Khotynskyi","Raion","District"
36876,237,"UKR","Ukraine",3,"Chernivtsi",53,"Kitsmans'kyi","","Kitsmanskyi","Raion","District"
36877,237,"UKR","Ukraine",3,"Chernivtsi",54,"Novoselits'kyi","","Novoselytskyi","Raion","District"
36878,237,"UKR","Ukraine",3,"Chernivtsi",55,"Putyl's'kyi","","Putylskyi","Raion","District"
36879,237,"UKR","Ukraine",3,"Chernivtsi",56,"Sokyrians'kyi","","Sokyryanskyi","Raion","District"
36880,237,"UKR","Ukraine",3,"Chernivtsi",57,"Storozhynets'kyi","","Storozhynetskyi","Raion","District"
36881,237,"UKR","Ukraine",3,"Chernivtsi",58,"Vyzhnyts'kyi","","Vyzhnytskyi","Raion","District"
36882,237,"UKR","Ukraine",3,"Chernivtsi",59,"Zastavnets'kyi","","Zastavnenskyi","Raion","District"
36883,237,"UKR","Ukraine",4,"Crimea",60,"Alushtyns'ka","","Alushta","Mis'ka Rada","Mis'ka Rada"
36884,237,"UKR","Ukraine",4,"Crimea",61,"Bakhchysarais'kyi","","Baghchasaray","Raion","District"
36885,237,"UKR","Ukraine",4,"Crimea",62,"Bilohirs'kyi","","Belogorskiy","Raion","Raion"
36886,237,"UKR","Ukraine",4,"Crimea",63,"Chornomors'kyi","","Chornomorskiy","Raion","Raion"
36887,237,"UKR","Ukraine",4,"Crimea",64,"Dzhankois'ka","","Dzhankoy","Misto","City"
36888,237,"UKR","Ukraine",4,"Crimea",65,"Dzhankois'kyi","","","Raion","Raion"
36889,237,"UKR","Ukraine",4,"Crimea",66,"Feodosiis'ka","","Feodosiya","Misto","City"
36890,237,"UKR","Ukraine",4,"Crimea",67,"Ialtyns'ka","","Yalta","Misto","City"
36891,237,"UKR","Ukraine",4,"Crimea",68,"Ievpatoriis'ka","","","Misto","City"
36892,237,"UKR","Ukraine",4,"Crimea",69,"Kerchens'ka","","Kerch","Misto","City"
36893,237,"UKR","Ukraine",4,"Crimea",70,"Kirovs'kyi","","Kirovskiy","Raion","Raion"
36894,237,"UKR","Ukraine",4,"Crimea",71,"Krasnohvardiis'kyi","","Krasnohvardiyske","Raion","Raion"
36895,237,"UKR","Ukraine",5,"Dnipropetrovs'k",113,"Verkhn'odniprovs'kyi","","Verhnyodniprovsky","Raion","District"
36896,237,"UKR","Ukraine",5,"Dnipropetrovs'k",114,"Zhovtovods'ka","","ZhovtiVody","Mis'ka Rada","Mis'ka Rada"
36897,237,"UKR","Ukraine",6,"Donets'k",115,"Amvrosi‹vs'kyi","","Amvrosiivskyi","Raion","District"
36898,237,"UKR","Ukraine",6,"Donets'k",116,"Artemivs'ka","","","Mis'ka Rada","Mis'ka Rada"
36899,237,"UKR","Ukraine",6,"Donets'k",117,"Artemivs'kyi","","Artemivskyi","Raion","District"
36900,237,"UKR","Ukraine",6,"Donets'k",118,"Dobropil's'ka","","Dobropillia","Mis'ka Rada","Mis'ka Rada"
36901,237,"UKR","Ukraine",6,"Donets'k",119,"Dobropil's'kyi","","Dobropolskyi","Raion","District"
36902,237,"UKR","Ukraine",6,"Donets'k",120,"Donets'ka","","Donetsk","Mis'ka Rada","Mis'ka Rada"
36903,237,"UKR","Ukraine",6,"Donets'k",121,"Dzerzhyns'ka","","Dzerzhinsk-Don","Mis'ka Rada","Mis'ka Rada"
36904,237,"UKR","Ukraine",6,"Donets'k",122,"Horlivs'ka","","Gorlivka","Mis'ka Rada","Mis'ka Rada"
36905,237,"UKR","Ukraine",6,"Donets'k",123,"Iasynuvats'ka","","","Misto","City"
36906,237,"UKR","Ukraine",6,"Donets'k",124,"Iasynuvats'kyi","","Yasynuvatskyi","Raion","District"
36907,237,"UKR","Ukraine",6,"Donets'k",125,"Ienakiievs'ka","","Yenakiyeve","Mis'ka Rada","Mis'ka Rada"
36908,237,"UKR","Ukraine",6,"Donets'k",126,"Khartsyz'ka","","Khartsyzk","Mis'ka Rada","Mis'ka Rada"
36909,237,"UKR","Ukraine",6,"Donets'k",127,"Kirovs'ka","","Kirovske","Misto","City"
36910,237,"UKR","Ukraine",6,"Donets'k",128,"Kostiantynivs'ka","","Kostyantynivka","Misto","City"
36911,237,"UKR","Ukraine",6,"Donets'k",129,"Kostiantynivs'kyi","","Kostyantynivskyi","Raion","District"
36912,237,"UKR","Ukraine",6,"Donets'k",130,"Kramators'ka","","Kramatorsk","Mis'ka Rada","Mis'ka Rada"
36913,237,"UKR","Ukraine",6,"Donets'k",131,"Krasnoarmiis'ka","","","Mis'ka Rada","Mis'ka Rada"
36914,237,"UKR","Ukraine",6,"Donets'k",132,"Krasnoarmiis'kyi","","Krasnoarmeyskyi-D","Raion","District"
36915,237,"UKR","Ukraine",6,"Donets'k",133,"Krasnolymans'ka","","","Mis'ka Rada","Mis'ka Rada"
36916,237,"UKR","Ukraine",6,"Donets'k",134,"Krasnolymans'kyi","","Krasnolymanskyi","Raion","District"
36917,237,"UKR","Ukraine",6,"Donets'k",135,"Maki‹vs'ka","","Makiivka","Mis'ka Rada","Mis'ka Rada"
36918,237,"UKR","Ukraine",6,"Donets'k",136,"Mar‹ns'kyi","","Mariinskyi","Raion","District"
36919,237,"UKR","Ukraine",6,"Donets'k",137,"Mariupol's'ka","","Mariupol","Mis'ka Rada","Mis'ka Rada"
36920,237,"UKR","Ukraine",6,"Donets'k",138,"n.a. ( 181)","","","",""
36921,237,"UKR","Ukraine",6,"Donets'k",139,"n.a. ( 319)","",""," ",""
36922,237,"UKR","Ukraine",6,"Donets'k",140,"n.a. ( 384)","",""," ",""
36923,237,"UKR","Ukraine",6,"Donets'k",141,"n.a. ( 394)","",""," ",""
36924,237,"UKR","Ukraine",6,"Donets'k",142,"n.a. ( 488)","",""," ",""
36925,237,"UKR","Ukraine",6,"Donets'k",143,"n.a. ( 493)","",""," ",""
36926,237,"UKR","Ukraine",6,"Donets'k",144,"n.a. ( 511)","",""," ",""
36927,237,"UKR","Ukraine",6,"Donets'k",145,"Novoazovs'kyi","","Novoazovskyi","Raion","District"
36928,237,"UKR","Ukraine",6,"Donets'k",146,"Novohrodivs'ka","","Novohrodivka","Misto","City"
36929,237,"UKR","Ukraine",6,"Donets'k",147,"Oleksandrivs'kyi","","Oleksandrivskyi","Raion","District"
36930,237,"UKR","Ukraine",6,"Donets'k",148,"Pershotravnevyi","","","Raion","District"
36931,237,"UKR","Ukraine",6,"Donets'k",149,"Selydovs'ka","","Selydove","Mis'ka Rada","Mis'ka Rada"
36932,237,"UKR","Ukraine",6,"Donets'k",150,"Shakhtars'ka","","Shahtarsk-Don","Mis'ka Rada","Mis'ka Rada"
36933,237,"UKR","Ukraine",6,"Donets'k",151,"Shakhtars'kyi","","Shahtarskyi-Don","Raion","District"
36934,237,"UKR","Ukraine",6,"Donets'k",152,"Slovians'ka","","Sloviansk","Mis'ka Rada","Mis'ka Rada"
36935,237,"UKR","Ukraine",6,"Donets'k",153,"Slovians'kyi","","Slovyanskyi-Don","Raion","District"
36936,237,"UKR","Ukraine",6,"Donets'k",154,"Snizhnens'ka","","Snezhnoye","Mis'ka Rada","Mis'ka Rada"
36937,237,"UKR","Ukraine",6,"Donets'k",155,"Starobeshivs'kyi","","Starobeshevskyi","Raion","District"
36938,237,"UKR","Ukraine",6,"Donets'k",156,"Tel'manivs'kyi","","Telmanivskyi-Don","Raion","District"
36939,237,"UKR","Ukraine",6,"Donets'k",157,"Torez'ka","","Torez-Don","Mis'ka Rada","Mis'ka Rada"
36940,237,"UKR","Ukraine",6,"Donets'k",158,"Velykonovosilkivs'kyi","","Velykonovoselivsk","Raion","District"
36941,237,"UKR","Ukraine",6,"Donets'k",159,"Volnovas'kyi","","Volnovaskyi","Raion","District"
36942,237,"UKR","Ukraine",6,"Donets'k",160,"Volodars'kyi","","Volodarskyi","Raion","District"
36943,237,"UKR","Ukraine",6,"Donets'k",161,"Vuhledars'ka","","Vuhledar","Misto","City"
36944,237,"UKR","Ukraine",6,"Donets'k",162,"Zhdanivs'ka","","Zhdanivka","Mis'ka Rada","Mis'ka Rada"
36945,237,"UKR","Ukraine",7,"Ivano-Frankivs'k",163,"Bohorodchans'kyi","","Bogorodchanskyi","Raion","District"
36946,237,"UKR","Ukraine",7,"Ivano-Frankivs'k",164,"Dolyns'kyi","","Dolynskyi-Ifr","Raion","District"
36947,237,"UKR","Ukraine",7,"Ivano-Frankivs'k",165,"Halyts'kyi","","Galytskyi","Raion","District"
36948,237,"UKR","Ukraine",7,"Ivano-Frankivs'k",166,"Horodenkivs'kyi","","Gorodenkivskyi","Raion","District"
36949,237,"UKR","Ukraine",7,"Ivano-Frankivs'k",167,"Iaremchans'ka","","Yaremcha","Mis'ka Rada","Mis'ka Rada"
36950,237,"UKR","Ukraine",7,"Ivano-Frankivs'k",168,"Ivano-Frankivs'ka","","","Mis'ka Rada","Mis'ka Rada"
36951,237,"UKR","Ukraine",7,"Ivano-Frankivs'k",169,"Kalus'kyi","","Kaluskyi-Raion","Raion","District"
36952,237,"UKR","Ukraine",7,"Ivano-Frankivs'k",170,"Kolomyis'kyi","","Kolomyyskyi","Raion","District"
36953,237,"UKR","Ukraine",7,"Ivano-Frankivs'k",171,"Kosivs'kyi","","Kosivskyi","Raion","District"
36954,237,"UKR","Ukraine",7,"Ivano-Frankivs'k",172,"Nadvirnians'kyi","","Nadvirnyanskyi","Raion","District"
36955,237,"UKR","Ukraine",7,"Ivano-Frankivs'k",173,"Rohatyns'kyi","","Rogatynskyi","Raion","District"
36956,237,"UKR","Ukraine",7,"Ivano-Frankivs'k",174,"Rozhniativs'kyi","","Rozhnyativskyi","Raion","District"
36957,237,"UKR","Ukraine",7,"Ivano-Frankivs'k",175,"Sniatyns'kyi","","Snyatynskyi","Raion","District"
36958,237,"UKR","Ukraine",7,"Ivano-Frankivs'k",176,"Tlumats'kyi","","Tlumatskyi","Raion","District"
36959,237,"UKR","Ukraine",7,"Ivano-Frankivs'k",177,"Tysmenyts'kyi","","Tysmenetskyi","Raion","District"
36960,237,"UKR","Ukraine",7,"Ivano-Frankivs'k",178,"Verkhovyns'kyi","","Verhovynskyi","Raion","District"
36961,237,"UKR","Ukraine",8,"Kharkiv",179,"Balakliis'kyi","","Balakliya","Raion","District"
36962,237,"UKR","Ukraine",8,"Kharkiv",180,"Barvinkivs'kyi","","Barvenkove","Raion","District"
36963,237,"UKR","Ukraine",8,"Kharkiv",181,"Blyzniukivs'kyi","","Blyznyuky","Raion","District"
36964,237,"UKR","Ukraine",8,"Kharkiv",182,"Bohodukhivs'kyi","","Bohodukhiv","Raion","District"
36965,237,"UKR","Ukraine",8,"Kharkiv",183,"Borivs'kyi","","","Raion","Raion"
36966,237,"UKR","Ukraine",8,"Kharkiv",184,"Chuhu‹vs'ka","","","Mis'ka Rada","Mis'ka Rada"
36967,237,"UKR","Ukraine",8,"Kharkiv",185,"Chuhu‹vs'kyi","","Chihuyiv","Raion","District"
36968,237,"UKR","Ukraine",8,"Kharkiv",186,"Derhachivs'kyi","","Derhachi","Raion","District"
36969,237,"UKR","Ukraine",8,"Kharkiv",187,"Dvorichans'kyi","","Dvuricha","Raion","District"
36970,237,"UKR","Ukraine",8,"Kharkiv",188,"Iziums'ka","","","Misto","City"
36971,237,"UKR","Ukraine",8,"Kharkiv",189,"Iziums'kyi","","Izyum","Raion","District"
36972,237,"UKR","Ukraine",8,"Kharkiv",190,"Kehychivs'kyi","","Kehichivka","Raion","District"
36973,237,"UKR","Ukraine",8,"Kharkiv",191,"Kharkivs'ka","","","Mis'ka Rada","Mis'ka Rada"
36974,237,"UKR","Ukraine",8,"Kharkiv",192,"Kharkivs'kyi","","Kharkivsky","Raion","District"
36975,237,"UKR","Ukraine",8,"Kharkiv",193,"Krasnohrads'kyi","","Kkasnohrad","Raion","District"
36976,237,"UKR","Ukraine",8,"Kharkiv",194,"Krasnokuts'kyi","","Krasnokutsk","Raion","District"
36977,237,"UKR","Ukraine",8,"Kharkiv",195,"Kupians'ka","","","Mis'ka Rada","Mis'ka Rada"
36978,237,"UKR","Ukraine",8,"Kharkiv",196,"Kupians'kyi","","Kup'yansk","Raion","District"
36979,237,"UKR","Ukraine",8,"Kharkiv",197,"Lozivs'ka","","","Mis'ka Rada","Mis'ka Rada"
36980,237,"UKR","Ukraine",8,"Kharkiv",198,"Lozivs'kyi","","Lozova","Raion","District"
36981,237,"UKR","Ukraine",8,"Kharkiv",199,"n.a. ( 180)","",""," ",""
36982,237,"UKR","Ukraine",8,"Kharkiv",200,"Novovodolaz'kyi","","Nova Vodolaha","Raion","District"
36983,237,"UKR","Ukraine",8,"Kharkiv",201,"Pecheniz'kyi","","Pechenizkyi","Raion","District"
36984,237,"UKR","Ukraine",8,"Kharkiv",202,"Pervomais'kyi","","Pervomaisk","Raion","District"
36985,237,"UKR","Ukraine",8,"Kharkiv",203,"Sakhnovshchyns'kyi","","Sakhnovschyna","Raion","District"
36986,237,"UKR","Ukraine",8,"Kharkiv",204,"Shevchenkivs'kyi","","Shevchenkove","Raion","District"
36987,237,"UKR","Ukraine",8,"Kharkiv",205,"Valkivs'kyi","","Valky","Raion","District"
36988,237,"UKR","Ukraine",8,"Kharkiv",206,"Velykoburluts'kyi","","Velykyburluk","Raion","District"
36989,237,"UKR","Ukraine",8,"Kharkiv",207,"Vovchans'kyi","","Vovchansk","Raion","District"
36990,237,"UKR","Ukraine",8,"Kharkiv",208,"Zachepylivs'kyi","","Zachepylivka","Raion","District"
36991,237,"UKR","Ukraine",8,"Kharkiv",209,"Zmiïvs'kyi","","Zmiyiv","Raion","District"
36992,237,"UKR","Ukraine",8,"Kharkiv",210,"Zolochivs'kyi","","Zolochiv","Raion","District"
36993,237,"UKR","Ukraine",9,"Kherson",211,"Beryslavs'kyi","","Beryslavskyi","Raion","District"
36994,237,"UKR","Ukraine",9,"Kherson",212,"Bilozers'kyi","","Bilozerskyi","Raion","District"
36995,237,"UKR","Ukraine",9,"Kherson",213,"Chaplyns'kyi","","Chaplynskyi","Raion","District"
36996,237,"UKR","Ukraine",9,"Kherson",214,"Heniches'kyi","","Genicheskyi","Raion","District"
36997,237,"UKR","Ukraine",9,"Kherson",215,"Holoprystans'kyi","","Goloprystanskyi","Raion","District"
36998,237,"UKR","Ukraine",9,"Kherson",216,"Hornosta‹vs'kyi","","Gornostaivskyi","Raion","District"
36999,237,"UKR","Ukraine",9,"Kherson",217,"Ivanivs'kyi","","Ivanivskyi-Her","Raion","District"
37000,237,"UKR","Ukraine",9,"Kherson",218,"Kakhovs'kyi","","Kahovskyi","Raion","District"
37001,237,"UKR","Ukraine",9,"Kherson",219,"Kalanchats'kyi","","Kalanchatskyi","Raion","District"
37002,237,"UKR","Ukraine",9,"Kherson",220,"Khersons'ka","","Kherson","Mis'ka Rada","Mis'ka Rada"
37003,237,"UKR","Ukraine",9,"Kherson",221,"Novokahovs'ka","","NovaKakhovka","Mis'ka Rada","Mis'ka Rada"
37004,237,"UKR","Ukraine",9,"Kherson",222,"Novotro‹ts'kyi","","Novotroitskyi","Raion","District"
37005,237,"UKR","Ukraine",9,"Kherson",223,"Novovorontsovs'kyi","","Novovorontsovskyi","Raion","District"
37006,237,"UKR","Ukraine",9,"Kherson",224,"Nyzhn'osirohoz'kyi","","Nyzhnyosirogizkyi","Raion","District"
37007,237,"UKR","Ukraine",9,"Kherson",225,"Skadovs'kyi","","Skadovskyi","Raion","District"
37008,237,"UKR","Ukraine",9,"Kherson",226,"Tsiurupyns'kyi","","Tsyurupinskyi","Raion","District"
37009,237,"UKR","Ukraine",9,"Kherson",227,"Velykolepetys'kyi","","Velykolepetynskyi","Raion","District"
37010,237,"UKR","Ukraine",9,"Kherson",228,"Velykooleksandrivs'kyi","","Velykooleksandriv","Raion","District"
37011,237,"UKR","Ukraine",9,"Kherson",229,"Verkhn'orohachyts'kyi","","Verhnyerogachytsk","Raion","District"
37012,237,"UKR","Ukraine",9,"Kherson",230,"Vysokopil's'kyi","","Vysokopilskyi","Raion","District"
37013,237,"UKR","Ukraine",10,"Khmel'nyts'kyy",231,"Bilohirs'kyi","","Bilogirskyi","Raion","District"
37014,237,"UKR","Ukraine",10,"Khmel'nyts'kyy",232,"Chemerovets'kyi","","Chemerivskyi","Raion","District"
37015,237,"UKR","Ukraine",10,"Khmel'nyts'kyy",233,"Derazhnians'kyi","","Derazhnyanskyi","Raion","District"
37016,237,"UKR","Ukraine",10,"Khmel'nyts'kyy",234,"Dunaievets'kyi","","Dunayivskyi","Raion","District"
37017,237,"UKR","Ukraine",10,"Khmel'nyts'kyy",235,"Horodots'kyi","","Gorodotskyi-Khm","Raion","District"
37018,237,"UKR","Ukraine",10,"Khmel'nyts'kyy",236,"Iarmolynets'kyi","","Yarmolynetskyi","Raion","District"
37019,237,"UKR","Ukraine",10,"Khmel'nyts'kyy",237,"Iziaslavs'kyi","","Izyaslavskyi","Raion","District"
37020,237,"UKR","Ukraine",10,"Khmel'nyts'kyy",238,"Kamianets'-Podil's'ka","","","Misto","City"
37021,237,"UKR","Ukraine",10,"Khmel'nyts'kyy",239,"Kamianets'-Podil's'kyi","","KamyanetsPodilsky","Raion","District"
37022,237,"UKR","Ukraine",10,"Khmel'nyts'kyy",240,"Khmel'nyts'ka","","Khmelnytskyi-Cit","Misto","City"
37023,237,"UKR","Ukraine",10,"Khmel'nyts'kyy",241,"Khmel'nyts'kyi","","Khmelnytskyi","Raion","District"
37024,237,"UKR","Ukraine",10,"Khmel'nyts'kyy",242,"Krasylivs'kyi","","Krasylivskyi","Raion","District"
37025,237,"UKR","Ukraine",10,"Khmel'nyts'kyy",243,"Letychivs'kyi","","Letychivskyi","Raion","District"
37026,237,"UKR","Ukraine",10,"Khmel'nyts'kyy",244,"Novoushyts'kyi","","Novoushytskyi","Raion","District"
37027,237,"UKR","Ukraine",10,"Khmel'nyts'kyy",245,"Polons'kyi","","Polonyanskyi","Raion","District"
37028,237,"UKR","Ukraine",10,"Khmel'nyts'kyy",246,"Shepetivs'ka","","","Misto","City"
37029,237,"UKR","Ukraine",10,"Khmel'nyts'kyy",247,"Shepetivs'kyi","","Shepetivskyi","Raion","District"
37030,237,"UKR","Ukraine",10,"Khmel'nyts'kyy",248,"Slavuts'kyi","","Slavutytskyi","Raion","District"
37031,237,"UKR","Ukraine",10,"Khmel'nyts'kyy",249,"Starokostiantynivs'kyi","","Starokostyantyniv","Raion","District"
37032,237,"UKR","Ukraine",10,"Khmel'nyts'kyy",250,"Starosyniavs'kyi","","Starosynyavskyi","Raion","District"
37033,237,"UKR","Ukraine",10,"Khmel'nyts'kyy",251,"Teofipol's'kyi","","Teofipolskyi","Raion","District"
37034,237,"UKR","Ukraine",10,"Khmel'nyts'kyy",252,"Vin'kovets'kyi","","Vinkivskyi","Raion","District"
37035,237,"UKR","Ukraine",10,"Khmel'nyts'kyy",253,"Volochys'kyi","","Volochyskyi","Raion","District"
37036,237,"UKR","Ukraine",11,"Kiev City",254,"Darnyts'kyi","","Darnytskyi","Raion","Raion"
37037,237,"UKR","Ukraine",11,"Kiev City",255,"Desnians'kyi","","Desnianskyi","Raion","Raion"
37038,237,"UKR","Ukraine",11,"Kiev City",256,"Dniprovs'kyi","","Dniprovskyi","Raion","Raion"
37039,237,"UKR","Ukraine",11,"Kiev City",257,"Holosiïvs'kyi","","Holosiivskyi","Raion","Raion"
37040,237,"UKR","Ukraine",11,"Kiev City",258,"Obolons'kyi","","Obolonskyi","Raion","Raion"
37041,237,"UKR","Ukraine",11,"Kiev City",259,"Pechers'kyi","","Pecherskyi","Raion","Raion"
37042,237,"UKR","Ukraine",11,"Kiev City",260,"Podil's'kyi","","Podilskyi","Raion","Raion"
37043,237,"UKR","Ukraine",11,"Kiev City",261,"Shevchenkivs'kyi","","Shevchenkivskyi","Raion","Raion"
37044,237,"UKR","Ukraine",11,"Kiev City",262,"Solomians'kyi","","Solomianskyi","Raion","Raion"
37045,237,"UKR","Ukraine",11,"Kiev City",263,"Sviatoshyns'kyi","","Sviatoshynskyi","Raion","Raion"
37046,237,"UKR","Ukraine",12,"Kiev",264,"Baryshivs'kyi","","Baryshivskyi","Raion","District"
37047,237,"UKR","Ukraine",12,"Kiev",265,"Bilotserkivs'ka","","BilaTserkva","Misto","City"
37048,237,"UKR","Ukraine",12,"Kiev",266,"Bilotserkivs'kyi","","Bilotserkovskyi","Raion","District"
37049,237,"UKR","Ukraine",12,"Kiev",267,"Bohuslavs'kyi","","Boguslavskyi","Raion","District"
37050,237,"UKR","Ukraine",12,"Kiev",268,"Borodians'kyi","","Borodyanskyi","Raion","District"
37051,237,"UKR","Ukraine",12,"Kiev",269,"Boryspil's'ka","","Boryspilskyi","Mis'ka Rada","Mis'ka Rada"
37052,237,"UKR","Ukraine",12,"Kiev",270,"Brovars'ka","","","Misto","City"
37053,237,"UKR","Ukraine",12,"Kiev",271,"Brovars'kyi","","Brovarskyi","Raion","District"
37054,237,"UKR","Ukraine",12,"Kiev",272,"Fastivs'ka","","","Misto","City"
37055,237,"UKR","Ukraine",12,"Kiev",273,"Fastivs'kyi","","Fastivskyi","Raion","District"
37056,237,"UKR","Ukraine",12,"Kiev",274,"Iahotyns'kyi","","Yagotynskyi","Raion","District"
37057,237,"UKR","Ukraine",12,"Kiev",275,"Irpins'ka","","Irpin","Mis'ka Rada","Mis'ka Rada"
37058,237,"UKR","Ukraine",12,"Kiev",276,"Ivankivs'kyi","","Ivankivskyi","Raion","District"
37059,237,"UKR","Ukraine",12,"Kiev",277,"Kaharlyts'kyi","","Kagarlytskyi","Raion","District"
37060,237,"UKR","Ukraine",12,"Kiev",278,"Kyievo-Sviatoshyns'kyi","","KyevoSvyatoshynsk","Raion","District"
37061,237,"UKR","Ukraine",12,"Kiev",279,"Makarivs'kyi","","Makarivskyi","Raion","District"
37062,237,"UKR","Ukraine",12,"Kiev",280,"Myronivs'kyi","","Myronivskyi","Raion","District"
37063,237,"UKR","Ukraine",12,"Kiev",281,"Obukhivs'kyi","","Obuhivskyi","Raion","District"
37064,237,"UKR","Ukraine",12,"Kiev",282,"Pereiaslav-Khmel'nyts'ka","","","Misto","City"
37065,237,"UKR","Ukraine",12,"Kiev",283,"Pereiaslav-Khmel'nyts'kyi","","PereyaslavHmelnyt","Raion","District"
37066,237,"UKR","Ukraine",12,"Kiev",284,"Polis'kyi","","Poliskyi-Kyi","Raion","District"
37067,237,"UKR","Ukraine",12,"Kiev",285,"Rokytnians'kyi","","Rokytnyanskyi","Raion","District"
37068,237,"UKR","Ukraine",12,"Kiev",286,"Skvyrs'kyi","","Skvyrskyi","Raion","District"
37069,237,"UKR","Ukraine",12,"Kiev",287,"Stavyshchens'kyi","","Stavyschenskyi","Raion","District"
37070,237,"UKR","Ukraine",12,"Kiev",288,"Tarashchans'kyi","","Taraschanskyi","Raion","District"
37071,237,"UKR","Ukraine",12,"Kiev",289,"Tetiïvs'kyi","","Tetiivskyi","Raion","District"
37072,237,"UKR","Ukraine",12,"Kiev",290,"Vasyl'kivs'kyi","","Vasylkivskyi","Raion","District"
37073,237,"UKR","Ukraine",12,"Kiev",291,"Volodars'kyi","","Volodarskyi-Kyi","Raion","District"
37074,237,"UKR","Ukraine",12,"Kiev",292,"Vyshhorods'kyi","","Vyshgorodskyi","Raion","District"
37075,237,"UKR","Ukraine",12,"Kiev",293,"Zgurivs'kyi","","Zgurivskyi","Raion","District"
37076,237,"UKR","Ukraine",13,"Kirovohrad",294,"Bobrynets'kyi","","Bobrynetskyi","Raion","District"
37077,237,"UKR","Ukraine",13,"Kirovohrad",295,"Dobrovelychkivs'kyi","","Dobrovelychkivsky","Raion","District"
37078,237,"UKR","Ukraine",13,"Kirovohrad",296,"Dolyns'kyi","","Dolynskyi-Krv","Raion","District"
37079,237,"UKR","Ukraine",13,"Kirovohrad",297,"Haivorons'kyi","","Gayvoronskyi","Raion","District"
37080,237,"UKR","Ukraine",13,"Kirovohrad",298,"Holovanivs'kyi","","Golovanivskyi","Raion","District"
37081,237,"UKR","Ukraine",13,"Kirovohrad",299,"Kirovohrads'kyi","","Kirovogradskyi","Raion","District"
37082,237,"UKR","Ukraine",13,"Kirovohrad",300,"Kompani‹vs'kyi","","Kompaniivskyi","Raion","District"
37083,237,"UKR","Ukraine",13,"Kirovohrad",301,"Malovyskivs'kyi","","Malovyskyi","Raion","District"
37084,237,"UKR","Ukraine",13,"Kirovohrad",302,"Novhorodkivs'kyi","","Novgorodskyi","Raion","District"
37085,237,"UKR","Ukraine",13,"Kirovohrad",303,"Novoarkhanhel's'kyi","","Novoarhangelskyi","Raion","District"
37086,237,"UKR","Ukraine",13,"Kirovohrad",304,"Novomyrhorods'kyi","","Novomyrgorodskyi","Raion","District"
37087,237,"UKR","Ukraine",13,"Kirovohrad",305,"Novoukra‹ns'kyi","","Novoukrainskyi","Raion","District"
37088,237,"UKR","Ukraine",13,"Kirovohrad",306,"Oleksandriis'kyi","","Oleksandriyskyi","Raion","District"
37089,237,"UKR","Ukraine",13,"Kirovohrad",307,"Oleksandrivs'kyi","","Oleksandrivskyi","Raion","District"
37090,237,"UKR","Ukraine",13,"Kirovohrad",308,"Onufri‹vs'kyi","","Onufriivskyi","Raion","District"
37091,237,"UKR","Ukraine",13,"Kirovohrad",309,"Petrivs'kyi","","Petrovskyi-Krv","Raion","District"
37092,237,"UKR","Ukraine",13,"Kirovohrad",310,"Svitlovods'kyi","","Svitlovodskyi-Krv","Raion","District"
37093,237,"UKR","Ukraine",13,"Kirovohrad",311,"Ul'ianovs'kyi","","Ulyanivskyi-Krv","Raion","District"
37094,237,"UKR","Ukraine",13,"Kirovohrad",312,"Ustynivs'kyi","","Ustynivskyi","Raion","District"
37095,237,"UKR","Ukraine",13,"Kirovohrad",313,"Vil'shans'kyi","","Vilshanskyi","Raion","District"
37096,237,"UKR","Ukraine",13,"Kirovohrad",314,"Znamians'kyi","","Znamyanskyi","Raion","District"
37097,237,"UKR","Ukraine",14,"L'viv",315,"Brodivs'kyi","","Brodivskyi","Raion","District"
37098,237,"UKR","Ukraine",14,"L'viv",316,"Bus'kyi","","Buskyi","Raion","District"
37099,237,"UKR","Ukraine",14,"L'viv",317,"Chervonohrads'ka","","Chervonohrad","Mis'ka Rada","Mis'ka Rada"
37100,237,"UKR","Ukraine",14,"L'viv",318,"Drohobyts'ka","","","Mis'ka Rada","Mis'ka Rada"
37101,237,"UKR","Ukraine",14,"L'viv",319,"Drohobyts'kyi","","Drogobytskyi","Raion","District"
37102,237,"UKR","Ukraine",14,"L'viv",320,"Horodots'kyi","","Gorodotskyi-Lvi","Raion","District"
37103,237,"UKR","Ukraine",14,"L'viv",321,"Iavorivs'kyi","","Yavorivskyi","Raion","District"
37104,237,"UKR","Ukraine",14,"L'viv",322,"Kamianka-Buz'kyi","","KamyankaBuzkyi","Raion","District"
37105,237,"UKR","Ukraine",14,"L'viv",323,"L'vivs'ka","","Lviv","Mis'ka Rada","Mis'ka Rada"
37106,237,"UKR","Ukraine",14,"L'viv",324,"Mostys'kyi","","Mostyskyi","Raion","District"
37107,237,"UKR","Ukraine",14,"L'viv",325,"Mykola‹vs'kyi","","Mykolayivskyi-Lvi","Raion","District"
37108,237,"UKR","Ukraine",14,"L'viv",326,"Peremyshlians'kyi","","Peremyshlyanskyi","Raion","District"
37109,237,"UKR","Ukraine",14,"L'viv",327,"Pustomytivs'kyi","","Pustomytivskyi","Raion","District"
37110,237,"UKR","Ukraine",14,"L'viv",328,"Radekhivs'kyi","","Radehivskyi","Raion","District"
37111,237,"UKR","Ukraine",14,"L'viv",329,"Sambirs'ka","","","Misto","City"
37112,237,"UKR","Ukraine",14,"L'viv",330,"Sambirs'kyi","","Sambirskyi","Raion","District"
37113,237,"UKR","Ukraine",14,"L'viv",331,"Skolivs'kyi","","Skolevskyi","Raion","District"
37114,237,"UKR","Ukraine",14,"L'viv",332,"Sokal's'kyi","","Sokalskyi","Raion","District"
37115,237,"UKR","Ukraine",14,"L'viv",333,"Starosambirs'kyi","","Starosambirskyi","Raion","District"
37116,237,"UKR","Ukraine",14,"L'viv",334,"Stryis'ka","","","Misto","City"
37117,237,"UKR","Ukraine",14,"L'viv",335,"Stryis'kyi","","Stryyskyi","Raion","District"
37118,237,"UKR","Ukraine",14,"L'viv",336,"Turkivs'kyi","","Turkskyi-Lvi","Raion","District"
37119,237,"UKR","Ukraine",14,"L'viv",337,"Zhovkivs'kyi","","Zhovkvovskyi","Raion","District"
37120,237,"UKR","Ukraine",14,"L'viv",338,"Zhydachivs'kyi","","Zhydachivskyi","Raion","District"
37121,237,"UKR","Ukraine",14,"L'viv",339,"Zolochivs'kyi","","Zolochivskyi","Raion","District"
37122,237,"UKR","Ukraine",15,"Luhans'k",340,"Alchevs'ka","","Alchevsk","Misto","City"
37123,237,"UKR","Ukraine",15,"Luhans'k",341,"Antratsitivs'ka","","Antratsyt","Mis'ka Rada","Mis'ka Rada"
37124,237,"UKR","Ukraine",15,"Luhans'k",342,"Antratsytivs'kyi","","Antratsytovskyi","Raion","District"
37125,237,"UKR","Ukraine",15,"Luhans'k",343,"Bilokurakyns'kyi","","Bilokurakinskyi","Raion","District"
37126,237,"UKR","Ukraine",15,"Luhans'k",344,"Bilovods'kyi","","Bilovodskyi","Raion","District"
37127,237,"UKR","Ukraine",15,"Luhans'k",345,"Briankivs'ka","","Brianka","Mis'ka Rada","Mis'ka Rada"
37128,237,"UKR","Ukraine",15,"Luhans'k",346,"Kirovs'ka","","Kirovsk","Mis'ka Rada","Mis'ka Rada"
37129,237,"UKR","Ukraine",15,"Luhans'k",347,"Krasnodons'ka","","Krasnodons'ka","Mis'ka Rada","Mis'ka Rada"
37130,237,"UKR","Ukraine",15,"Luhans'k",348,"Krasnodons'kyi","","Krasnodonskyi","Raion","District"
37131,237,"UKR","Ukraine",15,"Luhans'k",349,"Krasnoluts'ka","","","Mis'ka Rada","Mis'ka Rada"
37132,237,"UKR","Ukraine",15,"Luhans'k",350,"Kremins'kyi","","Kreminskyi","Raion","District"
37133,237,"UKR","Ukraine",15,"Luhans'k",351,"Luhans'ka","","Lugansk","Mis'ka Rada","Mis'ka Rada"
37134,237,"UKR","Ukraine",15,"Luhans'k",352,"Lutuhyns'kyi","","Lutuginskyi","Raion","District"
37135,237,"UKR","Ukraine",15,"Luhans'k",353,"Lysychans'ka","","Lisychansk","Mis'ka Rada","Mis'ka Rada"
37136,237,"UKR","Ukraine",15,"Luhans'k",354,"Markivs'kyi","","Markivskyi-Lug","Raion","District"
37137,237,"UKR","Ukraine",15,"Luhans'k",355,"Milovs'kyi","","Milovskyi","Raion","District"
37138,237,"UKR","Ukraine",15,"Luhans'k",356,"n.a. ( 182)","","","",""
37139,237,"UKR","Ukraine",15,"Luhans'k",357,"Novoaidars'kyi","","Novoaydarskyi","Raion","District"
37140,237,"UKR","Ukraine",15,"Luhans'k",358,"Novopskovs'kyi","","Novopskovskyi","Raion","District"
37141,237,"UKR","Ukraine",15,"Luhans'k",359,"Pereval's'kyi","","Perevalskyi","Raion","District"
37142,237,"UKR","Ukraine",15,"Luhans'k",360,"Popasnians'kyi","","Popasnyanskyi","Raion","District"
37143,237,"UKR","Ukraine",15,"Luhans'k",361,"Roven'kivs'ka","","Rovenki","Mis'ka Rada","Mis'ka Rada"
37144,237,"UKR","Ukraine",15,"Luhans'k",362,"Rubezhans'ka","","Rubizhne","Misto","City"
37145,237,"UKR","Ukraine",15,"Luhans'k",363,"Sieverodonets'ka","","Severodonetsk","Mis'ka Rada","Mis'ka Rada"
37146,237,"UKR","Ukraine",15,"Luhans'k",364,"Slovianoserbs'kyi","","Slovyanoserbskyi","Raion","District"
37147,237,"UKR","Ukraine",15,"Luhans'k",365,"Stakhanivs'ka","","Stahanov","Mis'ka Rada","Mis'ka Rada"
37148,237,"UKR","Ukraine",15,"Luhans'k",366,"Stanychno-Luhans'kyi","","StanichnoLugansky","Raion","District"
37149,237,"UKR","Ukraine",15,"Luhans'k",367,"Starobil's'kyi","","Starobilskyi","Raion","District"
37150,237,"UKR","Ukraine",15,"Luhans'k",368,"Svativs'kyi","","Svatovskyi","Raion","District"
37151,237,"UKR","Ukraine",15,"Luhans'k",369,"Sverdlovs'ka","","Sverdlovs'ka","Mis'ka Rada","Mis'ka Rada"
37152,237,"UKR","Ukraine",15,"Luhans'k",370,"Sverdlovs'kyi","","Sverdlovskyi-Lug","Raion","District"
37153,237,"UKR","Ukraine",15,"Luhans'k",371,"Tro‹ts'kyi","","Troitskyi-Lug","Raion","District"
37154,237,"UKR","Ukraine",16,"Mykolayiv",372,"Arbuzyns'kyi","","Arbuzynskyi","Raion","District"
37155,237,"UKR","Ukraine",16,"Mykolayiv",373,"Bashtans'kyi","","Bashtanskyi","Raion","District"
37156,237,"UKR","Ukraine",16,"Mykolayiv",374,"Berezans'kyi","","Berezanskyi","Raion","District"
37157,237,"UKR","Ukraine",16,"Mykolayiv",375,"Bereznehuvats'kyi","","Berezneguvatskyi","Raion","District"
37158,237,"UKR","Ukraine",16,"Mykolayiv",376,"Brats'kyi","","Bratskyi-Myk","Raion","District"
37159,237,"UKR","Ukraine",16,"Mykolayiv",377,"Domanivs'kyi","","Domanivskyi","Raion","District"
37160,237,"UKR","Ukraine",16,"Mykolayiv",378,"Ielanets'kyi","","Yelanetskyi","Raion","District"
37161,237,"UKR","Ukraine",16,"Mykolayiv",379,"Kazanetskyi","","Kazankivs'kyi","Raion","District"
37162,237,"UKR","Ukraine",16,"Mykolayiv",380,"Kryvoozers'kyi","","Kryvoozerskyi","Raion","District"
37163,237,"UKR","Ukraine",16,"Mykolayiv",381,"Mykola‹vs'ka","","Mykolayiv-Myk","Misto","City"
37164,237,"UKR","Ukraine",16,"Mykolayiv",382,"Mykola‹vs'kyi","","Mykolayivskyi-Myl","Raion","District"
37165,237,"UKR","Ukraine",16,"Mykolayiv",383,"Novobuz'kyi","","Novobuzkyi","Raion","District"
37166,237,"UKR","Ukraine",16,"Mykolayiv",384,"Novoodes'kyi","","Novoodeskyi","Raion","District"
37167,237,"UKR","Ukraine",16,"Mykolayiv",385,"Ochakivs'kyi","","Ochakivskyi","Raion","District"
37168,237,"UKR","Ukraine",16,"Mykolayiv",386,"Pervomais'ka","","","Misto","City"
37169,237,"UKR","Ukraine",16,"Mykolayiv",387,"Pervomais'kyi","","Pervomayskyi-Myk","Raion","District"
37170,237,"UKR","Ukraine",16,"Mykolayiv",388,"Snihurivs'kyi","","Snigurivskyi","Raion","District"
37171,237,"UKR","Ukraine",16,"Mykolayiv",389,"Veselynivs'kyi","","Veselynovskyi","Raion","District"
37172,237,"UKR","Ukraine",16,"Mykolayiv",390,"Voznesens'ka","","","Misto","City"
37173,237,"UKR","Ukraine",16,"Mykolayiv",391,"Voznesens'kyi","","Voznesenskyi-Myk","Raion","District"
37174,237,"UKR","Ukraine",16,"Mykolayiv",392,"Vradi‹vs'kyi","","Vradiyivskyi","Raion","District"
37175,237,"UKR","Ukraine",16,"Mykolayiv",393,"Zhovtnevyi","","Zhovtnevyi-Myk","Raion","District"
37176,237,"UKR","Ukraine",17,"Odessa",394,"Anan'‹vs'kyi","","Ananyivskyi","Raion","District"
37177,237,"UKR","Ukraine",17,"Odessa",395,"Artsyz'kyi","","Artsyzkyi","Raion","District"
37178,237,"UKR","Ukraine",17,"Odessa",396,"Balts'kyi","","Baltenskyi","Raion","District"
37179,237,"UKR","Ukraine",17,"Odessa",397,"Berezivs'kyi","","Berezivskyi-Ode","Raion","District"
37180,237,"UKR","Ukraine",17,"Odessa",398,"Bilhorod-Dnistrovs'ka","","","Mis'ka Rada","Mis'ka Rada"
37181,237,"UKR","Ukraine",17,"Odessa",399,"Bilhorod-Dnistrovs'kyi","","Bilgorod Dnistrovs","Raion","District"
37182,237,"UKR","Ukraine",17,"Odessa",400,"Bilia‹vs'kyi","","Bilyayivskyi","Raion","District"
37183,237,"UKR","Ukraine",17,"Odessa",401,"Bolhrads'kyi","","Bolgradskyi-Ode","Raion","District"
37184,237,"UKR","Ukraine",17,"Odessa",402,"Frunzivs'kyi","","Frunzevskyi-Ode","Raion","District"
37185,237,"UKR","Ukraine",17,"Odessa",403,"Ivanivs'kyi","","Ivanivskyi-Ode","Raion","District"
37186,237,"UKR","Ukraine",17,"Odessa",404,"Izma‹l's'ka","","Izmayilskyi","Misto","City"
37187,237,"UKR","Ukraine",17,"Odessa",405,"Kiliis'kyi","","Kiliyskyi","Raion","District"
37188,237,"UKR","Ukraine",17,"Odessa",406,"Kodyms'kyi","","Kodymskyi","Raion","District"
37189,237,"UKR","Ukraine",17,"Odessa",407,"Kominternivs'kyi","","Kominternivskyi","Raion","District"
37190,237,"UKR","Ukraine",17,"Odessa",408,"Kotovs'ka","","","Misto","City"
37191,237,"UKR","Ukraine",17,"Odessa",409,"Kotovs'kyi","","Kotovskyi-Ode","Raion","District"
37192,237,"UKR","Ukraine",17,"Odessa",410,"Krasnooknians'kyi","","Krasnooknyanskyi","Raion","District"
37193,237,"UKR","Ukraine",17,"Odessa",411,"Liubashivs'kyi","","Lyubashivskyi","Raion","District"
37194,237,"UKR","Ukraine",17,"Odessa",412,"Mykola‹vs'kyi","","Mykolayivskyi-Ode","Raion","District"
37195,237,"UKR","Ukraine",17,"Odessa",413,"Odes'ka","","Odesa","Misto","City"
37196,237,"UKR","Ukraine",17,"Odessa",414,"Ovidiopol's'kyi","","Ovidiopolskyi","Raion","District"
37197,237,"UKR","Ukraine",17,"Odessa",415,"Reniis'kyi","","Reniyskyi","Raion","District"
37198,237,"UKR","Ukraine",17,"Odessa",416,"Rozdil'nias'kyi","","Rozdilnenskyi","Raion","District"
37199,237,"UKR","Ukraine",17,"Odessa",417,"Sarats'kyi","","Saratskyi","Raion","District"
37200,237,"UKR","Ukraine",17,"Odessa",418,"Savrans'kyi","","Savranskyi","Raion","District"
37201,237,"UKR","Ukraine",17,"Odessa",419,"Shyria‹vs'kyi","","Shyrayevskyi","Raion","District"
37202,237,"UKR","Ukraine",17,"Odessa",420,"Tarutyns'kyi","","Tarutynskyi","Raion","District"
37203,237,"UKR","Ukraine",17,"Odessa",421,"Tatarbunars'kyi","","Tatarbunarskyi","Raion","District"
37204,237,"UKR","Ukraine",17,"Odessa",422,"Velykomykhailivs'kyi","","Velykomyhaylivsky","Raion","District"
37205,237,"UKR","Ukraine",18,"Poltava",423,"Chornukhyns'kyi","","Chornuskyi","Raion","District"
37206,237,"UKR","Ukraine",18,"Poltava",424,"Chutivs'kyi","","Chutovskyi","Raion","District"
37207,237,"UKR","Ukraine",18,"Poltava",425,"Dykans'kyi","","Dykanskyi","Raion","District"
37208,237,"UKR","Ukraine",18,"Poltava",426,"Hadiats'kyi","","Gadyatskyi-Pol","Raion","District"
37209,237,"UKR","Ukraine",18,"Poltava",427,"Hlobyns'kyi","","Globinskyi-Pol","Raion","District"
37210,237,"UKR","Ukraine",18,"Poltava",428,"Hrebinkivs'kyi","","Grebinkivskyi","Raion","District"
37211,237,"UKR","Ukraine",18,"Poltava",429,"Karlivs'kyi","","Karlivskyi","Raion","District"
37212,237,"UKR","Ukraine",18,"Poltava",430,"Khorol's'kyi","","Horolskyi","Raion","District"
37213,237,"UKR","Ukraine",18,"Poltava",431,"Kobeliats'kyi","","Kobelyatskyi","Raion","District"
37214,237,"UKR","Ukraine",18,"Poltava",432,"Komsomol's'ka","","Komsomolsk-Pol","Mis'ka Rada","Mis'ka Rada"
37215,237,"UKR","Ukraine",18,"Poltava",433,"Kotelevs'kyi","","Kotelvskyi","Raion","District"
37216,237,"UKR","Ukraine",18,"Poltava",434,"Kozel'shchyns'kyi","","Kozelschynskyi","Raion","District"
37217,237,"UKR","Ukraine",18,"Poltava",435,"Kremenchuts'ka","","Kremenchug-Pol","Misto","City"
37218,237,"UKR","Ukraine",18,"Poltava",436,"Kremenchuts'kyi","","Kremenchutskyi","Raion","District"
37219,237,"UKR","Ukraine",18,"Poltava",437,"Lokhvyts'kyi","","Lohvytskyi","Raion","District"
37220,237,"UKR","Ukraine",18,"Poltava",438,"Lubens'ka","","","Misto","City"
37221,237,"UKR","Ukraine",18,"Poltava",439,"Lubens'kyi","","Lubenskyi","Raion","District"
37222,237,"UKR","Ukraine",18,"Poltava",440,"Mashivs'kyi","","Mashivskyi","Raion","District"
37223,237,"UKR","Ukraine",18,"Poltava",441,"Myrhorods'kyi","","Myrgorodskyi","Raion","District"
37224,237,"UKR","Ukraine",18,"Poltava",442,"Novosanzhars'kyi","","Novosanzharskyi","Raion","District"
37225,237,"UKR","Ukraine",18,"Poltava",443,"Orzhyts'kyi","","Orzhytskyi","Raion","District"
37226,237,"UKR","Ukraine",18,"Poltava",444,"Poltavs'ka","","Poltava","Misto","City"
37227,237,"UKR","Ukraine",18,"Poltava",445,"Poltavs'kyi","","Poltavskyi","Raion","District"
37228,237,"UKR","Ukraine",18,"Poltava",446,"Pyriatyns'kyi","","Piryatinskyi","Raion","District"
37229,237,"UKR","Ukraine",18,"Poltava",447,"Reshetylivs'kyi","","Reshetylivskyi","Raion","District"
37230,237,"UKR","Ukraine",18,"Poltava",448,"Semenivs'kyi","","Semenivskyi","Raion","District"
37231,237,"UKR","Ukraine",18,"Poltava",449,"Shyshats'kyi","","Shyshatskyi","Raion","District"
37232,237,"UKR","Ukraine",18,"Poltava",450,"Velykobahachans'kyi","","Velykobagatskyi","Raion","District"
37233,237,"UKR","Ukraine",18,"Poltava",451,"Zin'kivs'kyi","","Zinkivskyi","Raion","District"
37234,237,"UKR","Ukraine",19,"Rivne",452,"Bereznivs'kyi","","Bereznyatskyi","Raion","District"
37235,237,"UKR","Ukraine",19,"Rivne",453,"Demydiv's'kyi","","Demydivskyi","Raion","Raion"
37236,237,"UKR","Ukraine",19,"Rivne",454,"Dubens'kyi","","Dubenskyi","Raion","District"
37237,237,"UKR","Ukraine",19,"Rivne",455,"Dubnivs'ka","","Dubno","Misto","City"
37238,237,"UKR","Ukraine",19,"Rivne",456,"Dubrovyts'kyi","","Dubrovytskyi","Raion","District"
37239,237,"UKR","Ukraine",19,"Rivne",457,"Hoshchans'kyi","","Goschanskyi","Raion","District"
37240,237,"UKR","Ukraine",19,"Rivne",458,"Korets'kyi","","Koretskyi","Raion","District"
37241,237,"UKR","Ukraine",19,"Rivne",459,"Kostopil's'kyi","","Kostopilskyi","Raion","District"
37242,237,"UKR","Ukraine",19,"Rivne",460,"Mlynivs'kyi","","Mlynivskyi","Raion","Raion"
37243,237,"UKR","Ukraine",19,"Rivne",461,"Ostroz'kyi","","Ostrozkyi-Riv","Raion","District"
37244,237,"UKR","Ukraine",19,"Rivne",462,"Radyvylivs'kyi","","Radyvylivskyi","Raion","District"
37245,237,"UKR","Ukraine",19,"Rivne",463,"Rivnens'ka","","Rivne","Misto","City"
37246,237,"UKR","Ukraine",19,"Rivne",464,"Rivnens'kyi","","Rivnenskyi","Raion","District"
37247,237,"UKR","Ukraine",19,"Rivne",465,"Rokytnivs'kyi","","Rokytnyanskyi-Riv","Raion","District"
37248,237,"UKR","Ukraine",19,"Rivne",466,"Sarnens'kyi","","Sarnenskyi","Raion","District"
37249,237,"UKR","Ukraine",19,"Rivne",467,"Volodymyrets'kyi","","Volodymyretskyi","Raion","District"
37250,237,"UKR","Ukraine",19,"Rivne",468,"Zarichnens'kyi","","Zarichnenskyi","Raion","District"
37251,237,"UKR","Ukraine",19,"Rivne",469,"Zdolbunivs'kyi","","Zdolbunivskyi","Raion","District"
37252,237,"UKR","Ukraine",20,"Sevastopol'",470,"Balaklavs'kyi","","Balaklavskiy","Raion","Raion"
37253,237,"UKR","Ukraine",20,"Sevastopol'",471,"Haharins'kyi","","Gagarinskiy","Raion","Raion"
37254,237,"UKR","Ukraine",20,"Sevastopol'",472,"Lenins'kyi","","Leninskiy","Raion","Raion"
37255,237,"UKR","Ukraine",20,"Sevastopol'",473,"Nakhimovs'kyi","","Nakhimovskiy","Raion","Raion"
37256,237,"UKR","Ukraine",21,"Sumy",474,"Bilopils'kyi","","Bilopilskyi","Raion","District"
37257,237,"UKR","Ukraine",21,"Sumy",475,"Buryns'kyi","","Burynskyi","Raion","District"
37258,237,"UKR","Ukraine",21,"Sumy",476,"Hlukhivs'kyi","","Gluhivskyi","Raion","District"
37259,237,"UKR","Ukraine",21,"Sumy",477,"Iampil's'kyi","","Yampilskyi-Sum","Raion","District"
37260,237,"UKR","Ukraine",21,"Sumy",478,"Konotops'ka","","","Mis'ka Rada","Mis'ka Rada"
37261,237,"UKR","Ukraine",21,"Sumy",479,"Konotops'kyi","","Konotopskyi","Raion","District"
37262,237,"UKR","Ukraine",21,"Sumy",480,"Krasnopil's'kyi","","Krasnopilskyi","Raion","District"
37263,237,"UKR","Ukraine",21,"Sumy",481,"Krolevets'kyi","","Krolevetskyi","Raion","District"
37264,237,"UKR","Ukraine",21,"Sumy",482,"Lebedyns'kyi","","Lebedynskyi","Raion","District"
37265,237,"UKR","Ukraine",21,"Sumy",483,"Lypovodolyns'kyi","","Lypovodolynskyi","Raion","District"
37266,237,"UKR","Ukraine",21,"Sumy",484,"Nedryhailivs'kyi","","Nedrygaylivskyi","Raion","District"
37267,237,"UKR","Ukraine",21,"Sumy",485,"Okhtyrs'ka","","","Mis'ka Rada","Mis'ka Rada"
37268,237,"UKR","Ukraine",21,"Sumy",486,"Okhtyrs'kyi","","Ahtyrskyi-Sum","Raion","Raion"
37269,237,"UKR","Ukraine",21,"Sumy",487,"Putyvl's'kyi","","Putyvlskyi","Raion","District"
37270,237,"UKR","Ukraine",21,"Sumy",488,"Romens'ka","","","Mis'ka Rada","Mis'ka Rada"
37271,237,"UKR","Ukraine",21,"Sumy",489,"Romens'kyi","","Romenskyi","Raion","District"
37272,237,"UKR","Ukraine",21,"Sumy",490,"Seredyno-Buds'kyi","","Seredynobudskyi","Raion","District"
37273,237,"UKR","Ukraine",21,"Sumy",491,"Shostkins'ka","","","Misto","City"
37274,237,"UKR","Ukraine",21,"Sumy",492,"Shostkins'kyi","","Shostskyi","Raion","District"
37275,237,"UKR","Ukraine",21,"Sumy",493,"Sums'ka","","Sumy","Mis'ka Rada","Mis'ka Rada"
37276,237,"UKR","Ukraine",21,"Sumy",494,"Sums'kyi","","Sumskyi","Raion","District"
37277,237,"UKR","Ukraine",21,"Sumy",495,"Trostianets'kyi","","Trostyanetskyi","Raion","District"
37278,237,"UKR","Ukraine",21,"Sumy",496,"Velykopysarivs'kyi","","Velykopysarivskyi","Raion","District"
37279,237,"UKR","Ukraine",22,"Ternopil'",497,"Berezhans'kyi","","Berezhanskyi","Raion","District"
37280,237,"UKR","Ukraine",22,"Ternopil'",498,"Borshchivs'kyi","","Borschivskyi","Raion","District"
37281,237,"UKR","Ukraine",22,"Ternopil'",499,"Buchats'kyi","","Buchachskyi","Raion","District"
37282,237,"UKR","Ukraine",22,"Ternopil'",500,"Chortkivs'kyi","","Chortkivskyi","Raion","District"
37283,237,"UKR","Ukraine",22,"Ternopil'",501,"Husiatyns'kyi","","Gusyatynskyi","Raion","District"
37284,237,"UKR","Ukraine",22,"Ternopil'",502,"Kozivs'kyi","","Kozovskyi","Raion","District"
37285,237,"UKR","Ukraine",22,"Ternopil'",503,"Kremenets'kyi","","Kremenetskyi","Raion","District"
37286,237,"UKR","Ukraine",22,"Ternopil'",504,"Lanovets'kyi","","Lanivskyi","Raion","Raion"
37287,237,"UKR","Ukraine",22,"Ternopil'",505,"Monastyrys'kyi","","Monastyryskyi","Raion","District"
37288,237,"UKR","Ukraine",22,"Ternopil'",506,"Pidhaiets'kyi","","Pidgayskyi","Raion","District"
37289,237,"UKR","Ukraine",22,"Ternopil'",507,"Pidvolochys'kyi","","Pidvolochinskyi","Raion","District"
37290,237,"UKR","Ukraine",22,"Ternopil'",508,"Shums'kyi","","Shumskyi","Raion","District"
37291,237,"UKR","Ukraine",22,"Ternopil'",509,"Terebovlians'kyi","","Terebovlskyi","Raion","District"
37292,237,"UKR","Ukraine",22,"Ternopil'",510,"Ternopil's'ka","","Ternopil","Misto","City"
37293,237,"UKR","Ukraine",22,"Ternopil'",511,"Ternopil's'kyi","","Ternopilskyi","Raion","District"
37294,237,"UKR","Ukraine",22,"Ternopil'",512,"Zalishchyts'kyi","","Zalischynskyi","Raion","District"
37295,237,"UKR","Ukraine",22,"Ternopil'",513,"Zbaraz'kyi","","Zbarazkyi","Raion","District"
37296,237,"UKR","Ukraine",22,"Ternopil'",514,"Zborivs'kyi","","Zborivskyi","Raion","District"
37297,237,"UKR","Ukraine",23,"Transcarpathia",515,"Berehivs'kyi","","Beregovskyi","Raion","District"
37298,237,"UKR","Ukraine",23,"Transcarpathia",516,"Irshavs'kyi","","Irshavskyi","Raion","District"
37299,237,"UKR","Ukraine",23,"Transcarpathia",517,"Khusts'kyi","","Khustskyi","Raion","District"
37300,237,"UKR","Ukraine",23,"Transcarpathia",518,"Mizhhirs'kyi","","Mizhgirskyi","Raion","District"
37301,237,"UKR","Ukraine",23,"Transcarpathia",519,"Mukachivs'ka","","","Misto","City"
37302,237,"UKR","Ukraine",23,"Transcarpathia",520,"Mukachivs'kyi","","Mukachevskyi","Raion","District"
37303,237,"UKR","Ukraine",23,"Transcarpathia",521,"Perechyns'kyi","","Perechynskyi","Raion","District"
37304,237,"UKR","Ukraine",23,"Transcarpathia",522,"Rakhivs'kyi","","Rahivskyi","Raion","District"
37305,237,"UKR","Ukraine",23,"Transcarpathia",523,"Svaliavs'kyi","","Svalyavskyi","Raion","District"
37306,237,"UKR","Ukraine",23,"Transcarpathia",524,"Tiachivs'kyi","","Tyachivskyi","Raion","District"
37307,237,"UKR","Ukraine",23,"Transcarpathia",525,"Uzhhorods'ka","","Uzhgorod","Misto","City"
37308,237,"UKR","Ukraine",23,"Transcarpathia",526,"Uzhhorods'kyi","","Uzhgorodskyi","Raion","District"
37309,237,"UKR","Ukraine",23,"Transcarpathia",527,"Velykobereznians'kyi","","Velykobereznyansk","Raion","District"
37310,237,"UKR","Ukraine",23,"Transcarpathia",528,"Volovets'kyi","","Volovetskyi","Raion","District"
37311,237,"UKR","Ukraine",23,"Transcarpathia",529,"Vynohradivs'kyi","","Vynogradivskyi","Raion","District"
37312,237,"UKR","Ukraine",24,"Vinnytsya",530,"Bars'kyi","","Barskyi","Raion","District"
37313,237,"UKR","Ukraine",24,"Vinnytsya",531,"Bershads'kyi","","Bershadskyi","Raion","District"
37314,237,"UKR","Ukraine",24,"Vinnytsya",532,"Chechel'nyts'kyi","","Chechelnyskyi","Raion","District"
37315,237,"UKR","Ukraine",24,"Vinnytsya",533,"Iampil's'kyi","","Yampilskyi-Vin","Raion","District"
37316,237,"UKR","Ukraine",24,"Vinnytsya",534,"Illinets'kyi","","Illintsivskyi","Raion","District"
37317,237,"UKR","Ukraine",24,"Vinnytsya",535,"Kalynivs'kyi","","Kalynivskyi","Raion","District"
37318,237,"UKR","Ukraine",24,"Vinnytsya",536,"Khmil'nyts'kyi","","Khmilnitskyi-Vin","Raion","District"
37319,237,"UKR","Ukraine",24,"Vinnytsya",537,"Koziatyns'kyi","","Kozyatynskyi","Raion","District"
37320,237,"UKR","Ukraine",24,"Vinnytsya",538,"Kryzhopil's'kyi","","Kryzhopilskyi","Raion","District"
37321,237,"UKR","Ukraine",24,"Vinnytsya",539,"Ladyzhyns'ka","","","Mis'ka Rada","Mis'ka Rada"
37322,237,"UKR","Ukraine",24,"Vinnytsya",540,"Lityns'kyi","","Litynskyi","Raion","District"
37323,237,"UKR","Ukraine",24,"Vinnytsya",541,"Lypovets'kyi","","Lypovetskyi","Raion","District"
37324,237,"UKR","Ukraine",24,"Vinnytsya",542,"Mohyliv-Podil's'ka","","","Mis'ka Rada","Mis'ka Rada"
37325,237,"UKR","Ukraine",24,"Vinnytsya",543,"Mohyliv-Podil's'kyi","","","Raion","District"
37326,237,"UKR","Ukraine",24,"Vinnytsya",544,"Murovano-Kurylovets'kyi","","MurovanoKurylovet","Raion","District"
37327,237,"UKR","Ukraine",24,"Vinnytsya",545,"Nemyrivs'kyi","","Nemyrivskyi","Raion","District"
37328,237,"UKR","Ukraine",24,"Vinnytsya",546,"Orativs'kyi","","Orativskyi","Raion","District"
37329,237,"UKR","Ukraine",24,"Vinnytsya",547,"Pishchans'kyi","","Pischanskyi","Raion","District"
37330,237,"UKR","Ukraine",24,"Vinnytsya",548,"Pohrebyshchens'kyi","","Pogrebyschenskyi","Raion","District"
37331,237,"UKR","Ukraine",24,"Vinnytsya",549,"Sharhorods'kyi","","Shargorodskyi","Raion","District"
37332,237,"UKR","Ukraine",24,"Vinnytsya",550,"Teplyts'kyi","","Teplytskyi","Raion","District"
37333,237,"UKR","Ukraine",24,"Vinnytsya",551,"Tomashpil's'kyi","","Tomashpilskyi","Raion","District"
37334,237,"UKR","Ukraine",24,"Vinnytsya",552,"Trostianets'kyi","","Trostyanetskyi","Raion","District"
37335,237,"UKR","Ukraine",24,"Vinnytsya",553,"Tul'chyns'kyi","","Tulchynskyi","Raion","District"
37336,237,"UKR","Ukraine",24,"Vinnytsya",554,"Tyvrivs'kyi","","Tyvrivskyi","Raion","District"
37337,237,"UKR","Ukraine",24,"Vinnytsya",555,"Vinnyts'ka","","Vinnytsya","Misto","City"
37338,237,"UKR","Ukraine",24,"Vinnytsya",556,"Vinnyts'kyi","","Vinnytskyi","Raion","District"
37339,237,"UKR","Ukraine",24,"Vinnytsya",557,"Zhmeryns'ka","","","Misto","City"
37340,237,"UKR","Ukraine",24,"Vinnytsya",558,"Zhmeryns'kyi","","Zhmerynskyi","Raion","District"
37341,237,"UKR","Ukraine",25,"Volyn",559,"Horokhivs'kyi","","Gorohivskyi","Raion","District"
37342,237,"UKR","Ukraine",25,"Volyn",560,"Ivanychivs'kyi","","Ivanytskyi","Raion","District"
37343,237,"UKR","Ukraine",25,"Volyn",561,"Kamin'-Kashyrs'kyi","","KaminKashyrskyi","Raion","District"
37344,237,"UKR","Ukraine",25,"Volyn",562,"Kivertsivs'kyi","","Kiveretskyi","Raion","District"
37345,237,"UKR","Ukraine",25,"Volyn",563,"Kovel's'ka","","","Misto","City"
37346,237,"UKR","Ukraine",25,"Volyn",564,"Kovel's'kyi","","Kovelskyi","Raion","District"
37347,237,"UKR","Ukraine",25,"Volyn",565,"Liubeshivs'kyi","","Lyubeshivskyi","Raion","District"
37348,237,"UKR","Ukraine",25,"Volyn",566,"Liuboml's'ky","","Lyubomlskyi","Raion","Raion"
37349,237,"UKR","Ukraine",25,"Volyn",567,"Lokachyns'kyi","","Lokatskyi","Raion","District"
37350,237,"UKR","Ukraine",25,"Volyn",568,"Luts'ka","","Lutsk","Misto","City"
37351,237,"UKR","Ukraine",25,"Volyn",569,"Luts'kyi","","Lutskyi","Raion","District"
37352,237,"UKR","Ukraine",25,"Volyn",570,"Manevyts'kyi","","Manevytskyi","Raion","District"
37353,237,"UKR","Ukraine",25,"Volyn",571,"Novovolyns'ka","","","Mis'ka Rada","Mis'ka Rada"
37354,237,"UKR","Ukraine",25,"Volyn",572,"Ratnivs'kyi","","Ratnenskyi","Raion","District"
37355,237,"UKR","Ukraine",25,"Volyn",573,"Rozhyshchens'kyi","","Rozhyschenskyi","Raion","District"
37356,237,"UKR","Ukraine",25,"Volyn",574,"Shats'kyi","","Shatskyi","Raion","District"
37357,237,"UKR","Ukraine",25,"Volyn",575,"Starovyzhivs'kyi","","Starovyzhivskyi","Raion","District"
37358,237,"UKR","Ukraine",25,"Volyn",576,"Turiis'kyi","","Turiyskyi","Raion","District"
37359,237,"UKR","Ukraine",25,"Volyn",577,"Volodymyr-Volyns'kyi","","VolodymyrVolynsky","Raion","District"
37360,237,"UKR","Ukraine",26,"Zaporizhzhya",578,"Berdians'ka","","Berdyansk","Mis'ka Rada","Mis'ka Rada"
37361,237,"UKR","Ukraine",26,"Zaporizhzhya",579,"Berdians'kyi","","Berdyanskyi","Raion","District"
37362,237,"UKR","Ukraine",26,"Zaporizhzhya",580,"Chernihivs'kyi","","Chernigivskyi-Zap","Raion","District"
37363,237,"UKR","Ukraine",26,"Zaporizhzhya",581,"Enerhodars'ka","","Enerhodar","Misto","City"
37364,237,"UKR","Ukraine",26,"Zaporizhzhya",582,"Huliaipil's'kyi","","Gulyaypolskyi","Raion","District"
37365,237,"UKR","Ukraine",26,"Zaporizhzhya",583,"Iakymivs'kyi","","Yakymivskyi","Raion","District"
37366,237,"UKR","Ukraine",26,"Zaporizhzhya",584,"Kamians'ko-Dniprovs'kyi","","KamyanskoDniprovs|KamyanskoDniprovsky","Raion","District"
37367,237,"UKR","Ukraine",26,"Zaporizhzhya",585,"Kuibyshevs'kyi","","Kuybyshevskyi-Zap","Raion","District"
37368,237,"UKR","Ukraine",26,"Zaporizhzhya",586,"Melitopol's'ka","","Melitopol","Misto","City"
37369,237,"UKR","Ukraine",26,"Zaporizhzhya",587,"Melitopol's'kyi","","Melitopolskyi","Raion","District"
37370,237,"UKR","Ukraine",26,"Zaporizhzhya",588,"Mykhailivs'kyi","","Myhalivskyi-Zap","Raion","District"
37371,237,"UKR","Ukraine",26,"Zaporizhzhya",589,"Novomykola‹vs'kyi","","Novomykolaivskyi","Raion","District"
37372,237,"UKR","Ukraine",26,"Zaporizhzhya",590,"Orikhivs'kyi","","Orihivskyi","Raion","District"
37373,237,"UKR","Ukraine",26,"Zaporizhzhya",591,"Polohivs'kyi","","Polozkyi","Raion","District"
37374,237,"UKR","Ukraine",26,"Zaporizhzhya",592,"Pryazovs'kyi","","Pryazovskyi","Raion","District"
37375,237,"UKR","Ukraine",26,"Zaporizhzhya",593,"Prymors'kyi","","Prymorskyi-Zap","Raion","District"
37376,237,"UKR","Ukraine",26,"Zaporizhzhya",594,"Rozivs'kyi","","Rozivskyi-Zap","Raion","District"
37377,237,"UKR","Ukraine",26,"Zaporizhzhya",595,"Tokmats'ka","","","Misto","City"
37378,237,"UKR","Ukraine",26,"Zaporizhzhya",596,"Tokmats'kyi","","Tokmakskyi","Raion","District"
37379,237,"UKR","Ukraine",26,"Zaporizhzhya",597,"Vasylivs'kyi","","Vasylivskyi-Zap","Raion","District"
37380,237,"UKR","Ukraine",26,"Zaporizhzhya",598,"Velykobilozers'kyi","","Velykobilozerskyi","Raion","District"
37381,237,"UKR","Ukraine",26,"Zaporizhzhya",599,"Veselivs'kyi","","Veselivskyi","Raion","District"
37382,237,"UKR","Ukraine",26,"Zaporizhzhya",600,"Vil'nians'kyi","","Vilnyanskyi","Raion","District"
37383,237,"UKR","Ukraine",26,"Zaporizhzhya",601,"Zaporiz'ka","","Zaporizhia","Mis'ka Rada","Mis'ka Rada"
37384,237,"UKR","Ukraine",26,"Zaporizhzhya",602,"Zaporiz'kyi","","Zaporizkyi","Raion","District"
37385,237,"UKR","Ukraine",27,"Zhytomyr",603,"Andrushivs'kyi","","Andrushivskyi","Raion","District"
37386,237,"UKR","Ukraine",27,"Zhytomyr",604,"Baranivs'kyi","","Baranivskyi","Raion","District"
37387,237,"UKR","Ukraine",27,"Zhytomyr",605,"Berdychivs'ka","","","Misto","City"
37388,237,"UKR","Ukraine",27,"Zhytomyr",606,"Berdychivs'kyi","","Berdychivskyi","Raion","District"
37389,237,"UKR","Ukraine",27,"Zhytomyr",607,"Brusylivs'kyi","","Brusylivskyi","Raion","District"
37390,237,"UKR","Ukraine",27,"Zhytomyr",608,"Cherniakhivs'kyi","","Chernyahivskyi","Raion","District"
37391,237,"UKR","Ukraine",27,"Zhytomyr",609,"Chervonoarmiis'kyi","","Chervonoarmiyskyi","Raion","District"
37392,237,"UKR","Ukraine",27,"Zhytomyr",610,"Chudnivs'kyi","","Chudnivskyi","Raion","District"
37393,237,"UKR","Ukraine",27,"Zhytomyr",611,"Iemil'chyns'kyi","","Yemilchenskyi","Raion","District"
37394,237,"UKR","Ukraine",27,"Zhytomyr",612,"Korostens'ka","","","Misto","City"
37395,237,"UKR","Ukraine",27,"Zhytomyr",613,"Korostens'kyi","","Korostenskyi","Raion","District"
37396,237,"UKR","Ukraine",27,"Zhytomyr",614,"Korostyshivs'kyi","","Korostyshivskyi","Raion","Raion"
37397,237,"UKR","Ukraine",27,"Zhytomyr",615,"Liubars'kyi","","Lyubarskyi","Raion","District"
37398,237,"UKR","Ukraine",27,"Zhytomyr",616,"Luhyns'kyi","","Lugynskyi","Raion","District"
37399,237,"UKR","Ukraine",27,"Zhytomyr",617,"Malyns'kyi","","Malynskyi","Raion","District"
37400,237,"UKR","Ukraine",27,"Zhytomyr",618,"Narodyts'kyi","","Narodytskyi","Raion","District"
37401,237,"UKR","Ukraine",27,"Zhytomyr",619,"Novohrad-Volyns'ka","","","Misto","City"
37402,237,"UKR","Ukraine",27,"Zhytomyr",620,"Novohrad-Volyns'kyi","","NovogradVolynskyi","Raion","District"
37403,237,"UKR","Ukraine",27,"Zhytomyr",621,"Olevs'kyi","","Olevskyi","Raion","District"
37404,237,"UKR","Ukraine",27,"Zhytomyr",622,"Ovruts'kyi","","Ovrutskyi","Raion","District"
37405,237,"UKR","Ukraine",27,"Zhytomyr",623,"Popil'nians'kyi","","Popilnyanskyi","Raion","District"
37406,237,"UKR","Ukraine",27,"Zhytomyr",624,"Radomyshl's'kyi","","Radomyshlskyi","Raion","District"
37407,237,"UKR","Ukraine",27,"Zhytomyr",625,"Romanivs'kyi","","Romanivskyi-Zhy","Raion","District"
37408,237,"UKR","Ukraine",27,"Zhytomyr",626,"Ruzhyns'kyi","","Ruzhynskyi","Raion","District"
37409,237,"UKR","Ukraine",27,"Zhytomyr",627,"Volodars'ko-Volyns'kyi","","VolodarskVolynsky","Raion","District"
37410,237,"UKR","Ukraine",27,"Zhytomyr",628,"Zhytomyrs'ka","","Zhytomyr","Misto","City"
37411,237,"UKR","Ukraine",27,"Zhytomyr",629,"Zhytomyrs'kyi","","Zhytomyrskyi","Raion","District"
