"PID","ID_0","ISO","NAME_0","ID_1","NAME_1","ID_2","NAME_2","NL_NAME_2","VARNAME_2","TYPE_2","ENGTYPE_2"
15708,84,"GMB","Gambia",1,"Banjul",1,"Banjul","","","District","District"
15709,84,"GMB","Gambia",1,"Banjul",2,"Kanifing","","Kanifing|K.M.C.|K.U.D.C.","District","District"
15710,84,"GMB","Gambia",2,"Lower River",3,"Jarra Central","","","District","District"
15711,84,"GMB","Gambia",2,"Lower River",4,"Jarra East","","","District","District"
15712,84,"GMB","Gambia",2,"Lower River",5,"Jarra West","","","District","District"
15713,84,"GMB","Gambia",2,"Lower River",6,"Kiang Central","","","District","District"
15714,84,"GMB","Gambia",2,"Lower River",7,"Kiang East","","","District","District"
15715,84,"GMB","Gambia",2,"Lower River",8,"Kiang West","","","District","District"
15716,84,"GMB","Gambia",3,"Maccarthy Island",9,"Fulladu West","","","District","District"
15717,84,"GMB","Gambia",3,"Maccarthy Island",10,"Janjanbureh","","Janjanbureh|Georgetown|Janjangburreh","District","District"
15718,84,"GMB","Gambia",3,"Maccarthy Island",11,"Lower Saloum","","","District","District"
15719,84,"GMB","Gambia",3,"Maccarthy Island",12,"Niamina Dankunku","","","District","District"
15720,84,"GMB","Gambia",3,"Maccarthy Island",13,"Niamina East","","","District","District"
15721,84,"GMB","Gambia",3,"Maccarthy Island",14,"Niamina West","","","District","District"
15722,84,"GMB","Gambia",3,"Maccarthy Island",15,"Niani","","","District","District"
15723,84,"GMB","Gambia",3,"Maccarthy Island",16,"Nianija","","","District","District"
15724,84,"GMB","Gambia",3,"Maccarthy Island",17,"Sami","","","District","District"
15725,84,"GMB","Gambia",3,"Maccarthy Island",18,"Upper Saloum","","","District","District"
15726,84,"GMB","Gambia",4,"North Bank",19,"Central Baddibu","","","District","District"
15727,84,"GMB","Gambia",4,"North Bank",20,"Jokadu","","","District","District"
15728,84,"GMB","Gambia",4,"North Bank",21,"Lower Baddibu","","","District","District"
15729,84,"GMB","Gambia",4,"North Bank",22,"Lower Nuimi","","","District","District"
15730,84,"GMB","Gambia",4,"North Bank",23,"Upper Baddibu","","","District","District"
15731,84,"GMB","Gambia",4,"North Bank",24,"Upper Nuimi","","","District","District"
15732,84,"GMB","Gambia",5,"Upper River",25,"Fulladu East","","","District","District"
15733,84,"GMB","Gambia",5,"Upper River",26,"Kantora","","","District","District"
15734,84,"GMB","Gambia",5,"Upper River",27,"Sandu","","","District","District"
15735,84,"GMB","Gambia",5,"Upper River",28,"Wuli","","","District","District"
15736,84,"GMB","Gambia",6,"Western",29,"Foni Bintang Karanai","","","District","District"
15737,84,"GMB","Gambia",6,"Western",30,"Foni Bondali","","","District","District"
15738,84,"GMB","Gambia",6,"Western",31,"Foni Brefet","","","District","District"
15739,84,"GMB","Gambia",6,"Western",32,"Foni Jarrol","","","District","District"
15740,84,"GMB","Gambia",6,"Western",33,"Foni Kansala","","","District","District"
15741,84,"GMB","Gambia",6,"Western",34,"Kombo Central","","","District","District"
15742,84,"GMB","Gambia",6,"Western",35,"Kombo East","","","District","District"
15743,84,"GMB","Gambia",6,"Western",36,"Kombo Saint Mary","","Saint Mary|St Mary|Kombo|Kombo North|Kombo Saint Mary","District","District"
15744,84,"GMB","Gambia",6,"Western",37,"Kombo South","","","District","District"
