"PID","ID_0","ISO","NAME_0","ID_1","NAME_1","NL_NAME_1","VARNAME_1","TYPE_1","ENGTYPE_1"
1250,84,"GMB","Gambia",1,"Banjul","","","Independent City","Independent City"
1251,84,"GMB","Gambia",2,"Lower River","","Central|South Bank","Division","Division"
1252,84,"GMB","Gambia",3,"Maccarthy Island","","Central River|Jangjangbureh|Janjanbureh|Janjangburreh","Division","Division"
1253,84,"GMB","Gambia",4,"North Bank","","","Division","Division"
1254,84,"GMB","Gambia",5,"Upper River","","","Division","Division"
1255,84,"GMB","Gambia",6,"Western","","","Division","Division"
