"PID","ID_0","ISO","NAME_0","ID_1","NAME_1","ID_2","NAME_2","NL_NAME_2","VARNAME_2","TYPE_2","ENGTYPE_2"
499,3,"ALB","Albania",1,"Berat",1,"Beratit","","Berat","Rreth","District"
500,3,"ALB","Albania",1,"Berat",2,"Kuçovës","","Kuçovë","Rreth","District"
501,3,"ALB","Albania",1,"Berat",3,"Skraparit","","Skaprar|Skrapar","Rreth","District"
502,3,"ALB","Albania",2,"Dibër",4,"Bulqizës","","Bulcuizë|Bulqizë","Rreth","District"
503,3,"ALB","Albania",2,"Dibër",5,"Dibrës","","Dibra|Dibrë|Dibër","Rreth","District"
504,3,"ALB","Albania",2,"Dibër",6,"Matit","","Mat","Rreth","District"
505,3,"ALB","Albania",3,"Durrës",7,"Durrësit","","Durresi|Durrsi|Durazzo","Rreth","District"
506,3,"ALB","Albania",3,"Durrës",8,"Krujës","","Krujë","Rreth","District"
507,3,"ALB","Albania",4,"Elbasan",9,"Elbasanit","","Elbasan","Rreth","District"
508,3,"ALB","Albania",4,"Elbasan",10,"Gramshit","","Gramsh","Rreth","District"
509,3,"ALB","Albania",4,"Elbasan",11,"Librazhdit","","Librazhd","Rreth","District"
510,3,"ALB","Albania",4,"Elbasan",12,"Peqinit","","Pequin","Rreth","District"
511,3,"ALB","Albania",5,"Fier",13,"Fierit","","Fier","Rreth","District"
512,3,"ALB","Albania",5,"Fier",14,"Lushnjës","","Lushenjë|Lushnja|Lushnjë","Rreth","District"
513,3,"ALB","Albania",5,"Fier",15,"Mallakastrës","","Mallkastër","Rreth","District"
514,3,"ALB","Albania",6,"Gjirokastër",16,"Gjirokastrës","","Gjinokastër|Argirocastro|Argyrocastro|Argyrokastron|Gjirokastër","Rreth","District"
515,3,"ALB","Albania",6,"Gjirokastër",17,"Përmetit","","Përmet","Rreth","District"
516,3,"ALB","Albania",6,"Gjirokastër",18,"Tepelenës","","Tepelenë","Rreth","District"
517,3,"ALB","Albania",7,"Korçë",19,"Devollit","","Devoll","Rreth","District"
518,3,"ALB","Albania",7,"Korçë",20,"Kolonjës","","Ersekë|Kolonja|Kolonjë","Rreth","District"
519,3,"ALB","Albania",7,"Korçë",21,"Korçës","","Coriza|Corizza|Koritsa|Koritza|Korça|Kortscha|Korçë","Rreth","District"
520,3,"ALB","Albania",7,"Korçë",22,"Pogradecit","","Pogradec","Rreth","District"
521,3,"ALB","Albania",8,"Kukës",23,"Has","","","Rreth","District"
522,3,"ALB","Albania",8,"Kukës",24,"Kukësit","","Kosova|Kossovo|Kukës","Rreth","District"
523,3,"ALB","Albania",8,"Kukës",25,"Tropojës","","Tropojë","Rreth","District"
524,3,"ALB","Albania",9,"Lezhë",26,"Kurbinit","","Kurbin","Rreth","District"
525,3,"ALB","Albania",9,"Lezhë",27,"Lezhës","","Alessio|Lezha|Lezhë","Rreth","District"
526,3,"ALB","Albania",9,"Lezhë",28,"Mirditës","","Mirditë","Rreth","District"
527,3,"ALB","Albania",9,"Lezhë",29,"Shkodrës","","Escútari|Shkodra|Skodër|Scutari|Shkodër","Rreth","District"
528,3,"ALB","Albania",10,"Shkodër",30,"Malësi e Madhe","","","Rreth","District"
529,3,"ALB","Albania",10,"Shkodër",31,"Pukës","","Pukë","Rreth","District"
530,3,"ALB","Albania",10,"Shkodër",32,"Shkodrës","","Escútari|Shkodra|Skodër|Scutari|Shkodër","Rreth","District"
531,3,"ALB","Albania",11,"Tiranë",33,"Kavajës","","Kavajë","Rreth","District"
532,3,"ALB","Albania",11,"Tiranë",34,"Tiranës","","Tiran|Tirana|Tiranë","Rreth","District"
533,3,"ALB","Albania",12,"Vlorë",35,"Delvinës","","Delvinë","Rreth","District"
534,3,"ALB","Albania",12,"Vlorë",36,"Sarandës","","Sarandë","Rreth","District"
535,3,"ALB","Albania",12,"Vlorë",37,"Vlorës","","Vlona|Vlora|Vlonë|Valona|Vlorë","Rreth","District"
