"PID","ID_0","ISO","NAME_0","ID_1","NAME_1","ID_2","NAME_2","ID_3","NAME_3","NL_NAME_3","VARNAME_3","TYPE_3","ENGTYPE_3"
1,3,"ALB","Albania",1,"Berat",1,"Beratit",1,"Berat","","","Bashkia","Bashkia"
2,3,"ALB","Albania",1,"Berat",1,"Beratit",2,"Cukalat","","Cukalt","Commune","Commune"
3,3,"ALB","Albania",1,"Berat",1,"Beratit",3,"Kutalli","","Kutali","Commune","Commune"
4,3,"ALB","Albania",1,"Berat",1,"Beratit",4,"Lumas","","","Commune","Commune"
5,3,"ALB","Albania",1,"Berat",1,"Beratit",5,"Otllak","","Otilak","Commune","Commune"
6,3,"ALB","Albania",1,"Berat",1,"Beratit",6,"Poshnjë","","","Commune","Commune"
7,3,"ALB","Albania",1,"Berat",1,"Beratit",7,"Roshnik","","","Commune","Commune"
8,3,"ALB","Albania",1,"Berat",1,"Beratit",8,"Sinjë","","","Commune","Commune"
9,3,"ALB","Albania",1,"Berat",1,"Beratit",9,"Tërpan","","","Commune","Commune"
10,3,"ALB","Albania",1,"Berat",1,"Beratit",10,"Ura Vajgurorë","","","Bashkia","Bashkia"
11,3,"ALB","Albania",1,"Berat",1,"Beratit",11,"Velabisht","","","Commune","Commune"
12,3,"ALB","Albania",1,"Berat",1,"Beratit",12,"Vertop","","","Commune","Commune"
13,3,"ALB","Albania",1,"Berat",2,"Kuçovës",13,"Kozarë","","","Commune","Commune"
14,3,"ALB","Albania",1,"Berat",2,"Kuçovës",14,"Kuçovë","","","Commune","Commune"
15,3,"ALB","Albania",1,"Berat",2,"Kuçovës",15,"Perondi","","","Commune","Commune"
16,3,"ALB","Albania",1,"Berat",3,"Skraparit",16,"Bogovë","","","Commune","Commune"
17,3,"ALB","Albania",1,"Berat",3,"Skraparit",17,"Çepan","","","Commune","Commune"
18,3,"ALB","Albania",1,"Berat",3,"Skraparit",18,"Çorovodë","","","Bashkia","Bashkia"
19,3,"ALB","Albania",1,"Berat",3,"Skraparit",19,"Gjerbes","","","Commune","Commune"
20,3,"ALB","Albania",1,"Berat",3,"Skraparit",20,"Leshnjë","","","Commune","Commune"
21,3,"ALB","Albania",1,"Berat",3,"Skraparit",21,"Poliçan","","","Commune","Commune"
22,3,"ALB","Albania",1,"Berat",3,"Skraparit",22,"Potom","","","Commune","Commune"
23,3,"ALB","Albania",1,"Berat",3,"Skraparit",23,"Qendër","","Qender Polican","Commune","Commune"
24,3,"ALB","Albania",1,"Berat",3,"Skraparit",24,"Vendreshë","","","Commune","Commune"
25,3,"ALB","Albania",1,"Berat",3,"Skraparit",25,"Zhepë","","","Commune","Commune"
26,3,"ALB","Albania",2,"Dibër",4,"Bulqizës",26,"Bulqizë","","","Bashkia","Bashkia"
27,3,"ALB","Albania",2,"Dibër",4,"Bulqizës",27,"Fushë Bulqizë","","","Commune","Commune"
28,3,"ALB","Albania",2,"Dibër",4,"Bulqizës",28,"Gjoricë","","","Commune","Commune"
29,3,"ALB","Albania",2,"Dibër",4,"Bulqizës",29,"Ostren","","","Commune","Commune"
30,3,"ALB","Albania",2,"Dibër",4,"Bulqizës",30,"Shupenzë","","","Commune","Commune"
31,3,"ALB","Albania",2,"Dibër",4,"Bulqizës",31,"Steblevë","","","Commune","Commune"
32,3,"ALB","Albania",2,"Dibër",4,"Bulqizës",32,"Trebisht","","","Commune","Commune"
33,3,"ALB","Albania",2,"Dibër",4,"Bulqizës",33,"Zerqan","","","Commune","Commune"
34,3,"ALB","Albania",2,"Dibër",5,"Dibrës",34,"Arras","","","Commune","Commune"
35,3,"ALB","Albania",2,"Dibër",5,"Dibrës",35,"Fushë Çidhen","","","Commune","Commune"
36,3,"ALB","Albania",2,"Dibër",5,"Dibrës",36,"Kala e Dodës","","","Commune","Commune"
37,3,"ALB","Albania",2,"Dibër",5,"Dibrës",37,"Kastriot","","","Commune","Commune"
38,3,"ALB","Albania",2,"Dibër",5,"Dibrës",38,"Lurë","","","Commune","Commune"
39,3,"ALB","Albania",2,"Dibër",5,"Dibrës",39,"Luzni","","","Commune","Commune"
40,3,"ALB","Albania",2,"Dibër",5,"Dibrës",40,"Maqellarë","","","Commune","Commune"
41,3,"ALB","Albania",2,"Dibër",5,"Dibrës",41,"Melan","","","Commune","Commune"
42,3,"ALB","Albania",2,"Dibër",5,"Dibrës",42,"Muhurr","","Muhur| Fushe Muhurr","Commune","Commune"
43,3,"ALB","Albania",2,"Dibër",5,"Dibrës",43,"Peshkopi","","","Bashkia","Bashkia"
44,3,"ALB","Albania",2,"Dibër",5,"Dibrës",44,"Qendër Tomin","","","Commune","Commune"
45,3,"ALB","Albania",2,"Dibër",5,"Dibrës",45,"Selishtë","","","Commune","Commune"
46,3,"ALB","Albania",2,"Dibër",5,"Dibrës",46,"Sllovë","","","Commune","Commune"
47,3,"ALB","Albania",2,"Dibër",5,"Dibrës",47,"Zall Dardhë","","","Commune","Commune"
48,3,"ALB","Albania",2,"Dibër",5,"Dibrës",48,"Zall Reç","","","Commune","Commune"
49,3,"ALB","Albania",2,"Dibër",6,"Matit",49,"Baz","","","Commune","Commune"
50,3,"ALB","Albania",2,"Dibër",6,"Matit",50,"Burrel","","","Bashkia","Bashkia"
51,3,"ALB","Albania",2,"Dibër",6,"Matit",51,"Derjan","","","Commune","Commune"
52,3,"ALB","Albania",2,"Dibër",6,"Matit",52,"Gurrë","","Gure| Gurra","Commune","Commune"
53,3,"ALB","Albania",2,"Dibër",6,"Matit",53,"Klos","","","Bashkia","Bashkia"
54,3,"ALB","Albania",2,"Dibër",6,"Matit",54,"Komsi","","","Commune","Commune"
55,3,"ALB","Albania",2,"Dibër",6,"Matit",55,"Lis","","","Commune","Commune"
56,3,"ALB","Albania",2,"Dibër",6,"Matit",56,"Macukull","","","Commune","Commune"
57,3,"ALB","Albania",2,"Dibër",6,"Matit",57,"Martanesh","","","Commune","Commune"
58,3,"ALB","Albania",2,"Dibër",6,"Matit",58,"Rukaj","","","Commune","Commune"
59,3,"ALB","Albania",2,"Dibër",6,"Matit",59,"Suç","","","Commune","Commune"
60,3,"ALB","Albania",2,"Dibër",6,"Matit",60,"Ulëz","","","Commune","Commune"
61,3,"ALB","Albania",2,"Dibër",6,"Matit",61,"Xibër","","","Commune","Commune"
62,3,"ALB","Albania",3,"Durrës",7,"Durrësit",62,"Durrës","","","Bashkia","Bashkia"
63,3,"ALB","Albania",3,"Durrës",7,"Durrësit",63,"Gjepalaj","","Gjepelaj","Commune","Commune"
64,3,"ALB","Albania",3,"Durrës",7,"Durrësit",64,"Ishëm","","","Commune","Commune"
65,3,"ALB","Albania",3,"Durrës",7,"Durrësit",65,"Katund i Ri","","Katundi I Ri","Commune","Commune"
66,3,"ALB","Albania",3,"Durrës",7,"Durrësit",66,"Maminas","","","Commune","Commune"
67,3,"ALB","Albania",3,"Durrës",7,"Durrësit",67,"Manëz","","","Bashkia","Bashkia"
68,3,"ALB","Albania",3,"Durrës",7,"Durrësit",68,"Rrashbull","","Rashbull","Commune","Commune"
69,3,"ALB","Albania",3,"Durrës",7,"Durrësit",69,"Shijak","","","Bashkia","Bashkia"
70,3,"ALB","Albania",3,"Durrës",7,"Durrësit",70,"Sukth","","","Bashkia","Bashkia"
71,3,"ALB","Albania",3,"Durrës",7,"Durrësit",71,"Xhafzotaj","","Xhafzote","Commune","Commune"
72,3,"ALB","Albania",3,"Durrës",8,"Krujës",72,"Bubq","","Bubuq","Commune","Commune"
73,3,"ALB","Albania",3,"Durrës",8,"Krujës",73,"Cudhi","","","Commune","Commune"
74,3,"ALB","Albania",3,"Durrës",8,"Krujës",74,"Fushë Krujë","","","Bashkia","Bashkia"
75,3,"ALB","Albania",3,"Durrës",8,"Krujës",75,"Kodër Thumanë","","Thumane","Commune","Commune"
76,3,"ALB","Albania",3,"Durrës",8,"Krujës",76,"Krujë","","","Bashkia","Bashkia"
77,3,"ALB","Albania",3,"Durrës",8,"Krujës",77,"Nikël","","","Commune","Commune"
78,3,"ALB","Albania",4,"Elbasan",9,"Elbasanit",78,"Belsh","","","Bashkia","Bashkia"
79,3,"ALB","Albania",4,"Elbasan",9,"Elbasanit",79,"Bradashesh","","Bradasesh","Commune","Commune"
80,3,"ALB","Albania",4,"Elbasan",9,"Elbasanit",80,"Cërrik","","","Bashkia","Bashkia"
81,3,"ALB","Albania",4,"Elbasan",9,"Elbasanit",81,"Elbasan","","","Bashkia","Bashkia"
82,3,"ALB","Albania",4,"Elbasan",9,"Elbasanit",82,"Fierz","","","Commune","Commune"
83,3,"ALB","Albania",4,"Elbasan",9,"Elbasanit",83,"Funarë","","Funar","Commune","Commune"
84,3,"ALB","Albania",4,"Elbasan",9,"Elbasanit",84,"Gjegjan","","","Commune","Commune"
85,3,"ALB","Albania",4,"Elbasan",9,"Elbasanit",85,"Gjinar","","","Commune","Commune"
86,3,"ALB","Albania",4,"Elbasan",9,"Elbasanit",86,"Gostimë","","Gostim","Commune","Commune"
87,3,"ALB","Albania",4,"Elbasan",9,"Elbasanit",87,"Gracen","","","Commune","Commune"
88,3,"ALB","Albania",4,"Elbasan",9,"Elbasanit",88,"Grekan","","","Commune","Commune"
89,3,"ALB","Albania",4,"Elbasan",9,"Elbasanit",89,"Kajan","","","Commune","Commune"
90,3,"ALB","Albania",4,"Elbasan",9,"Elbasanit",90,"Klos","","","Commune","Commune"
91,3,"ALB","Albania",4,"Elbasan",9,"Elbasanit",91,"Labinot Fushë","","","Commune","Commune"
92,3,"ALB","Albania",4,"Elbasan",9,"Elbasanit",92,"Labinot Mal","","","Commune","Commune"
93,3,"ALB","Albania",4,"Elbasan",9,"Elbasanit",93,"Mollas","","","Commune","Commune"
94,3,"ALB","Albania",4,"Elbasan",9,"Elbasanit",94,"Papër","","","Commune","Commune"
95,3,"ALB","Albania",4,"Elbasan",9,"Elbasanit",95,"Rrasë","","","Commune","Commune"
96,3,"ALB","Albania",4,"Elbasan",9,"Elbasanit",96,"Shalës","","","Commune","Commune"
97,3,"ALB","Albania",4,"Elbasan",9,"Elbasanit",97,"Shirgjan","","","Commune","Commune"
98,3,"ALB","Albania",4,"Elbasan",9,"Elbasanit",98,"Shushicë","","","Commune","Commune"
99,3,"ALB","Albania",4,"Elbasan",9,"Elbasanit",99,"Tregan","","","Commune","Commune"
100,3,"ALB","Albania",4,"Elbasan",9,"Elbasanit",100,"Zavalinë","","Zavalin","Commune","Commune"
101,3,"ALB","Albania",4,"Elbasan",10,"Gramshit",101,"Gramsh","","","Bashkia","Bashkia"
102,3,"ALB","Albania",4,"Elbasan",10,"Gramshit",102,"Kodovjat","","Kokovjat","Commune","Commune"
103,3,"ALB","Albania",4,"Elbasan",10,"Gramshit",103,"Kukur","","Kukur |Gramsh","Commune","Commune"
104,3,"ALB","Albania",4,"Elbasan",10,"Gramshit",104,"Kushovë","","","Commune","Commune"
105,3,"ALB","Albania",4,"Elbasan",10,"Gramshit",105,"Lënie","","Lenje","Commune","Commune"
106,3,"ALB","Albania",4,"Elbasan",10,"Gramshit",106,"Pishaj","","","Commune","Commune"
107,3,"ALB","Albania",4,"Elbasan",10,"Gramshit",107,"Poroçan","","","Commune","Commune"
108,3,"ALB","Albania",4,"Elbasan",10,"Gramshit",108,"Skëndërbegas","","Skenderbeg| Skenderbej","Commune","Commune"
109,3,"ALB","Albania",4,"Elbasan",10,"Gramshit",109,"Sult","","","Commune","Commune"
110,3,"ALB","Albania",4,"Elbasan",10,"Gramshit",110,"Tunjë","","","Commune","Commune"
111,3,"ALB","Albania",4,"Elbasan",11,"Librazhdit",111,"Hotolisht","","","Commune","Commune"
112,3,"ALB","Albania",4,"Elbasan",11,"Librazhdit",112,"Librazhd","","","Bashkia","Bashkia"
113,3,"ALB","Albania",4,"Elbasan",11,"Librazhdit",113,"Lunik","","","Commune","Commune"
114,3,"ALB","Albania",4,"Elbasan",11,"Librazhdit",114,"Orenjë","","","Commune","Commune"
115,3,"ALB","Albania",4,"Elbasan",11,"Librazhdit",115,"Perrenjas","","Prrenjas","Bashkia","Bashkia"
116,3,"ALB","Albania",4,"Elbasan",11,"Librazhdit",116,"Polis","","","Commune","Commune"
117,3,"ALB","Albania",4,"Elbasan",11,"Librazhdit",117,"Qendër","","","Bashkia","Bashkia"
118,3,"ALB","Albania",4,"Elbasan",11,"Librazhdit",118,"Qukës","","","Commune","Commune"
119,3,"ALB","Albania",4,"Elbasan",11,"Librazhdit",119,"Rrajcë","","Rajce","Commune","Commune"
120,3,"ALB","Albania",4,"Elbasan",11,"Librazhdit",120,"Stravaj","","Stavraj","Commune","Commune"
121,3,"ALB","Albania",4,"Elbasan",12,"Peqinit",121,"Gjocaj","","Goeaj","Commune","Commune"
122,3,"ALB","Albania",4,"Elbasan",12,"Peqinit",122,"Karinë","","Karinje","Commune","Commune"
123,3,"ALB","Albania",4,"Elbasan",12,"Peqinit",123,"Pajovë","","","Commune","Commune"
124,3,"ALB","Albania",4,"Elbasan",12,"Peqinit",124,"Peqin","","","Bashkia","Bashkia"
125,3,"ALB","Albania",4,"Elbasan",12,"Peqinit",125,"Përparim","","","Commune","Commune"
126,3,"ALB","Albania",4,"Elbasan",12,"Peqinit",126,"Shezë","","","Commune","Commune"
127,3,"ALB","Albania",5,"Fier",13,"Fierit",127,"Cakran","","","Commune","Commune"
128,3,"ALB","Albania",5,"Fier",13,"Fierit",128,"Dermenas","","","Commune","Commune"
129,3,"ALB","Albania",5,"Fier",13,"Fierit",129,"Fier","","","Bashkia","Bashkia"
130,3,"ALB","Albania",5,"Fier",13,"Fierit",130,"Frakull","","","Commune","Commune"
131,3,"ALB","Albania",5,"Fier",13,"Fierit",131,"Kuman","","","Commune","Commune"
132,3,"ALB","Albania",5,"Fier",13,"Fierit",132,"Kurjan","","","Commune","Commune"
133,3,"ALB","Albania",5,"Fier",13,"Fierit",133,"Levan","","","Commune","Commune"
134,3,"ALB","Albania",5,"Fier",13,"Fierit",134,"Libofshë","","","Commune","Commune"
135,3,"ALB","Albania",5,"Fier",13,"Fierit",135,"Mbrostar Ura","","Mbrostar| Mbrostar Ure","Commune","Commune"
136,3,"ALB","Albania",5,"Fier",13,"Fierit",136,"Patos","","","Bashkia","Bashkia"
137,3,"ALB","Albania",5,"Fier",13,"Fierit",137,"Portëz","","","Commune","Commune"
138,3,"ALB","Albania",5,"Fier",13,"Fierit",138,"Qendër","","","Commune","Commune"
139,3,"ALB","Albania",5,"Fier",13,"Fierit",139,"Roskovec","","","Bashkia","Bashkia"
140,3,"ALB","Albania",5,"Fier",13,"Fierit",140,"Ruzhdie","","","Commune","Commune"
141,3,"ALB","Albania",5,"Fier",13,"Fierit",141,"Strum","","Strume","Commune","Commune"
142,3,"ALB","Albania",5,"Fier",13,"Fierit",142,"Topojë","","","Commune","Commune"
143,3,"ALB","Albania",5,"Fier",13,"Fierit",143,"Zharrëz","","Zharres","Commune","Commune"
144,3,"ALB","Albania",5,"Fier",14,"Lushnjës",144,"Allkaj","","","Commune","Commune"
145,3,"ALB","Albania",5,"Fier",14,"Lushnjës",145,"Ballagat","","","Commune","Commune"
146,3,"ALB","Albania",5,"Fier",14,"Lushnjës",146,"Bubullimë","","","Bashkia","Bashkia"
147,3,"ALB","Albania",5,"Fier",14,"Lushnjës",147,"Divjakë","","","Bashkia","Bashkia"
148,3,"ALB","Albania",5,"Fier",14,"Lushnjës",148,"Dushk","","","Commune","Commune"
149,3,"ALB","Albania",5,"Fier",14,"Lushnjës",149,"Fier Shegan","","","Commune","Commune"
150,3,"ALB","Albania",5,"Fier",14,"Lushnjës",150,"Golem","","","Commune","Commune"
151,3,"ALB","Albania",5,"Fier",14,"Lushnjës",151,"Grabian","","","Commune","Commune"
152,3,"ALB","Albania",5,"Fier",14,"Lushnjës",152,"Gradishtë","","Gradisht| Gradishe","Commune","Commune"
153,3,"ALB","Albania",5,"Fier",14,"Lushnjës",153,"Hysgjokaj","","","Commune","Commune"
154,3,"ALB","Albania",5,"Fier",14,"Lushnjës",154,"Karbunarë","","","Commune","Commune"
155,3,"ALB","Albania",5,"Fier",14,"Lushnjës",155,"Kolonjë","","","Commune","Commune"
156,3,"ALB","Albania",5,"Fier",14,"Lushnjës",156,"Krutjë","","","Commune","Commune"
157,3,"ALB","Albania",5,"Fier",14,"Lushnjës",157,"Lushnjë","","","Bashkia","Bashkia"
158,3,"ALB","Albania",5,"Fier",14,"Lushnjës",158,"Remas","","Rremas","Commune","Commune"
159,3,"ALB","Albania",5,"Fier",14,"Lushnjës",159,"Tërbuf","","","Commune","Commune"
160,3,"ALB","Albania",5,"Fier",15,"Mallakastrës",160,"Aranitas","","","Commune","Commune"
161,3,"ALB","Albania",5,"Fier",15,"Mallakastrës",161,"Bashkia B","","","Commune","Commune"
162,3,"ALB","Albania",5,"Fier",15,"Mallakastrës",162,"Fratar","","","Commune","Commune"
163,3,"ALB","Albania",5,"Fier",15,"Mallakastrës",163,"Greshicë","","","Commune","Commune"
164,3,"ALB","Albania",5,"Fier",15,"Mallakastrës",164,"Hekal","","","Commune","Commune"
165,3,"ALB","Albania",5,"Fier",15,"Mallakastrës",165,"Kutë","","","Commune","Commune"
166,3,"ALB","Albania",5,"Fier",15,"Mallakastrës",166,"Ngraçan","","","Commune","Commune"
167,3,"ALB","Albania",5,"Fier",15,"Mallakastrës",167,"Qendër","","Qender |Ballsh| Qender Dukas","Commune","Commune"
168,3,"ALB","Albania",5,"Fier",15,"Mallakastrës",168,"Selitë","","Selite |Ballsh","Commune","Commune"
169,3,"ALB","Albania",6,"Gjirokastër",16,"Gjirokastrës",169,"Antigonë","","Antigon","Commune","Commune"
170,3,"ALB","Albania",6,"Gjirokastër",16,"Gjirokastrës",170,"Cepo","","","Commune","Commune"
171,3,"ALB","Albania",6,"Gjirokastër",16,"Gjirokastrës",171,"Dropull i Poshtëm","","Dropulli I Poshte","Commune","Commune"
172,3,"ALB","Albania",6,"Gjirokastër",16,"Gjirokastrës",172,"Dropull i Sipërm","","Dropulli I Siperm","Commune","Commune"
173,3,"ALB","Albania",6,"Gjirokastër",16,"Gjirokastrës",173,"Gjirokastër","","","Bashkia","Bashkia"
174,3,"ALB","Albania",6,"Gjirokastër",16,"Gjirokastrës",174,"Lazarat","","","Commune","Commune"
175,3,"ALB","Albania",6,"Gjirokastër",16,"Gjirokastrës",175,"Libohovë","","","Bashkia","Bashkia"
176,3,"ALB","Albania",6,"Gjirokastër",16,"Gjirokastrës",176,"Lunxhëri","","","Commune","Commune"
177,3,"ALB","Albania",6,"Gjirokastër",16,"Gjirokastrës",177,"Odrie","","","Commune","Commune"
178,3,"ALB","Albania",6,"Gjirokastër",16,"Gjirokastrës",178,"Picar","","","Commune","Commune"
179,3,"ALB","Albania",6,"Gjirokastër",16,"Gjirokastrës",179,"Pogon","","","Commune","Commune"
180,3,"ALB","Albania",6,"Gjirokastër",16,"Gjirokastrës",180,"Qen.Liboh","","","Bashkia","Bashkia"
181,3,"ALB","Albania",6,"Gjirokastër",16,"Gjirokastrës",181,"Zagori","","Zagorie","Commune","Commune"
182,3,"ALB","Albania",6,"Gjirokastër",17,"Përmetit",182,"Ballaban","","","Commune","Commune"
183,3,"ALB","Albania",6,"Gjirokastër",17,"Përmetit",183,"Çarshovë","","","Commune","Commune"
184,3,"ALB","Albania",6,"Gjirokastër",17,"Përmetit",184,"Dishnicë","","Deshnice","Commune","Commune"
185,3,"ALB","Albania",6,"Gjirokastër",17,"Përmetit",185,"Frashër","","","Commune","Commune"
186,3,"ALB","Albania",6,"Gjirokastër",17,"Përmetit",186,"Këlcyrë","","","Commune","Commune"
187,3,"ALB","Albania",6,"Gjirokastër",17,"Përmetit",187,"Përmet","","","Bashkia","Bashkia"
188,3,"ALB","Albania",6,"Gjirokastër",17,"Përmetit",188,"Petran","","","Commune","Commune"
189,3,"ALB","Albania",6,"Gjirokastër",17,"Përmetit",189,"Qendër Piskovë","","","Commune","Commune"
190,3,"ALB","Albania",6,"Gjirokastër",17,"Përmetit",190,"Sukë","","","Commune","Commune"
191,3,"ALB","Albania",6,"Gjirokastër",18,"Tepelenës",191,"Buz","","","Commune","Commune"
192,3,"ALB","Albania",6,"Gjirokastër",18,"Tepelenës",192,"Fshat Mem","","Fshat Memaliaj| Memeliaj Fshat","Commune","Commune"
193,3,"ALB","Albania",6,"Gjirokastër",18,"Tepelenës",193,"Krahës","","Krahez","Commune","Commune"
194,3,"ALB","Albania",6,"Gjirokastër",18,"Tepelenës",194,"Kurvelesh","","","Commune","Commune"
195,3,"ALB","Albania",6,"Gjirokastër",18,"Tepelenës",195,"Lopës","","Lopez","Commune","Commune"
196,3,"ALB","Albania",6,"Gjirokastër",18,"Tepelenës",196,"Luftinjë","","","Commune","Commune"
197,3,"ALB","Albania",6,"Gjirokastër",18,"Tepelenës",197,"Memaliaj","","","Bashkia","Bashkia"
198,3,"ALB","Albania",6,"Gjirokastër",18,"Tepelenës",198,"Qendër","","Qender Tepelene|Qender Libohove","Commune","Commune"
199,3,"ALB","Albania",6,"Gjirokastër",18,"Tepelenës",199,"Qesarat","","","Commune","Commune"
200,3,"ALB","Albania",6,"Gjirokastër",18,"Tepelenës",200,"Tepelenë","","","Bashkia","Bashkia"
201,3,"ALB","Albania",7,"Korçë",19,"Devollit",201,"Ballsh","","","Bashkia","Bashkia"
202,3,"ALB","Albania",7,"Korçë",19,"Devollit",202,"Bilisht","","","Bashkia","Bashkia"
203,3,"ALB","Albania",7,"Korçë",19,"Devollit",203,"Hoçisht","","","Commune","Commune"
204,3,"ALB","Albania",7,"Korçë",19,"Devollit",204,"Miras","","","Commune","Commune"
205,3,"ALB","Albania",7,"Korçë",19,"Devollit",205,"Progër","","","Commune","Commune"
206,3,"ALB","Albania",7,"Korçë",20,"Kolonjës",206,"Barmash","","","Commune","Commune"
207,3,"ALB","Albania",7,"Korçë",20,"Kolonjës",207,"Çlirim","","","Bashkia","Bashkia"
208,3,"ALB","Albania",7,"Korçë",20,"Kolonjës",208,"Ersekë","","","Commune","Commune"
209,3,"ALB","Albania",7,"Korçë",20,"Kolonjës",209,"Komuna La","","","Commune","Commune"
210,3,"ALB","Albania",7,"Korçë",20,"Kolonjës",210,"Leskovik","","Leskovik Bashki","Bashkia","Bashkia"
211,3,"ALB","Albania",7,"Korçë",20,"Kolonjës",211,"Mollas","","","Commune","Commune"
212,3,"ALB","Albania",7,"Korçë",20,"Kolonjës",212,"Novoselë","","","Commune","Commune"
213,3,"ALB","Albania",7,"Korçë",20,"Kolonjës",213,"Qendër Ersekë","","","Commune","Commune"
214,3,"ALB","Albania",7,"Korçë",21,"Korçës",214,"Drenovë","","","Commune","Commune"
215,3,"ALB","Albania",7,"Korçë",21,"Korçës",215,"Gore","","","Commune","Commune"
216,3,"ALB","Albania",7,"Korçë",21,"Korçës",216,"Inland Water Body","","","Water body","Water body"
217,3,"ALB","Albania",7,"Korçë",21,"Korçës",217,"Korçë","","","Bashkia","Bashkia"
218,3,"ALB","Albania",7,"Korçë",21,"Korçës",218,"Lekas","","","Commune","Commune"
219,3,"ALB","Albania",7,"Korçë",21,"Korçës",219,"Libonik","","","Commune","Commune"
220,3,"ALB","Albania",7,"Korçë",21,"Korçës",220,"Liqenas","","","Commune","Commune"
221,3,"ALB","Albania",7,"Korçë",21,"Korçës",221,"Maliq","","","Bashkia","Bashkia"
222,3,"ALB","Albania",7,"Korçë",21,"Korçës",222,"Moglicë","","","Commune","Commune"
223,3,"ALB","Albania",7,"Korçë",21,"Korçës",223,"Mollaj","","Mollas","Commune","Commune"
224,3,"ALB","Albania",7,"Korçë",21,"Korçës",224,"Pirg","","","Commune","Commune"
225,3,"ALB","Albania",7,"Korçë",21,"Korçës",225,"Pojan","","","Commune","Commune"
226,3,"ALB","Albania",7,"Korçë",21,"Korçës",226,"Qendër","","Qender Bulgarec","Commune","Commune"
227,3,"ALB","Albania",7,"Korçë",21,"Korçës",227,"Vithkuq","","","Commune","Commune"
228,3,"ALB","Albania",7,"Korçë",21,"Korçës",228,"Voskop","","","Commune","Commune"
229,3,"ALB","Albania",7,"Korçë",21,"Korçës",229,"Voskopojë","","","Commune","Commune"
230,3,"ALB","Albania",7,"Korçë",21,"Korçës",230,"Vreshtas","","","Commune","Commune"
231,3,"ALB","Albania",7,"Korçë",22,"Pogradecit",231,"Buçimas","","","Commune","Commune"
232,3,"ALB","Albania",7,"Korçë",22,"Pogradecit",232,"Çërravë","","","Commune","Commune"
233,3,"ALB","Albania",7,"Korçë",22,"Pogradecit",233,"Dardhas","","","Commune","Commune"
234,3,"ALB","Albania",7,"Korçë",22,"Pogradecit",234,"Hudenisht","","Hoeisht |Morave","Commune","Commune"
235,3,"ALB","Albania",7,"Korçë",22,"Pogradecit",235,"Inland Water Body","","","Water body","Water body"
236,3,"ALB","Albania",7,"Korçë",22,"Pogradecit",236,"Pogradec","","","Bashkia","Bashkia"
237,3,"ALB","Albania",7,"Korçë",22,"Pogradecit",237,"Proptisht","","Propisht","Commune","Commune"
238,3,"ALB","Albania",7,"Korçë",22,"Pogradecit",238,"Trebinjë","","Trabinje","Commune","Commune"
239,3,"ALB","Albania",7,"Korçë",22,"Pogradecit",239,"Velçan","","","Commune","Commune"
240,3,"ALB","Albania",8,"Kukës",23,"Has",240,"Fajza","","Fajze","Commune","Commune"
241,3,"ALB","Albania",8,"Kukës",23,"Has",241,"Gjinaj","","","Commune","Commune"
242,3,"ALB","Albania",8,"Kukës",23,"Has",242,"Golaj","","","Commune","Commune"
243,3,"ALB","Albania",8,"Kukës",23,"Has",243,"Krumë","","","Bashkia","Bashkia"
244,3,"ALB","Albania",8,"Kukës",24,"Kukësit",244,"Arrën","","Arn","Commune","Commune"
245,3,"ALB","Albania",8,"Kukës",24,"Kukësit",245,"Bicaj","","","Commune","Commune"
246,3,"ALB","Albania",8,"Kukës",24,"Kukësit",246,"Bushtricë","","","Commune","Commune"
247,3,"ALB","Albania",8,"Kukës",24,"Kukësit",247,"Gryke-Çaje","","Gryk-Caje","Commune","Commune"
248,3,"ALB","Albania",8,"Kukës",24,"Kukësit",248,"Kalis","","","Commune","Commune"
249,3,"ALB","Albania",8,"Kukës",24,"Kukësit",249,"Kolsh","","","Commune","Commune"
250,3,"ALB","Albania",8,"Kukës",24,"Kukësit",250,"Kukës","","","Bashkia","Bashkia"
251,3,"ALB","Albania",8,"Kukës",24,"Kukësit",251,"Malzi","","","Commune","Commune"
252,3,"ALB","Albania",8,"Kukës",24,"Kukësit",252,"Shishtavec","","","Commune","Commune"
253,3,"ALB","Albania",8,"Kukës",24,"Kukësit",253,"Shtiqen","","Stiqen","Commune","Commune"
254,3,"ALB","Albania",8,"Kukës",24,"Kukësit",254,"Surroj","","","Commune","Commune"
255,3,"ALB","Albania",8,"Kukës",24,"Kukësit",255,"Terthorë","","","Commune","Commune"
256,3,"ALB","Albania",12,"Vlorë",37,"Vlorës",372,"Orikum","","","Bashkia","Bashkia"
257,3,"ALB","Albania",12,"Vlorë",37,"Vlorës",373,"Qendër","","Qender Pusi","Commune","Commune"
258,3,"ALB","Albania",12,"Vlorë",37,"Vlorës",374,"Selenicë","","","Bashkia","Bashkia"
259,3,"ALB","Albania",12,"Vlorë",37,"Vlorës",375,"Sevaster","","Sevastar","Commune","Commune"
260,3,"ALB","Albania",12,"Vlorë",37,"Vlorës",376,"Shushicë","","","Commune","Commune"
261,3,"ALB","Albania",12,"Vlorë",37,"Vlorës",377,"Vllahinë","","","Commune","Commune"
262,3,"ALB","Albania",12,"Vlorë",37,"Vlorës",378,"Vlorë","","","Bashkia","Bashkia"
408,3,"ALB","Albania",8,"Kukës",24,"Kukësit",256,"Topojan","","","Commune","Commune"
409,3,"ALB","Albania",8,"Kukës",24,"Kukësit",257,"Ujmisht","","","Commune","Commune"
410,3,"ALB","Albania",8,"Kukës",24,"Kukësit",258,"Zapod","","","Commune","Commune"
411,3,"ALB","Albania",8,"Kukës",25,"Tropojës",259,"Bajram Curri","","","Bashkia","Bashkia"
412,3,"ALB","Albania",8,"Kukës",25,"Tropojës",260,"Bujan","","","Commune","Commune"
413,3,"ALB","Albania",8,"Kukës",25,"Tropojës",261,"Bytyç","","","Commune","Commune"
414,3,"ALB","Albania",8,"Kukës",25,"Tropojës",262,"Fierzë","","Fierze |Bajram Curri","Commune","Commune"
415,3,"ALB","Albania",8,"Kukës",25,"Tropojës",263,"Lekbibaj","","","Commune","Commune"
416,3,"ALB","Albania",8,"Kukës",25,"Tropojës",264,"Llugaj","","","Commune","Commune"
417,3,"ALB","Albania",8,"Kukës",25,"Tropojës",265,"Margegaj","","","Commune","Commune"
418,3,"ALB","Albania",8,"Kukës",25,"Tropojës",266,"Topojë","","","Commune","Commune"
419,3,"ALB","Albania",9,"Lezhë",26,"Kurbinit",267,"Fushë Kuqe","","","Commune","Commune"
420,3,"ALB","Albania",9,"Lezhë",26,"Kurbinit",268,"Laç","","","Bashkia","Bashkia"
421,3,"ALB","Albania",9,"Lezhë",26,"Kurbinit",269,"Mamurras","","","Bashkia","Bashkia"
422,3,"ALB","Albania",9,"Lezhë",26,"Kurbinit",270,"Milot","","","Commune","Commune"
423,3,"ALB","Albania",9,"Lezhë",27,"Lezhës",271,"Balldren i Ri","","Balldren|Balldre i Ri","Commune","Commune"
424,3,"ALB","Albania",9,"Lezhë",27,"Lezhës",272,"Blinisht","","","Commune","Commune"
425,3,"ALB","Albania",9,"Lezhë",27,"Lezhës",273,"Dajç","","","Commune","Commune"
426,3,"ALB","Albania",9,"Lezhë",27,"Lezhës",274,"Kallmet","","","Commune","Commune"
427,3,"ALB","Albania",9,"Lezhë",27,"Lezhës",275,"Kolsh","","","Commune","Commune"
428,3,"ALB","Albania",9,"Lezhë",27,"Lezhës",276,"Lezhë","","","Bashkia","Bashkia"
429,3,"ALB","Albania",9,"Lezhë",27,"Lezhës",277,"Shëngjin","","","Commune","Commune"
430,3,"ALB","Albania",9,"Lezhë",27,"Lezhës",278,"Shënkoll","","","Commune","Commune"
431,3,"ALB","Albania",9,"Lezhë",27,"Lezhës",279,"Ungrej","","","Commune","Commune"
432,3,"ALB","Albania",9,"Lezhë",27,"Lezhës",280,"Zejmen","","","Commune","Commune"
433,3,"ALB","Albania",9,"Lezhë",28,"Mirditës",281,"Fan","","Fane","Commune","Commune"
434,3,"ALB","Albania",9,"Lezhë",28,"Mirditës",282,"Kaçinar","","","Commune","Commune"
435,3,"ALB","Albania",9,"Lezhë",28,"Mirditës",283,"Kthellë","","","Commune","Commune"
436,3,"ALB","Albania",9,"Lezhë",28,"Mirditës",284,"Orosh","","Orosh |Reps","Commune","Commune"
437,3,"ALB","Albania",9,"Lezhë",28,"Mirditës",285,"Rrëshen","","","Bashkia","Bashkia"
438,3,"ALB","Albania",9,"Lezhë",28,"Mirditës",286,"Rubik","","","Bashkia","Bashkia"
439,3,"ALB","Albania",9,"Lezhë",28,"Mirditës",287,"Selitë","","","Commune","Commune"
440,3,"ALB","Albania",9,"Lezhë",29,"Shkodrës",288,"Hajmel","","","Commune","Commune"
441,3,"ALB","Albania",10,"Shkodër",30,"Malësi e Madhe",289,"Gruemirë","","","Commune","Commune"
442,3,"ALB","Albania",10,"Shkodër",30,"Malësi e Madhe",290,"Inland Water Body","","","Water body","Water body"
443,3,"ALB","Albania",10,"Shkodër",30,"Malësi e Madhe",291,"Kastrat","","","Commune","Commune"
444,3,"ALB","Albania",10,"Shkodër",30,"Malësi e Madhe",292,"Kelmend","","","Commune","Commune"
445,3,"ALB","Albania",10,"Shkodër",30,"Malësi e Madhe",293,"Koplik","","","Bashkia","Bashkia"
446,3,"ALB","Albania",10,"Shkodër",30,"Malësi e Madhe",294,"Qendër","","Qender Koplik|Qender Koplik","Commune","Commune"
447,3,"ALB","Albania",10,"Shkodër",30,"Malësi e Madhe",295,"Shkrel","","","Commune","Commune"
448,3,"ALB","Albania",10,"Shkodër",31,"Pukës",296,"Blerim","","","Commune","Commune"
449,3,"ALB","Albania",10,"Shkodër",31,"Pukës",297,"Fierzë","","","Commune","Commune"
450,3,"ALB","Albania",10,"Shkodër",31,"Pukës",298,"Fushë Arrëz","","Fush Arrez|Fushe Arez","Bashkia","Bashkia"
451,3,"ALB","Albania",10,"Shkodër",31,"Pukës",299,"Gjegjan","","","Commune","Commune"
452,3,"ALB","Albania",10,"Shkodër",31,"Pukës",300,"Iballë","","","Commune","Commune"
453,3,"ALB","Albania",10,"Shkodër",31,"Pukës",301,"Pukë","","","Bashkia","Bashkia"
454,3,"ALB","Albania",10,"Shkodër",31,"Pukës",302,"Qafë Mali","","Qafemali","Commune","Commune"
455,3,"ALB","Albania",10,"Shkodër",31,"Pukës",303,"Qelëz","","Qellez","Commune","Commune"
456,3,"ALB","Albania",10,"Shkodër",31,"Pukës",304,"Qerret","","","Commune","Commune"
457,3,"ALB","Albania",10,"Shkodër",31,"Pukës",305,"Rrapë","","","Commune","Commune"
458,3,"ALB","Albania",10,"Shkodër",32,"Shkodrës",306,"Ana e Malit","","Ana Malit","Commune","Commune"
459,3,"ALB","Albania",10,"Shkodër",32,"Shkodrës",307,"Barbullush","","","Commune","Commune"
460,3,"ALB","Albania",10,"Shkodër",32,"Shkodrës",308,"Berdicë","","","Commune","Commune"
461,3,"ALB","Albania",10,"Shkodër",32,"Shkodrës",309,"Bushat","","","Commune","Commune"
462,3,"ALB","Albania",10,"Shkodër",32,"Shkodrës",310,"Dajç","","Daje |Bregbune","Commune","Commune"
463,3,"ALB","Albania",10,"Shkodër",32,"Shkodrës",311,"Gur i Zi","","Guri I Zi","Commune","Commune"
464,3,"ALB","Albania",10,"Shkodër",32,"Shkodrës",312,"Postribë","","","Commune","Commune"
465,3,"ALB","Albania",10,"Shkodër",32,"Shkodrës",313,"Pult","","","Commune","Commune"
466,3,"ALB","Albania",10,"Shkodër",32,"Shkodrës",314,"Rrethina","","Rrethinat| Rrethine","Commune","Commune"
467,3,"ALB","Albania",10,"Shkodër",32,"Shkodrës",315,"Shalë","","","Commune","Commune"
468,3,"ALB","Albania",10,"Shkodër",32,"Shkodrës",316,"Shkodër","","","Bashkia","Bashkia"
469,3,"ALB","Albania",10,"Shkodër",32,"Shkodrës",317,"Shllak","","","Commune","Commune"
470,3,"ALB","Albania",10,"Shkodër",32,"Shkodrës",318,"Shosh","","","Commune","Commune"
471,3,"ALB","Albania",10,"Shkodër",32,"Shkodrës",319,"Temal","","","Commune","Commune"
472,3,"ALB","Albania",10,"Shkodër",32,"Shkodrës",320,"Vau i Dejës","","Vau Dejes","Bashkia","Bashkia"
473,3,"ALB","Albania",10,"Shkodër",32,"Shkodrës",321,"Velipojë","","","Commune","Commune"
474,3,"ALB","Albania",10,"Shkodër",32,"Shkodrës",322,"Vig Mnelë","","","Commune","Commune"
475,3,"ALB","Albania",11,"Tiranë",33,"Kavajës",323,"Golem","","","Commune","Commune"
476,3,"ALB","Albania",11,"Tiranë",33,"Kavajës",324,"Gosë","","","Commune","Commune"
618,3,"ALB","Albania",11,"Tiranë",33,"Kavajës",325,"Helmes","","Helmas","Commune","Commune"
619,3,"ALB","Albania",11,"Tiranë",33,"Kavajës",326,"Kavajë","","","Commune","Commune"
620,3,"ALB","Albania",11,"Tiranë",33,"Kavajës",327,"Kryevidh","","","Commune","Commune"
621,3,"ALB","Albania",11,"Tiranë",33,"Kavajës",328,"Lekaj","","","Commune","Commune"
622,3,"ALB","Albania",11,"Tiranë",33,"Kavajës",329,"Luz i Vogël","","","Commune","Commune"
623,3,"ALB","Albania",11,"Tiranë",33,"Kavajës",330,"Rrogozhinë","","","Bashkia","Bashkia"
624,3,"ALB","Albania",11,"Tiranë",33,"Kavajës",331,"Sinaballaj","","","Commune","Commune"
625,3,"ALB","Albania",11,"Tiranë",33,"Kavajës",332,"Synej","","","Commune","Commune"
626,3,"ALB","Albania",11,"Tiranë",34,"Tiranës",333,"Baldushk","","","Commune","Commune"
627,3,"ALB","Albania",11,"Tiranë",34,"Tiranës",334,"Bërxullë","","Berxull","Commune","Commune"
628,3,"ALB","Albania",11,"Tiranë",34,"Tiranës",335,"Bërzhitë","","Berxhite","Commune","Commune"
629,3,"ALB","Albania",11,"Tiranë",34,"Tiranës",336,"Dajt","","","Commune","Commune"
630,3,"ALB","Albania",11,"Tiranë",34,"Tiranës",337,"Farkë","","Sauk","Commune","Commune"
631,3,"ALB","Albania",11,"Tiranë",34,"Tiranës",338,"Kamëz","","","Bashkia","Bashkia"
632,3,"ALB","Albania",11,"Tiranë",34,"Tiranës",339,"Kashar","","","Commune","Commune"
633,3,"ALB","Albania",11,"Tiranë",34,"Tiranës",340,"Krrabë","","","Commune","Commune"
634,3,"ALB","Albania",11,"Tiranë",34,"Tiranës",341,"Ndroq","","","Commune","Commune"
635,3,"ALB","Albania",11,"Tiranë",34,"Tiranës",342,"Paskuqan","","","Commune","Commune"
636,3,"ALB","Albania",11,"Tiranë",34,"Tiranës",343,"Petrelë","","Njesi Bashkiake","Commune","Commune"
637,3,"ALB","Albania",11,"Tiranë",34,"Tiranës",344,"Pezë","","","Commune","Commune"
638,3,"ALB","Albania",11,"Tiranë",34,"Tiranës",345,"Prezë","","","Commune","Commune"
639,3,"ALB","Albania",11,"Tiranë",34,"Tiranës",346,"Shëngjergj","","","Commune","Commune"
640,3,"ALB","Albania",11,"Tiranë",34,"Tiranës",347,"Tiranë","","","Bashkia","Bashkia"
641,3,"ALB","Albania",11,"Tiranë",34,"Tiranës",348,"Vaqarr","","","Commune","Commune"
642,3,"ALB","Albania",11,"Tiranë",34,"Tiranës",349,"Vorë","","","Bashkia","Bashkia"
643,3,"ALB","Albania",11,"Tiranë",34,"Tiranës",350,"Zall Bastar","","","Commune","Commune"
644,3,"ALB","Albania",11,"Tiranë",34,"Tiranës",351,"Zall Herr","","Zall Her","Commune","Commune"
645,3,"ALB","Albania",12,"Vlorë",35,"Delvinës",352,"Delvinë","","","Bashkia","Bashkia"
646,3,"ALB","Albania",12,"Vlorë",35,"Delvinës",353,"Finiq","","","Commune","Commune"
647,3,"ALB","Albania",12,"Vlorë",35,"Delvinës",354,"Mesopotam","","Mesapotam","Commune","Commune"
648,3,"ALB","Albania",12,"Vlorë",35,"Delvinës",355,"Vergo","","","Commune","Commune"
649,3,"ALB","Albania",12,"Vlorë",36,"Sarandës",356,"Aliko","","","Commune","Commune"
650,3,"ALB","Albania",12,"Vlorë",36,"Sarandës",357,"Dhivër","","Vidher","Commune","Commune"
651,3,"ALB","Albania",12,"Vlorë",36,"Sarandës",358,"Inland Water Body","","","Water body","Water body"
652,3,"ALB","Albania",12,"Vlorë",36,"Sarandës",359,"Konispol","","","Bashkia","Bashkia"
653,3,"ALB","Albania",12,"Vlorë",36,"Sarandës",360,"Ksamil","","","Commune","Commune"
654,3,"ALB","Albania",12,"Vlorë",36,"Sarandës",361,"Livadhja","","","Commune","Commune"
655,3,"ALB","Albania",12,"Vlorë",36,"Sarandës",362,"Lukovë","","","Commune","Commune"
656,3,"ALB","Albania",12,"Vlorë",36,"Sarandës",363,"Markat","","","Commune","Commune"
657,3,"ALB","Albania",12,"Vlorë",36,"Sarandës",364,"Sarandë","","","Bashkia","Bashkia"
658,3,"ALB","Albania",12,"Vlorë",36,"Sarandës",365,"Xarrë","","","Commune","Commune"
659,3,"ALB","Albania",12,"Vlorë",37,"Vlorës",366,"Armen","","","Commune","Commune"
660,3,"ALB","Albania",12,"Vlorë",37,"Vlorës",367,"Brataj","","","Commune","Commune"
661,3,"ALB","Albania",12,"Vlorë",37,"Vlorës",368,"Himarë","","","Commune","Commune"
662,3,"ALB","Albania",12,"Vlorë",37,"Vlorës",369,"Hore Vranisht","","Vranisht","Commune","Commune"
663,3,"ALB","Albania",12,"Vlorë",37,"Vlorës",370,"Kotë","","","Commune","Commune"
664,3,"ALB","Albania",12,"Vlorë",37,"Vlorës",371,"Novoselë","","Piskal Novosele","Commune","Commune"
