"PID","ID_0","ISO","NAME_0","ID_1","NAME_1","NL_NAME_1","VARNAME_1","TYPE_1","ENGTYPE_1"
49,3,"ALB","Albania",1,"Berat","","","Qark|Region","County"
50,3,"ALB","Albania",2,"Dibër","","Dibra| Dibrë","Qark|Region","County"
51,3,"ALB","Albania",3,"Durrës","","Durresi|Durrsi|Durazzo","Qark|Region","County"
52,3,"ALB","Albania",4,"Elbasan","","","Qark|Region","County"
53,3,"ALB","Albania",5,"Fier","","","Qark|Region","County"
54,3,"ALB","Albania",6,"Gjirokastër","","Gjinokastër|Argirocastro|Argyrocastro|Argyrokastron","Qark|Region","County"
55,3,"ALB","Albania",7,"Korçë","","Coriza|Corizza|Koritsa|Koritza|Korça|Kortscha","Qark|Region","County"
56,3,"ALB","Albania",8,"Kukës","","Kosova|Kossovo","Qark|Region","County"
57,3,"ALB","Albania",9,"Lezhë","","Alessio|Lezha","Qark|Region","County"
58,3,"ALB","Albania",10,"Shkodër","","Escútari|Shkodra|Skodë|Scutari","Qark|Region","County"
59,3,"ALB","Albania",11,"Tiranë","","Tiran|Tirana","Qark|Region","County"
60,3,"ALB","Albania",12,"Vlorë","","Vlona|Vlora|Vlonë|Valona","Qark|Region","County"
