"PID","ID_0","ISO","NAME_0","ID_1","NAME_1","NL_NAME_1","VARNAME_1","TYPE_1","ENGTYPE_1"
138,10,"ATG","Antigua and Barbuda",1,"Barbuda","","Codrington","Dependency","Dependency"
139,10,"ATG","Antigua and Barbuda",2,"Redonda","","","Dependency","Dependency"
140,10,"ATG","Antigua and Barbuda",3,"Saint George","","Parham","Parish","Parish"
141,10,"ATG","Antigua and Barbuda",4,"Saint John","","Saint John's","Parish","Parish"
142,10,"ATG","Antigua and Barbuda",5,"Saint Mary","","Bolands","Parish","Parish"
143,10,"ATG","Antigua and Barbuda",6,"Saint Paul","","Nelson's Dockyard","Parish","Parish"
144,10,"ATG","Antigua and Barbuda",7,"Saint Peter","","Parham","Parish","Parish"
145,10,"ATG","Antigua and Barbuda",8,"Saint Philip","","Carlisle","Parish","Parish"
