"PID","ID_0","ISO","NAME_0","ID_1","NAME_1","NL_NAME_1","VARNAME_1","TYPE_1","ENGTYPE_1"
1497,106,"IDN","Indonesia",1,"Aceh","","Achin|Atjeh|Nanggroe Aceh Darussalam","Propinsi","Autonomous Province"
1498,106,"IDN","Indonesia",2,"Bali","","Penida|Lembongan|Ceningan|Menjangan","Propinsi","Province"
1499,106,"IDN","Indonesia",3,"Bangka-Belitung","","Babel|Kepulauan Bangka Belitung","Propinsi","Province"
1500,106,"IDN","Indonesia",4,"Banten","","","Propinsi","Province"
1501,106,"IDN","Indonesia",5,"Bengkulu","","Bencoolen|Benkoelen|Benkulen","Propinsi","Province"
1502,106,"IDN","Indonesia",6,"Gorontalo","","","Propinsi","Province"
1503,106,"IDN","Indonesia",7,"Irian Jaya Barat","","New Guinea|Yos Sudarso or Frederick Hendrik|Waigeo|Supiori Biak|Yapen|Misool|Salawati|Batanta","Propinsi","Province"
1504,106,"IDN","Indonesia",8,"Jakarta Raya","","Jawa|Djakarta","Daerah Khusus Ibukota","Special district"
1505,106,"IDN","Indonesia",9,"Jambi","","Djambi","Propinsi","Province"
1506,106,"IDN","Indonesia",10,"Jawa Barat","","Jabar","Propinsi","Province"
1507,106,"IDN","Indonesia",11,"Jawa Tengah","","Jateng","City","City"
1508,106,"IDN","Indonesia",12,"Jawa Timur","","Jatim","Propinsi","Province"
1509,106,"IDN","Indonesia",13,"Kalimantan Barat","","West Kalimantan| Kalbar","Propinsi","Province"
1510,106,"IDN","Indonesia",14,"Kalimantan Selatan","","Kalsel","Propinsi","Province"
1511,106,"IDN","Indonesia",15,"Kalimantan Tengah","","Kalteng","Propinsi","Province"
1512,106,"IDN","Indonesia",16,"Kalimantan Timur","","Kaltim","Propinsi","Province"
1513,106,"IDN","Indonesia",17,"Kepulauan Riau","","","Propinsi","Province"
1514,106,"IDN","Indonesia",18,"Lampung","","","Propinsi","Province"
1515,106,"IDN","Indonesia",19,"Maluku Utara","","Malut","Propinsi","Province"
1516,106,"IDN","Indonesia",20,"Maluku","","Molucas||Moluccas|Molucche|Moluckerna|Moluqu","Propinsi","Province"
1517,106,"IDN","Indonesia",21,"Nusa Tenggara Barat","","NTB","Propinsi","Province"
1518,106,"IDN","Indonesia",22,"Nusa Tenggara Timur","","NTT","Propinsi","Province"
1519,106,"IDN","Indonesia",23,"Papua","","New Guinea|Yos Sudarso or Frederick Hendrik|Waigeo|Supiori Biak|Yapen|Misool|Salawati|Batanta","Propinsi","Province"
1520,106,"IDN","Indonesia",24,"Riau","","Rhio|Riou|Riouw","Propinsi","Province"
1521,106,"IDN","Indonesia",25,"Sulawesi Barat","","Sulsel","Propinsi","Province"
1522,106,"IDN","Indonesia",26,"Sulawesi Selatan","","Sulsel","Propinsi","Province"
1523,106,"IDN","Indonesia",27,"Sulawesi Tengah","","Sulteng","Propinsi","Province"
1524,106,"IDN","Indonesia",28,"Sulawesi Tenggara","","Sultra","Propinsi","Province"
1525,106,"IDN","Indonesia",29,"Sulawesi Utara","","Sulut","Propinsi","Province"
1526,106,"IDN","Indonesia",30,"Sumatera Barat","","Sumbar","Propinsi","Province"
1527,106,"IDN","Indonesia",31,"Sumatera Selatan","","Sumsel","Propinsi","Province"
1528,106,"IDN","Indonesia",32,"Sumatera Utara","","Sumut","Propinsi","Province"
1529,106,"IDN","Indonesia",33,"Yogyakarta","","Jawa|Daerah Istimewa Yogyakarta","Daerah Istimewa","Special region"
