"PID","ID_0","ISO","NAME_0","ID_1","NAME_1","ID_2","NAME_2","NL_NAME_2","VARNAME_2","TYPE_2","ENGTYPE_2"
32159,195,"WSM","Samoa",1,"A'ana",1,"Aana Alofi I","","","Unknown","Unknown"
32160,195,"WSM","Samoa",1,"A'ana",2,"Aana Alofi II","","","Unknown","Unknown"
32161,195,"WSM","Samoa",1,"A'ana",3,"Aana Alofi III","","","Unknown","Unknown"
32162,195,"WSM","Samoa",1,"A'ana",4,"Falelatai/Samatau","","","Unknown","Unknown"
32163,195,"WSM","Samoa",1,"A'ana",5,"Lefaga/Faleseela","","","Unknown","Unknown"
32164,195,"WSM","Samoa",2,"Aiga-i-le-Tai",6,"Aiga i le Tai","","","Unknown","Unknown"
32165,195,"WSM","Samoa",3,"Atua",7,"Aleipata Itupa i Lalo","","","Unknown","Unknown"
32166,195,"WSM","Samoa",3,"Atua",8,"Aleipata Itupa i Luga","","","Unknown","Unknown"
32167,195,"WSM","Samoa",3,"Atua",9,"Anoamaa East","","","Unknown","Unknown"
32168,195,"WSM","Samoa",3,"Atua",10,"Anoamaa West","","","Unknown","Unknown"
32169,195,"WSM","Samoa",3,"Atua",11,"Falealili","","","Unknown","Unknown"
32170,195,"WSM","Samoa",3,"Atua",12,"Lepa","","","Unknown","Unknown"
32171,195,"WSM","Samoa",3,"Atua",13,"Lotofaga","","","Unknown","Unknown"
32172,195,"WSM","Samoa",4,"Fa'asaleleaga",14,"Faasaleleaga I","","","Unknown","Unknown"
32173,195,"WSM","Samoa",4,"Fa'asaleleaga",15,"Faasaleleaga II","","","Unknown","Unknown"
32174,195,"WSM","Samoa",4,"Fa'asaleleaga",16,"Faasaleleaga III","","","Unknown","Unknown"
32175,195,"WSM","Samoa",4,"Fa'asaleleaga",17,"Faasaleleaga IV","","","Unknown","Unknown"
32176,195,"WSM","Samoa",5,"Gaga'emauga",18,"Gagaemauga I","","","Unknown","Unknown"
32177,195,"WSM","Samoa",5,"Gaga'emauga",19,"Gagaemauga II","","","Unknown","Unknown"
32178,195,"WSM","Samoa",5,"Gaga'emauga",20,"Gagaemauga III","","","Unknown","Unknown"
32179,195,"WSM","Samoa",5,"Gaga'emauga",21,"Salamumu","","","Unknown","Unknown"
32180,195,"WSM","Samoa",6,"Gagaifomauga",22,"Gagaifomauga I","","","Unknown","Unknown"
32181,195,"WSM","Samoa",6,"Gagaifomauga",23,"Gagaifomauga II","","","Unknown","Unknown"
32182,195,"WSM","Samoa",6,"Gagaifomauga",24,"Gagaifomauga III","","","Unknown","Unknown"
32183,195,"WSM","Samoa",7,"Palauli",25,"Palauli East","","","Unknown","Unknown"
32184,195,"WSM","Samoa",7,"Palauli",26,"Palauli le Falefa","","","Unknown","Unknown"
32185,195,"WSM","Samoa",7,"Palauli",27,"Palauli West","","","Unknown","Unknown"
32186,195,"WSM","Samoa",8,"Satupa'itea",28,"Salega","","","Unknown","Unknown"
32187,195,"WSM","Samoa",8,"Satupa'itea",29,"Satupaitea","","","Unknown","Unknown"
32188,195,"WSM","Samoa",9,"Tuamasaga",30,"Faleata East","","","Unknown","Unknown"
32189,195,"WSM","Samoa",9,"Tuamasaga",31,"Faleata West","","","Unknown","Unknown"
32190,195,"WSM","Samoa",9,"Tuamasaga",32,"Leauvaa","","","Unknown","Unknown"
32191,195,"WSM","Samoa",9,"Tuamasaga",33,"Safata","","","Unknown","Unknown"
32192,195,"WSM","Samoa",9,"Tuamasaga",34,"Sagaga le Falefa","","","Unknown","Unknown"
32193,195,"WSM","Samoa",9,"Tuamasaga",35,"Sagaga Le Usoga","","","Unknown","Unknown"
32194,195,"WSM","Samoa",9,"Tuamasaga",36,"Siumu","","","Unknown","Unknown"
32195,195,"WSM","Samoa",9,"Tuamasaga",37,"Vaimauga East","","","Unknown","Unknown"
32196,195,"WSM","Samoa",9,"Tuamasaga",38,"Vaimauga West","","","Unknown","Unknown"
32197,195,"WSM","Samoa",10,"Va'a-o-Fonoti",39,"Vaa o Fonoti","","","Unknown","Unknown"
32198,195,"WSM","Samoa",11,"Vaisigano",40,"Alataua West","","","Unknown","Unknown"
32199,195,"WSM","Samoa",11,"Vaisigano",41,"Falealupo","","","Unknown","Unknown"
32200,195,"WSM","Samoa",11,"Vaisigano",42,"Vaisigano East","","","Unknown","Unknown"
32201,195,"WSM","Samoa",11,"Vaisigano",43,"Vaisigano West","","","Unknown","Unknown"
