"PID","ID_0","ISO","NAME_0","ID_1","NAME_1","NL_NAME_1","VARNAME_1","TYPE_1","ENGTYPE_1"
2604,195,"WSM","Samoa",1,"A'ana","","Aana","Itumalo","District"
2605,195,"WSM","Samoa",2,"Aiga-i-le-Tai","","","Itumalo","District"
2606,195,"WSM","Samoa",3,"Atua","","","Itumalo","District"
2607,195,"WSM","Samoa",4,"Fa'asaleleaga","","Faasaleleaga","Itumalo","District"
2608,195,"WSM","Samoa",5,"Gaga'emauga","","Gagaemauga","Itumalo","District"
2609,195,"WSM","Samoa",6,"Gagaifomauga","","","Itumalo","District"
2610,195,"WSM","Samoa",7,"Palauli","","","Itumalo","District"
2611,195,"WSM","Samoa",8,"Satupa'itea","","Satupaitea","Itumalo","District"
2612,195,"WSM","Samoa",9,"Tuamasaga","","","Itumalo","District"
2613,195,"WSM","Samoa",10,"Va'a-o-Fonoti","","Vaa-o-Fonoti","Itumalo","District"
2614,195,"WSM","Samoa",11,"Vaisigano","","","Itumalo","District"
