"PID","ID_0","ISO","NAME_0","ID_1","NAME_1","NL_NAME_1","VARNAME_1","TYPE_1","ENGTYPE_1"
408,30,"BWA","Botswana",1,"Central","","Centre|Ngwato|Serowe-Palapye","District","District"
409,30,"BWA","Botswana",2,"Ghanzi","","Ghantsi","District","District"
410,30,"BWA","Botswana",3,"Kgalagadi","","","District","District"
411,30,"BWA","Botswana",4,"Kgatleng","","","District","District"
412,30,"BWA","Botswana",5,"Kweneng","","","District","District"
413,30,"BWA","Botswana",6,"North-East","","North East|Bokone-Botlhaba","District","District"
414,30,"BWA","Botswana",7,"North-West","","North West|Bokone-Bophirima","District","District"
415,30,"BWA","Botswana",8,"South-East","","Borwa-Botlhaba","District","District"
416,30,"BWA","Botswana",9,"Southern","","Borwa|Ngwakets|Ngwaketse","District","District"
