"PID","ID_0","ISO","NAME_0","ID_1","NAME_1","ID_2","NAME_2","NL_NAME_2","VARNAME_2","TYPE_2","ENGTYPE_2"
4774,30,"BWA","Botswana",1,"Central",1,"Bobonong","","","Sub-district","Sub-district"
4775,30,"BWA","Botswana",1,"Central",2,"Lethlakane","","Orapa","Town Council","Town Council"
4776,30,"BWA","Botswana",1,"Central",3,"Machaneng","","","Unknown","Unknown"
4777,30,"BWA","Botswana",1,"Central",4,"Mahalapye","","","Sub-district","Sub-district"
4778,30,"BWA","Botswana",1,"Central",5,"Palapye","","","Sub-district","Sub-district"
4779,30,"BWA","Botswana",1,"Central",6,"Serowe","","","Sub-district","Sub-district"
4780,30,"BWA","Botswana",1,"Central",7,"Tuli","","","Unknown","Unknown"
4781,30,"BWA","Botswana",1,"Central",8,"Tutume","","","Sub-district","Sub-district"
4782,30,"BWA","Botswana",2,"Ghanzi",9,"Ghanzi","","","Sub-district","Sub-district"
4783,30,"BWA","Botswana",3,"Kgalagadi",10,"Gemsbok","","","Unknown","Unknown"
4784,30,"BWA","Botswana",3,"Kgalagadi",11,"Hukunsti","","Kgalagadi North","Sub-district","Sub-district"
4785,30,"BWA","Botswana",3,"Kgalagadi",12,"Tshabong","","Kgalagadi South","Sub-district","Sub-district"
4786,30,"BWA","Botswana",4,"Kgatleng",13,"Kgatleng","","","Sub-district","Sub-district"
4787,30,"BWA","Botswana",5,"Kweneng",14,"Kweneng North","","Kweneng East","Sub-district","Sub-district"
4788,30,"BWA","Botswana",5,"Kweneng",15,"Kweneng South","","Kweneng West","Sub-district","Sub-district"
4789,30,"BWA","Botswana",6,"North-East",16,"Masungu","","North East and Francistown","Sub-district","Sub-district"
4790,30,"BWA","Botswana",7,"North-West",17,"Chobe","","","Sub-district","Sub-district"
4791,30,"BWA","Botswana",7,"North-West",18,"Ngamiland East","","Ngamiland North","Sub-district","Sub-district"
4792,30,"BWA","Botswana",7,"North-West",19,"Ngamiland West","","","Unknown","Unknown"
4793,30,"BWA","Botswana",8,"South-East",20,"Gaborone","","","Town Council","Town Council"
4794,30,"BWA","Botswana",8,"South-East",21,"South East","","","Sub-district","Sub-district"
4795,30,"BWA","Botswana",9,"Southern",22,"Barolong","","","Sub-district","Sub-district"
4796,30,"BWA","Botswana",9,"Southern",23,"Ngwaketse Central","","","Unknown","Unknown"
4797,30,"BWA","Botswana",9,"Southern",24,"Ngwaketse North","","","Unknown","Unknown"
4798,30,"BWA","Botswana",9,"Southern",25,"Ngwaketse South","","","Unknown","Unknown"
