"PID","ID_0","ISO","NAME_0","ID_1","NAME_1","ID_2","NAME_2","NL_NAME_2","VARNAME_2","TYPE_2","ENGTYPE_2"
33022,227,"TGO","Togo",1,"Centre",1,"Sotouboua","","","Préfecture","Prefecture"
33023,227,"TGO","Togo",1,"Centre",2,"Tchamba (Nyala)","","Nyala|Tchamba","Préfecture","Prefecture"
33024,227,"TGO","Togo",1,"Centre",3,"Tchaudjo","","Sokodé|Tchaoudjo","Préfecture","Prefecture"
33025,227,"TGO","Togo",2,"Kara",4,"Assoli","","Bafilo","Préfecture","Prefecture"
33026,227,"TGO","Togo",2,"Kara",5,"Bassar","","Bassari","Préfecture","Prefecture"
33027,227,"TGO","Togo",2,"Kara",6,"Bimah","","Binah|Pagouda|Kpagouda","Préfecture","Prefecture"
33028,227,"TGO","Togo",2,"Kara",7,"Doufelgou","","Niamtougou","Préfecture","Prefecture"
33029,227,"TGO","Togo",2,"Kara",8,"Kéran","","Kandé|Kanté","Préfecture","Prefecture"
33030,227,"TGO","Togo",2,"Kara",9,"Kozah","","Kara|Lama-Kara","Préfecture","Prefecture"
33031,227,"TGO","Togo",3,"Maritime",10,"Golfe (incl Lomé)","","Golfe|Lomé","Commune and Préfecture","Commune and Prefecture"
33032,227,"TGO","Togo",3,"Maritime",11,"Lacs","","Anécho|Aného","Préfecture","Prefecture"
33033,227,"TGO","Togo",3,"Maritime",12,"Vo","","Vogan","Préfecture","Prefecture"
33034,227,"TGO","Togo",3,"Maritime",13,"Yoto","","Tabligbo","Préfecture","Prefecture"
33035,227,"TGO","Togo",3,"Maritime",14,"Zio","","Tsévié","Préfecture","Prefecture"
33036,227,"TGO","Togo",4,"Plateaux",15,"Amou","","Amlamé","Préfecture","Prefecture"
33037,227,"TGO","Togo",4,"Plateaux",16,"Haho","","Nuatja|Notsé","Préfecture","Prefecture"
33038,227,"TGO","Togo",4,"Plateaux",17,"Kloto","","Kpalimé|Palimé|Klouto","Préfecture","Prefecture"
33039,227,"TGO","Togo",4,"Plateaux",18,"Ogou","","Atakpamé","Préfecture","Prefecture"
33040,227,"TGO","Togo",4,"Plateaux",19,"Wawa","","Badou","Préfecture","Prefecture"
33041,227,"TGO","Togo",5,"Savanes",20,"Oti","","Sansanne-Mango|Mango","Préfecture","Prefecture"
33042,227,"TGO","Togo",5,"Savanes",21,"Tône","","Dapango|Tôné|Dapaong","Préfecture","Prefecture"
