"PID","ID_0","ISO","NAME_0","ID_1","NAME_1","NL_NAME_1","VARNAME_1","TYPE_1","ENGTYPE_1"
1020,61,"CZE","Czech Republic",1,"Jihoceský","","Budweis|Budejovický|Ceskobudejovický|South Bohemian","Kraj","Region"
1021,61,"CZE","Czech Republic",2,"Jihomoravský","","Brünn|Jihomoravský Brnenský|South Moravian","Kraj","Region"
1022,61,"CZE","Czech Republic",3,"Karlovarský","","Carlsbad| Karlovy Vary","Kraj","Region"
1023,61,"CZE","Czech Republic",4,"Kraj Vysocina","","Iglau|Jihlavský|Vysocina|Vysocina","Kraj","Region"
1024,61,"CZE","Czech Republic",5,"Královéhradecký","","Königsgrätz| Hradec Králové","Kraj","Region"
1025,61,"CZE","Czech Republic",6,"Liberecký","","Reichenberg| Liberec","Kraj","Region"
1026,61,"CZE","Czech Republic",7,"Moravskoslezský","","Mährisch-Ostrau|Mähren|Morava|Moravie|Mor via|Moravskoslezský|Ostravský| Moravian-Silesian","Kraj","Region"
1027,61,"CZE","Czech Republic",8,"Olomoucký","","Olmütz|Olomouc","Kraj","Region"
1028,61,"CZE","Czech Republic",9,"Pardubický","","Pardubitz|Pardubice","Kraj","Region"
1029,61,"CZE","Czech Republic",10,"Plzenský","","Pilsen|Plzen","Kraj","Region"
1030,61,"CZE","Czech Republic",11,"Prague","","Prag |Hlavní mesto Praha","Kraj","Region"
1031,61,"CZE","Czech Republic",12,"Stredoceský","","Central Bohemian","Kraj","Region"
1032,61,"CZE","Czech Republic",13,"Ústecký","","Aussig an der Elbe|Aussig|Ústí nad Labem","Kraj","Region"
1033,61,"CZE","Czech Republic",14,"Zlínský","","Gottwaldov|Zlín","Kraj","Region"
