"PID","ID_0","ISO","NAME_0","ID_1","NAME_1","ID_2","NAME_2","NL_NAME_2","VARNAME_2","TYPE_2","ENGTYPE_2"
32975,222,"SYR","Syria",10,"Idlib",41,"Ma'arrat al-Numan","","","Mantika","District"
32976,222,"SYR","Syria",11,"Lattakia",42,"Al-Haffah","","","Mantika","District"
32977,222,"SYR","Syria",11,"Lattakia",43,"Jableh","","","Mantika","District"
32978,222,"SYR","Syria",11,"Lattakia",44,"Latakia","","","Mantika","District"
32979,222,"SYR","Syria",11,"Lattakia",45,"Qardaha","","","Mantika","District"
32980,222,"SYR","Syria",12,"Quneitra",46,"Quneitra","","","Mantika","District"
32981,222,"SYR","Syria",13,"Rif Dimashq",47,"Al-Qutayfah","","","Mantika","District"
32982,222,"SYR","Syria",13,"Rif Dimashq",48,"An-Nabk","","","Mantika","District"
32983,222,"SYR","Syria",13,"Rif Dimashq",49,"At-Tall","","","Mantika","District"
32984,222,"SYR","Syria",13,"Rif Dimashq",50,"Darayya","","","Mantika","District"
32985,222,"SYR","Syria",13,"Rif Dimashq",51,"Duma","","","Mantika","District"
32986,222,"SYR","Syria",13,"Rif Dimashq",52,"Markaz Rif Dimashq","","","Mantika","District"
32987,222,"SYR","Syria",13,"Rif Dimashq",53,"Qatana","","","Mantika","District"
32988,222,"SYR","Syria",13,"Rif Dimashq",54,"Yabrud","","","Mantika","District"
32989,222,"SYR","Syria",13,"Rif Dimashq",55,"Zabadani","","","Mantika","District"
32990,222,"SYR","Syria",14,"Tartus",56,"Ash-Shaykh Badr","","","Mantika","District"
32991,222,"SYR","Syria",14,"Tartus",57,"Baniyas","","","Mantika","District"
32992,222,"SYR","Syria",14,"Tartus",58,"Duraykish","","","Mantika","District"
32993,222,"SYR","Syria",14,"Tartus",59,"Safita","","","Mantika","District"
32994,222,"SYR","Syria",14,"Tartus",60,"Tartus","","","Mantika","District"
34289,222,"SYR","Syria",1,"Al <U+1E24>asakah",1,"Al-Hasakah","","","Mantika","District"
34290,222,"SYR","Syria",1,"Al <U+1E24>asakah",2,"Al-Malikiyah","","","Mantika","District"
34291,222,"SYR","Syria",1,"Al <U+1E24>asakah",3,"Al Qamishli","","","Mantika","District"
34292,222,"SYR","Syria",1,"Al <U+1E24>asakah",4,"Ra's al-'Ayn","","","Mantika","District"
34293,222,"SYR","Syria",2,"Aleppo",5,"'Ayn al-'Arab","","","Mantika","District"
34294,222,"SYR","Syria",2,"Aleppo",6,"A'zaz","","","Mantika","District"
34295,222,"SYR","Syria",2,"Aleppo",7,"Afrin","","","Mantika","District"
34296,222,"SYR","Syria",2,"Aleppo",8,"Al Bab","","","Mantika","District"
34297,222,"SYR","Syria",2,"Aleppo",9,"As-Safirah","","","Mantika","District"
34298,222,"SYR","Syria",2,"Aleppo",10,"Jabal Sam'an","","","Mantika","District"
34299,222,"SYR","Syria",2,"Aleppo",11,"Jarabulus","","","Mantika","District"
34300,222,"SYR","Syria",2,"Aleppo",12,"Manbij","","","Mantika","District"
34301,222,"SYR","Syria",3,"Ar Raqqah",13,"Ar-Raqqah","","","Mantika","District"
34302,222,"SYR","Syria",3,"Ar Raqqah",14,"Ath-Thawrah","","","Mantika","District"
34303,222,"SYR","Syria",3,"Ar Raqqah",15,"Tal Abyad","","","Mantika","District"
34304,222,"SYR","Syria",4,"As Suwayda'",16,"As-Suwayda","","","Mantika","District"
34305,222,"SYR","Syria",4,"As Suwayda'",17,"Salkhad","","","Mantika","District"
34306,222,"SYR","Syria",4,"As Suwayda'",18,"Shahba","","","Mantika","District"
34307,222,"SYR","Syria",5,"Damascus",19,"Damascus","","","Mantika","District"
34308,222,"SYR","Syria",6,"Dar`a",20,"As-Sanamayn","","","Mantika","District"
34309,222,"SYR","Syria",6,"Dar`a",21,"Daraa","","","Mantika","District"
34310,222,"SYR","Syria",6,"Dar`a",22,"Izra'","","","Mantika","District"
34311,222,"SYR","Syria",7,"Dayr Az Zawr",23,"Abu Kamal","","","Mantika","District"
34312,222,"SYR","Syria",7,"Dayr Az Zawr",24,"Deir ez-Zor","","","Mantika","District"
34313,222,"SYR","Syria",7,"Dayr Az Zawr",25,"Mayadin","","","Mantika","District"
34314,222,"SYR","Syria",8,"Hamah",26,"As-Suqaylabiyah","","","Mantika","District"
34315,222,"SYR","Syria",8,"Hamah",27,"Hama","","","Mantika","District"
34316,222,"SYR","Syria",8,"Hamah",28,"Masyaf","","","Mantika","District"
34317,222,"SYR","Syria",8,"Hamah",29,"Muhardeh","","","Mantika","District"
34318,222,"SYR","Syria",8,"Hamah",30,"Salamiyah","","","Mantika","District"
34319,222,"SYR","Syria",9,"Hims",31,"Al-Mukharram","","","Mantika","District"
34320,222,"SYR","Syria",9,"Hims",32,"Al-Qusayr","","","Mantika","District"
34321,222,"SYR","Syria",9,"Hims",33,"Ar-Rastan","","","Mantika","District"
34322,222,"SYR","Syria",9,"Hims",34,"Hims","","","Mantika","District"
34323,222,"SYR","Syria",9,"Hims",35,"Palmyra","","","Mantika","District"
34324,222,"SYR","Syria",9,"Hims",36,"Talkalakh","","","Mantika","District"
34325,222,"SYR","Syria",10,"Idlib",37,"Arihah","","","Mantika","District"
34326,222,"SYR","Syria",10,"Idlib",38,"Harem","","","Mantika","District"
34327,222,"SYR","Syria",10,"Idlib",39,"Idlib","","","Mantika","District"
34328,222,"SYR","Syria",10,"Idlib",40,"Jisr ash-Shugur","","","Mantika","District"
