"PID","ID_0","ISO","NAME_0","ID_1","NAME_1","NL_NAME_1","VARNAME_1","TYPE_1","ENGTYPE_1"
2866,222,"SYR","Syria",1,"Al <U+1E24>asakah","","Al-Haska|Al Hassake|El Haseke|Haseke|Hassakeh|Hazakieh|Hassetché|Al Jezira|Jezireh","Governorate|Muhafazah","Province"
2867,222,"SYR","Syria",2,"Aleppo","","Aleppo|Alep|Alepo|Haleb|<U+1E24>alab","Governorate|Muhafazah","Province"
2868,222,"SYR","Syria",3,"Ar Raqqah","","Al Rakka|Raqqa|Al Rashid|Rashid","Governorate|Muhafazah","Province"
2869,222,"SYR","Syria",4,"As Suwayda'","","Djebel Druze|Jabal Druze|Jebel Druse|Jebel ed Druz|Al Sueida|Es Sueida|Es Suweida|Soueida|Suwaidaa","Governorate|Muhafazah","Province"
2870,222,"SYR","Syria",5,"Damascus","","","Governorate|Muhafazah","Province"
2871,222,"SYR","Syria",6,"Dar`a","","Dara'a|Dária|Dera`a|Derraa|Hauran","Governorate|Muhafazah","Province"
2872,222,"SYR","Syria",7,"Dayr Az Zawr","","Dair-Ezzor|Dayr az Zaur|Deir Al Zour|Deir ez Zor|Der Azzor|Dier Elzour","Governorate|Muhafazah","Province"
2873,222,"SYR","Syria",8,"Hamah","","Hama|<U+1E24>amah","Governorate|Muhafazah","Province"
2874,222,"SYR","Syria",9,"Hims","","Hims|Homs","Governorate|Muhafazah","Province"
2875,222,"SYR","Syria",10,"Idlib","","Adlib|Edleb|Idleb","Governorate|Muhafazah","Province"
2876,222,"SYR","Syria",11,"Lattakia","","Latakia|Al Ladhiqiyah|El Ladhiqiya|Lattakia|Lattakieh|Lattikia|Lattaquie","Governorate|Muhafazah","Province"
2877,222,"SYR","Syria",12,"Quneitra","","Al Qunatirah|Al Qunaytirah|Al Quneitera|El Quneitra|El Kenitra|Kunaitra|Kuneitra|Qunaytira","Governorate|Muhafazah","Province"
2878,222,"SYR","Syria",13,"Rif Dimashq","","Damas Campagne|Damascus Countryside|Damascus Rural","Governorate|Muhafazah","Province"
2879,222,"SYR","Syria",14,"Tartus","","Tartaus|Tartous","Governorate|Muhafazah","Province"
