"PID","ID_0","ISO","NAME_0","ID_1","NAME_1","ID_2","NAME_2","NL_NAME_2","VARNAME_2","TYPE_2","ENGTYPE_2"
14221,66,"DOM","Dominican Republic",1,"Azua",1,"Azua de Compostela","","","Municipality","Municipality"
14222,66,"DOM","Dominican Republic",1,"Azua",2,"Estebania","","","Municipal district","Municipal district"
14223,66,"DOM","Dominican Republic",1,"Azua",3,"Guayabal","","","Municipal district","Municipal district"
14224,66,"DOM","Dominican Republic",1,"Azua",4,"Las Charcas","","","Municipal district","Municipal district"
14225,66,"DOM","Dominican Republic",1,"Azua",5,"Las Yayas de Viajama","","","Municipal district","Municipal district"
14226,66,"DOM","Dominican Republic",1,"Azua",6,"Padre Las Casas","","","Municipality","Municipality"
14227,66,"DOM","Dominican Republic",1,"Azua",7,"Peralta","","","Municipality","Municipality"
14228,66,"DOM","Dominican Republic",1,"Azua",8,"Pueblo Viejo","","","Municipal district","Municipal district"
14229,66,"DOM","Dominican Republic",1,"Azua",9,"Sabana Yegua","","","Municipal district","Municipal district"
14230,66,"DOM","Dominican Republic",1,"Azua",10,"Villa Tabara Arriba","","","Municipality","Municipality"
14231,66,"DOM","Dominican Republic",2,"Bahoruco",11,"Galvan","","","Municipal district","Municipal district"
14232,66,"DOM","Dominican Republic",2,"Bahoruco",12,"Los Rios","","","Municipal district","Municipal district"
14233,66,"DOM","Dominican Republic",2,"Bahoruco",13,"Neyba","","","Municipality","Municipality"
14234,66,"DOM","Dominican Republic",2,"Bahoruco",14,"Tamayo","","","Municipality","Municipality"
14235,66,"DOM","Dominican Republic",2,"Bahoruco",15,"Villa Jaragua","","","Municipality","Municipality"
14236,66,"DOM","Dominican Republic",3,"Barahona",16,"Cabral","","","Municipality","Municipality"
14237,66,"DOM","Dominican Republic",3,"Barahona",17,"El Peñón","","","Municipal district","Municipal district"
14238,66,"DOM","Dominican Republic",3,"Barahona",18,"Enriquillo","","","Municipality","Municipality"
14239,66,"DOM","Dominican Republic",3,"Barahona",19,"Fundación","","","Municipal district","Municipal district"
14240,66,"DOM","Dominican Republic",3,"Barahona",20,"Jaquimeyes","","","",""
14241,66,"DOM","Dominican Republic",3,"Barahona",21,"La Cienaga","","","Municipal district","Municipal district"
14242,66,"DOM","Dominican Republic",3,"Barahona",22,"Las Salinas","","","Municipal district","Municipal district"
14243,66,"DOM","Dominican Republic",3,"Barahona",23,"Paraiso","","","Municipality","Municipality"
14244,66,"DOM","Dominican Republic",3,"Barahona",24,"Polo","","","Municipal district","Municipal district"
14245,66,"DOM","Dominican Republic",3,"Barahona",25,"Santa Cruz de Barahona","","Barahona","Municipality","Municipality"
14246,66,"DOM","Dominican Republic",3,"Barahona",26,"Vicente Noble","","","Municipality","Municipality"
14247,66,"DOM","Dominican Republic",4,"Dajabón",27,"Dajabón","","","Municipality","Municipality"
14248,66,"DOM","Dominican Republic",4,"Dajabón",28,"El Pino","","","Municipal district","Municipal district"
14249,66,"DOM","Dominican Republic",4,"Dajabón",29,"Loma de Cabrera","","","Municipality","Municipality"
14250,66,"DOM","Dominican Republic",4,"Dajabón",30,"Partido
","","","Municipal district","Municipal district"
14251,66,"DOM","Dominican Republic",4,"Dajabón",31,"Restauración","","","Municipality","Municipality"
14252,66,"DOM","Dominican Republic",5,"Distrito Nacional",32,"Distrito Nacional","","","Municipality","Municipality"
14253,66,"DOM","Dominican Republic",6,"Duarte",33,"Arenoso","","","Municipality","Municipality"
14254,66,"DOM","Dominican Republic",6,"Duarte",34,"Castillo","","","Municipality","Municipality"
14255,66,"DOM","Dominican Republic",6,"Duarte",35,"Hostos","","","Municipal district","Municipal district"
14256,66,"DOM","Dominican Republic",6,"Duarte",36,"Las Guaranas","","","Municipal district","Municipal district"
14257,66,"DOM","Dominican Republic",6,"Duarte",37,"Pimentel","","","Municipality","Municipality"
14258,66,"DOM","Dominican Republic",6,"Duarte",38,"San Francisco de Macorís","","","Municipality","Municipality"
14259,66,"DOM","Dominican Republic",6,"Duarte",39,"Villa Rivas","","","Municipality","Municipality"
14260,66,"DOM","Dominican Republic",7,"El Seybo",40,"Miches","","","Municipality","Municipality"
14261,66,"DOM","Dominican Republic",7,"El Seybo",41,"Santa Cruz del Seybo","","","Municipality","Municipality"
14262,66,"DOM","Dominican Republic",8,"Espaillat",42,"Cayetano Germosén","","","Municipal district","Municipal district"
14263,66,"DOM","Dominican Republic",8,"Espaillat",43,"Gaspar Hernández","","","Municipality","Municipality"
14264,66,"DOM","Dominican Republic",8,"Espaillat",44,"Jamao al Norte","","","Municipal district","Municipal district"
14265,66,"DOM","Dominican Republic",8,"Espaillat",45,"Moca
","","","Municipality","Municipality"
14266,66,"DOM","Dominican Republic",9,"Hato Mayor",46,"El Valle","","","Municipality","Municipality"
14267,66,"DOM","Dominican Republic",9,"Hato Mayor",47,"Hato Mayor del Rey","","","Municipality","Municipality"
14268,66,"DOM","Dominican Republic",9,"Hato Mayor",48,"Sabana de la Mar","","","Municipality","Municipality"
14269,66,"DOM","Dominican Republic",10,"Independencia",49,"Cristobal","","","Municipal district","Municipal district"
14270,66,"DOM","Dominican Republic",10,"Independencia",50,"Duvergé","","","Municipality","Municipality"
14271,66,"DOM","Dominican Republic",10,"Independencia",51,"Jimaní
","","","Municipality","Municipality"
14272,66,"DOM","Dominican Republic",10,"Independencia",52,"La Descubierta","","","Municipality","Municipality"
14273,66,"DOM","Dominican Republic",10,"Independencia",53,"Mella","","","Municipal district","Municipal district"
14274,66,"DOM","Dominican Republic",10,"Independencia",54,"Postrer Rio","","","Municipality","Municipality"
14275,66,"DOM","Dominican Republic",11,"La Altagracia",55,"Isla Saona","","","",""
14276,66,"DOM","Dominican Republic",11,"La Altagracia",56,"La Laguna de Nisibón
","","","Municipal district","Municipal district"
14277,66,"DOM","Dominican Republic",11,"La Altagracia",57,"Salvaleón de Higüey
","","","Municipality","Municipality"
14278,66,"DOM","Dominican Republic",11,"La Altagracia",58,"San Rafael del Yuma","","","Municipality","Municipality"
14279,66,"DOM","Dominican Republic",12,"La Estrelleta",59,"Banica","","","Municipality","Municipality"
14280,66,"DOM","Dominican Republic",12,"La Estrelleta",60,"Comendador
","","","Municipality","Municipality"
14281,66,"DOM","Dominican Republic",12,"La Estrelleta",61,"El Llano","","","Municipality","Municipality"
14282,66,"DOM","Dominican Republic",12,"La Estrelleta",62,"Hondo Valle","","","Municipality","Municipality"
14283,66,"DOM","Dominican Republic",12,"La Estrelleta",63,"Juan Santiago","","","Municipality","Municipality"
14284,66,"DOM","Dominican Republic",12,"La Estrelleta",64,"Pedro Santana","","","Municipality","Municipality"
14285,66,"DOM","Dominican Republic",13,"La Romana",65,"Guaymate","","","Municipality","Municipality"
14286,66,"DOM","Dominican Republic",13,"La Romana",66,"Isla Catalina","","","",""
14287,66,"DOM","Dominican Republic",13,"La Romana",67,"La Romana","","","Municipality","Municipality"
14288,66,"DOM","Dominican Republic",13,"La Romana",68,"Villa Hermosa","","","",""
14289,66,"DOM","Dominican Republic",14,"La Vega",69,"Concepción de la Vega","","","Municipality","Municipality"
14290,66,"DOM","Dominican Republic",14,"La Vega",70,"Constanza","","","Municipality","Municipality"
14291,66,"DOM","Dominican Republic",14,"La Vega",71,"Jarabacoa","","","Municipality","Municipality"
14292,66,"DOM","Dominican Republic",14,"La Vega",72,"Jima Abajo","","","Municipal district","Municipal district"
14293,66,"DOM","Dominican Republic",15,"María Trinidad Sánchez",73,"Cabrera","","","Municipality","Municipality"
14294,66,"DOM","Dominican Republic",15,"María Trinidad Sánchez",74,"El Factor","","","Municipality","Municipality"
14295,66,"DOM","Dominican Republic",15,"María Trinidad Sánchez",75,"Nagua","","","Municipality","Municipality"
14296,66,"DOM","Dominican Republic",15,"María Trinidad Sánchez",76,"Rio San Juan","","","Municipality","Municipality"
14297,66,"DOM","Dominican Republic",16,"Monseñor Nouel",77,"Bonao","","","Municipality","Municipality"
14298,66,"DOM","Dominican Republic",16,"Monseñor Nouel",78,"Maimón","","","Municipality","Municipality"
14299,66,"DOM","Dominican Republic",16,"Monseñor Nouel",79,"Piedra Blanca","","","Municipality","Municipality"
14300,66,"DOM","Dominican Republic",17,"Monte Cristi",80,"Castañuela
","","","Municipality","Municipality"
14301,66,"DOM","Dominican Republic",17,"Monte Cristi",81,"Guayubín","","","Municipality","Municipality"
14302,66,"DOM","Dominican Republic",17,"Monte Cristi",82,"Las Matas de Santa Cruz","","","Municipality","Municipality"
14303,66,"DOM","Dominican Republic",17,"Monte Cristi",83,"Pepillo Salcedo
","","","Municipality","Municipality"
14304,66,"DOM","Dominican Republic",17,"Monte Cristi",84,"San Fernando de Monte Cristi","","Montecristi","Municipality","Municipality"
14305,66,"DOM","Dominican Republic",17,"Monte Cristi",85,"Villa Vázquez
","","","Municipality","Municipality"
14306,66,"DOM","Dominican Republic",18,"Monte Plata",86,"Bayaguana
","","","Municipality","Municipality"
14307,66,"DOM","Dominican Republic",18,"Monte Plata",87,"Esperalvillo","","","Municipal district","Municipal district"
14308,66,"DOM","Dominican Republic",18,"Monte Plata",88,"Monte Plata","","","Municipality","Municipality"
14309,66,"DOM","Dominican Republic",18,"Monte Plata",89,"Sabana Grande de Boyá","","","Municipality","Municipality"
14310,66,"DOM","Dominican Republic",18,"Monte Plata",90,"Yamasá","","","Municipality","Municipality"
14311,66,"DOM","Dominican Republic",19,"Pedernales",91,"Isla Alto Velo","","","",""
14312,66,"DOM","Dominican Republic",19,"Pedernales",92,"Isla Beata","","","",""
14313,66,"DOM","Dominican Republic",19,"Pedernales",93,"Pedernales","","","Municipality","Municipality"
14314,66,"DOM","Dominican Republic",20,"Peravia",94,"Baní","","","Municipality","Municipality"
14315,66,"DOM","Dominican Republic",20,"Peravia",95,"Nizao","","","Municipality","Municipality"
14316,66,"DOM","Dominican Republic",21,"Puerto Plata",96,"Altamira","","","Municipality","Municipality"
14317,66,"DOM","Dominican Republic",21,"Puerto Plata",97,"Guananico","","","Municipality","Municipality"
14318,66,"DOM","Dominican Republic",21,"Puerto Plata",98,"Imbert","","","Municipality","Municipality"
14319,66,"DOM","Dominican Republic",21,"Puerto Plata",99,"La Isabela","","","Municipality","Municipality"
14320,66,"DOM","Dominican Republic",21,"Puerto Plata",100,"Los Hidalgos","","","Municipality","Municipality"
14321,66,"DOM","Dominican Republic",21,"Puerto Plata",101,"Luperon","","","Municipality","Municipality"
14322,66,"DOM","Dominican Republic",21,"Puerto Plata",102,"Montellano","","","",""
14323,66,"DOM","Dominican Republic",21,"Puerto Plata",103,"San Felipe de Puerto Plata","","","Municipality","Municipality"
14324,66,"DOM","Dominican Republic",21,"Puerto Plata",104,"Sosua","","","Municipality","Municipality"
14325,66,"DOM","Dominican Republic",22,"Salcedo",105,"Salcedo","","","Municipality","Municipality"
14326,66,"DOM","Dominican Republic",22,"Salcedo",106,"Tenares","","","Municipality","Municipality"
14327,66,"DOM","Dominican Republic",22,"Salcedo",107,"Villa Tapia","","","Municipality","Municipality"
14328,66,"DOM","Dominican Republic",23,"Samaná",108,"Las Terrenas","","","Municipal district","Municipal district"
14329,66,"DOM","Dominican Republic",23,"Samaná",109,"Sánchez","","","Municipality","Municipality"
14330,66,"DOM","Dominican Republic",23,"Samaná",110,"Santa Bárbara de Samaná","","","Municipality","Municipality"
14331,66,"DOM","Dominican Republic",24,"San Cristóbal",111,"Bajos de Haina","","","Municipality","Municipality"
14332,66,"DOM","Dominican Republic",24,"San Cristóbal",112,"Cambita Garabito","","","Municipality","Municipality"
14333,66,"DOM","Dominican Republic",24,"San Cristóbal",113,"Los Cacaos","","","Municipal district","Municipal district"
14334,66,"DOM","Dominican Republic",24,"San Cristóbal",114,"Nigua","","","Municipal district","Municipal district"
14335,66,"DOM","Dominican Republic",24,"San Cristóbal",115,"Sabana Grande de Palenque","","","Municipal district","Municipal district"
14336,66,"DOM","Dominican Republic",24,"San Cristóbal",116,"San Cristóbal","","","Municipality","Municipality"
14337,66,"DOM","Dominican Republic",24,"San Cristóbal",117,"San Gregorio de Yaguate","","","Municipality","Municipality"
14338,66,"DOM","Dominican Republic",24,"San Cristóbal",118,"Villa Altagracia","","","Municipality","Municipality"
14339,66,"DOM","Dominican Republic",25,"San José de Ocoa",119,"Rancho Arriba","","","",""
14340,66,"DOM","Dominican Republic",25,"San José de Ocoa",120,"Sabana Larga","","","Municipal district","Municipal district"
14341,66,"DOM","Dominican Republic",25,"San José de Ocoa",121,"San José de Ocoa","","","Municipality","Municipality"
14342,66,"DOM","Dominican Republic",26,"San Juan",122,"Bohechio
","","","Municipality","Municipality"
14343,66,"DOM","Dominican Republic",26,"San Juan",123,"El Cercado","","","Municipality","Municipality"
14344,66,"DOM","Dominican Republic",26,"San Juan",124,"Juan de Herrera","","","Municipality","Municipality"
14345,66,"DOM","Dominican Republic",26,"San Juan",125,"Las Matas de Farfan","","","Municipality","Municipality"
14346,66,"DOM","Dominican Republic",26,"San Juan",126,"San Juan de la Maguana
","","","Municipality","Municipality"
14347,66,"DOM","Dominican Republic",26,"San Juan",127,"Vallejuelo","","","Municipality","Municipality"
14348,66,"DOM","Dominican Republic",27,"San Pedro de Macorís",128,"Consuelo","","","Municipal district","Municipal district"
14349,66,"DOM","Dominican Republic",27,"San Pedro de Macorís",129,"Quisquella","","Quisqueya","Municipal district","Municipal district"
14350,66,"DOM","Dominican Republic",27,"San Pedro de Macorís",130,"Ramón Santana","","","Municipality","Municipality"
14351,66,"DOM","Dominican Republic",27,"San Pedro de Macorís",131,"San Pedro de Macorís","","","Municipality","Municipality"
14352,66,"DOM","Dominican Republic",27,"San Pedro de Macorís",132,"Unknown1","","","",""
14353,66,"DOM","Dominican Republic",27,"San Pedro de Macorís",133,"Unknown2","","","",""
14354,66,"DOM","Dominican Republic",28,"Sánchez Ramírez",134,"Cevicos","","","Municipality","Municipality"
14355,66,"DOM","Dominican Republic",28,"Sánchez Ramírez",135,"Cotuí","","","Municipality","Municipality"
14356,66,"DOM","Dominican Republic",28,"Sánchez Ramírez",136,"Fantino","","","Municipality","Municipality"
14357,66,"DOM","Dominican Republic",28,"Sánchez Ramírez",137,"La Mata","","","Municipal district","Municipal district"
14358,66,"DOM","Dominican Republic",29,"Santiago Rodríguez",138,"Los Almácigos","","","Municipal district","Municipal district"
14359,66,"DOM","Dominican Republic",29,"Santiago Rodríguez",139,"Monción","","","Municipal district","Municipal district"
14360,66,"DOM","Dominican Republic",29,"Santiago Rodríguez",140,"San Ignacio de Sabaneta","","","Municipality","Municipality"
14361,66,"DOM","Dominican Republic",30,"Santiago",141,"Janico
","","","Municipality","Municipality"
14362,66,"DOM","Dominican Republic",30,"Santiago",142,"Licey al Medio","","","Municipality","Municipality"
14363,66,"DOM","Dominican Republic",30,"Santiago",143,"Puñal","","","",""
14364,66,"DOM","Dominican Republic",30,"Santiago",144,"Sabana Iglesia","","","Municipal district","Municipal district"
14365,66,"DOM","Dominican Republic",30,"Santiago",145,"San José de Las Matas","","","Municipality","Municipality"
14366,66,"DOM","Dominican Republic",30,"Santiago",146,"Santiago de los Caballeros
","","","Municipality","Municipality"
14367,66,"DOM","Dominican Republic",30,"Santiago",147,"Tamboril","","","Municipality","Municipality"
14368,66,"DOM","Dominican Republic",30,"Santiago",148,"Villa Bisonó
","","","Municipality","Municipality"
14369,66,"DOM","Dominican Republic",30,"Santiago",149,"Villa Gonzalez","","","Municipality","Municipality"
14370,66,"DOM","Dominican Republic",31,"Santo Domingo",150,"Boca Chica","","","Municipality","Municipality"
14371,66,"DOM","Dominican Republic",31,"Santo Domingo",151,"Guerra","","","Municipal district","Municipal district"
14372,66,"DOM","Dominican Republic",31,"Santo Domingo",152,"Los Alcarrizos","","","Municipal district","Municipal district"
14373,66,"DOM","Dominican Republic",31,"Santo Domingo",153,"Pedro Brand","","","Municipal district","Municipal district"
14374,66,"DOM","Dominican Republic",31,"Santo Domingo",154,"Santo Domingo Este","","","Municipality","Municipality"
14375,66,"DOM","Dominican Republic",31,"Santo Domingo",155,"Santo Domingo Norte","","","Municipality","Municipality"
14376,66,"DOM","Dominican Republic",31,"Santo Domingo",156,"Santo Domingo Oeste","","","Municipality","Municipality"
14377,66,"DOM","Dominican Republic",32,"Valverde",157,"Esperanza
","","","Municipality","Municipality"
14378,66,"DOM","Dominican Republic",32,"Valverde",158,"Laguna Salada","","","Municipality","Municipality"
14379,66,"DOM","Dominican Republic",32,"Valverde",159,"Mao","","","Municipality","Municipality"
