"PID","ID_0","ISO","NAME_0","ID_1","NAME_1","NL_NAME_1","VARNAME_1","TYPE_1","ENGTYPE_1"
480,66,"DOM","Dominican Republic",9,"Hato Mayor","","Hato Major","Provincia","Province"
481,66,"DOM","Dominican Republic",10,"Independencia","","","Provincia","Province"
482,66,"DOM","Dominican Republic",11,"La Altagracia","","","Provincia","Province"
483,66,"DOM","Dominican Republic",12,"La Estrelleta","","Elías Piña|San Rafael","Provincia","Province"
484,66,"DOM","Dominican Republic",13,"La Romana","","","Provincia","Province"
485,66,"DOM","Dominican Republic",14,"La Vega","","","Provincia","Province"
486,66,"DOM","Dominican Republic",15,"María Trinidad Sánchez","","Maria Trinidad S|Trinidad S nchez Nagua","Provincia","Province"
487,66,"DOM","Dominican Republic",16,"Monseñor Nouel","","Monsenor Novel","Provincia","Province"
488,66,"DOM","Dominican Republic",17,"Monte Cristi","","","Provincia","Province"
489,66,"DOM","Dominican Republic",18,"Monte Plata","","","Provincia","Province"
490,66,"DOM","Dominican Republic",19,"Pedernales","","","Provincia","Province"
491,66,"DOM","Dominican Republic",20,"Peravia","","José Trujillo Valdez","Provincia","Province"
492,66,"DOM","Dominican Republic",21,"Puerto Plata","","","Provincia","Province"
493,66,"DOM","Dominican Republic",22,"Salcedo","","Hermanas Mirabal","Provincia","Province"
494,66,"DOM","Dominican Republic",23,"Samaná","","","Provincia","Province"
495,66,"DOM","Dominican Republic",24,"San Cristóbal","","Trujillo","Provincia","Province"
496,66,"DOM","Dominican Republic",25,"San José de Ocoa","","José Trujillo Valdez","Provincia","Province"
497,66,"DOM","Dominican Republic",26,"San Juan","","Benefactor|San Juan de la Maguana","Provincia","Province"
498,66,"DOM","Dominican Republic",27,"San Pedro de Macorís","","","Provincia","Province"
499,66,"DOM","Dominican Republic",28,"Sánchez Ramírez","","","Provincia","Province"
500,66,"DOM","Dominican Republic",29,"Santiago Rodríguez","","Santiago Rodriguez","Provincia","Province"
1072,66,"DOM","Dominican Republic",1,"Azua","","","Provincia","Province"
1073,66,"DOM","Dominican Republic",2,"Bahoruco","","Baoruco","Provincia","Province"
1074,66,"DOM","Dominican Republic",3,"Barahona","","","Provincia","Province"
1075,66,"DOM","Dominican Republic",4,"Dajabón","","Libertador","Provincia","Province"
1076,66,"DOM","Dominican Republic",5,"Distrito Nacional","","","Distrito","National District"
1077,66,"DOM","Dominican Republic",6,"Duarte","","","Provincia","Province"
1078,66,"DOM","Dominican Republic",7,"El Seybo","","El Seibo","Provincia","Province"
1079,66,"DOM","Dominican Republic",8,"Espaillat","","","Provincia","Province"
1080,66,"DOM","Dominican Republic",30,"Santiago","","Santiago de los Caballeros","Provincia","Province"
1081,66,"DOM","Dominican Republic",31,"Santo Domingo","","","Provincia","Province"
1082,66,"DOM","Dominican Republic",32,"Valverde","","","Provincia","Province"
