"PID","ID_0","ISO","NAME_0","ID_1","NAME_1","NL_NAME_1","VARNAME_1","TYPE_1","ENGTYPE_1"
772,136,"MYS","Malaysia",1,"Johor","","Johor Darul Takzim|Johore","State","State"
773,136,"MYS","Malaysia",2,"Kedah","","Kedah Darul Aman","State","State"
774,136,"MYS","Malaysia",3,"Kelantan","","","State","State"
775,136,"MYS","Malaysia",4,"Melaka","","Malacca|Malaka","State","State"
776,136,"MYS","Malaysia",5,"Negeri Sembilan","","Negeri Sembilan Darul Khusus|Negri Sembilan","State","State"
777,136,"MYS","Malaysia",6,"Pahang","","Pahang Darul Makmur","State","State"
778,136,"MYS","Malaysia",7,"Perak","","Perak Darul Ridzuan","State","State"
779,136,"MYS","Malaysia",8,"Perlis","","Perlis Indra Kayangan","State","State"
780,136,"MYS","Malaysia",9,"Pulau Pinang","","Penang and Province Wellesley|Penang","State","State"
781,136,"MYS","Malaysia",10,"Sabah","","North Borneo","State","State"
782,136,"MYS","Malaysia",11,"Sarawak","","","State","State"
783,136,"MYS","Malaysia",12,"Selangor","","Selangor Darul Ehsan","State","State"
1844,136,"MYS","Malaysia",13,"Trengganu","","Terengganu Darul Iman","State","State"
