"PID","ID_0","ISO","NAME_0","ID_1","NAME_1","ID_2","NAME_2","NL_NAME_2","VARNAME_2","TYPE_2","ENGTYPE_2"
21492,136,"MYS","Malaysia",1,"Johor",1,"Batu Pahat","","","District","District"
21493,136,"MYS","Malaysia",1,"Johor",2,"Johor Baharu","","Johor Bahru","District","District"
21494,136,"MYS","Malaysia",1,"Johor",3,"Keluang","","","District","District"
21495,136,"MYS","Malaysia",1,"Johor",4,"Kota Tinggi","","","District","District"
21496,136,"MYS","Malaysia",1,"Johor",5,"Mersing","","","District","District"
21497,136,"MYS","Malaysia",1,"Johor",6,"Muar","","","District","District"
21498,136,"MYS","Malaysia",1,"Johor",7,"Pontian","","","District","District"
21499,136,"MYS","Malaysia",1,"Johor",8,"Segamat","","","District","District"
21500,136,"MYS","Malaysia",2,"Kedah",9,"Baling","","","District","District"
21501,136,"MYS","Malaysia",2,"Kedah",10,"Bandar Baharu","","","District","District"
21502,136,"MYS","Malaysia",2,"Kedah",11,"Kota Setar","","","District","District"
21503,136,"MYS","Malaysia",2,"Kedah",12,"Kuala Muda","","","District","District"
21504,136,"MYS","Malaysia",2,"Kedah",13,"Kubang Pasu","","","District","District"
21505,136,"MYS","Malaysia",2,"Kedah",14,"Kulim","","","District","District"
21506,136,"MYS","Malaysia",2,"Kedah",15,"Langkawi","","","District","District"
21507,136,"MYS","Malaysia",2,"Kedah",16,"Padang Terap","","","District","District"
21508,136,"MYS","Malaysia",2,"Kedah",17,"Pendang","","","District","District"
21509,136,"MYS","Malaysia",2,"Kedah",18,"Sik","","","District","District"
21510,136,"MYS","Malaysia",2,"Kedah",19,"Yan","","","District","District"
21511,136,"MYS","Malaysia",3,"Kelantan",20,"Bachok","","Bachor","District","District"
21512,136,"MYS","Malaysia",3,"Kelantan",21,"Gua Musang","","","District","District"
21513,136,"MYS","Malaysia",3,"Kelantan",22,"Kota Bharu","","","District","District"
21514,136,"MYS","Malaysia",3,"Kelantan",23,"Kuala Krai","","","District","District"
21515,136,"MYS","Malaysia",3,"Kelantan",24,"Machang","","","District","District"
21516,136,"MYS","Malaysia",3,"Kelantan",25,"Pasir Mas","","","District","District"
21517,136,"MYS","Malaysia",3,"Kelantan",26,"Pasir Putih","","","District","District"
21518,136,"MYS","Malaysia",3,"Kelantan",27,"Tanah Merah","","","District","District"
21519,136,"MYS","Malaysia",3,"Kelantan",28,"Tumpat","","","District","District"
21520,136,"MYS","Malaysia",4,"Melaka",29,"Alor Gajah","","","District","District"
21521,136,"MYS","Malaysia",4,"Melaka",30,"Jasin","","","District","District"
21522,136,"MYS","Malaysia",4,"Melaka",31,"Melaka Tengah","","","District","District"
21523,136,"MYS","Malaysia",5,"Negeri Sembilan",32,"Jelebu","","","District","District"
21524,136,"MYS","Malaysia",5,"Negeri Sembilan",33,"Jempol","","","District","District"
21525,136,"MYS","Malaysia",5,"Negeri Sembilan",34,"Kuala Pilah","","","District","District"
21526,136,"MYS","Malaysia",5,"Negeri Sembilan",35,"Port Dickson","","Pontai","District","District"
21527,136,"MYS","Malaysia",5,"Negeri Sembilan",36,"Rembau","","","District","District"
21528,136,"MYS","Malaysia",5,"Negeri Sembilan",37,"Seremban","","","District","District"
21529,136,"MYS","Malaysia",5,"Negeri Sembilan",38,"Tampin","","","District","District"
21530,136,"MYS","Malaysia",6,"Pahang",39,"Bentong","","Bentung","District","District"
21531,136,"MYS","Malaysia",6,"Pahang",40,"Bera","","","District","District"
21532,136,"MYS","Malaysia",6,"Pahang",41,"Cameron Highlands","","","District","District"
21533,136,"MYS","Malaysia",6,"Pahang",42,"Jerantut","","","District","District"
21534,136,"MYS","Malaysia",6,"Pahang",43,"Kuantan","","","District","District"
21535,136,"MYS","Malaysia",6,"Pahang",44,"Lipis","","","District","District"
21536,136,"MYS","Malaysia",6,"Pahang",45,"Maran","","","District","District"
21537,136,"MYS","Malaysia",6,"Pahang",46,"Pekan","","","District","District"
21538,136,"MYS","Malaysia",6,"Pahang",47,"Raub","","","District","District"
21539,136,"MYS","Malaysia",6,"Pahang",48,"Rompin","","","District","District"
21540,136,"MYS","Malaysia",6,"Pahang",49,"Temerloh","","Temer Luh","District","District"
21541,136,"MYS","Malaysia",7,"Perak",50,"Batang Padang","","","District","District"
21542,136,"MYS","Malaysia",7,"Perak",51,"Hilir Perak","","","District","District"
21543,136,"MYS","Malaysia",7,"Perak",52,"Hulu Perak","","","District","District"
21544,136,"MYS","Malaysia",7,"Perak",53,"Kerian","","","District","District"
21545,136,"MYS","Malaysia",7,"Perak",54,"Kinta","","","District","District"
21546,136,"MYS","Malaysia",7,"Perak",55,"Kuala Kangsar","","","District","District"
21547,136,"MYS","Malaysia",7,"Perak",56,"Larut and Matang","","Larut Dan Matang","District","District"
21548,136,"MYS","Malaysia",7,"Perak",57,"Manjung","","Dinding","District","District"
21549,136,"MYS","Malaysia",7,"Perak",58,"Perak Tengah","","","District","District"
21550,136,"MYS","Malaysia",7,"Perak",59,"Selama","","","District","District"
21551,136,"MYS","Malaysia",8,"Perlis",60,"Perlis","","","District","District"
21552,136,"MYS","Malaysia",9,"Pulau Pinang",61,"Barat Daya","","","District","District"
21553,136,"MYS","Malaysia",9,"Pulau Pinang",62,"Seberang Perai Selatan","","Daerah Selatan","District","District"
21554,136,"MYS","Malaysia",9,"Pulau Pinang",63,"Seberang Perai Tengah","","Daerah Tengah","District","District"
21555,136,"MYS","Malaysia",9,"Pulau Pinang",64,"Seberang Perai Utara","","Daerah Utara","District","District"
21556,136,"MYS","Malaysia",9,"Pulau Pinang",65,"Timur Laut","","","District","District"
21557,136,"MYS","Malaysia",10,"Sabah",66,"Beaufort","","","District","District"
21558,136,"MYS","Malaysia",10,"Sabah",67,"Keningau","","","District","District"
21559,136,"MYS","Malaysia",10,"Sabah",68,"Kinabatangan","","","District","District"
21560,136,"MYS","Malaysia",10,"Sabah",69,"Kota Belud","","","District","District"
21561,136,"MYS","Malaysia",10,"Sabah",70,"Kota Kinabalu","","","District","District"
21562,136,"MYS","Malaysia",10,"Sabah",71,"Kota Marudu","","","District","District"
21563,136,"MYS","Malaysia",10,"Sabah",72,"Kuala Penyu","","","District","District"
21564,136,"MYS","Malaysia",10,"Sabah",73,"Kudat","","","District","District"
21565,136,"MYS","Malaysia",10,"Sabah",74,"Labuk & Sugut","","","District","District"
21566,136,"MYS","Malaysia",10,"Sabah",75,"Lahad Datu","","","District","District"
21567,136,"MYS","Malaysia",10,"Sabah",76,"Papar","","","District","District"
21568,136,"MYS","Malaysia",10,"Sabah",77,"Penampang","","","District","District"
21569,136,"MYS","Malaysia",10,"Sabah",78,"Pensiangan","","","District","District"
21570,136,"MYS","Malaysia",10,"Sabah",79,"Pitas","","","District","District"
21571,136,"MYS","Malaysia",10,"Sabah",80,"Ranau","","","District","District"
21572,136,"MYS","Malaysia",10,"Sabah",81,"Sandakan","","","District","District"
21573,136,"MYS","Malaysia",10,"Sabah",82,"Semporna","","","District","District"
21574,136,"MYS","Malaysia",10,"Sabah",83,"Sipitang","","","District","District"
21575,136,"MYS","Malaysia",10,"Sabah",84,"Tambunan","","","District","District"
21576,136,"MYS","Malaysia",10,"Sabah",85,"Tawau","","","District","District"
21577,136,"MYS","Malaysia",10,"Sabah",86,"Tenom","","","District","District"
21578,136,"MYS","Malaysia",10,"Sabah",87,"Tuaban","","","District","District"
21579,136,"MYS","Malaysia",11,"Sarawak",88,"Asajaya","","","District","District"
21580,136,"MYS","Malaysia",11,"Sarawak",89,"Bahagian Miri (Long Lama)","","Long Lama","District","District"
21581,136,"MYS","Malaysia",11,"Sarawak",90,"Balingian","","","District","District"
21582,136,"MYS","Malaysia",11,"Sarawak",91,"Bau","","","District","District"
21583,136,"MYS","Malaysia",11,"Sarawak",92,"Belaga","","","District","District"
21584,136,"MYS","Malaysia",11,"Sarawak",93,"Belawai","","","District","District"
21585,136,"MYS","Malaysia",11,"Sarawak",94,"Beluru","","","District","District"
21586,136,"MYS","Malaysia",11,"Sarawak",95,"Betong","","","District","District"
21587,136,"MYS","Malaysia",11,"Sarawak",96,"Bintulu","","Bahagian Bentulu","District","District"
21588,136,"MYS","Malaysia",11,"Sarawak",97,"Budu","","","District","District"
21589,136,"MYS","Malaysia",11,"Sarawak",98,"Dalat","","","District","District"
21590,136,"MYS","Malaysia",11,"Sarawak",99,"Daro","","","District","District"
21591,136,"MYS","Malaysia",11,"Sarawak",100,"Debak","","","District","District"
21592,136,"MYS","Malaysia",11,"Sarawak",101,"Engkilili","","","District","District"
21593,136,"MYS","Malaysia",11,"Sarawak",102,"Julau","","","District","District"
21594,136,"MYS","Malaysia",11,"Sarawak",103,"Kabong","","","District","District"
21595,136,"MYS","Malaysia",11,"Sarawak",104,"Kanowit","","","District","District"
21596,136,"MYS","Malaysia",11,"Sarawak",105,"Kapit","","","District","District"
21597,136,"MYS","Malaysia",11,"Sarawak",106,"Kuching","","","District","District"
21598,136,"MYS","Malaysia",11,"Sarawak",107,"Lawas","","","District","District"
21599,136,"MYS","Malaysia",11,"Sarawak",108,"Limbang","","","District","District"
21600,136,"MYS","Malaysia",11,"Sarawak",109,"Lingga","","","District","District"
21601,136,"MYS","Malaysia",11,"Sarawak",110,"Lubok Antu","","","District","District"
21602,136,"MYS","Malaysia",11,"Sarawak",111,"Lundu","","","District","District"
21603,136,"MYS","Malaysia",11,"Sarawak",112,"Maludam","","","District","District"
21604,136,"MYS","Malaysia",11,"Sarawak",113,"Marudi","","","District","District"
21605,136,"MYS","Malaysia",11,"Sarawak",114,"Matu","","","District","District"
21606,136,"MYS","Malaysia",11,"Sarawak",115,"Meradong","","Maradong","District","District"
21607,136,"MYS","Malaysia",11,"Sarawak",116,"Miri","","","District","District"
21608,136,"MYS","Malaysia",11,"Sarawak",117,"Mukah","","","District","District"
21609,136,"MYS","Malaysia",11,"Sarawak",118,"Nanga Medamit","","","District","District"
21610,136,"MYS","Malaysia",11,"Sarawak",119,"Nanga Merit","","","District","District"
21611,136,"MYS","Malaysia",11,"Sarawak",120,"Niah Suai","","","District","District"
21612,136,"MYS","Malaysia",11,"Sarawak",121,"Oya","","","District","District"
21613,136,"MYS","Malaysia",11,"Sarawak",122,"Padawan","","","District","District"
21614,136,"MYS","Malaysia",11,"Sarawak",123,"Pakan","","","District","District"
21615,136,"MYS","Malaysia",11,"Sarawak",124,"Pantu","","","District","District"
21616,136,"MYS","Malaysia",11,"Sarawak",125,"Pendam","","","District","District"
21617,136,"MYS","Malaysia",11,"Sarawak",126,"Pusa","","","District","District"
21618,136,"MYS","Malaysia",11,"Sarawak",127,"Roban","","","District","District"
21619,136,"MYS","Malaysia",11,"Sarawak",128,"Samarahan","","","District","District"
21620,136,"MYS","Malaysia",11,"Sarawak",129,"Saratok","","","District","District"
21621,136,"MYS","Malaysia",11,"Sarawak",130,"Sarikei","","Sarekei","District","District"
21622,136,"MYS","Malaysia",11,"Sarawak",131,"Sebuyao","","","District","District"
21623,136,"MYS","Malaysia",11,"Sarawak",132,"Sematan","","","District","District"
21624,136,"MYS","Malaysia",11,"Sarawak",133,"Serian","","","District","District"
21625,136,"MYS","Malaysia",11,"Sarawak",134,"Sibu","","","District","District"
21626,136,"MYS","Malaysia",11,"Sarawak",135,"Siburan","","","District","District"
21627,136,"MYS","Malaysia",11,"Sarawak",136,"Sibuti","","","District","District"
21628,136,"MYS","Malaysia",11,"Sarawak",137,"Simunjan","","","District","District"
21629,136,"MYS","Malaysia",11,"Sarawak",138,"Song","","","District","District"
21630,136,"MYS","Malaysia",11,"Sarawak",139,"Spaoh","","","District","District"
21631,136,"MYS","Malaysia",11,"Sarawak",140,"Sri Aman","","","District","District"
21632,136,"MYS","Malaysia",11,"Sarawak",141,"Sundar","","","District","District"
21633,136,"MYS","Malaysia",11,"Sarawak",142,"Tatau","","","District","District"
21634,136,"MYS","Malaysia",11,"Sarawak",143,"Tebedu","","","District","District"
21635,136,"MYS","Malaysia",11,"Sarawak",144,"Trusan","","","District","District"
21636,136,"MYS","Malaysia",12,"Selangor",145,"Gombak","","","District","District"
21637,136,"MYS","Malaysia",12,"Selangor",146,"Hulu Langat","","Hula Langat","District","District"
21638,136,"MYS","Malaysia",12,"Selangor",147,"Hulu Selangor","","","District","District"
21639,136,"MYS","Malaysia",12,"Selangor",148,"Klang","","","District","District"
21640,136,"MYS","Malaysia",12,"Selangor",149,"Kuala Langat","","","District","District"
21641,136,"MYS","Malaysia",12,"Selangor",150,"Kuala Selangor","","","District","District"
21642,136,"MYS","Malaysia",12,"Selangor",151,"Sabak Bernam","","","District","District"
21643,136,"MYS","Malaysia",12,"Selangor",152,"Sepang","","","District","District"
21644,136,"MYS","Malaysia",12,"Selangor",153,"Shah Alam","","","District","District"
21645,136,"MYS","Malaysia",13,"Trengganu",154,"Besut","","","District","District"
21646,136,"MYS","Malaysia",13,"Trengganu",155,"Dungun","","","District","District"
21647,136,"MYS","Malaysia",13,"Trengganu",156,"Hulu Terengganu","","","District","District"
21648,136,"MYS","Malaysia",13,"Trengganu",157,"Kemaman","","","District","District"
21649,136,"MYS","Malaysia",13,"Trengganu",158,"Kuala Terengganu","","","District","District"
21650,136,"MYS","Malaysia",13,"Trengganu",159,"Marang","","","District","District"
21651,136,"MYS","Malaysia",13,"Trengganu",160,"Setiu","","","District","District"
