"PID","ID_0","ISO","NAME_0","ID_1","NAME_1","ID_2","NAME_2","ID_3","NAME_3","NL_NAME_3","VARNAME_3","TYPE_3","ENGTYPE_3"
110331,247,"VNM","Vietnam",1,"d<U+1ED3>ng b<U+1EB1>ng sông C<U+1EED>u Long",2,"An Giang",17,"Long Xuyen Township","","Long Xuyen","Than Pho","City"
110332,247,"VNM","Vietnam",1,"d<U+1ED3>ng b<U+1EB1>ng sông C<U+1EED>u Long",2,"An Giang",18,"Phú Tân","","Phu Tan","Huy<U+1EC7>n","District"
110333,247,"VNM","Vietnam",1,"d<U+1ED3>ng b<U+1EB1>ng sông C<U+1EED>u Long",2,"An Giang",19,"T<U+1ECB>nh Biên","","Tinh Bien","Huy<U+1EC7>n","District"
110334,247,"VNM","Vietnam",1,"d<U+1ED3>ng b<U+1EB1>ng sông C<U+1EED>u Long",2,"An Giang",20,"Tân Châu","","Tan Chau","Huy<U+1EC7>n","District"
110335,247,"VNM","Vietnam",1,"d<U+1ED3>ng b<U+1EB1>ng sông C<U+1EED>u Long",2,"An Giang",21,"Tho<U+1EA1>i Son","","Thoai Son","Huy<U+1EC7>n","District"
110336,247,"VNM","Vietnam",1,"d<U+1ED3>ng b<U+1EB1>ng sông C<U+1EED>u Long",2,"An Giang",22,"Tri Tôn","","Tri Ton","Huy<U+1EC7>n","District"
110337,247,"VNM","Vietnam",1,"d<U+1ED3>ng b<U+1EB1>ng sông C<U+1EED>u Long",3,"B<U+1EA1>c Liêu",23,"Ðông H<U+1EA3>i","","Dong Hai","Huy<U+1EC7>n","District"
110338,247,"VNM","Vietnam",1,"d<U+1ED3>ng b<U+1EB1>ng sông C<U+1EED>u Long",3,"B<U+1EA1>c Liêu",24,"B<U+1EA1>c Liêu","","Bac Lieu","Thi xa","Township"
110339,247,"VNM","Vietnam",1,"d<U+1ED3>ng b<U+1EB1>ng sông C<U+1EED>u Long",3,"B<U+1EA1>c Liêu",25,"Giá Rai","","Gia Rai","Huy<U+1EC7>n","District"
110340,247,"VNM","Vietnam",1,"d<U+1ED3>ng b<U+1EB1>ng sông C<U+1EED>u Long",3,"B<U+1EA1>c Liêu",26,"H<U+1ED3>ng Dân","","Hong Dan","Huy<U+1EC7>n","District"
110341,247,"VNM","Vietnam",1,"d<U+1ED3>ng b<U+1EB1>ng sông C<U+1EED>u Long",3,"B<U+1EA1>c Liêu",27,"Hòa Bình","","Hoa Binh","Thi xa","Township"
110342,247,"VNM","Vietnam",1,"d<U+1ED3>ng b<U+1EB1>ng sông C<U+1EED>u Long",3,"B<U+1EA1>c Liêu",28,"Phu<U+1EDB>c Long","","Phuoc Long","Huy<U+1EC7>n","District"
110343,247,"VNM","Vietnam",1,"d<U+1ED3>ng b<U+1EB1>ng sông C<U+1EED>u Long",3,"B<U+1EA1>c Liêu",29,"Vinh L<U+1EE3>i","","Vinh Loi","Huy<U+1EC7>n","District"
110344,247,"VNM","Vietnam",1,"d<U+1ED3>ng b<U+1EB1>ng sông C<U+1EED>u Long",4,"B<U+1EBF>n Tre",30,"B<U+1EBF>n Tre","","Ben Tre","Thi xa","Township"
110345,247,"VNM","Vietnam",1,"d<U+1ED3>ng b<U+1EB1>ng sông C<U+1EED>u Long",4,"B<U+1EBF>n Tre",31,"Ba Tri","","","Huy<U+1EC7>n","District"
110346,247,"VNM","Vietnam",1,"d<U+1ED3>ng b<U+1EB1>ng sông C<U+1EED>u Long",4,"B<U+1EBF>n Tre",32,"Bình Ð<U+1EA1>i","","Binh Dai","Huy<U+1EC7>n","District"
110347,247,"VNM","Vietnam",1,"d<U+1ED3>ng b<U+1EB1>ng sông C<U+1EED>u Long",4,"B<U+1EBF>n Tre",33,"Ch<U+1EE3> Lách","","Cho Lach","Huy<U+1EC7>n","District"
110348,247,"VNM","Vietnam",1,"d<U+1ED3>ng b<U+1EB1>ng sông C<U+1EED>u Long",4,"B<U+1EBF>n Tre",34,"Châu Thành","","Chau Thanh","Huy<U+1EC7>n","District"
111634,247,"VNM","Vietnam",2,"Ð<U+1ED3>ng B<U+1EB1>ng Sông H<U+1ED3>ng",24,"Vinh Phúc",233,"Tam Ðu<U+1EDD>ng","","Tam Duong","Huy<U+1EC7>n","District"
111635,247,"VNM","Vietnam",2,"Ð<U+1ED3>ng B<U+1EB1>ng Sông H<U+1ED3>ng",24,"Vinh Phúc",234,"Tam Ð<U+1EA3>o","","","Huy<U+1EC7>n","District"
111636,247,"VNM","Vietnam",2,"Ð<U+1ED3>ng B<U+1EB1>ng Sông H<U+1ED3>ng",24,"Vinh Phúc",235,"Tam Dao","","","Huy<U+1EC7>n","District"
111637,247,"VNM","Vietnam",2,"Ð<U+1ED3>ng B<U+1EB1>ng Sông H<U+1ED3>ng",24,"Vinh Phúc",236,"Vinh Tu<U+1EDD>ng","","Vinh Tuong","Huy<U+1EC7>n","District"
111638,247,"VNM","Vietnam",2,"Ð<U+1ED3>ng B<U+1EB1>ng Sông H<U+1ED3>ng",24,"Vinh Phúc",237,"Vinh Yên","","Vinh Yen","Thi xa","Township"
111639,247,"VNM","Vietnam",2,"Ð<U+1ED3>ng B<U+1EB1>ng Sông H<U+1ED3>ng",24,"Vinh Phúc",238,"Yên L<U+1EA1>c","","Yen Lac","Huy<U+1EC7>n","District"
111640,247,"VNM","Vietnam",3,"Ðông B<U+1EAF>c",25,"B<U+1EAF>c Giang",239,"B<U+1EAF>c Giang","","Bac Giang","Thi xa","Township"
111641,247,"VNM","Vietnam",3,"Ðông B<U+1EAF>c",25,"B<U+1EAF>c Giang",240,"Hi<U+1EC7>p Hòa","","Hiep Hoa","Huy<U+1EC7>n","District"
111642,247,"VNM","Vietnam",3,"Ðông B<U+1EAF>c",25,"B<U+1EAF>c Giang",241,"L<U+1EE5>c Nam","","Luc Nam","Huy<U+1EC7>n","District"
111643,247,"VNM","Vietnam",3,"Ðông B<U+1EAF>c",25,"B<U+1EAF>c Giang",242,"L<U+1EE5>c Ng<U+1EA1>n","","Luc Ngan","Huy<U+1EC7>n","District"
111644,247,"VNM","Vietnam",3,"Ðông B<U+1EAF>c",25,"B<U+1EAF>c Giang",243,"L<U+1EA1>ng Giang","","Lang Giang","Huy<U+1EC7>n","District"
111645,247,"VNM","Vietnam",3,"Ðông B<U+1EAF>c",25,"B<U+1EAF>c Giang",244,"Son Ð<U+1ED9>ng","","Son Dong","Huy<U+1EC7>n","District"
111646,247,"VNM","Vietnam",3,"Ðông B<U+1EAF>c",25,"B<U+1EAF>c Giang",245,"Tân Yên","","Tan Yen","Huy<U+1EC7>n","District"
111647,247,"VNM","Vietnam",3,"Ðông B<U+1EAF>c",25,"B<U+1EAF>c Giang",246,"Vi<U+1EC7>t Yên","","Viet Yen","Huy<U+1EC7>n","District"
111648,247,"VNM","Vietnam",3,"Ðông B<U+1EAF>c",25,"B<U+1EAF>c Giang",247,"Yên Dung","","Yen Dung","Huy<U+1EC7>n","District"
111649,247,"VNM","Vietnam",3,"Ðông B<U+1EAF>c",25,"B<U+1EAF>c Giang",248,"Yên Th<U+1EBF>","","Yen The","Huy<U+1EC7>n","District"
111650,247,"VNM","Vietnam",3,"Ðông B<U+1EAF>c",26,"B<U+1EAF>c K<U+1EA1>n",249,"B<U+1EA1>ch Thông","","Bach Thong","Huy<U+1EC7>n","District"
111651,247,"VNM","Vietnam",3,"Ðông B<U+1EAF>c",26,"B<U+1EAF>c K<U+1EA1>n",250,"Ba B<U+1EC3>","","Ba Be","Huy<U+1EC7>n","District"
111652,247,"VNM","Vietnam",3,"Ðông B<U+1EAF>c",26,"B<U+1EAF>c K<U+1EA1>n",251,"Bac Kan","","Bac Kan","Thi xa","Township"
111653,247,"VNM","Vietnam",3,"Ðông B<U+1EAF>c",26,"B<U+1EAF>c K<U+1EA1>n",252,"Ch<U+1EE3> Ð<U+1ED3>n","","Cho Don","Huy<U+1EC7>n","District"
114281,247,"VNM","Vietnam",1,"d<U+1ED3>ng b<U+1EB1>ng sông C<U+1EED>u Long",1,"Ð<U+1ED3>ng Tháp",1,"Cao Lanh","","","Huy<U+1EC7>n","District"
114282,247,"VNM","Vietnam",1,"d<U+1ED3>ng b<U+1EB1>ng sông C<U+1EED>u Long",1,"Ð<U+1ED3>ng Tháp",2,"Cao Lãnh","","Cao Lanh","Huy<U+1EC7>n","District"
114283,247,"VNM","Vietnam",1,"d<U+1ED3>ng b<U+1EB1>ng sông C<U+1EED>u Long",1,"Ð<U+1ED3>ng Tháp",3,"Châu Thành","","Chau Thanh","Huy<U+1EC7>n","District"
114284,247,"VNM","Vietnam",1,"d<U+1ED3>ng b<U+1EB1>ng sông C<U+1EED>u Long",1,"Ð<U+1ED3>ng Tháp",4,"H<U+1ED3>ng Ng<U+1EF1>","","Hong Ngu","Huy<U+1EC7>n","District"
114285,247,"VNM","Vietnam",1,"d<U+1ED3>ng b<U+1EB1>ng sông C<U+1EED>u Long",1,"Ð<U+1ED3>ng Tháp",5,"L<U+1EA5>p Vò","","Lap Vo","Huy<U+1EC7>n","District"
114286,247,"VNM","Vietnam",1,"d<U+1ED3>ng b<U+1EB1>ng sông C<U+1EED>u Long",1,"Ð<U+1ED3>ng Tháp",6,"Lai Vung","","Lai Vung","Huy<U+1EC7>n","District"
114287,247,"VNM","Vietnam",1,"d<U+1ED3>ng b<U+1EB1>ng sông C<U+1EED>u Long",1,"Ð<U+1ED3>ng Tháp",7,"Sa Ðéc","","Sa Dec","Thi xa","Township"
114288,247,"VNM","Vietnam",1,"d<U+1ED3>ng b<U+1EB1>ng sông C<U+1EED>u Long",1,"Ð<U+1ED3>ng Tháp",8,"Tam Nông","","Tam Nong","Huy<U+1EC7>n","District"
114289,247,"VNM","Vietnam",1,"d<U+1ED3>ng b<U+1EB1>ng sông C<U+1EED>u Long",1,"Ð<U+1ED3>ng Tháp",9,"Tân H<U+1ED3>ng","","Tan Hong","Huy<U+1EC7>n","District"
114290,247,"VNM","Vietnam",1,"d<U+1ED3>ng b<U+1EB1>ng sông C<U+1EED>u Long",1,"Ð<U+1ED3>ng Tháp",10,"Thanh Bình","","Thanh Binh","Huy<U+1EC7>n","District"
114291,247,"VNM","Vietnam",1,"d<U+1ED3>ng b<U+1EB1>ng sông C<U+1EED>u Long",1,"Ð<U+1ED3>ng Tháp",11,"Tháp Mu<U+1EDD>i","","Thap Muoi","Huy<U+1EC7>n","District"
114292,247,"VNM","Vietnam",1,"d<U+1ED3>ng b<U+1EB1>ng sông C<U+1EED>u Long",2,"An Giang",12,"An Phú","","An Phu","Huy<U+1EC7>n","District"
114293,247,"VNM","Vietnam",1,"d<U+1ED3>ng b<U+1EB1>ng sông C<U+1EED>u Long",2,"An Giang",13,"Ch<U+1EE3> M<U+1EDB>i","","Cho Moi","Huy<U+1EC7>n","District"
114294,247,"VNM","Vietnam",1,"d<U+1ED3>ng b<U+1EB1>ng sông C<U+1EED>u Long",2,"An Giang",14,"Chau Doc","","","Thi xa","Township"
114295,247,"VNM","Vietnam",1,"d<U+1ED3>ng b<U+1EB1>ng sông C<U+1EED>u Long",2,"An Giang",15,"Châu Phú","","Chau Phu","Huy<U+1EC7>n","District"
114296,247,"VNM","Vietnam",1,"d<U+1ED3>ng b<U+1EB1>ng sông C<U+1EED>u Long",2,"An Giang",16,"Châu Thành","","Chau Thanh","Huy<U+1EC7>n","District"
114297,247,"VNM","Vietnam",1,"d<U+1ED3>ng b<U+1EB1>ng sông C<U+1EED>u Long",4,"B<U+1EBF>n Tre",35,"Gi<U+1ED3>ng Trôm","","Giong Trom","Huy<U+1EC7>n","District"
114298,247,"VNM","Vietnam",1,"d<U+1ED3>ng b<U+1EB1>ng sông C<U+1EED>u Long",4,"B<U+1EBF>n Tre",36,"M<U+1ECF> Cày","","Mo Cay","Huy<U+1EC7>n","District"
114299,247,"VNM","Vietnam",1,"d<U+1ED3>ng b<U+1EB1>ng sông C<U+1EED>u Long",4,"B<U+1EBF>n Tre",37,"Th<U+1EA1>nh Phú","","Thanh Phu","Huy<U+1EC7>n","District"
114300,247,"VNM","Vietnam",1,"d<U+1ED3>ng b<U+1EB1>ng sông C<U+1EED>u Long",5,"C<U+1EA7>n Tho",38,"Bình Th<U+1EE7>y","","Binh Thuy","Huy<U+1EC7>n","District"
114301,247,"VNM","Vietnam",1,"d<U+1ED3>ng b<U+1EB1>ng sông C<U+1EED>u Long",5,"C<U+1EA7>n Tho",39,"C<U+1EDD> Ð<U+1ECF>","","Co Do","Huy<U+1EC7>n","District"
114302,247,"VNM","Vietnam",1,"d<U+1ED3>ng b<U+1EB1>ng sông C<U+1EED>u Long",5,"C<U+1EA7>n Tho",40,"Cái Rang","","Cai Rang","Qu<U+1EAD>n","Urban District"
114303,247,"VNM","Vietnam",1,"d<U+1ED3>ng b<U+1EB1>ng sông C<U+1EED>u Long",5,"C<U+1EA7>n Tho",41,"Ninh Ki<U+1EC1>u","","Ninh Kieu","Qu<U+1EAD>n","Urban District"
114304,247,"VNM","Vietnam",1,"d<U+1ED3>ng b<U+1EB1>ng sông C<U+1EED>u Long",5,"C<U+1EA7>n Tho",42,"Ô Môn","","o Mon","Huy<U+1EC7>n","District"
114305,247,"VNM","Vietnam",1,"d<U+1ED3>ng b<U+1EB1>ng sông C<U+1EED>u Long",5,"C<U+1EA7>n Tho",43,"Phong Ði<U+1EC1>n","","Phong Dien","Huy<U+1EC7>n","District"
114306,247,"VNM","Vietnam",1,"d<U+1ED3>ng b<U+1EB1>ng sông C<U+1EED>u Long",5,"C<U+1EA7>n Tho",44,"Th<U+1ED1>t N<U+1ED1>t","","Thot Not","Huy<U+1EC7>n","District"
114307,247,"VNM","Vietnam",1,"d<U+1ED3>ng b<U+1EB1>ng sông C<U+1EED>u Long",5,"C<U+1EA7>n Tho",45,"Vinh Th<U+1EA1>nh","","Vinh Thanh","Huy<U+1EC7>n","District"
114308,247,"VNM","Vietnam",1,"d<U+1ED3>ng b<U+1EB1>ng sông C<U+1EED>u Long",6,"Cà Mau",46,"Ð<U+1EA7>m Doi","","Dam Doi","Huy<U+1EC7>n","District"
114309,247,"VNM","Vietnam",1,"d<U+1ED3>ng b<U+1EB1>ng sông C<U+1EED>u Long",6,"Cà Mau",47,"Cà Mau","","Ca Mau","Than Pho","City"
114310,247,"VNM","Vietnam",1,"d<U+1ED3>ng b<U+1EB1>ng sông C<U+1EED>u Long",6,"Cà Mau",48,"Cái Nu<U+1EDB>c","","Cai Nuoc","Huy<U+1EC7>n","District"
114311,247,"VNM","Vietnam",1,"d<U+1ED3>ng b<U+1EB1>ng sông C<U+1EED>u Long",6,"Cà Mau",49,"Nam Can","","Nam Can","Huy<U+1EC7>n","District"
114312,247,"VNM","Vietnam",1,"d<U+1ED3>ng b<U+1EB1>ng sông C<U+1EED>u Long",6,"Cà Mau",50,"Ng<U+1ECD>c Hi<U+1EC3>n","","Ngoc Hien","Huy<U+1EC7>n","District"
114313,247,"VNM","Vietnam",1,"d<U+1ED3>ng b<U+1EB1>ng sông C<U+1EED>u Long",6,"Cà Mau",51,"Phú Tân","","Phu Tan","Huy<U+1EC7>n","District"
114314,247,"VNM","Vietnam",1,"d<U+1ED3>ng b<U+1EB1>ng sông C<U+1EED>u Long",6,"Cà Mau",52,"Th<U+1EDB>i Bình","","Thoi Binh","Huy<U+1EC7>n","District"
114315,247,"VNM","Vietnam",1,"d<U+1ED3>ng b<U+1EB1>ng sông C<U+1EED>u Long",6,"Cà Mau",53,"Tr<U+1EA7>n Van Th<U+1EDD>i","","Tran Van Thoi","Huy<U+1EC7>n","District"
114316,247,"VNM","Vietnam",1,"d<U+1ED3>ng b<U+1EB1>ng sông C<U+1EED>u Long",6,"Cà Mau",54,"U Minh","","U Minh","Huy<U+1EC7>n","District"
114317,247,"VNM","Vietnam",1,"d<U+1ED3>ng b<U+1EB1>ng sông C<U+1EED>u Long",7,"H<U+1EAD>u Giang",55,"Châu Thành A","","Chau Thanh A","Huy<U+1EC7>n","District"
114318,247,"VNM","Vietnam",1,"d<U+1ED3>ng b<U+1EB1>ng sông C<U+1EED>u Long",7,"H<U+1EAD>u Giang",56,"Châu Thành","","Chau Thanh","Huy<U+1EC7>n","District"
114319,247,"VNM","Vietnam",1,"d<U+1ED3>ng b<U+1EB1>ng sông C<U+1EED>u Long",7,"H<U+1EAD>u Giang",57,"Long M<U+1EF9>","","","Huy<U+1EC7>n","District"
114320,247,"VNM","Vietnam",1,"d<U+1ED3>ng b<U+1EB1>ng sông C<U+1EED>u Long",7,"H<U+1EAD>u Giang",58,"Ph<U+1EE5>ng Hi<U+1EC7>p","","Phung Hiep","Huy<U+1EC7>n","District"
114321,247,"VNM","Vietnam",1,"d<U+1ED3>ng b<U+1EB1>ng sông C<U+1EED>u Long",7,"H<U+1EAD>u Giang",59,"V<U+1ECB> Thanh","","Vi Thuy","Huy<U+1EC7>n","District"
114322,247,"VNM","Vietnam",1,"d<U+1ED3>ng b<U+1EB1>ng sông C<U+1EED>u Long",7,"H<U+1EAD>u Giang",60,"V<U+1ECB> Thu<U+1EF7>","","Vi Thuy","Huy<U+1EC7>n","District"
114323,247,"VNM","Vietnam",1,"d<U+1ED3>ng b<U+1EB1>ng sông C<U+1EED>u Long",8,"Kiên Giang",61,"An Biên","","An Bien","Huy<U+1EC7>n","District"
114324,247,"VNM","Vietnam",1,"d<U+1ED3>ng b<U+1EB1>ng sông C<U+1EED>u Long",8,"Kiên Giang",62,"An Minh","","","Huy<U+1EC7>n","District"
114325,247,"VNM","Vietnam",1,"d<U+1ED3>ng b<U+1EB1>ng sông C<U+1EED>u Long",8,"Kiên Giang",63,"Châu Thành","","Chau Thanh","Huy<U+1EC7>n","District"
114326,247,"VNM","Vietnam",1,"d<U+1ED3>ng b<U+1EB1>ng sông C<U+1EED>u Long",8,"Kiên Giang",64,"Gi<U+1ED3>ng Ri<U+1EC1>ng","","Giong Rieng","Huy<U+1EC7>n","District"
114327,247,"VNM","Vietnam",1,"d<U+1ED3>ng b<U+1EB1>ng sông C<U+1EED>u Long",8,"Kiên Giang",65,"Gò Quao","","Go Quao","Huy<U+1EC7>n","District"
114328,247,"VNM","Vietnam",1,"d<U+1ED3>ng b<U+1EB1>ng sông C<U+1EED>u Long",8,"Kiên Giang",66,"Hà Tiên","","Ha Tien","Thi xa","Township"
114329,247,"VNM","Vietnam",1,"d<U+1ED3>ng b<U+1EB1>ng sông C<U+1EED>u Long",8,"Kiên Giang",67,"Hòn Ð<U+1EA5>t","","Hon Dat","Huy<U+1EC7>n","District"
114330,247,"VNM","Vietnam",1,"d<U+1ED3>ng b<U+1EB1>ng sông C<U+1EED>u Long",8,"Kiên Giang",68,"Kiên H<U+1EA3>i","","Kien Hai","Huy<U+1EC7>n","District"
114331,247,"VNM","Vietnam",1,"d<U+1ED3>ng b<U+1EB1>ng sông C<U+1EED>u Long",8,"Kiên Giang",69,"Kiên Luong","","Kien Luong","Huy<U+1EC7>n","District"
114332,247,"VNM","Vietnam",1,"d<U+1ED3>ng b<U+1EB1>ng sông C<U+1EED>u Long",8,"Kiên Giang",70,"Phú Qu<U+1ED1>c","","Phu Quoc","Huy<U+1EC7>n","District"
114333,247,"VNM","Vietnam",1,"d<U+1ED3>ng b<U+1EB1>ng sông C<U+1EED>u Long",8,"Kiên Giang",71,"R<U+1EA1>ch Giá","","Rach Gia","Thi xa","Township"
114334,247,"VNM","Vietnam",1,"d<U+1ED3>ng b<U+1EB1>ng sông C<U+1EED>u Long",8,"Kiên Giang",72,"Tân Hi<U+1EC7>p","","Tan Hiep","Huy<U+1EC7>n","District"
114335,247,"VNM","Vietnam",1,"d<U+1ED3>ng b<U+1EB1>ng sông C<U+1EED>u Long",8,"Kiên Giang",73,"U Minh Thu<U+1EE3>ng","","","Huy<U+1EC7>n","District"
114336,247,"VNM","Vietnam",1,"d<U+1ED3>ng b<U+1EB1>ng sông C<U+1EED>u Long",8,"Kiên Giang",74,"Vinh Thu<U+1EAD>n","","Vinh Thuan","Huy<U+1EC7>n","District"
114337,247,"VNM","Vietnam",1,"d<U+1ED3>ng b<U+1EB1>ng sông C<U+1EED>u Long",9,"Long An",75,"Ð<U+1EE9>c Hòa","","Duc Hoa","Huy<U+1EC7>n","District"
114338,247,"VNM","Vietnam",1,"d<U+1ED3>ng b<U+1EB1>ng sông C<U+1EED>u Long",9,"Long An",76,"Ð<U+1EE9>c Hu<U+1EC7>","","Duc Hue","Huy<U+1EC7>n","District"
114339,247,"VNM","Vietnam",1,"d<U+1ED3>ng b<U+1EB1>ng sông C<U+1EED>u Long",9,"Long An",77,"B<U+1EBF>n L<U+1EE9>c","","Ben Luc","Huy<U+1EC7>n","District"
114340,247,"VNM","Vietnam",1,"d<U+1ED3>ng b<U+1EB1>ng sông C<U+1EED>u Long",9,"Long An",78,"C<U+1EA7>n Ðu<U+1EDB>c","","Can Duoc","Huy<U+1EC7>n","District"
114341,247,"VNM","Vietnam",1,"d<U+1ED3>ng b<U+1EB1>ng sông C<U+1EED>u Long",9,"Long An",79,"C<U+1EA7>n Giu<U+1ED9>c","","Can Giuoc","Huy<U+1EC7>n","District"
114342,247,"VNM","Vietnam",1,"d<U+1ED3>ng b<U+1EB1>ng sông C<U+1EED>u Long",9,"Long An",80,"Châu Thành","","Chau Thanh","Huy<U+1EC7>n","District"
114343,247,"VNM","Vietnam",1,"d<U+1ED3>ng b<U+1EB1>ng sông C<U+1EED>u Long",9,"Long An",81,"M<U+1ED9>c Hóa","","Moc Hoa","Huy<U+1EC7>n","District"
114344,247,"VNM","Vietnam",1,"d<U+1ED3>ng b<U+1EB1>ng sông C<U+1EED>u Long",9,"Long An",82,"Tân An","","Tan An","Thi xa","Township"
114345,247,"VNM","Vietnam",1,"d<U+1ED3>ng b<U+1EB1>ng sông C<U+1EED>u Long",9,"Long An",83,"Tân Hung","","Tan Hung","Huy<U+1EC7>n","District"
114346,247,"VNM","Vietnam",1,"d<U+1ED3>ng b<U+1EB1>ng sông C<U+1EED>u Long",9,"Long An",84,"Tân Thành","","Tan Thanh","Huy<U+1EC7>n","District"
114347,247,"VNM","Vietnam",1,"d<U+1ED3>ng b<U+1EB1>ng sông C<U+1EED>u Long",9,"Long An",85,"Tân Tr<U+1EE5>","","Tan Tru","Huy<U+1EC7>n","District"
114348,247,"VNM","Vietnam",1,"d<U+1ED3>ng b<U+1EB1>ng sông C<U+1EED>u Long",9,"Long An",86,"Th<U+1EE7> Th<U+1EEB>a","","Thu Thua","Huy<U+1EC7>n","District"
114349,247,"VNM","Vietnam",1,"d<U+1ED3>ng b<U+1EB1>ng sông C<U+1EED>u Long",9,"Long An",87,"Thanh Hóa","","Thanh Hoa","Huy<U+1EC7>n","District"
114350,247,"VNM","Vietnam",1,"d<U+1ED3>ng b<U+1EB1>ng sông C<U+1EED>u Long",9,"Long An",88,"Vinh Hung","","Vinh Hung","Huy<U+1EC7>n","District"
114351,247,"VNM","Vietnam",1,"d<U+1ED3>ng b<U+1EB1>ng sông C<U+1EED>u Long",10,"Sóc Trang",89,"Châu Thành","","Chau Thanh","Huy<U+1EC7>n","District"
114352,247,"VNM","Vietnam",1,"d<U+1ED3>ng b<U+1EB1>ng sông C<U+1EED>u Long",10,"Sóc Trang",90,"Cù Lao Dung","","Cu Lao Dung","Huy<U+1EC7>n","District"
114353,247,"VNM","Vietnam",1,"d<U+1ED3>ng b<U+1EB1>ng sông C<U+1EED>u Long",10,"Sóc Trang",91,"K<U+1EBF> Sách","","Ke Sach","Huy<U+1EC7>n","District"
114354,247,"VNM","Vietnam",1,"d<U+1ED3>ng b<U+1EB1>ng sông C<U+1EED>u Long",10,"Sóc Trang",92,"Long My","","","Thi xa","Township"
114355,247,"VNM","Vietnam",1,"d<U+1ED3>ng b<U+1EB1>ng sông C<U+1EED>u Long",10,"Sóc Trang",93,"Long Phú","","Long Phu","Huy<U+1EC7>n","District"
114356,247,"VNM","Vietnam",1,"d<U+1ED3>ng b<U+1EB1>ng sông C<U+1EED>u Long",10,"Sóc Trang",94,"M<U+1EF9> Tú","","My Tu","Huy<U+1EC7>n","District"
114357,247,"VNM","Vietnam",1,"d<U+1ED3>ng b<U+1EB1>ng sông C<U+1EED>u Long",10,"Sóc Trang",95,"M<U+1EF9> Xuyên","","My Xuyen","Huy<U+1EC7>n","District"
114358,247,"VNM","Vietnam",1,"d<U+1ED3>ng b<U+1EB1>ng sông C<U+1EED>u Long",10,"Sóc Trang",96,"Ngã Nam","","Nga Nam","Huy<U+1EC7>n","District"
114359,247,"VNM","Vietnam",1,"d<U+1ED3>ng b<U+1EB1>ng sông C<U+1EED>u Long",10,"Sóc Trang",97,"Thanh Trì","","Thanh Tri","Huy<U+1EC7>n","District"
114360,247,"VNM","Vietnam",1,"d<U+1ED3>ng b<U+1EB1>ng sông C<U+1EED>u Long",10,"Sóc Trang",98,"Vinh Châu","","Vinh Chau","Huy<U+1EC7>n","District"
114361,247,"VNM","Vietnam",1,"d<U+1ED3>ng b<U+1EB1>ng sông C<U+1EED>u Long",11,"Ti<U+1EC1>n Giang",99,"Cái Bè","","Cai Be","Huy<U+1EC7>n","District"
114362,247,"VNM","Vietnam",1,"d<U+1ED3>ng b<U+1EB1>ng sông C<U+1EED>u Long",11,"Ti<U+1EC1>n Giang",100,"Cai L<U+1EAD>y","","Cai Lay","Huy<U+1EC7>n","District"
114363,247,"VNM","Vietnam",1,"d<U+1ED3>ng b<U+1EB1>ng sông C<U+1EED>u Long",11,"Ti<U+1EC1>n Giang",101,"Ch<U+1EE3> G<U+1EA1>o","","Cho Gao","Huy<U+1EC7>n","District"
114364,247,"VNM","Vietnam",1,"d<U+1ED3>ng b<U+1EB1>ng sông C<U+1EED>u Long",11,"Ti<U+1EC1>n Giang",102,"Châu Thành","","Chau Thanh","Huy<U+1EC7>n","District"
114365,247,"VNM","Vietnam",1,"d<U+1ED3>ng b<U+1EB1>ng sông C<U+1EED>u Long",11,"Ti<U+1EC1>n Giang",103,"Gò Công Ðông","","Go Cong Dong","Huy<U+1EC7>n","District"
114366,247,"VNM","Vietnam",1,"d<U+1ED3>ng b<U+1EB1>ng sông C<U+1EED>u Long",11,"Ti<U+1EC1>n Giang",104,"Gò Công Tây","","Go Cong Tay","Huy<U+1EC7>n","District"
114367,247,"VNM","Vietnam",1,"d<U+1ED3>ng b<U+1EB1>ng sông C<U+1EED>u Long",11,"Ti<U+1EC1>n Giang",105,"Go Cong","","","Thi xa","Township"
114368,247,"VNM","Vietnam",1,"d<U+1ED3>ng b<U+1EB1>ng sông C<U+1EED>u Long",11,"Ti<U+1EC1>n Giang",106,"M<U+1EF9> Tho","","My Tho City","Than Pho","City"
114369,247,"VNM","Vietnam",1,"d<U+1ED3>ng b<U+1EB1>ng sông C<U+1EED>u Long",11,"Ti<U+1EC1>n Giang",107,"Tân Phu<U+1EDB>c","","Tan Phuoc","Huy<U+1EC7>n","District"
114370,247,"VNM","Vietnam",1,"d<U+1ED3>ng b<U+1EB1>ng sông C<U+1EED>u Long",11,"Ti<U+1EC1>n Giang",108,"Tân Phú Ðông","","","Huy<U+1EC7>n","District"
114371,247,"VNM","Vietnam",1,"d<U+1ED3>ng b<U+1EB1>ng sông C<U+1EED>u Long",12,"Trà Vinh",109,"C<U+1EA7>u Kè","","Cau Ke","Huy<U+1EC7>n","District"
114372,247,"VNM","Vietnam",1,"d<U+1ED3>ng b<U+1EB1>ng sông C<U+1EED>u Long",12,"Trà Vinh",110,"C<U+1EA7>u Ngang","","Cau Ngang","Huy<U+1EC7>n","District"
114373,247,"VNM","Vietnam",1,"d<U+1ED3>ng b<U+1EB1>ng sông C<U+1EED>u Long",12,"Trà Vinh",111,"Càng Long","","Cang Long","Huy<U+1EC7>n","District"
114374,247,"VNM","Vietnam",1,"d<U+1ED3>ng b<U+1EB1>ng sông C<U+1EED>u Long",12,"Trà Vinh",112,"Châu Thành","","Chau Thanh","Huy<U+1EC7>n","District"
114375,247,"VNM","Vietnam",1,"d<U+1ED3>ng b<U+1EB1>ng sông C<U+1EED>u Long",12,"Trà Vinh",113,"Duyên H<U+1EA3>i","","Duyen Hai","Huy<U+1EC7>n","District"
114376,247,"VNM","Vietnam",1,"d<U+1ED3>ng b<U+1EB1>ng sông C<U+1EED>u Long",12,"Trà Vinh",114,"Ti<U+1EC3>u C<U+1EA7>n","","Tieu Can","Huy<U+1EC7>n","District"
114377,247,"VNM","Vietnam",1,"d<U+1ED3>ng b<U+1EB1>ng sông C<U+1EED>u Long",12,"Trà Vinh",115,"Trà Cú","","Tra Cu","Huy<U+1EC7>n","District"
114378,247,"VNM","Vietnam",1,"d<U+1ED3>ng b<U+1EB1>ng sông C<U+1EED>u Long",12,"Trà Vinh",116,"Trà Vinh","","Tra Vinh","Thi xa","Township"
114379,247,"VNM","Vietnam",1,"d<U+1ED3>ng b<U+1EB1>ng sông C<U+1EED>u Long",13,"Vinh Long",117,"Bình Minh","","Binh Minh","Huy<U+1EC7>n","District"
114380,247,"VNM","Vietnam",1,"d<U+1ED3>ng b<U+1EB1>ng sông C<U+1EED>u Long",13,"Vinh Long",118,"Bình Tân","","","Huy<U+1EC7>n","District"
114381,247,"VNM","Vietnam",1,"d<U+1ED3>ng b<U+1EB1>ng sông C<U+1EED>u Long",13,"Vinh Long",119,"Long H<U+1ED3>","","Long Ho","Huy<U+1EC7>n","District"
114382,247,"VNM","Vietnam",1,"d<U+1ED3>ng b<U+1EB1>ng sông C<U+1EED>u Long",13,"Vinh Long",120,"Mang Thít","","Mang Thit","Huy<U+1EC7>n","District"
114383,247,"VNM","Vietnam",1,"d<U+1ED3>ng b<U+1EB1>ng sông C<U+1EED>u Long",13,"Vinh Long",121,"Tam Bình","","Tam Binh","Huy<U+1EC7>n","District"
114384,247,"VNM","Vietnam",1,"d<U+1ED3>ng b<U+1EB1>ng sông C<U+1EED>u Long",13,"Vinh Long",122,"Trà Ôn","","Tra on","Huy<U+1EC7>n","District"
114385,247,"VNM","Vietnam",1,"d<U+1ED3>ng b<U+1EB1>ng sông C<U+1EED>u Long",13,"Vinh Long",123,"Vung Liêm","","Vung Liem","Huy<U+1EC7>n","District"
114386,247,"VNM","Vietnam",1,"d<U+1ED3>ng b<U+1EB1>ng sông C<U+1EED>u Long",13,"Vinh Long",124,"Vinh Long","","Vinh Long","Thi xa","Township"
114387,247,"VNM","Vietnam",2,"Ð<U+1ED3>ng B<U+1EB1>ng Sông H<U+1ED3>ng",14,"B<U+1EAF>c Ninh",125,"B<U+1EAF>c Ninh","","Bac Ninh","Thi xa","Township"
114388,247,"VNM","Vietnam",2,"Ð<U+1ED3>ng B<U+1EB1>ng Sông H<U+1ED3>ng",14,"B<U+1EAF>c Ninh",126,"Gia Bình","","Gia Binh","Huy<U+1EC7>n","District"
114389,247,"VNM","Vietnam",2,"Ð<U+1ED3>ng B<U+1EB1>ng Sông H<U+1ED3>ng",14,"B<U+1EAF>c Ninh",127,"Luong Tài","","Luong Tai","Huy<U+1EC7>n","District"
114390,247,"VNM","Vietnam",2,"Ð<U+1ED3>ng B<U+1EB1>ng Sông H<U+1ED3>ng",14,"B<U+1EAF>c Ninh",128,"Qu<U+1EBF> Võ","","Que Vo","Huy<U+1EC7>n","District"
114391,247,"VNM","Vietnam",2,"Ð<U+1ED3>ng B<U+1EB1>ng Sông H<U+1ED3>ng",14,"B<U+1EAF>c Ninh",129,"T<U+1EEB> Son","","Tu Son","Huy<U+1EC7>n","District"
114392,247,"VNM","Vietnam",2,"Ð<U+1ED3>ng B<U+1EB1>ng Sông H<U+1ED3>ng",14,"B<U+1EAF>c Ninh",130,"Thu<U+1EAD>n Thành","","Thuan Thanh","Huy<U+1EC7>n","District"
114393,247,"VNM","Vietnam",2,"Ð<U+1ED3>ng B<U+1EB1>ng Sông H<U+1ED3>ng",14,"B<U+1EAF>c Ninh",131,"Tiên Du","","Tien Du","Huy<U+1EC7>n","District"
114394,247,"VNM","Vietnam",2,"Ð<U+1ED3>ng B<U+1EB1>ng Sông H<U+1ED3>ng",14,"B<U+1EAF>c Ninh",132,"Yên Phong","","Yen Phong","Huy<U+1EC7>n","District"
114395,247,"VNM","Vietnam",2,"Ð<U+1ED3>ng B<U+1EB1>ng Sông H<U+1ED3>ng",15,"H<U+1EA3>i Duong",133,"Bình Giang","","Binh Giang","Huy<U+1EC7>n","District"
114396,247,"VNM","Vietnam",2,"Ð<U+1ED3>ng B<U+1EB1>ng Sông H<U+1ED3>ng",15,"H<U+1EA3>i Duong",134,"C<U+1EA9>m Giàng","","Cam Giang","Huy<U+1EC7>n","District"
114397,247,"VNM","Vietnam",2,"Ð<U+1ED3>ng B<U+1EB1>ng Sông H<U+1ED3>ng",15,"H<U+1EA3>i Duong",135,"Chí Linh","","Chi Linh","Huy<U+1EC7>n","District"
114398,247,"VNM","Vietnam",2,"Ð<U+1ED3>ng B<U+1EB1>ng Sông H<U+1ED3>ng",15,"H<U+1EA3>i Duong",136,"Gia L<U+1ED9>c","","Gia Loc","Huy<U+1EC7>n","District"
114399,247,"VNM","Vietnam",2,"Ð<U+1ED3>ng B<U+1EB1>ng Sông H<U+1ED3>ng",15,"H<U+1EA3>i Duong",137,"H<U+1EA3>i Duong","","Hai Duong","Than Pho","City"
114400,247,"VNM","Vietnam",2,"Ð<U+1ED3>ng B<U+1EB1>ng Sông H<U+1ED3>ng",15,"H<U+1EA3>i Duong",138,"Kim Thành","","Kim Thanh","Huy<U+1EC7>n","District"
114401,247,"VNM","Vietnam",2,"Ð<U+1ED3>ng B<U+1EB1>ng Sông H<U+1ED3>ng",15,"H<U+1EA3>i Duong",139,"Kinh Môn","","Kinh Mon","Huy<U+1EC7>n","District"
114402,247,"VNM","Vietnam",2,"Ð<U+1ED3>ng B<U+1EB1>ng Sông H<U+1ED3>ng",15,"H<U+1EA3>i Duong",140,"Nam Sách","","Nam Sach","Huy<U+1EC7>n","District"
114403,247,"VNM","Vietnam",2,"Ð<U+1ED3>ng B<U+1EB1>ng Sông H<U+1ED3>ng",15,"H<U+1EA3>i Duong",141,"Ninh Giang","","Ninh Giang","Huy<U+1EC7>n","District"
114404,247,"VNM","Vietnam",2,"Ð<U+1ED3>ng B<U+1EB1>ng Sông H<U+1ED3>ng",15,"H<U+1EA3>i Duong",142,"T<U+1EE9> K<U+1EF3>","","Tu Ky","Huy<U+1EC7>n","District"
114405,247,"VNM","Vietnam",2,"Ð<U+1ED3>ng B<U+1EB1>ng Sông H<U+1ED3>ng",15,"H<U+1EA3>i Duong",143,"Thanh Hà","","Thanh Ha","Huy<U+1EC7>n","District"
114406,247,"VNM","Vietnam",2,"Ð<U+1ED3>ng B<U+1EB1>ng Sông H<U+1ED3>ng",15,"H<U+1EA3>i Duong",144,"Thanh Mi<U+1EC7>n","","Thanh Mien","Huy<U+1EC7>n","District"
114407,247,"VNM","Vietnam",2,"Ð<U+1ED3>ng B<U+1EB1>ng Sông H<U+1ED3>ng",16,"H<U+1EA3>i Phòng",145,"Ð<U+1ED3> Son","","Do Son","Thi xa","Township"
114408,247,"VNM","Vietnam",2,"Ð<U+1ED3>ng B<U+1EB1>ng Sông H<U+1ED3>ng",16,"H<U+1EA3>i Phòng",146,"An Duong","","An Duong","Huy<U+1EC7>n","District"
114409,247,"VNM","Vietnam",2,"Ð<U+1ED3>ng B<U+1EB1>ng Sông H<U+1ED3>ng",16,"H<U+1EA3>i Phòng",147,"An Lão","","An Lao","Huy<U+1EC7>n","District"
114410,247,"VNM","Vietnam",2,"Ð<U+1ED3>ng B<U+1EB1>ng Sông H<U+1ED3>ng",16,"H<U+1EA3>i Phòng",148,"Bach Long Vi","","","Island","Island"
114411,247,"VNM","Vietnam",2,"Ð<U+1ED3>ng B<U+1EB1>ng Sông H<U+1ED3>ng",16,"H<U+1EA3>i Phòng",149,"Cát H<U+1EA3>i","","Cat Hai","Huy<U+1EC7>n","District"
114412,247,"VNM","Vietnam",2,"Ð<U+1ED3>ng B<U+1EB1>ng Sông H<U+1ED3>ng",16,"H<U+1EA3>i Phòng",150,"H<U+1EA3>i An","","Hai An","Qu<U+1EAD>n","Urban District"
114413,247,"VNM","Vietnam",2,"Ð<U+1ED3>ng B<U+1EB1>ng Sông H<U+1ED3>ng",16,"H<U+1EA3>i Phòng",151,"H<U+1ED3>ng Bàng","","Hong Bang","Huy<U+1EC7>n","District"
114414,247,"VNM","Vietnam",2,"Ð<U+1ED3>ng B<U+1EB1>ng Sông H<U+1ED3>ng",16,"H<U+1EA3>i Phòng",152,"Ki<U+1EBF>n An","","Kien An","Huy<U+1EC7>n","District"
114415,247,"VNM","Vietnam",2,"Ð<U+1ED3>ng B<U+1EB1>ng Sông H<U+1ED3>ng",16,"H<U+1EA3>i Phòng",153,"Ki<U+1EBF>n Th<U+1EE5>y","","Kien Thuy","Huy<U+1EC7>n","District"
114416,247,"VNM","Vietnam",2,"Ð<U+1ED3>ng B<U+1EB1>ng Sông H<U+1ED3>ng",16,"H<U+1EA3>i Phòng",154,"Lê Chân","","Le Chan","Huy<U+1EC7>n","District"
114417,247,"VNM","Vietnam",2,"Ð<U+1ED3>ng B<U+1EB1>ng Sông H<U+1ED3>ng",16,"H<U+1EA3>i Phòng",155,"Ngô Quy<U+1EC1>n","","Ngo Quyen","Huy<U+1EC7>n","District"
114418,247,"VNM","Vietnam",2,"Ð<U+1ED3>ng B<U+1EB1>ng Sông H<U+1ED3>ng",16,"H<U+1EA3>i Phòng",156,"Th<U+1EE7>y Nguyên","","Thuy Nguyen","Huy<U+1EC7>n","District"
114419,247,"VNM","Vietnam",2,"Ð<U+1ED3>ng B<U+1EB1>ng Sông H<U+1ED3>ng",16,"H<U+1EA3>i Phòng",157,"Tiên Lãng","","Tien Lang","Huy<U+1EC7>n","District"
114420,247,"VNM","Vietnam",2,"Ð<U+1ED3>ng B<U+1EB1>ng Sông H<U+1ED3>ng",16,"H<U+1EA3>i Phòng",158,"Vinh B<U+1EA3>o","","Vinh Bao","Huy<U+1EC7>n","District"
114421,247,"VNM","Vietnam",2,"Ð<U+1ED3>ng B<U+1EB1>ng Sông H<U+1ED3>ng",17,"Hung Yên",159,"Ân Thi","","","Huy<U+1EC7>n","District"
114422,247,"VNM","Vietnam",2,"Ð<U+1ED3>ng B<U+1EB1>ng Sông H<U+1ED3>ng",17,"Hung Yên",160,"Hung Yên","","Hung Yen","Thi xa","Township"
114423,247,"VNM","Vietnam",2,"Ð<U+1ED3>ng B<U+1EB1>ng Sông H<U+1ED3>ng",17,"Hung Yên",161,"Khoái Châu","","Khoai Chau","Huy<U+1EC7>n","District"
114424,247,"VNM","Vietnam",2,"Ð<U+1ED3>ng B<U+1EB1>ng Sông H<U+1ED3>ng",17,"Hung Yên",162,"Kim Ð<U+1ED9>ng","","Kim Dong","Huy<U+1EC7>n","District"
114425,247,"VNM","Vietnam",2,"Ð<U+1ED3>ng B<U+1EB1>ng Sông H<U+1ED3>ng",17,"Hung Yên",163,"M<U+1EF9> Hào","","My Hao","Huy<U+1EC7>n","District"
114426,247,"VNM","Vietnam",2,"Ð<U+1ED3>ng B<U+1EB1>ng Sông H<U+1ED3>ng",17,"Hung Yên",164,"Phù C<U+1EEB>","","Phu Cu","Huy<U+1EC7>n","District"
114427,247,"VNM","Vietnam",2,"Ð<U+1ED3>ng B<U+1EB1>ng Sông H<U+1ED3>ng",17,"Hung Yên",165,"Tiên L<U+1EEF>","","Tien Lu","Huy<U+1EC7>n","District"
114428,247,"VNM","Vietnam",2,"Ð<U+1ED3>ng B<U+1EB1>ng Sông H<U+1ED3>ng",17,"Hung Yên",166,"Van Giang","","Van Giang","Huy<U+1EC7>n","District"
114429,247,"VNM","Vietnam",2,"Ð<U+1ED3>ng B<U+1EB1>ng Sông H<U+1ED3>ng",17,"Hung Yên",167,"Van Lâm","","Van Lam","Huy<U+1EC7>n","District"
114430,247,"VNM","Vietnam",2,"Ð<U+1ED3>ng B<U+1EB1>ng Sông H<U+1ED3>ng",17,"Hung Yên",168,"Yên M<U+1EF9>","","Yen My","Huy<U+1EC7>n","District"
114431,247,"VNM","Vietnam",2,"Ð<U+1ED3>ng B<U+1EB1>ng Sông H<U+1ED3>ng",18,"Hà N<U+1ED9>i",169,"Ð<U+1ED1>ng Ða","","Dong Da","Qu<U+1EAD>n","Urban District"
114432,247,"VNM","Vietnam",2,"Ð<U+1ED3>ng B<U+1EB1>ng Sông H<U+1ED3>ng",18,"Hà N<U+1ED9>i",170,"Ðông Anh","","Dong Anh","Huy<U+1EC7>n","District"
114433,247,"VNM","Vietnam",2,"Ð<U+1ED3>ng B<U+1EB1>ng Sông H<U+1ED3>ng",18,"Hà N<U+1ED9>i",171,"Ba Ðình","","Ba Dinh","Huy<U+1EC7>n","District"
114434,247,"VNM","Vietnam",2,"Ð<U+1ED3>ng B<U+1EB1>ng Sông H<U+1ED3>ng",18,"Hà N<U+1ED9>i",172,"C<U+1EA7>u Gi<U+1EA5>y","","Cau Giay","Huy<U+1EC7>n","District"
114435,247,"VNM","Vietnam",2,"Ð<U+1ED3>ng B<U+1EB1>ng Sông H<U+1ED3>ng",18,"Hà N<U+1ED9>i",173,"Gia Lâm","","Gia Lam","Huy<U+1EC7>n","District"
114436,247,"VNM","Vietnam",2,"Ð<U+1ED3>ng B<U+1EB1>ng Sông H<U+1ED3>ng",18,"Hà N<U+1ED9>i",174,"Hai Bà Trung","","Hai Ba Trung","Huy<U+1EC7>n","District"
114437,247,"VNM","Vietnam",2,"Ð<U+1ED3>ng B<U+1EB1>ng Sông H<U+1ED3>ng",18,"Hà N<U+1ED9>i",175,"Hoàn Ki<U+1EBF>m","","Hoan Kiem","Huy<U+1EC7>n","District"
114438,247,"VNM","Vietnam",2,"Ð<U+1ED3>ng B<U+1EB1>ng Sông H<U+1ED3>ng",18,"Hà N<U+1ED9>i",176,"Hoàng Mai","","Hoang Mai","Qu<U+1EAD>n","Urban District"
114439,247,"VNM","Vietnam",2,"Ð<U+1ED3>ng B<U+1EB1>ng Sông H<U+1ED3>ng",18,"Hà N<U+1ED9>i",177,"Long Biên","","Long Bien","Qu<U+1EAD>n","Urban District"
114440,247,"VNM","Vietnam",2,"Ð<U+1ED3>ng B<U+1EB1>ng Sông H<U+1ED3>ng",18,"Hà N<U+1ED9>i",178,"Sóc Son","","Soc Son","Huy<U+1EC7>n","District"
114441,247,"VNM","Vietnam",2,"Ð<U+1ED3>ng B<U+1EB1>ng Sông H<U+1ED3>ng",18,"Hà N<U+1ED9>i",179,"T<U+1EEB> Liêm","","Tu Liem","Huy<U+1EC7>n","District"
114442,247,"VNM","Vietnam",2,"Ð<U+1ED3>ng B<U+1EB1>ng Sông H<U+1ED3>ng",18,"Hà N<U+1ED9>i",180,"Tây H<U+1ED3>","","Tay Ho","Huy<U+1EC7>n","District"
114443,247,"VNM","Vietnam",2,"Ð<U+1ED3>ng B<U+1EB1>ng Sông H<U+1ED3>ng",18,"Hà N<U+1ED9>i",181,"Thanh Trì","","Thanh Tri","Huy<U+1EC7>n","District"
114444,247,"VNM","Vietnam",2,"Ð<U+1ED3>ng B<U+1EB1>ng Sông H<U+1ED3>ng",18,"Hà N<U+1ED9>i",182,"Thanh Xuân","","Thanh Xuan","Huy<U+1EC7>n","District"
114445,247,"VNM","Vietnam",2,"Ð<U+1ED3>ng B<U+1EB1>ng Sông H<U+1ED3>ng",19,"Hà Nam",183,"Bình L<U+1EE5>c","","Binh Luc","Huy<U+1EC7>n","District"
114446,247,"VNM","Vietnam",2,"Ð<U+1ED3>ng B<U+1EB1>ng Sông H<U+1ED3>ng",19,"Hà Nam",184,"Duy Tiên","","Duy Tien","Huy<U+1EC7>n","District"
114447,247,"VNM","Vietnam",2,"Ð<U+1ED3>ng B<U+1EB1>ng Sông H<U+1ED3>ng",19,"Hà Nam",185,"Kim B<U+1EA3>ng","","Kim Bang","Huy<U+1EC7>n","District"
114448,247,"VNM","Vietnam",2,"Ð<U+1ED3>ng B<U+1EB1>ng Sông H<U+1ED3>ng",19,"Hà Nam",186,"Lý Nhân","","Ly Nhan","Huy<U+1EC7>n","District"
114449,247,"VNM","Vietnam",2,"Ð<U+1ED3>ng B<U+1EB1>ng Sông H<U+1ED3>ng",19,"Hà Nam",187,"Ph<U+1EE7> Lý","","Phu Ly","Thi xa","Township"
114450,247,"VNM","Vietnam",2,"Ð<U+1ED3>ng B<U+1EB1>ng Sông H<U+1ED3>ng",19,"Hà Nam",188,"Thanh Liêm","","Thanh Liem","Huy<U+1EC7>n","District"
114451,247,"VNM","Vietnam",2,"Ð<U+1ED3>ng B<U+1EB1>ng Sông H<U+1ED3>ng",20,"Hà Tây",189,"Ðan Phu<U+1EE3>ng","","Dan Phuong","Huy<U+1EC7>n","District"
114452,247,"VNM","Vietnam",2,"Ð<U+1ED3>ng B<U+1EB1>ng Sông H<U+1ED3>ng",20,"Hà Tây",190,"<U+1EE8>ng Hoà","","Ung Hoa","Huy<U+1EC7>n","District"
114453,247,"VNM","Vietnam",2,"Ð<U+1ED3>ng B<U+1EB1>ng Sông H<U+1ED3>ng",20,"Hà Tây",191,"Ba Vi","","","Huy<U+1EC7>n","District"
114454,247,"VNM","Vietnam",2,"Ð<U+1ED3>ng B<U+1EB1>ng Sông H<U+1ED3>ng",20,"Hà Tây",192,"Chuong M<U+1EF9>","","Chuong My","Huy<U+1EC7>n","District"
114455,247,"VNM","Vietnam",2,"Ð<U+1ED3>ng B<U+1EB1>ng Sông H<U+1ED3>ng",20,"Hà Tây",193,"Hà Ðông","","Ha Dong","Thi xa","Township"
114456,247,"VNM","Vietnam",2,"Ð<U+1ED3>ng B<U+1EB1>ng Sông H<U+1ED3>ng",20,"Hà Tây",194,"Hoài Ð<U+1EE9>c","","Hoai Duc","Huy<U+1EC7>n","District"
114457,247,"VNM","Vietnam",2,"Ð<U+1ED3>ng B<U+1EB1>ng Sông H<U+1ED3>ng",20,"Hà Tây",195,"M<U+1EF9> Ð<U+1EE9>c","","My Duc","Huy<U+1EC7>n","District"
114458,247,"VNM","Vietnam",2,"Ð<U+1ED3>ng B<U+1EB1>ng Sông H<U+1ED3>ng",20,"Hà Tây",196,"Phú Xuyên","","Phu Xuyen","Huy<U+1EC7>n","District"
114459,247,"VNM","Vietnam",2,"Ð<U+1ED3>ng B<U+1EB1>ng Sông H<U+1ED3>ng",20,"Hà Tây",197,"Phúc Th<U+1ECD>","","Phuc Tho","Huy<U+1EC7>n","District"
114460,247,"VNM","Vietnam",2,"Ð<U+1ED3>ng B<U+1EB1>ng Sông H<U+1ED3>ng",20,"Hà Tây",198,"Qu<U+1ED1>c Oai","","Quoc Oai","Huy<U+1EC7>n","District"
114461,247,"VNM","Vietnam",2,"Ð<U+1ED3>ng B<U+1EB1>ng Sông H<U+1ED3>ng",20,"Hà Tây",199,"Son Tây","","Son Tay","Thi xa","Township"
114462,247,"VNM","Vietnam",2,"Ð<U+1ED3>ng B<U+1EB1>ng Sông H<U+1ED3>ng",20,"Hà Tây",200,"Thu<U+1EDD>ng Tín","","Thuong Tin","Huy<U+1EC7>n","District"
114463,247,"VNM","Vietnam",2,"Ð<U+1ED3>ng B<U+1EB1>ng Sông H<U+1ED3>ng",20,"Hà Tây",201,"Th<U+1EA1>ch Th<U+1EA5>t","","Thach That","Huy<U+1EC7>n","District"
114464,247,"VNM","Vietnam",2,"Ð<U+1ED3>ng B<U+1EB1>ng Sông H<U+1ED3>ng",20,"Hà Tây",202,"Thanh Oai","","","Huy<U+1EC7>n","District"
114465,247,"VNM","Vietnam",2,"Ð<U+1ED3>ng B<U+1EB1>ng Sông H<U+1ED3>ng",21,"Nam Ð<U+1ECB>nh",203,"Giao Th<U+1EE7>y","","Giao Thuy","Huy<U+1EC7>n","District"
114466,247,"VNM","Vietnam",2,"Ð<U+1ED3>ng B<U+1EB1>ng Sông H<U+1ED3>ng",21,"Nam Ð<U+1ECB>nh",204,"H<U+1EA3>i H<U+1EAD>u","","Hai Hau","Huy<U+1EC7>n","District"
114467,247,"VNM","Vietnam",2,"Ð<U+1ED3>ng B<U+1EB1>ng Sông H<U+1ED3>ng",21,"Nam Ð<U+1ECB>nh",205,"M<U+1EF9> L<U+1ED9>c","","My Loc","Huy<U+1EC7>n","District"
114468,247,"VNM","Vietnam",2,"Ð<U+1ED3>ng B<U+1EB1>ng Sông H<U+1ED3>ng",21,"Nam Ð<U+1ECB>nh",206,"Nam Ð<U+1ECB>nh","","Nam Dinh","Huy<U+1EC7>n","District"
114469,247,"VNM","Vietnam",2,"Ð<U+1ED3>ng B<U+1EB1>ng Sông H<U+1ED3>ng",21,"Nam Ð<U+1ECB>nh",207,"Nam Tr<U+1EF1>c","","Nam Truc","Huy<U+1EC7>n","District"
114470,247,"VNM","Vietnam",2,"Ð<U+1ED3>ng B<U+1EB1>ng Sông H<U+1ED3>ng",21,"Nam Ð<U+1ECB>nh",208,"Nghia Hung","","Nghia Hung","Huy<U+1EC7>n","District"
114471,247,"VNM","Vietnam",2,"Ð<U+1ED3>ng B<U+1EB1>ng Sông H<U+1ED3>ng",21,"Nam Ð<U+1ECB>nh",209,"Tr<U+1EF1>c Ninh","","Truc Ninh","Huy<U+1EC7>n","District"
114472,247,"VNM","Vietnam",2,"Ð<U+1ED3>ng B<U+1EB1>ng Sông H<U+1ED3>ng",21,"Nam Ð<U+1ECB>nh",210,"V<U+1EE5> B<U+1EA3>n","","Vu Ban","Huy<U+1EC7>n","District"
114473,247,"VNM","Vietnam",2,"Ð<U+1ED3>ng B<U+1EB1>ng Sông H<U+1ED3>ng",21,"Nam Ð<U+1ECB>nh",211,"Xuân Tru<U+1EDD>ng","","Xuan Truong","Huy<U+1EC7>n","District"
114474,247,"VNM","Vietnam",2,"Ð<U+1ED3>ng B<U+1EB1>ng Sông H<U+1ED3>ng",21,"Nam Ð<U+1ECB>nh",212,"Ý Yên","","Y Yen","Huy<U+1EC7>n","District"
114475,247,"VNM","Vietnam",2,"Ð<U+1ED3>ng B<U+1EB1>ng Sông H<U+1ED3>ng",22,"Ninh Bình",213,"Gia Vi<U+1EC5>n","","Gia Vien","Huy<U+1EC7>n","District"
114476,247,"VNM","Vietnam",2,"Ð<U+1ED3>ng B<U+1EB1>ng Sông H<U+1ED3>ng",22,"Ninh Bình",214,"Hoa Lu","","Hoa Lu","Huy<U+1EC7>n","District"
114477,247,"VNM","Vietnam",2,"Ð<U+1ED3>ng B<U+1EB1>ng Sông H<U+1ED3>ng",22,"Ninh Bình",215,"Kim Son","","Kim Son","Huy<U+1EC7>n","District"
114478,247,"VNM","Vietnam",2,"Ð<U+1ED3>ng B<U+1EB1>ng Sông H<U+1ED3>ng",22,"Ninh Bình",216,"Nho Quan","","Nho Quan","Huy<U+1EC7>n","District"
114479,247,"VNM","Vietnam",2,"Ð<U+1ED3>ng B<U+1EB1>ng Sông H<U+1ED3>ng",22,"Ninh Bình",217,"Ninh Bình","","","Thi xa","Township"
114480,247,"VNM","Vietnam",2,"Ð<U+1ED3>ng B<U+1EB1>ng Sông H<U+1ED3>ng",22,"Ninh Bình",218,"Tam Ði<U+1EC7>p","","Tam Diep","Thi xa","Township"
114481,247,"VNM","Vietnam",2,"Ð<U+1ED3>ng B<U+1EB1>ng Sông H<U+1ED3>ng",22,"Ninh Bình",219,"Yên Khánh","","Yen Khanh","Huy<U+1EC7>n","District"
114482,247,"VNM","Vietnam",2,"Ð<U+1ED3>ng B<U+1EB1>ng Sông H<U+1ED3>ng",22,"Ninh Bình",220,"Yên Mô","","Yen Mo","Huy<U+1EC7>n","District"
114483,247,"VNM","Vietnam",2,"Ð<U+1ED3>ng B<U+1EB1>ng Sông H<U+1ED3>ng",23,"Thái Bình",221,"Ðông Hung","","Dong Hung","Huy<U+1EC7>n","District"
114484,247,"VNM","Vietnam",2,"Ð<U+1ED3>ng B<U+1EB1>ng Sông H<U+1ED3>ng",23,"Thái Bình",222,"Hung Hà","","Hung Ha","Huy<U+1EC7>n","District"
114485,247,"VNM","Vietnam",2,"Ð<U+1ED3>ng B<U+1EB1>ng Sông H<U+1ED3>ng",23,"Thái Bình",223,"Ki<U+1EBF>n Xuong","","Kien Xuong","Huy<U+1EC7>n","District"
114486,247,"VNM","Vietnam",2,"Ð<U+1ED3>ng B<U+1EB1>ng Sông H<U+1ED3>ng",23,"Thái Bình",224,"Qu<U+1EF3>nh Ph<U+1EE5>","","Quynh Phu","Huy<U+1EC7>n","District"
114487,247,"VNM","Vietnam",2,"Ð<U+1ED3>ng B<U+1EB1>ng Sông H<U+1ED3>ng",23,"Thái Bình",225,"Thái Bình","","Thai Binh","Thi xa","Township"
114488,247,"VNM","Vietnam",2,"Ð<U+1ED3>ng B<U+1EB1>ng Sông H<U+1ED3>ng",23,"Thái Bình",226,"Thái Th<U+1EE5>y","","Thai Thuy","Huy<U+1EC7>n","District"
114489,247,"VNM","Vietnam",2,"Ð<U+1ED3>ng B<U+1EB1>ng Sông H<U+1ED3>ng",23,"Thái Bình",227,"Ti<U+1EC1>n H<U+1EA3>i","","Tien Hai","Huy<U+1EC7>n","District"
114490,247,"VNM","Vietnam",2,"Ð<U+1ED3>ng B<U+1EB1>ng Sông H<U+1ED3>ng",23,"Thái Bình",228,"Vu Thu","","Vu Thu","Huy<U+1EC7>n","District"
114491,247,"VNM","Vietnam",2,"Ð<U+1ED3>ng B<U+1EB1>ng Sông H<U+1ED3>ng",24,"Vinh Phúc",229,"Bình Xuyên","","Binh Xuyen","Huy<U+1EC7>n","District"
114492,247,"VNM","Vietnam",2,"Ð<U+1ED3>ng B<U+1EB1>ng Sông H<U+1ED3>ng",24,"Vinh Phúc",230,"L<U+1EAD>p Th<U+1EA1>ch","","Lap Thach","Huy<U+1EC7>n","District"
114493,247,"VNM","Vietnam",2,"Ð<U+1ED3>ng B<U+1EB1>ng Sông H<U+1ED3>ng",24,"Vinh Phúc",231,"Mê Linh","","Me Linh","Huy<U+1EC7>n","District"
114494,247,"VNM","Vietnam",2,"Ð<U+1ED3>ng B<U+1EB1>ng Sông H<U+1ED3>ng",24,"Vinh Phúc",232,"Phúc Yên","","Phuc Yen","Thi xa","Township"
114495,247,"VNM","Vietnam",3,"Ðông B<U+1EAF>c",26,"B<U+1EAF>c K<U+1EA1>n",253,"Ch<U+1EE3> M<U+1EDB>i","","Cho Moi","Huy<U+1EC7>n","District"
114496,247,"VNM","Vietnam",3,"Ðông B<U+1EAF>c",26,"B<U+1EAF>c K<U+1EA1>n",254,"Na Ri","","","Huy<U+1EC7>n","District"
114497,247,"VNM","Vietnam",3,"Ðông B<U+1EAF>c",26,"B<U+1EAF>c K<U+1EA1>n",255,"Ngân Son","","Ngan Son","Huy<U+1EC7>n","District"
114498,247,"VNM","Vietnam",3,"Ðông B<U+1EAF>c",26,"B<U+1EAF>c K<U+1EA1>n",256,"Pác N<U+1EB7>m","","Pac Nam","Huy<U+1EC7>n","District"
114499,247,"VNM","Vietnam",3,"Ðông B<U+1EAF>c",27,"Cao B<U+1EB1>ng",257,"B<U+1EA3>o L<U+1EA1>c","","Bao Lac","Huy<U+1EC7>n","District"
114500,247,"VNM","Vietnam",3,"Ðông B<U+1EAF>c",27,"Cao B<U+1EB1>ng",258,"B<U+1EA3>o Lâm","","Bao Lam","Huy<U+1EC7>n","District"
114501,247,"VNM","Vietnam",3,"Ðông B<U+1EAF>c",27,"Cao B<U+1EB1>ng",259,"Cao B<U+1EB1>ng","","Cao Bang","Thi xa","Township"
114502,247,"VNM","Vietnam",3,"Ðông B<U+1EAF>c",27,"Cao B<U+1EB1>ng",260,"H<U+1EA1> Lang","","Ha Lang","Huy<U+1EC7>n","District"
114503,247,"VNM","Vietnam",3,"Ðông B<U+1EAF>c",27,"Cao B<U+1EB1>ng",261,"Hà Qu<U+1EA3>ng","","Ha Quang","Huy<U+1EC7>n","District"
114504,247,"VNM","Vietnam",3,"Ðông B<U+1EAF>c",27,"Cao B<U+1EB1>ng",262,"Hoà An","","Hoa An","Huy<U+1EC7>n","District"
114505,247,"VNM","Vietnam",3,"Ðông B<U+1EAF>c",27,"Cao B<U+1EB1>ng",263,"Nguyên Bình","","Nguyen Binh","Huy<U+1EC7>n","District"
114506,247,"VNM","Vietnam",3,"Ðông B<U+1EAF>c",27,"Cao B<U+1EB1>ng",264,"Ph<U+1EE5>c Hòa","","Phuc Hoa","Huy<U+1EC7>n","District"
114507,247,"VNM","Vietnam",3,"Ðông B<U+1EAF>c",27,"Cao B<U+1EB1>ng",265,"Qu<U+1EA3>ng Yên","","Quang Yen","Huy<U+1EC7>n","District"
114508,247,"VNM","Vietnam",3,"Ðông B<U+1EAF>c",27,"Cao B<U+1EB1>ng",266,"Th<U+1EA1>ch An","","Thach An","Huy<U+1EC7>n","District"
114509,247,"VNM","Vietnam",3,"Ðông B<U+1EAF>c",27,"Cao B<U+1EB1>ng",267,"Thông Nông","","Thong Nong","Huy<U+1EC7>n","District"
114510,247,"VNM","Vietnam",3,"Ðông B<U+1EAF>c",27,"Cao B<U+1EB1>ng",268,"Trà Linh","","Tra Linh","Huy<U+1EC7>n","District"
114511,247,"VNM","Vietnam",3,"Ðông B<U+1EAF>c",27,"Cao B<U+1EB1>ng",269,"Trùng Khánh","","Trung Khanh","Huy<U+1EC7>n","District"
114512,247,"VNM","Vietnam",3,"Ðông B<U+1EAF>c",28,"Hà Giang",270,"Ð<U+1ED3>ng Van","","Dong Van","Huy<U+1EC7>n","District"
114513,247,"VNM","Vietnam",3,"Ðông B<U+1EAF>c",28,"Hà Giang",271,"B<U+1EAF>c Mê","","Bac Me","Huy<U+1EC7>n","District"
114514,247,"VNM","Vietnam",3,"Ðông B<U+1EAF>c",28,"Hà Giang",272,"B<U+1EAF>c Quang","","Bac Quang","Huy<U+1EC7>n","District"
114515,247,"VNM","Vietnam",3,"Ðông B<U+1EAF>c",28,"Hà Giang",273,"Hà Giang","","Ha Giang","Thi xa","Township"
114516,247,"VNM","Vietnam",3,"Ðông B<U+1EAF>c",28,"Hà Giang",274,"Hoàng Su Phì","","Hoang Su Phi","Huy<U+1EC7>n","District"
114517,247,"VNM","Vietnam",3,"Ðông B<U+1EAF>c",28,"Hà Giang",275,"Mèo V<U+1EA1>c","","Meo Vac","Huy<U+1EC7>n","District"
114518,247,"VNM","Vietnam",3,"Ðông B<U+1EAF>c",28,"Hà Giang",276,"Qu<U+1EA3>n B<U+1EA1>","","Quan Ba","Huy<U+1EC7>n","District"
114519,247,"VNM","Vietnam",3,"Ðông B<U+1EAF>c",28,"Hà Giang",277,"Quang Bình","","","Huy<U+1EC7>n","District"
114520,247,"VNM","Vietnam",3,"Ðông B<U+1EAF>c",28,"Hà Giang",278,"V<U+1ECB> Xuyên","","Vi Xuyen","Huy<U+1EC7>n","District"
114521,247,"VNM","Vietnam",3,"Ðông B<U+1EAF>c",28,"Hà Giang",279,"Xín M<U+1EA7>n","","Xin Man","Huy<U+1EC7>n","District"
114522,247,"VNM","Vietnam",3,"Ðông B<U+1EAF>c",28,"Hà Giang",280,"Yên Minh","","Yen Minh","Huy<U+1EC7>n","District"
114523,247,"VNM","Vietnam",3,"Ðông B<U+1EAF>c",29,"L<U+1EA1>ng Son",281,"Ðình L<U+1EAD>p","","Dinh Lap","Huy<U+1EC7>n","District"
114524,247,"VNM","Vietnam",3,"Ðông B<U+1EAF>c",29,"L<U+1EA1>ng Son",282,"B<U+1EAF>c Son","","Bac Son","Huy<U+1EC7>n","District"
114525,247,"VNM","Vietnam",3,"Ðông B<U+1EAF>c",29,"L<U+1EA1>ng Son",283,"Bình Gia","","Binh Gia","Huy<U+1EC7>n","District"
114526,247,"VNM","Vietnam",3,"Ðông B<U+1EAF>c",29,"L<U+1EA1>ng Son",284,"Cao L<U+1ED9>c","","Cao Loc","Huy<U+1EC7>n","District"
114527,247,"VNM","Vietnam",3,"Ðông B<U+1EAF>c",29,"L<U+1EA1>ng Son",285,"Chi Lang","","Chi Lang","Huy<U+1EC7>n","District"
114528,247,"VNM","Vietnam",3,"Ðông B<U+1EAF>c",29,"L<U+1EA1>ng Son",286,"H<U+1EEF>u Lung","","Huu Lung","Huy<U+1EC7>n","District"
114529,247,"VNM","Vietnam",3,"Ðông B<U+1EAF>c",29,"L<U+1EA1>ng Son",287,"L<U+1ED9>c Bình","","Loc Binh","Huy<U+1EC7>n","District"
114530,247,"VNM","Vietnam",3,"Ðông B<U+1EAF>c",29,"L<U+1EA1>ng Son",288,"L<U+1EA1>ng Son","","Langson","Than Pho","City"
114531,247,"VNM","Vietnam",3,"Ðông B<U+1EAF>c",29,"L<U+1EA1>ng Son",289,"Tràng Ð<U+1ECB>nh","","Trang Dinh","Huy<U+1EC7>n","District"
114532,247,"VNM","Vietnam",3,"Ðông B<U+1EAF>c",29,"L<U+1EA1>ng Son",290,"Van Quan","","Van Quan","Huy<U+1EC7>n","District"
114533,247,"VNM","Vietnam",3,"Ðông B<U+1EAF>c",29,"L<U+1EA1>ng Son",291,"Vãn Lãng","","Van Lang","Huy<U+1EC7>n","District"
114534,247,"VNM","Vietnam",3,"Ðông B<U+1EAF>c",30,"Lào Cai",292,"B<U+1EAF>c Hà","","Bac Ha","Huy<U+1EC7>n","District"
114535,247,"VNM","Vietnam",3,"Ðông B<U+1EAF>c",30,"Lào Cai",293,"B<U+1EA3>o Th<U+1EAF>ng","","Bao Thang","Huy<U+1EC7>n","District"
114536,247,"VNM","Vietnam",3,"Ðông B<U+1EAF>c",30,"Lào Cai",294,"B<U+1EA3>o Yên","","Bao Yen","Huy<U+1EC7>n","District"
114537,247,"VNM","Vietnam",3,"Ðông B<U+1EAF>c",30,"Lào Cai",295,"Bát Xát","","Bat Xat","Huy<U+1EC7>n","District"
114538,247,"VNM","Vietnam",3,"Ðông B<U+1EAF>c",30,"Lào Cai",296,"Lào Cai","","Lao Cai","Than Pho","City"
114539,247,"VNM","Vietnam",3,"Ðông B<U+1EAF>c",30,"Lào Cai",297,"Mu<U+1EDD>ng Khuong","","Muong Khuong","Huy<U+1EC7>n","District"
114540,247,"VNM","Vietnam",3,"Ðông B<U+1EAF>c",30,"Lào Cai",298,"Sa Pa","","","Huy<U+1EC7>n","District"
114541,247,"VNM","Vietnam",3,"Ðông B<U+1EAF>c",30,"Lào Cai",299,"Si Ma Cai","","","Huy<U+1EC7>n","District"
114542,247,"VNM","Vietnam",3,"Ðông B<U+1EAF>c",30,"Lào Cai",300,"Van Bàn","","Van Ban","Huy<U+1EC7>n","District"
114543,247,"VNM","Vietnam",3,"Ðông B<U+1EAF>c",31,"Phú Th<U+1ECD>",301,"Ðoan Hùng","","Doan Hung","Huy<U+1EC7>n","District"
114544,247,"VNM","Vietnam",3,"Ðông B<U+1EAF>c",31,"Phú Th<U+1ECD>",302,"C<U+1EA9>m Khê","","Cam Khe","Huy<U+1EC7>n","District"
114545,247,"VNM","Vietnam",3,"Ðông B<U+1EAF>c",31,"Phú Th<U+1ECD>",303,"H<U+1EA1> Hoà","","Ha Hoa","Huy<U+1EC7>n","District"
114546,247,"VNM","Vietnam",3,"Ðông B<U+1EAF>c",31,"Phú Th<U+1ECD>",304,"Lâm Thao","","Lam Thao","Huy<U+1EC7>n","District"
114547,247,"VNM","Vietnam",3,"Ðông B<U+1EAF>c",31,"Phú Th<U+1ECD>",305,"Phú Ninh","","Phu Ninh","Huy<U+1EC7>n","District"
114548,247,"VNM","Vietnam",3,"Ðông B<U+1EAF>c",31,"Phú Th<U+1ECD>",306,"Phú Th<U+1ECD>","","Phu Tho","Thi xa","Township"
114549,247,"VNM","Vietnam",3,"Ðông B<U+1EAF>c",31,"Phú Th<U+1ECD>",307,"Tam Nông","","Tam Nong","Huy<U+1EC7>n","District"
114550,247,"VNM","Vietnam",3,"Ðông B<U+1EAF>c",31,"Phú Th<U+1ECD>",308,"Thanh Ba","","Thanh Ba","Huy<U+1EC7>n","District"
114551,247,"VNM","Vietnam",3,"Ðông B<U+1EAF>c",31,"Phú Th<U+1ECD>",309,"Thanh Son","","Thanh Son","Huy<U+1EC7>n","District"
114552,247,"VNM","Vietnam",3,"Ðông B<U+1EAF>c",31,"Phú Th<U+1ECD>",310,"Thanh Thu<U+1EF7>","","Thanh Thuy","Huy<U+1EC7>n","District"
114553,247,"VNM","Vietnam",3,"Ðông B<U+1EAF>c",31,"Phú Th<U+1ECD>",311,"Vi<U+1EC7>t Trì","","Viet Tri","Than Pho","City"
114554,247,"VNM","Vietnam",3,"Ðông B<U+1EAF>c",31,"Phú Th<U+1ECD>",312,"Yên L<U+1EAD>p","","Yen Lap","Huy<U+1EC7>n","District"
114555,247,"VNM","Vietnam",3,"Ðông B<U+1EAF>c",32,"Qu<U+1EA3>ng Ninh",313,"Ð<U+1EA7>m Hà","","Dam Ha","Huy<U+1EC7>n","District"
114556,247,"VNM","Vietnam",3,"Ðông B<U+1EAF>c",32,"Qu<U+1EA3>ng Ninh",314,"Ðông Tri<U+1EC1>u","","Dong Trieu","Huy<U+1EC7>n","District"
114557,247,"VNM","Vietnam",3,"Ðông B<U+1EAF>c",32,"Qu<U+1EA3>ng Ninh",315,"Ba Ch<U+1EBD>","","Ba Che","Huy<U+1EC7>n","District"
114558,247,"VNM","Vietnam",3,"Ðông B<U+1EAF>c",32,"Qu<U+1EA3>ng Ninh",316,"Bình Liêu","","Binh Lieu","Huy<U+1EC7>n","District"
114559,247,"VNM","Vietnam",3,"Ðông B<U+1EAF>c",32,"Qu<U+1EA3>ng Ninh",317,"C<U+1EA9>m Ph<U+1EA3>","","","Thi xa","Township"
114560,247,"VNM","Vietnam",3,"Ðông B<U+1EAF>c",32,"Qu<U+1EA3>ng Ninh",318,"Cô Tô","","Co To","Huy<U+1EC7>n","District"
114561,247,"VNM","Vietnam",3,"Ðông B<U+1EAF>c",32,"Qu<U+1EA3>ng Ninh",319,"H<U+1EA1> Long","","Ha Long","Than Pho","City"
114562,247,"VNM","Vietnam",3,"Ðông B<U+1EAF>c",32,"Qu<U+1EA3>ng Ninh",320,"H<U+1EA3>i Hà","","Hai Ha","Huy<U+1EC7>n","District"
114563,247,"VNM","Vietnam",3,"Ðông B<U+1EAF>c",32,"Qu<U+1EA3>ng Ninh",321,"Hoành B<U+1ED3>","","Hoanh Bo","Huy<U+1EC7>n","District"
114564,247,"VNM","Vietnam",3,"Ðông B<U+1EAF>c",32,"Qu<U+1EA3>ng Ninh",322,"Móng Cái","","Mong Cai","Thi xa","Township"
114565,247,"VNM","Vietnam",3,"Ðông B<U+1EAF>c",32,"Qu<U+1EA3>ng Ninh",323,"Tiên Yên","","Tien Yen","Huy<U+1EC7>n","District"
114566,247,"VNM","Vietnam",3,"Ðông B<U+1EAF>c",32,"Qu<U+1EA3>ng Ninh",324,"Uông Bí","","Uong Bi","Thi xa","Township"
114567,247,"VNM","Vietnam",3,"Ðông B<U+1EAF>c",32,"Qu<U+1EA3>ng Ninh",325,"Vân Ð<U+1ED3>n","","Van Don","Huy<U+1EC7>n","District"
114568,247,"VNM","Vietnam",3,"Ðông B<U+1EAF>c",32,"Qu<U+1EA3>ng Ninh",326,"Yên Hung","","Yen Hung","Huy<U+1EC7>n","District"
114569,247,"VNM","Vietnam",3,"Ðông B<U+1EAF>c",33,"Thái Nguyên",327,"Ð<U+1EA1>i T<U+1EEB>","","Dai Tu","Huy<U+1EC7>n","District"
114570,247,"VNM","Vietnam",3,"Ðông B<U+1EAF>c",33,"Thái Nguyên",328,"Ð<U+1ED3>ng H<U+1EF7>","","Dong Hy","Huy<U+1EC7>n","District"
114571,247,"VNM","Vietnam",3,"Ðông B<U+1EAF>c",33,"Thái Nguyên",329,"Ð<U+1ECB>nh Hoá","","Dinh Hoa","Huy<U+1EC7>n","District"
114572,247,"VNM","Vietnam",3,"Ðông B<U+1EAF>c",33,"Thái Nguyên",330,"Ph<U+1ED5> Yên","","Pho Yen","Huy<U+1EC7>n","District"
114573,247,"VNM","Vietnam",3,"Ðông B<U+1EAF>c",33,"Thái Nguyên",331,"Phú Bình","","Phu Binh","Huy<U+1EC7>n","District"
114574,247,"VNM","Vietnam",3,"Ðông B<U+1EAF>c",33,"Thái Nguyên",332,"Phú Luong","","Phu Luong","Huy<U+1EC7>n","District"
114575,247,"VNM","Vietnam",3,"Ðông B<U+1EAF>c",33,"Thái Nguyên",333,"Sông Công","","Song Cong","Thi xa","Township"
114576,247,"VNM","Vietnam",3,"Ðông B<U+1EAF>c",33,"Thái Nguyên",334,"Thái Nguyên","","Thai Nguyen City","Than Pho","City"
114577,247,"VNM","Vietnam",3,"Ðông B<U+1EAF>c",33,"Thái Nguyên",335,"Võ Nhai","","Vo Nhai","Huy<U+1EC7>n","District"
114578,247,"VNM","Vietnam",3,"Ðông B<U+1EAF>c",34,"Tuyên Quang",336,"Chiêm Hoá","","Chiem Hoa","Huy<U+1EC7>n","District"
114579,247,"VNM","Vietnam",3,"Ðông B<U+1EAF>c",34,"Tuyên Quang",337,"Hàm Yên","","Ham Yen","Huy<U+1EC7>n","District"
114580,247,"VNM","Vietnam",3,"Ðông B<U+1EAF>c",34,"Tuyên Quang",338,"Nà Hang","","Na Hang","Huy<U+1EC7>n","District"
114581,247,"VNM","Vietnam",3,"Ðông B<U+1EAF>c",34,"Tuyên Quang",339,"Son Duong","","Son Duong","Huy<U+1EC7>n","District"
114582,247,"VNM","Vietnam",3,"Ðông B<U+1EAF>c",34,"Tuyên Quang",340,"Tuyên Quang","","Tuyen Quang","Thi xa","Township"
114583,247,"VNM","Vietnam",3,"Ðông B<U+1EAF>c",34,"Tuyên Quang",341,"Yên Son","","Yen Son","Huy<U+1EC7>n","District"
114584,247,"VNM","Vietnam",3,"Ðông B<U+1EAF>c",35,"Yên Bái",342,"L<U+1EE5>c Yên","","Luc Yen","Huy<U+1EC7>n","District"
114585,247,"VNM","Vietnam",3,"Ðông B<U+1EAF>c",35,"Yên Bái",343,"Mù Cang Trai","","Mu Cang Chai","Huy<U+1EC7>n","District"
114586,247,"VNM","Vietnam",3,"Ðông B<U+1EAF>c",35,"Yên Bái",344,"Nghia L<U+1ED9>","","Nghia Lo","Thi xa","Township"
114587,247,"VNM","Vietnam",3,"Ðông B<U+1EAF>c",35,"Yên Bái",345,"Tr<U+1EA1>m T<U+1EA5>u","","Tram Tau","Huy<U+1EC7>n","District"
114588,247,"VNM","Vietnam",3,"Ðông B<U+1EAF>c",35,"Yên Bái",346,"Tr<U+1EA5>n Yên","","Tran Yen","Huy<U+1EC7>n","District"
114589,247,"VNM","Vietnam",3,"Ðông B<U+1EAF>c",35,"Yên Bái",347,"Van Ch<U+1EA5>n","","","Huy<U+1EC7>n","District"
114590,247,"VNM","Vietnam",3,"Ðông B<U+1EAF>c",35,"Yên Bái",348,"Van Yên","","Van Yen","Huy<U+1EC7>n","District"
114591,247,"VNM","Vietnam",3,"Ðông B<U+1EAF>c",35,"Yên Bái",349,"Yên Bái","","Yen Bai","Huy<U+1EC7>n","District"
114592,247,"VNM","Vietnam",3,"Ðông B<U+1EAF>c",35,"Yên Bái",350,"Yên Bình","","Yen Binh","Huy<U+1EC7>n","District"
114593,247,"VNM","Vietnam",4,"Ðông Nam B<U+1ED9>",36,"Ð<U+1ED3>ng Nai",351,"Ð<U+1ECB>nh Quán","","Dinh Quan","Huy<U+1EC7>n","District"
114594,247,"VNM","Vietnam",4,"Ðông Nam B<U+1ED9>",36,"Ð<U+1ED3>ng Nai",352,"Bien Hoa","","","Than Pho","City"
114595,247,"VNM","Vietnam",4,"Ðông Nam B<U+1ED9>",36,"Ð<U+1ED3>ng Nai",353,"C<U+1EA9>m M<U+1EF9>","","","Huy<U+1EC7>n","District"
114596,247,"VNM","Vietnam",4,"Ðông Nam B<U+1ED9>",36,"Ð<U+1ED3>ng Nai",354,"Long Khánh","","Long Khanh","Huy<U+1EC7>n","District"
114597,247,"VNM","Vietnam",4,"Ðông Nam B<U+1ED9>",36,"Ð<U+1ED3>ng Nai",355,"Long Thành","","Long Thanh","Huy<U+1EC7>n","District"
114598,247,"VNM","Vietnam",4,"Ðông Nam B<U+1ED9>",36,"Ð<U+1ED3>ng Nai",356,"Nhon Tr<U+1EA1>ch","","Nhon Trach","Huy<U+1EC7>n","District"
114599,247,"VNM","Vietnam",4,"Ðông Nam B<U+1ED9>",36,"Ð<U+1ED3>ng Nai",357,"Tân Phú","","Tan Phu","Huy<U+1EC7>n","District"
114600,247,"VNM","Vietnam",4,"Ðông Nam B<U+1ED9>",36,"Ð<U+1ED3>ng Nai",358,"Th<U+1ED1>ng Nh<U+1EA5>t","","Thong Nhat","Huy<U+1EC7>n","District"
114601,247,"VNM","Vietnam",4,"Ðông Nam B<U+1ED9>",36,"Ð<U+1ED3>ng Nai",359,"Tr<U+1EA3>ng Bom","","Trang Bom","Huy<U+1EC7>n","District"
114602,247,"VNM","Vietnam",4,"Ðông Nam B<U+1ED9>",36,"Ð<U+1ED3>ng Nai",360,"Vinh C<U+1EED>u","","Vinh Cuu","Huy<U+1EC7>n","District"
114603,247,"VNM","Vietnam",4,"Ðông Nam B<U+1ED9>",36,"Ð<U+1ED3>ng Nai",361,"Xuân L<U+1ED9>c","","Xuan Loc","Huy<U+1EC7>n","District"
114604,247,"VNM","Vietnam",4,"Ðông Nam B<U+1ED9>",37,"Bà R<U+1ECB>a - Vung Tàu",362,"Ð<U+1EA5>t Ð<U+1ECF>","","Dat Do","Huy<U+1EC7>n","District"
114605,247,"VNM","Vietnam",4,"Ðông Nam B<U+1ED9>",37,"Bà R<U+1ECB>a - Vung Tàu",363,"Ba Ria","","","Thi xa","Township"
114606,247,"VNM","Vietnam",4,"Ðông Nam B<U+1ED9>",37,"Bà R<U+1ECB>a - Vung Tàu",364,"Châu Ð<U+1EE9>c","","Chau Duc","Huy<U+1EC7>n","District"
114607,247,"VNM","Vietnam",4,"Ðông Nam B<U+1ED9>",37,"Bà R<U+1ECB>a - Vung Tàu",365,"Côn Ð<U+1EA3>o","","Con Dao","Huy<U+1EC7>n","District"
114608,247,"VNM","Vietnam",4,"Ðông Nam B<U+1ED9>",37,"Bà R<U+1ECB>a - Vung Tàu",366,"Long Ði<U+1EC1>n","","Long Dien","Huy<U+1EC7>n","District"
114609,247,"VNM","Vietnam",4,"Ðông Nam B<U+1ED9>",37,"Bà R<U+1ECB>a - Vung Tàu",367,"Tân Thành","","Tan Thanh","Huy<U+1EC7>n","District"
114610,247,"VNM","Vietnam",4,"Ðông Nam B<U+1ED9>",37,"Bà R<U+1ECB>a - Vung Tàu",368,"Vung Tàu","","Vung Tau","Huy<U+1EC7>n","District"
114611,247,"VNM","Vietnam",4,"Ðông Nam B<U+1ED9>",37,"Bà R<U+1ECB>a - Vung Tàu",369,"Xuyên M<U+1ED9>c","","Xuyen Moc","Huy<U+1EC7>n","District"
114612,247,"VNM","Vietnam",4,"Ðông Nam B<U+1ED9>",38,"Bình Duong",370,"B<U+1EBF>n Cát","","Ben Cat","Huy<U+1EC7>n","District"
114613,247,"VNM","Vietnam",4,"Ðông Nam B<U+1ED9>",38,"Bình Duong",371,"Dau Tieng","","","Huy<U+1EC7>n","District"
114614,247,"VNM","Vietnam",4,"Ðông Nam B<U+1ED9>",38,"Bình Duong",372,"Di An","","","Huy<U+1EC7>n","District"
114615,247,"VNM","Vietnam",4,"Ðông Nam B<U+1ED9>",38,"Bình Duong",373,"Phú Giáo","","Phu Giao","Huy<U+1EC7>n","District"
114616,247,"VNM","Vietnam",4,"Ðông Nam B<U+1ED9>",38,"Bình Duong",374,"Tân Uyên","","Tan Uyen","Huy<U+1EC7>n","District"
114617,247,"VNM","Vietnam",4,"Ðông Nam B<U+1ED9>",38,"Bình Duong",375,"Th<U+1EE7> D<U+1EA7>u M<U+1ED9>t","","Thu Dau Mot","Huy<U+1EC7>n","District"
114618,247,"VNM","Vietnam",4,"Ðông Nam B<U+1ED9>",38,"Bình Duong",376,"Thu<U+1EAD>n An","","Thuan An","Huy<U+1EC7>n","District"
114619,247,"VNM","Vietnam",4,"Ðông Nam B<U+1ED9>",39,"Bình Phu<U+1EDB>c",377,"Ð<U+1ED3>ng Phù","","Dong Phu","Huy<U+1EC7>n","District"
114620,247,"VNM","Vietnam",4,"Ðông Nam B<U+1ED9>",39,"Bình Phu<U+1EDB>c",378,"Bình Long","","Binh Long","Huy<U+1EC7>n","District"
114621,247,"VNM","Vietnam",4,"Ðông Nam B<U+1ED9>",39,"Bình Phu<U+1EDB>c",379,"Bù Ðang","","Bu Dang","Huy<U+1EC7>n","District"
114622,247,"VNM","Vietnam",4,"Ðông Nam B<U+1ED9>",39,"Bình Phu<U+1EDB>c",380,"Bu Dop","","","Huy<U+1EC7>n","District"
114623,247,"VNM","Vietnam",4,"Ðông Nam B<U+1ED9>",39,"Bình Phu<U+1EDB>c",381,"Chon Thành","","Chon Thanh","Huy<U+1EC7>n","District"
114624,247,"VNM","Vietnam",4,"Ðông Nam B<U+1ED9>",39,"Bình Phu<U+1EDB>c",382,"Dong Xoai","","","Thi xa","Township"
114625,247,"VNM","Vietnam",4,"Ðông Nam B<U+1ED9>",39,"Bình Phu<U+1EDB>c",383,"L<U+1ED9>c Ninh","","Loc Ninh","Huy<U+1EC7>n","District"
114626,247,"VNM","Vietnam",4,"Ðông Nam B<U+1ED9>",39,"Bình Phu<U+1EDB>c",384,"Phu<U+1EDB>c Long","","Phuoc Long","Huy<U+1EC7>n","District"
114627,247,"VNM","Vietnam",4,"Ðông Nam B<U+1ED9>",40,"Bình Thu<U+1EAD>n",385,"Ð<U+1EE9>c Linh","","Duc Linh","Huy<U+1EC7>n","District"
114628,247,"VNM","Vietnam",4,"Ðông Nam B<U+1ED9>",40,"Bình Thu<U+1EAD>n",386,"B<U+1EAF>c Bình","","Bac Binh","Huy<U+1EC7>n","District"
114629,247,"VNM","Vietnam",4,"Ðông Nam B<U+1ED9>",40,"Bình Thu<U+1EAD>n",387,"Hàm Tân","","Ham Tan","Huy<U+1EC7>n","District"
114630,247,"VNM","Vietnam",4,"Ðông Nam B<U+1ED9>",40,"Bình Thu<U+1EAD>n",388,"Hàm Thu<U+1EAD>n B<U+1EAF>c","","Ham Thuan Bac","Huy<U+1EC7>n","District"
114631,247,"VNM","Vietnam",4,"Ðông Nam B<U+1ED9>",40,"Bình Thu<U+1EAD>n",389,"Hàm Thu<U+1EAD>n Nam","","Ham Thuan Nam","Huy<U+1EC7>n","District"
114632,247,"VNM","Vietnam",4,"Ðông Nam B<U+1ED9>",40,"Bình Thu<U+1EAD>n",390,"La Gi","","","Huy<U+1EC7>n","District"
114633,247,"VNM","Vietnam",4,"Ðông Nam B<U+1ED9>",40,"Bình Thu<U+1EAD>n",391,"Phan Thi<U+1EBF>t","","Phan Thiet","Than Pho","City"
114634,247,"VNM","Vietnam",4,"Ðông Nam B<U+1ED9>",40,"Bình Thu<U+1EAD>n",392,"Phú Quý","","Phu Qui|Phu Quy","Huy<U+1EC7>n","Island"
114635,247,"VNM","Vietnam",4,"Ðông Nam B<U+1ED9>",40,"Bình Thu<U+1EAD>n",393,"Tanh Linh","","","Huy<U+1EC7>n","District"
114636,247,"VNM","Vietnam",4,"Ðông Nam B<U+1ED9>",40,"Bình Thu<U+1EAD>n",394,"Tuy Phong","","","Huy<U+1EC7>n","District"
114637,247,"VNM","Vietnam",4,"Ðông Nam B<U+1ED9>",41,"H<U+1ED3> Chí Minh city",395,"Bình Chánh","","Binh Chanh","Huy<U+1EC7>n","District"
114638,247,"VNM","Vietnam",4,"Ðông Nam B<U+1ED9>",41,"H<U+1ED3> Chí Minh city",396,"Binh Tan","","","Qu<U+1EAD>n","Urban District"
114639,247,"VNM","Vietnam",4,"Ðông Nam B<U+1ED9>",41,"H<U+1ED3> Chí Minh city",397,"Bình Th<U+1EA1>nh","","Binh Thanh","Qu<U+1EAD>n","Urban District"
114640,247,"VNM","Vietnam",4,"Ðông Nam B<U+1ED9>",41,"H<U+1ED3> Chí Minh city",398,"C<U+1EE7> Chi","","Cu Chi","Huy<U+1EC7>n","District"
114641,247,"VNM","Vietnam",4,"Ðông Nam B<U+1ED9>",41,"H<U+1ED3> Chí Minh city",399,"C<U+1EA7>n Gi<U+1EDD>","","Can Gio","Huy<U+1EC7>n","District"
114642,247,"VNM","Vietnam",4,"Ðông Nam B<U+1ED9>",41,"H<U+1ED3> Chí Minh city",400,"Gò V<U+1EA5>p","","Go Vap","Qu<U+1EAD>n","Urban District"
114643,247,"VNM","Vietnam",4,"Ðông Nam B<U+1ED9>",41,"H<U+1ED3> Chí Minh city",401,"Hóc Môn","","Hoc Mon","Huy<U+1EC7>n","District"
114644,247,"VNM","Vietnam",4,"Ðông Nam B<U+1ED9>",41,"H<U+1ED3> Chí Minh city",402,"Nhà Bè","","Nha Be","Huy<U+1EC7>n","District"
114645,247,"VNM","Vietnam",4,"Ðông Nam B<U+1ED9>",41,"H<U+1ED3> Chí Minh city",403,"Phú Nhu<U+1EAD>n","","Phu Nhuan","Qu<U+1EAD>n","Urban District"
114646,247,"VNM","Vietnam",4,"Ðông Nam B<U+1ED9>",41,"H<U+1ED3> Chí Minh city",404,"Qu<U+1EAD>n 1","","1","Qu<U+1EAD>n","Urban District"
114647,247,"VNM","Vietnam",4,"Ðông Nam B<U+1ED9>",41,"H<U+1ED3> Chí Minh city",405,"Qu<U+1EAD>n 10","","10","Qu<U+1EAD>n","Urban District"
114648,247,"VNM","Vietnam",4,"Ðông Nam B<U+1ED9>",41,"H<U+1ED3> Chí Minh city",406,"Qu<U+1EAD>n 11","","11","Qu<U+1EAD>n","Urban District"
114649,247,"VNM","Vietnam",4,"Ðông Nam B<U+1ED9>",41,"H<U+1ED3> Chí Minh city",407,"Qu<U+1EAD>n 12","","12","Qu<U+1EAD>n","Urban District"
114650,247,"VNM","Vietnam",4,"Ðông Nam B<U+1ED9>",41,"H<U+1ED3> Chí Minh city",408,"Qu<U+1EAD>n 2","","2","Qu<U+1EAD>n","Urban District"
114651,247,"VNM","Vietnam",4,"Ðông Nam B<U+1ED9>",41,"H<U+1ED3> Chí Minh city",409,"Qu<U+1EAD>n 3","","3","Qu<U+1EAD>n","Urban District"
114652,247,"VNM","Vietnam",4,"Ðông Nam B<U+1ED9>",41,"H<U+1ED3> Chí Minh city",410,"Qu<U+1EAD>n 4","","4","Qu<U+1EAD>n","Urban District"
114653,247,"VNM","Vietnam",4,"Ðông Nam B<U+1ED9>",41,"H<U+1ED3> Chí Minh city",411,"Qu<U+1EAD>n 5","","5","Qu<U+1EAD>n","Urban District"
114654,247,"VNM","Vietnam",4,"Ðông Nam B<U+1ED9>",41,"H<U+1ED3> Chí Minh city",412,"Qu<U+1EAD>n 6","","6","Qu<U+1EAD>n","Urban District"
114655,247,"VNM","Vietnam",4,"Ðông Nam B<U+1ED9>",41,"H<U+1ED3> Chí Minh city",413,"Qu<U+1EAD>n 7","","7","Qu<U+1EAD>n","Urban District"
114656,247,"VNM","Vietnam",4,"Ðông Nam B<U+1ED9>",41,"H<U+1ED3> Chí Minh city",414,"Qu<U+1EAD>n 8","","8","Qu<U+1EAD>n","Urban District"
114657,247,"VNM","Vietnam",4,"Ðông Nam B<U+1ED9>",41,"H<U+1ED3> Chí Minh city",415,"Qu<U+1EAD>n 9","","9","Qu<U+1EAD>n","Urban District"
114658,247,"VNM","Vietnam",4,"Ðông Nam B<U+1ED9>",41,"H<U+1ED3> Chí Minh city",416,"Tân Bình","","Tan Binh","Qu<U+1EAD>n","Urban District"
114659,247,"VNM","Vietnam",4,"Ðông Nam B<U+1ED9>",41,"H<U+1ED3> Chí Minh city",417,"Tan Phu","","","Qu<U+1EAD>n","Urban District"
114660,247,"VNM","Vietnam",4,"Ðông Nam B<U+1ED9>",41,"H<U+1ED3> Chí Minh city",418,"Th<U+1EE7> Ð<U+1EE9>c","","Thu Duc","Qu<U+1EAD>n","Urban District"
114661,247,"VNM","Vietnam",4,"Ðông Nam B<U+1ED9>",42,"Ninh Thu<U+1EAD>n",419,"Bác Ái","","Bac Ai","Huy<U+1EC7>n","District"
114662,247,"VNM","Vietnam",4,"Ðông Nam B<U+1ED9>",42,"Ninh Thu<U+1EAD>n",420,"Ninh H<U+1EA3>i","","Ninh Hai","Huy<U+1EC7>n","District"
114663,247,"VNM","Vietnam",4,"Ðông Nam B<U+1ED9>",42,"Ninh Thu<U+1EAD>n",421,"Ninh Phu<U+1EDB>c","","Ninh Phuoc","Huy<U+1EC7>n","District"
114664,247,"VNM","Vietnam",4,"Ðông Nam B<U+1ED9>",42,"Ninh Thu<U+1EAD>n",422,"Ninh Son","","Ninh Son","Huy<U+1EC7>n","District"
114665,247,"VNM","Vietnam",4,"Ðông Nam B<U+1ED9>",42,"Ninh Thu<U+1EAD>n",423,"Phan Rang-Tháp Chàm","","Phan Rang-Thap Cham","Thi xa","Township"
114666,247,"VNM","Vietnam",4,"Ðông Nam B<U+1ED9>",43,"Tây Ninh",424,"B<U+1EBF>n C<U+1EA7>u","","Ben Cau","Huy<U+1EC7>n","District"
114667,247,"VNM","Vietnam",4,"Ðông Nam B<U+1ED9>",43,"Tây Ninh",425,"Châu Thành","","Chau Thanh","Huy<U+1EC7>n","District"
114668,247,"VNM","Vietnam",4,"Ðông Nam B<U+1ED9>",43,"Tây Ninh",426,"Duong Minh Châu","","Duong Minh Chau","Huy<U+1EC7>n","District"
114669,247,"VNM","Vietnam",4,"Ðông Nam B<U+1ED9>",43,"Tây Ninh",427,"Gò D<U+1EA7>u","","Go Dau","Huy<U+1EC7>n","District"
114670,247,"VNM","Vietnam",4,"Ðông Nam B<U+1ED9>",43,"Tây Ninh",428,"Hòa Thành","","Hoa Thanh","Huy<U+1EC7>n","District"
114671,247,"VNM","Vietnam",4,"Ðông Nam B<U+1ED9>",43,"Tây Ninh",429,"Tân Biên","","Tan Bien","Huy<U+1EC7>n","District"
114672,247,"VNM","Vietnam",4,"Ðông Nam B<U+1ED9>",43,"Tây Ninh",430,"Tân Châu","","Tan Chau","Huy<U+1EC7>n","District"
114673,247,"VNM","Vietnam",4,"Ðông Nam B<U+1ED9>",43,"Tây Ninh",431,"Tây Ninh","","Tay Ninh","Thi xa","Township"
114674,247,"VNM","Vietnam",4,"Ðông Nam B<U+1ED9>",43,"Tây Ninh",432,"Tr<U+1EA3>ng Bàng","","Trang Bang","Huy<U+1EC7>n","District"
114675,247,"VNM","Vietnam",5,"B<U+1EAF>c Trung B<U+1ED9>",44,"Hà Tinh",433,"Ð<U+1EE9>c Th<U+1ECD>","","Duc Tho","Huy<U+1EC7>n","District"
114676,247,"VNM","Vietnam",5,"B<U+1EAF>c Trung B<U+1ED9>",44,"Hà Tinh",434,"C<U+1EA9>m Xuyên","","Cam Xuyen","Huy<U+1EC7>n","District"
114677,247,"VNM","Vietnam",5,"B<U+1EAF>c Trung B<U+1ED9>",44,"Hà Tinh",435,"Can L<U+1ED9>c","","Can Loc","Huy<U+1EC7>n","District"
114678,247,"VNM","Vietnam",5,"B<U+1EAF>c Trung B<U+1ED9>",44,"Hà Tinh",436,"Huong Khê","","Huong Khe","Huy<U+1EC7>n","District"
114679,247,"VNM","Vietnam",5,"B<U+1EAF>c Trung B<U+1ED9>",44,"Hà Tinh",437,"Huong Son","","Huong Son","Huy<U+1EC7>n","District"
114680,247,"VNM","Vietnam",5,"B<U+1EAF>c Trung B<U+1ED9>",44,"Hà Tinh",438,"H<U+1ED3>ng Linh","","Hong Linh","Thi xa","Township"
114681,247,"VNM","Vietnam",5,"B<U+1EAF>c Trung B<U+1ED9>",44,"Hà Tinh",439,"Hà Tinh","","","Thi xa","Township"
114682,247,"VNM","Vietnam",5,"B<U+1EAF>c Trung B<U+1ED9>",44,"Hà Tinh",440,"K<U+1EF3> Anh","","Ky Anh","Huy<U+1EC7>n","District"
114683,247,"VNM","Vietnam",5,"B<U+1EAF>c Trung B<U+1ED9>",44,"Hà Tinh",441,"Nghi Xuân","","Nghi Xuan","Huy<U+1EC7>n","District"
114684,247,"VNM","Vietnam",5,"B<U+1EAF>c Trung B<U+1ED9>",44,"Hà Tinh",442,"Th<U+1EA1>ch Hà","","Thach Ha","Huy<U+1EC7>n","District"
114685,247,"VNM","Vietnam",5,"B<U+1EAF>c Trung B<U+1ED9>",44,"Hà Tinh",443,"Vu Quang","","Vu Quang","Huy<U+1EC7>n","District"
114686,247,"VNM","Vietnam",5,"B<U+1EAF>c Trung B<U+1ED9>",45,"Ngh<U+1EC7> An",444,"Ðô Luong","","Do Luong","Huy<U+1EC7>n","District"
114687,247,"VNM","Vietnam",5,"B<U+1EAF>c Trung B<U+1ED9>",45,"Ngh<U+1EC7> An",445,"Anh Son","","Anh Son","Huy<U+1EC7>n","District"
114688,247,"VNM","Vietnam",5,"B<U+1EAF>c Trung B<U+1ED9>",45,"Ngh<U+1EC7> An",446,"C<U+1EED>a Lò","","Cua Lo","Thi xa","Township"
114689,247,"VNM","Vietnam",5,"B<U+1EAF>c Trung B<U+1ED9>",45,"Ngh<U+1EC7> An",447,"Con Cuông","","Con Cuong","Huy<U+1EC7>n","District"
114690,247,"VNM","Vietnam",5,"B<U+1EAF>c Trung B<U+1ED9>",45,"Ngh<U+1EC7> An",448,"Di<U+1EC5>n Châu","","Dien Chau","Huy<U+1EC7>n","District"
114691,247,"VNM","Vietnam",5,"B<U+1EAF>c Trung B<U+1ED9>",45,"Ngh<U+1EC7> An",449,"Hung Nguyên","","Hung Nguyen","Huy<U+1EC7>n","District"
114692,247,"VNM","Vietnam",5,"B<U+1EAF>c Trung B<U+1ED9>",45,"Ngh<U+1EC7> An",450,"K<U+1EF3> Son","","Ky Son","Huy<U+1EC7>n","District"
114693,247,"VNM","Vietnam",5,"B<U+1EAF>c Trung B<U+1ED9>",45,"Ngh<U+1EC7> An",451,"Nam Ðàn","","Nam Dan","Huy<U+1EC7>n","District"
114694,247,"VNM","Vietnam",5,"B<U+1EAF>c Trung B<U+1ED9>",45,"Ngh<U+1EC7> An",452,"Nghia Ðàn","","Nghia Dan","Huy<U+1EC7>n","District"
114695,247,"VNM","Vietnam",5,"B<U+1EAF>c Trung B<U+1ED9>",45,"Ngh<U+1EC7> An",453,"Nghi L<U+1ED9>c","","Nghi Loc","Huy<U+1EC7>n","District"
114696,247,"VNM","Vietnam",5,"B<U+1EAF>c Trung B<U+1ED9>",45,"Ngh<U+1EC7> An",454,"Qu<U+1EF3> Châu","","Quy Chau","Huy<U+1EC7>n","District"
114697,247,"VNM","Vietnam",5,"B<U+1EAF>c Trung B<U+1ED9>",45,"Ngh<U+1EC7> An",455,"Qu<U+1EF3> H<U+1EE3>p","","Quy Hop","Huy<U+1EC7>n","District"
114698,247,"VNM","Vietnam",5,"B<U+1EAF>c Trung B<U+1ED9>",45,"Ngh<U+1EC7> An",456,"Qu<U+1EBF> Phong","","Que Phong","Huy<U+1EC7>n","District"
114699,247,"VNM","Vietnam",5,"B<U+1EAF>c Trung B<U+1ED9>",45,"Ngh<U+1EC7> An",457,"Qu<U+1EF3>nh Luu","","Quynh Luu","Huy<U+1EC7>n","District"
114700,247,"VNM","Vietnam",5,"B<U+1EAF>c Trung B<U+1ED9>",45,"Ngh<U+1EC7> An",458,"Tuong Duong","","Tuong Duong","Huy<U+1EC7>n","District"
114701,247,"VNM","Vietnam",5,"B<U+1EAF>c Trung B<U+1ED9>",45,"Ngh<U+1EC7> An",459,"Tân K<U+1EF3>","","Tan Ky","Huy<U+1EC7>n","District"
114702,247,"VNM","Vietnam",5,"B<U+1EAF>c Trung B<U+1ED9>",45,"Ngh<U+1EC7> An",460,"Thái Hòa","","","Huy<U+1EC7>n","District"
114703,247,"VNM","Vietnam",5,"B<U+1EAF>c Trung B<U+1ED9>",45,"Ngh<U+1EC7> An",461,"Thanh Chuong","","Thanh Chuong","Huy<U+1EC7>n","District"
114704,247,"VNM","Vietnam",5,"B<U+1EAF>c Trung B<U+1ED9>",45,"Ngh<U+1EC7> An",462,"Vinh","","","Than Pho","City"
114705,247,"VNM","Vietnam",5,"B<U+1EAF>c Trung B<U+1ED9>",45,"Ngh<U+1EC7> An",463,"Yên Thành","","Yen Thanh","Huy<U+1EC7>n","District"
114706,247,"VNM","Vietnam",5,"B<U+1EAF>c Trung B<U+1ED9>",46,"Qu<U+1EA3>ng Bình",464,"Ð<U+1ED3>ng H<U+1EDB>i","","Dong Hoi","Than Pho","City"
114707,247,"VNM","Vietnam",5,"B<U+1EAF>c Trung B<U+1ED9>",46,"Qu<U+1EA3>ng Bình",465,"B<U+1ED1> Tr<U+1EA1>ch","","Bo Trach","Huy<U+1EC7>n","District"
114708,247,"VNM","Vietnam",5,"B<U+1EAF>c Trung B<U+1ED9>",46,"Qu<U+1EA3>ng Bình",466,"L<U+1EC7> Th<U+1EE7>y","","Le Thuy","Huy<U+1EC7>n","District"
114709,247,"VNM","Vietnam",5,"B<U+1EAF>c Trung B<U+1ED9>",46,"Qu<U+1EA3>ng Bình",467,"Minh Hóa","","Minh Hoa","Huy<U+1EC7>n","District"
114710,247,"VNM","Vietnam",5,"B<U+1EAF>c Trung B<U+1ED9>",46,"Qu<U+1EA3>ng Bình",468,"Qu<U+1EA3>ng Ninh","","Quang Ninh","Huy<U+1EC7>n","District"
114711,247,"VNM","Vietnam",5,"B<U+1EAF>c Trung B<U+1ED9>",46,"Qu<U+1EA3>ng Bình",469,"Qu<U+1EA3>ng Tr<U+1EA1>ch","","Quang Trach","Huy<U+1EC7>n","District"
114712,247,"VNM","Vietnam",5,"B<U+1EAF>c Trung B<U+1ED9>",46,"Qu<U+1EA3>ng Bình",470,"Tuyen Hoa","","Tuyen Hoa","Huy<U+1EC7>n","District"
114713,247,"VNM","Vietnam",5,"B<U+1EAF>c Trung B<U+1ED9>",47,"Qu<U+1EA3>ng Tr<U+1ECB>",471,"Ða Krông","","Da Krong","Huy<U+1EC7>n","District"
114714,247,"VNM","Vietnam",5,"B<U+1EAF>c Trung B<U+1ED9>",47,"Qu<U+1EA3>ng Tr<U+1ECB>",472,"Ðông Hà","","Dong Ha","Thi xa","Township"
114715,247,"VNM","Vietnam",5,"B<U+1EAF>c Trung B<U+1ED9>",47,"Qu<U+1EA3>ng Tr<U+1ECB>",473,"C<U+1ED3>n C<U+1ECF>","","Con Co","Island","Island"
114716,247,"VNM","Vietnam",5,"B<U+1EAF>c Trung B<U+1ED9>",47,"Qu<U+1EA3>ng Tr<U+1ECB>",474,"Cam L<U+1ED9>","","","Huy<U+1EC7>n","District"
114717,247,"VNM","Vietnam",5,"B<U+1EAF>c Trung B<U+1ED9>",47,"Qu<U+1EA3>ng Tr<U+1ECB>",475,"Gio Linh","","","Huy<U+1EC7>n","District"
114718,247,"VNM","Vietnam",5,"B<U+1EAF>c Trung B<U+1ED9>",47,"Qu<U+1EA3>ng Tr<U+1ECB>",476,"Hu<U+1EDB>ng Hóa","","Huong Hoa","Huy<U+1EC7>n","District"
114719,247,"VNM","Vietnam",5,"B<U+1EAF>c Trung B<U+1ED9>",47,"Qu<U+1EA3>ng Tr<U+1ECB>",477,"H<U+1EA3>i Lang","","Hai Lang","Huy<U+1EC7>n","District"
114720,247,"VNM","Vietnam",5,"B<U+1EAF>c Trung B<U+1ED9>",47,"Qu<U+1EA3>ng Tr<U+1ECB>",478,"Qu<U+1EA3>ng Tr<U+1ECB>","","Quang Tri Township","Thi xa","Township"
114721,247,"VNM","Vietnam",5,"B<U+1EAF>c Trung B<U+1ED9>",47,"Qu<U+1EA3>ng Tr<U+1ECB>",479,"Tri<U+1EC7>u Phong","","Trieu Phong","Huy<U+1EC7>n","District"
114722,247,"VNM","Vietnam",5,"B<U+1EAF>c Trung B<U+1ED9>",47,"Qu<U+1EA3>ng Tr<U+1ECB>",480,"Vinh Linh","","Vinh Linh","Huy<U+1EC7>n","District"
114723,247,"VNM","Vietnam",5,"B<U+1EAF>c Trung B<U+1ED9>",48,"Th<U+1EEB>a Thiên - Hu<U+1EBF>",481,"A Lu<U+1EDB>i","","A Luoi","Huy<U+1EC7>n","District"
114724,247,"VNM","Vietnam",5,"B<U+1EAF>c Trung B<U+1ED9>",48,"Th<U+1EEB>a Thiên - Hu<U+1EBF>",482,"Huong Th<U+1EE7>y","","Huong Thuy","Huy<U+1EC7>n","District"
114725,247,"VNM","Vietnam",5,"B<U+1EAF>c Trung B<U+1ED9>",48,"Th<U+1EEB>a Thiên - Hu<U+1EBF>",483,"Huong Trà","","Huong Tra","Huy<U+1EC7>n","District"
114726,247,"VNM","Vietnam",5,"B<U+1EAF>c Trung B<U+1ED9>",48,"Th<U+1EEB>a Thiên - Hu<U+1EBF>",484,"Hu<U+1EBF>","","Hue City","Than Pho","City"
114727,247,"VNM","Vietnam",5,"B<U+1EAF>c Trung B<U+1ED9>",48,"Th<U+1EEB>a Thiên - Hu<U+1EBF>",485,"Nam Ðông","","Nam Dong","Huy<U+1EC7>n","District"
114728,247,"VNM","Vietnam",5,"B<U+1EAF>c Trung B<U+1ED9>",48,"Th<U+1EEB>a Thiên - Hu<U+1EBF>",486,"Phong Ði<U+1EC1>n","","Phong Dien","Huy<U+1EC7>n","District"
114729,247,"VNM","Vietnam",5,"B<U+1EAF>c Trung B<U+1ED9>",48,"Th<U+1EEB>a Thiên - Hu<U+1EBF>",487,"Phú L<U+1ED9>c","","Phu Loc","Huy<U+1EC7>n","District"
114730,247,"VNM","Vietnam",5,"B<U+1EAF>c Trung B<U+1ED9>",48,"Th<U+1EEB>a Thiên - Hu<U+1EBF>",488,"Phú Vang","","Phu Vang","Huy<U+1EC7>n","District"
114731,247,"VNM","Vietnam",5,"B<U+1EAF>c Trung B<U+1ED9>",48,"Th<U+1EEB>a Thiên - Hu<U+1EBF>",489,"Qu<U+1EA3>ng Ði<U+1EC1>n","","Quang Dien","Huy<U+1EC7>n","District"
114732,247,"VNM","Vietnam",5,"B<U+1EAF>c Trung B<U+1ED9>",49,"Thanh Hóa",490,"Ðông Son","","Dong Son","Huy<U+1EC7>n","District"
114733,247,"VNM","Vietnam",5,"B<U+1EAF>c Trung B<U+1ED9>",49,"Thanh Hóa",491,"Bá Thu<U+1EDB>c","","Ba Thuoc","Huy<U+1EC7>n","District"
114734,247,"VNM","Vietnam",5,"B<U+1EAF>c Trung B<U+1ED9>",49,"Thanh Hóa",492,"Bim Son","","","Thi xa","Township"
114735,247,"VNM","Vietnam",5,"B<U+1EAF>c Trung B<U+1ED9>",49,"Thanh Hóa",493,"C<U+1EA9>m Th<U+1EE7>y","","Cam Thuy","Huy<U+1EC7>n","District"
114736,247,"VNM","Vietnam",5,"B<U+1EAF>c Trung B<U+1ED9>",49,"Thanh Hóa",494,"H<U+1EAD>u L<U+1ED9>c","","Hau Loc","Huy<U+1EC7>n","District"
114737,247,"VNM","Vietnam",5,"B<U+1EAF>c Trung B<U+1ED9>",49,"Thanh Hóa",495,"Hà Trung","","Ha Trung","Huy<U+1EC7>n","District"
114738,247,"VNM","Vietnam",5,"B<U+1EAF>c Trung B<U+1ED9>",49,"Thanh Hóa",496,"Ho<U+1EB1>ng Hóa","","Hoang Hoa","Huy<U+1EC7>n","District"
114739,247,"VNM","Vietnam",5,"B<U+1EAF>c Trung B<U+1ED9>",49,"Thanh Hóa",497,"Lang Chánh","","Lang Chanh","Huy<U+1EC7>n","District"
114740,247,"VNM","Vietnam",5,"B<U+1EAF>c Trung B<U+1ED9>",49,"Thanh Hóa",498,"Mu<U+1EDD>ng Lát","","Muong Lat","Huy<U+1EC7>n","District"
114741,247,"VNM","Vietnam",5,"B<U+1EAF>c Trung B<U+1ED9>",49,"Thanh Hóa",499,"Ng<U+1ECD>c L<U+1EA1>c","","Ngoc Lac","Huy<U+1EC7>n","District"
114742,247,"VNM","Vietnam",5,"B<U+1EAF>c Trung B<U+1ED9>",49,"Thanh Hóa",500,"Nga Son","","Nga Son","Huy<U+1EC7>n","District"
114743,247,"VNM","Vietnam",5,"B<U+1EAF>c Trung B<U+1ED9>",49,"Thanh Hóa",501,"Nhu Thanh","","Nhu Thanh","Huy<U+1EC7>n","District"
114744,247,"VNM","Vietnam",5,"B<U+1EAF>c Trung B<U+1ED9>",49,"Thanh Hóa",502,"Nhu Xuân","","Nhu Xuan","Huy<U+1EC7>n","District"
114745,247,"VNM","Vietnam",5,"B<U+1EAF>c Trung B<U+1ED9>",49,"Thanh Hóa",503,"Nông C<U+1ED1>ng","","Nong Cong","Huy<U+1EC7>n","District"
114746,247,"VNM","Vietnam",5,"B<U+1EAF>c Trung B<U+1ED9>",49,"Thanh Hóa",504,"Qu<U+1EA3>ng Xuong","","Quang Xuong","Huy<U+1EC7>n","District"
114747,247,"VNM","Vietnam",5,"B<U+1EAF>c Trung B<U+1ED9>",49,"Thanh Hóa",505,"Quan Hóa","","Quan Hoa","Huy<U+1EC7>n","District"
114748,247,"VNM","Vietnam",5,"B<U+1EAF>c Trung B<U+1ED9>",49,"Thanh Hóa",506,"Quan Son","","Quan Son","Huy<U+1EC7>n","District"
114749,247,"VNM","Vietnam",5,"B<U+1EAF>c Trung B<U+1ED9>",49,"Thanh Hóa",507,"S<U+1EA7>m Son","","Sam Son","Thi xa","Township"
114750,247,"VNM","Vietnam",5,"B<U+1EAF>c Trung B<U+1ED9>",49,"Thanh Hóa",508,"Tinh Gia","","Tinh Gia","Huy<U+1EC7>n","District"
114751,247,"VNM","Vietnam",5,"B<U+1EAF>c Trung B<U+1ED9>",49,"Thanh Hóa",509,"Th<U+1ECD> Xuân","","Tho Xuan","Huy<U+1EC7>n","District"
114752,247,"VNM","Vietnam",5,"B<U+1EAF>c Trung B<U+1ED9>",49,"Thanh Hóa",510,"Thu<U+1EDD>ng Xuân","","Thuong Xuan","Huy<U+1EC7>n","District"
114753,247,"VNM","Vietnam",5,"B<U+1EAF>c Trung B<U+1ED9>",49,"Thanh Hóa",511,"Th<U+1EA1>ch Thành","","Thach Thanh","Huy<U+1EC7>n","District"
114754,247,"VNM","Vietnam",5,"B<U+1EAF>c Trung B<U+1ED9>",49,"Thanh Hóa",512,"Thanh Hóa City","","Thanh Hoa","Than Pho","City"
114755,247,"VNM","Vietnam",5,"B<U+1EAF>c Trung B<U+1ED9>",49,"Thanh Hóa",513,"Thi<U+1EC7>u Hóa","","Thieu Hoa","Huy<U+1EC7>n","District"
114756,247,"VNM","Vietnam",5,"B<U+1EAF>c Trung B<U+1ED9>",49,"Thanh Hóa",514,"Tri<U+1EC7>u Son","","Trieu Son","Huy<U+1EC7>n","District"
114757,247,"VNM","Vietnam",5,"B<U+1EAF>c Trung B<U+1ED9>",49,"Thanh Hóa",515,"Vinh L<U+1ED9>c","","Vinh Loc","Huy<U+1EC7>n","District"
114758,247,"VNM","Vietnam",5,"B<U+1EAF>c Trung B<U+1ED9>",49,"Thanh Hóa",516,"Yên Ð<U+1ECB>nh","","Yen Dinh","Huy<U+1EC7>n","District"
114759,247,"VNM","Vietnam",6,"Nam Trung B<U+1ED9>",50,"Ðà N<U+1EB5>ng",517,"C<U+1EA9>m L<U+1EC7>","","Cam Le","Qu<U+1EAD>n","Urban District"
114760,247,"VNM","Vietnam",6,"Nam Trung B<U+1ED9>",50,"Ðà N<U+1EB5>ng",518,"H<U+1EA3>i Châu","","Hai Chau","Huy<U+1EC7>n","District"
114761,247,"VNM","Vietnam",6,"Nam Trung B<U+1ED9>",50,"Ðà N<U+1EB5>ng",519,"Hoà Vang","","Hoa Vang","Huy<U+1EC7>n","District"
114762,247,"VNM","Vietnam",6,"Nam Trung B<U+1ED9>",50,"Ðà N<U+1EB5>ng",520,"Liên Chi<U+1EC3>u","","Lien Chieu","Huy<U+1EC7>n","District"
114763,247,"VNM","Vietnam",6,"Nam Trung B<U+1ED9>",50,"Ðà N<U+1EB5>ng",521,"Ngu Hành Son","","Ngu Hanh Son","Huy<U+1EC7>n","District"
114764,247,"VNM","Vietnam",6,"Nam Trung B<U+1ED9>",50,"Ðà N<U+1EB5>ng",522,"Son Trà","","Son Tra","Huy<U+1EC7>n","District"
114765,247,"VNM","Vietnam",6,"Nam Trung B<U+1ED9>",50,"Ðà N<U+1EB5>ng",523,"Thanh Khê","","Thanh Khe","Huy<U+1EC7>n","District"
114766,247,"VNM","Vietnam",6,"Nam Trung B<U+1ED9>",51,"Bình Ð<U+1ECB>nh",524,"An Lão","","An Lao","Huy<U+1EC7>n","District"
114767,247,"VNM","Vietnam",6,"Nam Trung B<U+1ED9>",51,"Bình Ð<U+1ECB>nh",525,"An Nhon","","An Nhon","Huy<U+1EC7>n","District"
114768,247,"VNM","Vietnam",6,"Nam Trung B<U+1ED9>",51,"Bình Ð<U+1ECB>nh",526,"Hoài Ân","","Hoai an","Huy<U+1EC7>n","District"
114769,247,"VNM","Vietnam",6,"Nam Trung B<U+1ED9>",51,"Bình Ð<U+1ECB>nh",527,"Hoài Nhon","","Hoai Nhon","Huy<U+1EC7>n","District"
114770,247,"VNM","Vietnam",6,"Nam Trung B<U+1ED9>",51,"Bình Ð<U+1ECB>nh",528,"Phù Cát","","Phu Cat","Huy<U+1EC7>n","District"
114771,247,"VNM","Vietnam",6,"Nam Trung B<U+1ED9>",51,"Bình Ð<U+1ECB>nh",529,"Phù M<U+1EF9>","","Phu My","Huy<U+1EC7>n","District"
114772,247,"VNM","Vietnam",6,"Nam Trung B<U+1ED9>",51,"Bình Ð<U+1ECB>nh",530,"Qui Nhon","","Quy Nhon |Qui Nhon","Than Pho","City"
114773,247,"VNM","Vietnam",6,"Nam Trung B<U+1ED9>",51,"Bình Ð<U+1ECB>nh",531,"Tây Son","","Tay Son","Huy<U+1EC7>n","District"
114774,247,"VNM","Vietnam",6,"Nam Trung B<U+1ED9>",51,"Bình Ð<U+1ECB>nh",532,"Tuy Phu<U+1EDB>c","","Tuy Phuoc","Huy<U+1EC7>n","District"
114775,247,"VNM","Vietnam",6,"Nam Trung B<U+1ED9>",51,"Bình Ð<U+1ECB>nh",533,"Vinh Th<U+1EA1>nh","","Vinh Thanh","Huy<U+1EC7>n","District"
114776,247,"VNM","Vietnam",6,"Nam Trung B<U+1ED9>",51,"Bình Ð<U+1ECB>nh",534,"Van Canh","","","Huy<U+1EC7>n","District"
114777,247,"VNM","Vietnam",6,"Nam Trung B<U+1ED9>",52,"Khánh Hòa",535,"Cam Lâm","","","Huy<U+1EC7>n","District"
114778,247,"VNM","Vietnam",6,"Nam Trung B<U+1ED9>",52,"Khánh Hòa",536,"Cam Ranh","","","Thi xa","Township"
114779,247,"VNM","Vietnam",6,"Nam Trung B<U+1ED9>",52,"Khánh Hòa",537,"Diên Khánh","","Dien Khanh","Huy<U+1EC7>n","District"
114780,247,"VNM","Vietnam",6,"Nam Trung B<U+1ED9>",52,"Khánh Hòa",538,"Khánh Son","","Khanh Son","Huy<U+1EC7>n","District"
114781,247,"VNM","Vietnam",6,"Nam Trung B<U+1ED9>",52,"Khánh Hòa",539,"Khánh Vinh","","Khanh Vinh","Huy<U+1EC7>n","District"
114782,247,"VNM","Vietnam",6,"Nam Trung B<U+1ED9>",52,"Khánh Hòa",540,"Nha Trang","","","Than Pho","City"
114783,247,"VNM","Vietnam",6,"Nam Trung B<U+1ED9>",52,"Khánh Hòa",541,"Ninh Hòa","","Ninh Hoa","Huy<U+1EC7>n","District"
114784,247,"VNM","Vietnam",6,"Nam Trung B<U+1ED9>",52,"Khánh Hòa",542,"Van Ninh","","Van Ninh","Huy<U+1EC7>n","District"
114785,247,"VNM","Vietnam",6,"Nam Trung B<U+1ED9>",53,"Phú Yên",543,"Ð<U+1ED3>ng Xuân","","Dong Xuan","Huy<U+1EC7>n","District"
114786,247,"VNM","Vietnam",6,"Nam Trung B<U+1ED9>",53,"Phú Yên",544,"Ðông Hòa","","","Huy<U+1EC7>n","District"
114787,247,"VNM","Vietnam",6,"Nam Trung B<U+1ED9>",53,"Phú Yên",545,"Phú Hòa","","Phu Hoa","Huy<U+1EC7>n","District"
114788,247,"VNM","Vietnam",6,"Nam Trung B<U+1ED9>",53,"Phú Yên",546,"Son Hòa","","Son Hoa","Huy<U+1EC7>n","District"
114789,247,"VNM","Vietnam",6,"Nam Trung B<U+1ED9>",53,"Phú Yên",547,"Sông C<U+1EA7>u","","Song Cau","Huy<U+1EC7>n","District"
114790,247,"VNM","Vietnam",6,"Nam Trung B<U+1ED9>",53,"Phú Yên",548,"Sông Hinh","","Song Hinh","Huy<U+1EC7>n","District"
114791,247,"VNM","Vietnam",6,"Nam Trung B<U+1ED9>",53,"Phú Yên",549,"Tuy An","","","Huy<U+1EC7>n","District"
114792,247,"VNM","Vietnam",6,"Nam Trung B<U+1ED9>",53,"Phú Yên",550,"Tuy Hoa","","","Thi xa","Township"
114793,247,"VNM","Vietnam",6,"Nam Trung B<U+1ED9>",54,"Qu<U+1EA3>ng Nam",551,"Ð<U+1EA1>i L<U+1ED9>c","","Dai Loc","Huy<U+1EC7>n","District"
114794,247,"VNM","Vietnam",6,"Nam Trung B<U+1ED9>",54,"Qu<U+1EA3>ng Nam",552,"Ði<U+1EC7>n Bàn","","Dien Ban","Huy<U+1EC7>n","District"
114795,247,"VNM","Vietnam",6,"Nam Trung B<U+1ED9>",54,"Qu<U+1EA3>ng Nam",553,"Ðông Giang","","Dong Giang","Huy<U+1EC7>n","District"
114796,247,"VNM","Vietnam",6,"Nam Trung B<U+1ED9>",54,"Qu<U+1EA3>ng Nam",554,"B<U+1EAF>c Trà My","","Bac Tra My","Huy<U+1EC7>n","District"
114797,247,"VNM","Vietnam",6,"Nam Trung B<U+1ED9>",54,"Qu<U+1EA3>ng Nam",555,"Duy Xuyên","","Duy Xuyen","Huy<U+1EC7>n","District"
114798,247,"VNM","Vietnam",6,"Nam Trung B<U+1ED9>",54,"Qu<U+1EA3>ng Nam",556,"H<U+1ED9>i An","","Hoi An","Thi xa","Township"
114799,247,"VNM","Vietnam",6,"Nam Trung B<U+1ED9>",54,"Qu<U+1EA3>ng Nam",557,"Hi<U+1EC7>p Ð<U+1EE9>c","","Hiep Duc","Huy<U+1EC7>n","District"
114800,247,"VNM","Vietnam",6,"Nam Trung B<U+1ED9>",54,"Qu<U+1EA3>ng Nam",558,"Nam Giang","","Nam Giang","Huy<U+1EC7>n","District"
114801,247,"VNM","Vietnam",6,"Nam Trung B<U+1ED9>",54,"Qu<U+1EA3>ng Nam",559,"Nam Trà My","","Nam Tra My","Huy<U+1EC7>n","District"
114802,247,"VNM","Vietnam",6,"Nam Trung B<U+1ED9>",54,"Qu<U+1EA3>ng Nam",560,"Núi Thành","","Nui Thanh","Huy<U+1EC7>n","District"
114803,247,"VNM","Vietnam",6,"Nam Trung B<U+1ED9>",54,"Qu<U+1EA3>ng Nam",561,"Phu<U+1EDB>c Son","","Phuoc Son","Huy<U+1EC7>n","District"
114804,247,"VNM","Vietnam",6,"Nam Trung B<U+1ED9>",54,"Qu<U+1EA3>ng Nam",562,"Phú Ninh","","Phu Ninh","Huy<U+1EC7>n","District"
114805,247,"VNM","Vietnam",6,"Nam Trung B<U+1ED9>",54,"Qu<U+1EA3>ng Nam",563,"Qu<U+1EBF> Son","","Que Son","Huy<U+1EC7>n","District"
114806,247,"VNM","Vietnam",6,"Nam Trung B<U+1ED9>",54,"Qu<U+1EA3>ng Nam",564,"Tam K<U+1EF3>","","Tam Ki","Thi xa","Township"
114807,247,"VNM","Vietnam",6,"Nam Trung B<U+1ED9>",54,"Qu<U+1EA3>ng Nam",565,"Tay Giang","","","Huy<U+1EC7>n","District"
114808,247,"VNM","Vietnam",6,"Nam Trung B<U+1ED9>",54,"Qu<U+1EA3>ng Nam",566,"Thang Bình","","Thang Binh","Huy<U+1EC7>n","District"
114809,247,"VNM","Vietnam",6,"Nam Trung B<U+1ED9>",54,"Qu<U+1EA3>ng Nam",567,"Tiên Phu<U+1EDB>c","","Tien Phuoc","Huy<U+1EC7>n","District"
114810,247,"VNM","Vietnam",6,"Nam Trung B<U+1ED9>",55,"Qu<U+1EA3>ng Ngãi",568,"Ð<U+1EE9>c Ph<U+1ED5>","","Duc Pho","Huy<U+1EC7>n","District"
114811,247,"VNM","Vietnam",6,"Nam Trung B<U+1ED9>",55,"Qu<U+1EA3>ng Ngãi",569,"Ba To","","Ba To","Huy<U+1EC7>n","District"
114812,247,"VNM","Vietnam",6,"Nam Trung B<U+1ED9>",55,"Qu<U+1EA3>ng Ngãi",570,"Bình Son","","Binh Son","Huy<U+1EC7>n","District"
114813,247,"VNM","Vietnam",6,"Nam Trung B<U+1ED9>",55,"Qu<U+1EA3>ng Ngãi",571,"Lý Son","","Ly Son","Huy<U+1EC7>n","District"
114814,247,"VNM","Vietnam",6,"Nam Trung B<U+1ED9>",55,"Qu<U+1EA3>ng Ngãi",572,"M<U+1ED9> Ð<U+1EE9>c","","Mo Duc","Huy<U+1EC7>n","District"
114815,247,"VNM","Vietnam",6,"Nam Trung B<U+1ED9>",55,"Qu<U+1EA3>ng Ngãi",573,"Minh Long","","","Huy<U+1EC7>n","District"
114816,247,"VNM","Vietnam",6,"Nam Trung B<U+1ED9>",55,"Qu<U+1EA3>ng Ngãi",574,"Nghia Hành","","Nghia Hanh","Huy<U+1EC7>n","District"
114817,247,"VNM","Vietnam",6,"Nam Trung B<U+1ED9>",55,"Qu<U+1EA3>ng Ngãi",575,"Qu<U+1EA3>ng Ngãi","","Quang Ngai","Thi xa","Township"
114818,247,"VNM","Vietnam",6,"Nam Trung B<U+1ED9>",55,"Qu<U+1EA3>ng Ngãi",576,"Son Hà","","Son Ha","Huy<U+1EC7>n","District"
114819,247,"VNM","Vietnam",6,"Nam Trung B<U+1ED9>",55,"Qu<U+1EA3>ng Ngãi",577,"Son T<U+1ECB>nh","","Son Tinh","Huy<U+1EC7>n","District"
114820,247,"VNM","Vietnam",6,"Nam Trung B<U+1ED9>",55,"Qu<U+1EA3>ng Ngãi",578,"Son Tây","","Son Tay","Huy<U+1EC7>n","District"
114821,247,"VNM","Vietnam",6,"Nam Trung B<U+1ED9>",55,"Qu<U+1EA3>ng Ngãi",579,"Tu Nghia","","Tu Nghia","Huy<U+1EC7>n","District"
114822,247,"VNM","Vietnam",6,"Nam Trung B<U+1ED9>",55,"Qu<U+1EA3>ng Ngãi",580,"Tây Trà","","Tay Tra","Huy<U+1EC7>n","District"
114823,247,"VNM","Vietnam",6,"Nam Trung B<U+1ED9>",55,"Qu<U+1EA3>ng Ngãi",581,"Trà B<U+1ED3>ng","","Tra Bong","Huy<U+1EC7>n","District"
114824,247,"VNM","Vietnam",7,"Tây B<U+1EAF>c",56,"Ði<U+1EC7>n Biên",582,"Ði<U+1EC7>n Biên Ðông","","Dien Bien Dong","Huy<U+1EC7>n","District"
114825,247,"VNM","Vietnam",7,"Tây B<U+1EAF>c",56,"Ði<U+1EC7>n Biên",583,"Ði<U+1EC7>n Biên","","Dien Bien","Huy<U+1EC7>n","District"
114826,247,"VNM","Vietnam",7,"Tây B<U+1EAF>c",56,"Ði<U+1EC7>n Biên",584,"Ðiên Biên Ph<U+1EE7>","","Dien Bien Phu","Than Pho","City"
114827,247,"VNM","Vietnam",7,"Tây B<U+1EAF>c",56,"Ði<U+1EC7>n Biên",585,"Mu<U+1EDD>ng Chà","","Muong Cha","Huy<U+1EC7>n","District"
114828,247,"VNM","Vietnam",7,"Tây B<U+1EAF>c",56,"Ði<U+1EC7>n Biên",586,"Mu<U+1EDD>ng Lay","","Muong Lay","Thi xa","Township"
114829,247,"VNM","Vietnam",7,"Tây B<U+1EAF>c",56,"Ði<U+1EC7>n Biên",587,"Mu<U+1EDD>ng Nhé","","My Tho","Huy<U+1EC7>n","District"
114830,247,"VNM","Vietnam",7,"Tây B<U+1EAF>c",56,"Ði<U+1EC7>n Biên",588,"T<U+1EE7>a Chùa","","Tua Chua","Huy<U+1EC7>n","District"
114831,247,"VNM","Vietnam",7,"Tây B<U+1EAF>c",56,"Ði<U+1EC7>n Biên",589,"Tu<U+1EA7>n Giáo","","Tuan Giao","Huy<U+1EC7>n","District"
114832,247,"VNM","Vietnam",7,"Tây B<U+1EAF>c",57,"Hòa Bình",590,"Ðà B<U+1EAF>c","","Ðà R<U+1EAF>c| Da Bac","Huy<U+1EC7>n","District"
114833,247,"VNM","Vietnam",7,"Tây B<U+1EAF>c",57,"Hòa Bình",591,"Cao Phong","","","Huy<U+1EC7>n","District"
114834,247,"VNM","Vietnam",7,"Tây B<U+1EAF>c",57,"Hòa Bình",592,"Hòa Bình","","Hoa Binh","Thi xa","Township"
114835,247,"VNM","Vietnam",7,"Tây B<U+1EAF>c",57,"Hòa Bình",593,"K<U+1EF3> Son","","Ky Son","Huy<U+1EC7>n","District"
114836,247,"VNM","Vietnam",7,"Tây B<U+1EAF>c",57,"Hòa Bình",594,"Kim Bôi","","Kim Boi","Huy<U+1EC7>n","District"
114837,247,"VNM","Vietnam",7,"Tây B<U+1EAF>c",57,"Hòa Bình",595,"Luong Son","","Luong Son","Huy<U+1EC7>n","District"
114838,247,"VNM","Vietnam",7,"Tây B<U+1EAF>c",57,"Hòa Bình",596,"L<U+1EA1>c Son","","Lac Son","Huy<U+1EC7>n","District"
114839,247,"VNM","Vietnam",7,"Tây B<U+1EAF>c",57,"Hòa Bình",597,"L<U+1EA1>c Thu<U+1EF7>","","Lac Thuy","Huy<U+1EC7>n","District"
114840,247,"VNM","Vietnam",7,"Tây B<U+1EAF>c",57,"Hòa Bình",598,"Mai Châu","","Mai Chau","Huy<U+1EC7>n","District"
114841,247,"VNM","Vietnam",7,"Tây B<U+1EAF>c",57,"Hòa Bình",599,"Tân L<U+1EA1>c","","Tan Lac","Huy<U+1EC7>n","District"
114842,247,"VNM","Vietnam",7,"Tây B<U+1EAF>c",57,"Hòa Bình",600,"Yên Thu<U+1EF7>","","Yen Thuy","Huy<U+1EC7>n","District"
114843,247,"VNM","Vietnam",7,"Tây B<U+1EAF>c",58,"Lai Châu",601,"Lai Châu","","Lai Chau","Thi xa","Township"
114844,247,"VNM","Vietnam",7,"Tây B<U+1EAF>c",58,"Lai Châu",602,"Mu<U+1EDD>ng Tè","","Muong Te","Huy<U+1EC7>n","District"
114845,247,"VNM","Vietnam",7,"Tây B<U+1EAF>c",58,"Lai Châu",603,"Phong Th<U+1ED5>","","Phong Tho","Huy<U+1EC7>n","District"
114846,247,"VNM","Vietnam",7,"Tây B<U+1EAF>c",58,"Lai Châu",604,"Sìn H<U+1ED3>","","Sin Ho","Huy<U+1EC7>n","District"
114847,247,"VNM","Vietnam",7,"Tây B<U+1EAF>c",58,"Lai Châu",605,"Tam Ðu<U+1EDD>ng","","Tam Duong","Huy<U+1EC7>n","District"
114848,247,"VNM","Vietnam",7,"Tây B<U+1EAF>c",58,"Lai Châu",606,"Thanh Uyen","","","Huy<U+1EC7>n","District"
114849,247,"VNM","Vietnam",7,"Tây B<U+1EAF>c",59,"Son La",607,"B<U+1EAF>c Yên","","Bac Yen","Huy<U+1EC7>n","District"
114850,247,"VNM","Vietnam",7,"Tây B<U+1EAF>c",59,"Son La",608,"Mu<U+1EDD>ng La","","Muong La","Huy<U+1EC7>n","District"
114851,247,"VNM","Vietnam",7,"Tây B<U+1EAF>c",59,"Son La",609,"M<U+1ED9>c Châu","","Moc Chau","Huy<U+1EC7>n","District"
114852,247,"VNM","Vietnam",7,"Tây B<U+1EAF>c",59,"Son La",610,"Mai Son","","Mai Son","Huy<U+1EC7>n","District"
114853,247,"VNM","Vietnam",7,"Tây B<U+1EAF>c",59,"Son La",611,"Phù Yên","","Phu Yen","Huy<U+1EC7>n","District"
114854,247,"VNM","Vietnam",7,"Tây B<U+1EAF>c",59,"Son La",612,"Qu<U+1EF3>nh Nhai","","Quynh Nhai","Huy<U+1EC7>n","District"
114855,247,"VNM","Vietnam",7,"Tây B<U+1EAF>c",59,"Son La",613,"Son La","","Son La","Thi xa","Township"
114856,247,"VNM","Vietnam",7,"Tây B<U+1EAF>c",59,"Son La",614,"S<U+1ED1>p C<U+1ED9>p","","Sop Cop","Huy<U+1EC7>n","District"
114857,247,"VNM","Vietnam",7,"Tây B<U+1EAF>c",59,"Son La",615,"Sông Mã","","Song Ma","Huy<U+1EC7>n","District"
114858,247,"VNM","Vietnam",7,"Tây B<U+1EAF>c",59,"Son La",616,"Thu<U+1EAD>n Châu","","Thuan Chau","Huy<U+1EC7>n","District"
114859,247,"VNM","Vietnam",7,"Tây B<U+1EAF>c",59,"Son La",617,"Yên Châu","","Yen Chau","Huy<U+1EC7>n","District"
114860,247,"VNM","Vietnam",8,"Tây Nguyên",60,"Ð<U+1EAF>k L<U+1EAF>k",618,"Buôn Ðôn","","Buon Don","Huy<U+1EC7>n","District"
114861,247,"VNM","Vietnam",8,"Tây Nguyên",60,"Ð<U+1EAF>k L<U+1EAF>k",619,"Buon Ma Thuot","","","Than Pho","City"
114862,247,"VNM","Vietnam",8,"Tây Nguyên",60,"Ð<U+1EAF>k L<U+1EAF>k",620,"Cu M'gar","","Cu M'gar","Huy<U+1EC7>n","District"
114863,247,"VNM","Vietnam",8,"Tây Nguyên",60,"Ð<U+1EAF>k L<U+1EAF>k",621,"Ea H'leo","","Ea H'leo","Huy<U+1EC7>n","District"
114864,247,"VNM","Vietnam",8,"Tây Nguyên",60,"Ð<U+1EAF>k L<U+1EAF>k",622,"Ea Kar","","","Huy<U+1EC7>n","District"
114865,247,"VNM","Vietnam",8,"Tây Nguyên",60,"Ð<U+1EAF>k L<U+1EAF>k",623,"Ea Súp","","Ea Sup","Huy<U+1EC7>n","District"
114866,247,"VNM","Vietnam",8,"Tây Nguyên",60,"Ð<U+1EAF>k L<U+1EAF>k",624,"Krông Ana","","Krong Ana","Huy<U+1EC7>n","District"
114867,247,"VNM","Vietnam",8,"Tây Nguyên",60,"Ð<U+1EAF>k L<U+1EAF>k",625,"Krông Bông","","Krong Bong","Huy<U+1EC7>n","District"
114868,247,"VNM","Vietnam",8,"Tây Nguyên",60,"Ð<U+1EAF>k L<U+1EAF>k",626,"Krông Buk","","Krong Buk","Huy<U+1EC7>n","District"
114869,247,"VNM","Vietnam",8,"Tây Nguyên",60,"Ð<U+1EAF>k L<U+1EAF>k",627,"Krông Nang","","Krong Nang","Huy<U+1EC7>n","District"
114870,247,"VNM","Vietnam",8,"Tây Nguyên",60,"Ð<U+1EAF>k L<U+1EAF>k",628,"Krông P<U+1EAF>k","","Krong Pac |Krong Pak","Huy<U+1EC7>n","District"
114871,247,"VNM","Vietnam",8,"Tây Nguyên",60,"Ð<U+1EAF>k L<U+1EAF>k",629,"Lak","","Lak","Huy<U+1EC7>n","District"
114872,247,"VNM","Vietnam",8,"Tây Nguyên",60,"Ð<U+1EAF>k L<U+1EAF>k",630,"M'Ðrak","","M'Drak","Huy<U+1EC7>n","District"
114873,247,"VNM","Vietnam",8,"Tây Nguyên",61,"Ðak Nông",631,"Ðak Glong","","","Huy<U+1EC7>n","District"
114874,247,"VNM","Vietnam",8,"Tây Nguyên",61,"Ðak Nông",632,"Ðak Mil","","Dak Mil","Huy<U+1EC7>n","District"
114875,247,"VNM","Vietnam",8,"Tây Nguyên",61,"Ðak Nông",633,"Ðak R'L<U+1EA5>p","","Dak Rlap","Huy<U+1EC7>n","District"
114876,247,"VNM","Vietnam",8,"Tây Nguyên",61,"Ðak Nông",634,"Cu Jút","","Cu Jut","Huy<U+1EC7>n","District"
114877,247,"VNM","Vietnam",8,"Tây Nguyên",61,"Ðak Nông",635,"Dak Song","","","Huy<U+1EC7>n","District"
114878,247,"VNM","Vietnam",8,"Tây Nguyên",61,"Ðak Nông",636,"Krông Nô","","Krong No","Huy<U+1EC7>n","District"
114879,247,"VNM","Vietnam",8,"Tây Nguyên",61,"Ðak Nông",637,"Tuy Ð<U+1EE9>c","","","Huy<U+1EC7>n","District"
114880,247,"VNM","Vietnam",8,"Tây Nguyên",62,"Gia Lai",638,"Ð<U+1EE9>c Co","","Duc Co","Huy<U+1EC7>n","District"
114881,247,"VNM","Vietnam",8,"Tây Nguyên",62,"Gia Lai",639,"Ð<U+1EAF>k Ðoa","","Dak Doa","Huy<U+1EC7>n","District"
114882,247,"VNM","Vietnam",8,"Tây Nguyên",62,"Gia Lai",640,"Ð<U+1EAF>k Po","","Dak Po","Huy<U+1EC7>n","District"
114883,247,"VNM","Vietnam",8,"Tây Nguyên",62,"Gia Lai",641,"An Khê","","An Khe","Thi xa","Township"
114884,247,"VNM","Vietnam",8,"Tây Nguyên",62,"Gia Lai",642,"Ayun Pa","","","Huy<U+1EC7>n","District"
114885,247,"VNM","Vietnam",8,"Tây Nguyên",62,"Gia Lai",643,"Chu Pah","","Chu Pah","Huy<U+1EC7>n","District"
114886,247,"VNM","Vietnam",8,"Tây Nguyên",62,"Gia Lai",644,"Chu Prông","","Chu Prong","Huy<U+1EC7>n","District"
114887,247,"VNM","Vietnam",8,"Tây Nguyên",62,"Gia Lai",645,"Chu Sê","","Chu Se","Huy<U+1EC7>n","District"
114888,247,"VNM","Vietnam",8,"Tây Nguyên",62,"Gia Lai",646,"Ia Grai","","Ia Grai","Huy<U+1EC7>n","District"
114889,247,"VNM","Vietnam",8,"Tây Nguyên",62,"Gia Lai",647,"Ia Pa","","","Huy<U+1EC7>n","District"
114890,247,"VNM","Vietnam",8,"Tây Nguyên",62,"Gia Lai",648,"K'Bang","","Kbang","Huy<U+1EC7>n","District"
114891,247,"VNM","Vietnam",8,"Tây Nguyên",62,"Gia Lai",649,"Kông Chro","","Kong Chro","Huy<U+1EC7>n","District"
114892,247,"VNM","Vietnam",8,"Tây Nguyên",62,"Gia Lai",650,"Krông Pa","","Krong Pa","Huy<U+1EC7>n","District"
114893,247,"VNM","Vietnam",8,"Tây Nguyên",62,"Gia Lai",651,"Mang Yang","","","Huy<U+1EC7>n","District"
114894,247,"VNM","Vietnam",8,"Tây Nguyên",62,"Gia Lai",652,"Phú Thi<U+1EC7>n","","","Huy<U+1EC7>n","District"
114895,247,"VNM","Vietnam",8,"Tây Nguyên",62,"Gia Lai",653,"Pleiku","","","Than Pho","City"
114896,247,"VNM","Vietnam",8,"Tây Nguyên",63,"Kon Tum",654,"Ðak Glei","","Dak Glei","Huy<U+1EC7>n","District"
114897,247,"VNM","Vietnam",8,"Tây Nguyên",63,"Kon Tum",655,"Ðak Hà","","Dak Ha","Huy<U+1EC7>n","District"
114898,247,"VNM","Vietnam",8,"Tây Nguyên",63,"Kon Tum",656,"Ðak Tô","","Dak To","Huy<U+1EC7>n","District"
114899,247,"VNM","Vietnam",8,"Tây Nguyên",63,"Kon Tum",657,"Kon Plông","","Kon Plong","Huy<U+1EC7>n","District"
114900,247,"VNM","Vietnam",8,"Tây Nguyên",63,"Kon Tum",658,"Kon R<U+1EAB>y","","Kon Ray","Huy<U+1EC7>n","District"
114901,247,"VNM","Vietnam",8,"Tây Nguyên",63,"Kon Tum",659,"Kon Tum","","","Thi xa","Township"
114902,247,"VNM","Vietnam",8,"Tây Nguyên",63,"Kon Tum",660,"Ng<U+1ECD>c H<U+1ED3>i","","Ngoc Hoi","Huy<U+1EC7>n","District"
114903,247,"VNM","Vietnam",8,"Tây Nguyên",63,"Kon Tum",661,"Sa Th<U+1EA7>y","","Sa Thay","Huy<U+1EC7>n","District"
114904,247,"VNM","Vietnam",8,"Tây Nguyên",63,"Kon Tum",662,"Tu Mo Rông","","","Huy<U+1EC7>n","District"
114905,247,"VNM","Vietnam",8,"Tây Nguyên",64,"Lâm Ð<U+1ED3>ng",663,"Ð<U+1EA1> Huoai","","Da Huoai","Huy<U+1EC7>n","District"
114906,247,"VNM","Vietnam",8,"Tây Nguyên",64,"Lâm Ð<U+1ED3>ng",664,"Ð<U+1EA1> T<U+1EBB>h","","Da Teh","Huy<U+1EC7>n","District"
114907,247,"VNM","Vietnam",8,"Tây Nguyên",64,"Lâm Ð<U+1ED3>ng",665,"Ð<U+1EE9>c Tr<U+1ECD>ng","","Duc Trong","Huy<U+1EC7>n","District"
114908,247,"VNM","Vietnam",8,"Tây Nguyên",64,"Lâm Ð<U+1ED3>ng",666,"Ðon Duong","","Don Duong","Huy<U+1EC7>n","District"
114909,247,"VNM","Vietnam",8,"Tây Nguyên",64,"Lâm Ð<U+1ED3>ng",667,"Ðà L<U+1EA1>t","","Da Lat","Than Pho","City"
114910,247,"VNM","Vietnam",8,"Tây Nguyên",64,"Lâm Ð<U+1ED3>ng",668,"Ðam Rông","","Dam Rong","Huy<U+1EC7>n","District"
114911,247,"VNM","Vietnam",8,"Tây Nguyên",64,"Lâm Ð<U+1ED3>ng",669,"B<U+1EA3>o L<U+1ED9>c","","Bao Loc","Thi xa","Township"
114912,247,"VNM","Vietnam",8,"Tây Nguyên",64,"Lâm Ð<U+1ED3>ng",670,"B<U+1EA3>o Lâm","","Bao Lam","Huy<U+1EC7>n","District"
114913,247,"VNM","Vietnam",8,"Tây Nguyên",64,"Lâm Ð<U+1ED3>ng",671,"Cát Tiên","","Cat Tien","Huy<U+1EC7>n","District"
114914,247,"VNM","Vietnam",8,"Tây Nguyên",64,"Lâm Ð<U+1ED3>ng",672,"Di Linh","","","Huy<U+1EC7>n","District"
114915,247,"VNM","Vietnam",8,"Tây Nguyên",64,"Lâm Ð<U+1ED3>ng",673,"L<U+1EA1>c Duong","","Lac Duong","Huy<U+1EC7>n","District"
114916,247,"VNM","Vietnam",8,"Tây Nguyên",64,"Lâm Ð<U+1ED3>ng",674,"Lâm Hà","","Lam Ha","Huy<U+1EC7>n","District"
