"PID","ID_0","ISO","NAME_0","ID_1","NAME_1","ID_2","NAME_2","NL_NAME_2","VARNAME_2","TYPE_2","ENGTYPE_2"
21131,133,"MKD","Macedonia",1,"Eastern",1,"Cešinovo-Obleševo","","","Opština","Municipality"
21132,133,"MKD","Macedonia",1,"Eastern",2,"Berovo","","","Opština","Municipality"
21133,133,"MKD","Macedonia",1,"Eastern",3,"Delcevo","","Delcevo","Opština","Municipality"
21134,133,"MKD","Macedonia",1,"Eastern",4,"Karbinci","","","Opština","Municipality"
21135,133,"MKD","Macedonia",1,"Eastern",5,"Kocani","","Kocani","Opština","Municipality"
21136,133,"MKD","Macedonia",1,"Eastern",6,"Lozovo","","","Opština","Municipality"
21137,133,"MKD","Macedonia",1,"Eastern",7,"Makedonska Kamenica","","","Opština","Municipality"
21138,133,"MKD","Macedonia",1,"Eastern",8,"Pehcevo","","Phecevo","Opština","Municipality"
21139,133,"MKD","Macedonia",1,"Eastern",9,"Probištip","","Probistip","Opština","Municipality"
21140,133,"MKD","Macedonia",1,"Eastern",10,"Štip","","Ishtip|Istib ete","Opština","Municipality"
21141,133,"MKD","Macedonia",1,"Eastern",11,"Sveti Nikole","","","Opština","Municipality"
21142,133,"MKD","Macedonia",1,"Eastern",12,"Vinitsa","","","Opština","Municipality"
21143,133,"MKD","Macedonia",1,"Eastern",13,"Zrnovci","","","Opština","Municipality"
21144,133,"MKD","Macedonia",2,"Northeastern",14,"Kratovo","","","Opština","Municipality"
21145,133,"MKD","Macedonia",2,"Northeastern",15,"Kriva Palanka","","","Opština","Municipality"
21146,133,"MKD","Macedonia",2,"Northeastern",16,"Kumanovo","","","Opština","Municipality"
21147,133,"MKD","Macedonia",2,"Northeastern",17,"Lipkovo","","","Opština","Municipality"
21148,133,"MKD","Macedonia",2,"Northeastern",18,"Rankovce","","","Opština","Municipality"
21149,133,"MKD","Macedonia",2,"Northeastern",19,"Staro Nagoricane","","Staro Nagoricane","Opština","Municipality"
21150,133,"MKD","Macedonia",3,"Pelagonia",20,"Bitola","","Bitolia|Monastir","Opština","Municipality"
21151,133,"MKD","Macedonia",3,"Pelagonia",21,"Demir Hisar","","Murgaševo","Opština","Municipality"
21152,133,"MKD","Macedonia",3,"Pelagonia",22,"Dolneni","","","Opština","Municipality"
21153,133,"MKD","Macedonia",3,"Pelagonia",23,"Krivogaštani","","","Opština","Municipality"
21154,133,"MKD","Macedonia",3,"Pelagonia",24,"Kruševo","","","Opština","Municipality"
21155,133,"MKD","Macedonia",3,"Pelagonia",25,"Mogila","","","Opština","Municipality"
21156,133,"MKD","Macedonia",3,"Pelagonia",26,"Novatsi","","","Opština","Municipality"
21157,133,"MKD","Macedonia",3,"Pelagonia",27,"Prilep","","","Opština","Municipality"
21158,133,"MKD","Macedonia",3,"Pelagonia",28,"Resen","","","Opština","Municipality"
21159,133,"MKD","Macedonia",4,"Polog",29,"Bogovinje","","","Opština","Municipality"
21160,133,"MKD","Macedonia",4,"Polog",30,"Brvenica","","","Opština","Municipality"
21161,133,"MKD","Macedonia",4,"Polog",31,"Gostivar","","Kostovo","Opština","Municipality"
21162,133,"MKD","Macedonia",4,"Polog",32,"Jegunovtse","","","Opština","Municipality"
21163,133,"MKD","Macedonia",4,"Polog",33,"Mavrovo and Rostuša","","Mavrovo and Rostusa","Opština","Municipality"
21164,133,"MKD","Macedonia",4,"Polog",34,"Tearce","","","Opština","Municipality"
21165,133,"MKD","Macedonia",4,"Polog",35,"Tetovo","","","Opština","Municipality"
21166,133,"MKD","Macedonia",4,"Polog",36,"Vrapcište","","","Opština","Municipality"
21167,133,"MKD","Macedonia",4,"Polog",37,"Želino","","","Opština","Municipality"
21168,133,"MKD","Macedonia",5,"Skopje",38,"Cair","","","Opština","Municipality"
21169,133,"MKD","Macedonia",5,"Skopje",39,"Cucer Sandevo","","Cucer Sandevo","Opština","Municipality"
21170,133,"MKD","Macedonia",5,"Skopje",40,"Aerodrom","","","Opština","Municipality"
21171,133,"MKD","Macedonia",5,"Skopje",41,"Aracinovo","","","Opština","Municipality"
21172,133,"MKD","Macedonia",5,"Skopje",42,"Butel","","","Opština","Municipality"
21173,133,"MKD","Macedonia",5,"Skopje",43,"Centar","","","Opština","Municipality"
21174,133,"MKD","Macedonia",5,"Skopje",44,"Gazi Baba","","","Opština","Municipality"
21175,133,"MKD","Macedonia",5,"Skopje",45,"Gjorce Petrov","","Gjorce Petrov","Opština","Municipality"
21176,133,"MKD","Macedonia",5,"Skopje",46,"Ilinden","","","Opština","Municipality"
21177,133,"MKD","Macedonia",5,"Skopje",47,"Karpoš","","","Opština","Municipality"
21178,133,"MKD","Macedonia",5,"Skopje",48,"Kisela Voda","","","Opština","Municipality"
21179,133,"MKD","Macedonia",5,"Skopje",49,"Petrovec","","","Opština","Municipality"
21180,133,"MKD","Macedonia",5,"Skopje",50,"Saraj","","","Opština","Municipality"
21181,133,"MKD","Macedonia",5,"Skopje",51,"Sopište","","Sopiste","Opština","Municipality"
21182,133,"MKD","Macedonia",5,"Skopje",52,"Studenicani","","Studenicani","Opština","Municipality"
21183,133,"MKD","Macedonia",5,"Skopje",53,"Šuto Orizari","","Šutka| Shutka","Opština","Municipality"
21184,133,"MKD","Macedonia",5,"Skopje",54,"Zelenikovo","","","Opština","Municipality"
21185,133,"MKD","Macedonia",6,"Southeastern",55,"Bogdanci","","","Opština","Municipality"
21186,133,"MKD","Macedonia",6,"Southeastern",56,"Bosilovo","","","Opština","Municipality"
21187,133,"MKD","Macedonia",6,"Southeastern",57,"Gevgelija","","Djevdjelija","Opština","Municipality"
21188,133,"MKD","Macedonia",6,"Southeastern",58,"Konce","","Konce","Opština","Municipality"
21189,133,"MKD","Macedonia",6,"Southeastern",59,"Lake Dojran","","","Waterbody","Waterbody"
21190,133,"MKD","Macedonia",6,"Southeastern",60,"Novo Selo","","","Opština","Municipality"
21191,133,"MKD","Macedonia",6,"Southeastern",61,"Radoviš","","Radovis","Opština","Municipality"
21192,133,"MKD","Macedonia",6,"Southeastern",62,"Star Dojran","","Dojran","Opština","Municipality"
21193,133,"MKD","Macedonia",6,"Southeastern",63,"Strumitsa","","","Opština","Municipality"
21194,133,"MKD","Macedonia",6,"Southeastern",64,"Valandovo","","","Opština","Municipality"
21195,133,"MKD","Macedonia",6,"Southeastern",65,"Vasilevo","","","Opština","Municipality"
21196,133,"MKD","Macedonia",7,"Southwestern",66,"Centar župa","","Centar Zupa","Opština","Municipality"
21197,133,"MKD","Macedonia",7,"Southwestern",67,"Debar","","","Opština","Municipality"
21198,133,"MKD","Macedonia",7,"Southwestern",68,"Debarca","","Debartsa","Opština","Municipality"
21199,133,"MKD","Macedonia",7,"Southwestern",69,"Drugovo","","","Opština","Municipality"
21200,133,"MKD","Macedonia",7,"Southwestern",70,"Kicevo","","Kicevo","Opština","Municipality"
21201,133,"MKD","Macedonia",7,"Southwestern",71,"Lake Ohrid","","","Waterbody","Waterbody"
21202,133,"MKD","Macedonia",7,"Southwestern",72,"Makedonski Brod","","Makedonska Brod","Opština","Municipality"
21203,133,"MKD","Macedonia",7,"Southwestern",73,"Ohrid","","Ochrida|Okhrida","Opština","Municipality"
21204,133,"MKD","Macedonia",7,"Southwestern",74,"Oslomej","","","Opština","Municipality"
21205,133,"MKD","Macedonia",7,"Southwestern",75,"Plasnica","","","Opština","Municipality"
21206,133,"MKD","Macedonia",7,"Southwestern",76,"Struga","","","Opština","Municipality"
21207,133,"MKD","Macedonia",7,"Southwestern",77,"Vevcani","","Vevcani","Opština","Municipality"
21208,133,"MKD","Macedonia",7,"Southwestern",78,"Vraneštica","","","Opština","Municipality"
21209,133,"MKD","Macedonia",7,"Southwestern",79,"Zajas","","","Opština","Municipality"
21210,133,"MKD","Macedonia",8,"Vardar",80,"Caška","","Caska","Opština","Municipality"
21211,133,"MKD","Macedonia",8,"Vardar",81,"Demir Kapija","","","Opština","Municipality"
21212,133,"MKD","Macedonia",8,"Vardar",82,"Gradsko","","","Opština","Municipality"
21213,133,"MKD","Macedonia",8,"Vardar",83,"Kavadartsi","","","Opština","Municipality"
21214,133,"MKD","Macedonia",8,"Vardar",84,"Negotino","","","Opština","Municipality"
21215,133,"MKD","Macedonia",8,"Vardar",85,"Rosoman","","","Opština","Municipality"
21216,133,"MKD","Macedonia",8,"Vardar",86,"Veles","","","Opština","Municipality"
