"PID","ID_0","ISO","NAME_0","ID_1","NAME_1","NL_NAME_1","VARNAME_1","TYPE_1","ENGTYPE_1"
1819,133,"MKD","Macedonia",1,"Eastern","","","Statistical Region","Statistical Region"
1820,133,"MKD","Macedonia",2,"Northeastern","","","Statistical Region","Statistical Region"
1821,133,"MKD","Macedonia",3,"Pelagonia","","","Statistical Region","Statistical Region"
1822,133,"MKD","Macedonia",4,"Polog","","","Statistical Region","Statistical Region"
1823,133,"MKD","Macedonia",5,"Skopje","","","Statistical Region","Statistical Region"
1824,133,"MKD","Macedonia",6,"Southeastern","","","Statistical Region","Statistical Region"
1825,133,"MKD","Macedonia",7,"Southwestern","","","Statistical Region","Statistical Region"
1826,133,"MKD","Macedonia",8,"Vardar","","","Statistical Region","Statistical Region"
