"PID","ID_0","ISO","NAME_0","ID_1","NAME_1","NL_NAME_1","VARNAME_1","TYPE_1","ENGTYPE_1"
1208,78,"FIN","Finland",1,"Eastern Finland","","Itä-Suomen lääni|Östra Finlands län","Lääni","Province"
1209,78,"FIN","Finland",2,"Lapland","","Lapin lääni|Lappi|Laponia|Lapônia|Laponie|Lappland|Lapplands län","Lääni","Province"
1210,78,"FIN","Finland",3,"Oulu","","Oulun lääni|Uleåborgs län","Lääni","Province"
1211,78,"FIN","Finland",4,"Southern Finland","","Etelä-Suomen lääni|Södra Finlands län","Lääni","Province"
1212,78,"FIN","Finland",5,"Western Finland","","Länsi-Suomen lääni|Västra Finlands län","Lääni","Province"
