"PID","ID_0","ISO","NAME_0","ID_1","NAME_1","ID_2","NAME_2","ID_3","NAME_3","NL_NAME_3","VARNAME_3","TYPE_3","ENGTYPE_3"
31392,78,"FIN","Finland",1,"Eastern Finland",1,"North Karelia",1,"Ilomantsi","","","Seutukunta|Ekonomisk region","Sub-Region"
31393,78,"FIN","Finland",1,"Eastern Finland",1,"North Karelia",2,"Joensuu","","","Seutukunta|Ekonomisk region","Sub-Region"
31394,78,"FIN","Finland",1,"Eastern Finland",1,"North Karelia",3,"Middle Karelia","","","Seutukunta|Ekonomisk region","Sub-Region"
31395,78,"FIN","Finland",1,"Eastern Finland",1,"North Karelia",4,"Pielisen Karelia","","","Seutukunta|Ekonomisk region","Sub-Region"
31396,78,"FIN","Finland",1,"Eastern Finland",2,"North Savonia",5,"Kuopio","","","Seutukunta|Ekonomisk region","Sub-Region"
31397,78,"FIN","Finland",1,"Eastern Finland",2,"North Savonia",6,"North Eastern Savonia","","","Seutukunta|Ekonomisk region","Sub-Region"
31398,78,"FIN","Finland",1,"Eastern Finland",2,"North Savonia",7,"Upper Savonia","","","Seutukunta|Ekonomisk region","Sub-Region"
31399,78,"FIN","Finland",1,"Eastern Finland",2,"North Savonia",8,"Varkaus","","","Seutukunta|Ekonomisk region","Sub-Region"
31400,78,"FIN","Finland",1,"Eastern Finland",3,"Päijänne Tavastia",9,"Heinola","","","Seutukunta|Ekonomisk region","Sub-Region"
31401,78,"FIN","Finland",1,"Eastern Finland",4,"Southern Savonia",10,"Juva","","","Seutukunta|Ekonomisk region","Sub-Region"
31402,78,"FIN","Finland",1,"Eastern Finland",4,"Southern Savonia",11,"Mikkeli","","","Seutukunta|Ekonomisk region","Sub-Region"
31403,78,"FIN","Finland",1,"Eastern Finland",4,"Southern Savonia",12,"Pieksämäki","","","Seutukunta|Ekonomisk region","Sub-Region"
31404,78,"FIN","Finland",1,"Eastern Finland",4,"Southern Savonia",13,"Savonlinna","","","Seutukunta|Ekonomisk region","Sub-Region"
31405,78,"FIN","Finland",1,"Eastern Finland",4,"Southern Savonia",14,"Varkaus","","","Seutukunta|Ekonomisk region","Sub-Region"
31406,78,"FIN","Finland",2,"Lapland",5,"Lapland",15,"Eastern Lapland","","","Seutukunta|Ekonomisk region","Sub-Region"
31407,78,"FIN","Finland",2,"Lapland",5,"Lapland",16,"Kemi-Tornio","","","Seutukunta|Ekonomisk region","Sub-Region"
31408,78,"FIN","Finland",2,"Lapland",5,"Lapland",17,"Northern Lapland","","","Seutukunta|Ekonomisk region","Sub-Region"
31409,78,"FIN","Finland",2,"Lapland",5,"Lapland",18,"Rovaniemi","","","Seutukunta|Ekonomisk region","Sub-Region"
31410,78,"FIN","Finland",2,"Lapland",5,"Lapland",19,"Tornio Valley","","","Seutukunta|Ekonomisk region","Sub-Region"
31411,78,"FIN","Finland",2,"Lapland",5,"Lapland",20,"Tunturi Lapland","","","Seutukunta|Ekonomisk region","Sub-Region"
31412,78,"FIN","Finland",3,"Oulu",6,"Kainuu",21,"Kajaani","","","Seutukunta|Ekonomisk region","Sub-Region"
31413,78,"FIN","Finland",3,"Oulu",6,"Kainuu",22,"Kehys-Kainuu","","Ylä-Kainuun","Seutukunta|Ekonomisk region","Sub-Region"
31414,78,"FIN","Finland",3,"Oulu",7,"Northern Ostrobothnia",23,"Koillismaa","","","Seutukunta|Ekonomisk region","Sub-Region"
31415,78,"FIN","Finland",3,"Oulu",7,"Northern Ostrobothnia",24,"Nivala-Haapajärvi","","","Seutukunta|Ekonomisk region","Sub-Region"
31416,78,"FIN","Finland",3,"Oulu",7,"Northern Ostrobothnia",25,"Oulu","","","Seutukunta|Ekonomisk region","Sub-Region"
31417,78,"FIN","Finland",3,"Oulu",7,"Northern Ostrobothnia",26,"Oulunkaari","","","Seutukunta|Ekonomisk region","Sub-Region"
31418,78,"FIN","Finland",3,"Oulu",7,"Northern Ostrobothnia",27,"Raahe","","","Seutukunta|Ekonomisk region","Sub-Region"
31419,78,"FIN","Finland",3,"Oulu",7,"Northern Ostrobothnia",28,"Siikalatva","","","Seutukunta|Ekonomisk region","Sub-Region"
31420,78,"FIN","Finland",3,"Oulu",7,"Northern Ostrobothnia",29,"Ylivieska","","","Seutukunta|Ekonomisk region","Sub-Region"
31421,78,"FIN","Finland",4,"Southern Finland",8,"Eastern Uusimaa",30,"Loviisa","","","Seutukunta|Ekonomisk region","Sub-Region"
31422,78,"FIN","Finland",4,"Southern Finland",8,"Eastern Uusimaa",31,"Porvoo","","","Seutukunta|Ekonomisk region","Sub-Region"
31423,78,"FIN","Finland",4,"Southern Finland",9,"Kymenlaakso",32,"Kotka-Hamina","","","Seutukunta|Ekonomisk region","Sub-Region"
31424,78,"FIN","Finland",4,"Southern Finland",9,"Kymenlaakso",33,"Kouvola","","","Seutukunta|Ekonomisk region","Sub-Region"
31425,78,"FIN","Finland",4,"Southern Finland",10,"Päijänne Tavastia",34,"Lahti","","","Seutukunta|Ekonomisk region","Sub-Region"
31426,78,"FIN","Finland",4,"Southern Finland",11,"South Karelia",35,"Imatra","","","Seutukunta|Ekonomisk region","Sub-Region"
31427,78,"FIN","Finland",4,"Southern Finland",11,"South Karelia",36,"Lappeenranta","","","Seutukunta|Ekonomisk region","Sub-Region"
31428,78,"FIN","Finland",4,"Southern Finland",11,"South Karelia",37,"Western Saimaa","","","Seutukunta|Ekonomisk region","Sub-Region"
31429,78,"FIN","Finland",4,"Southern Finland",12,"Uusimaa",38,"Ekenäs","","","Seutukunta|Ekonomisk region","Sub-Region"
31430,78,"FIN","Finland",4,"Southern Finland",12,"Uusimaa",39,"Helsinki","","","Seutukunta|Ekonomisk region","Sub-Region"
31431,78,"FIN","Finland",4,"Southern Finland",12,"Uusimaa",40,"Lohja","","","Seutukunta|Ekonomisk region","Sub-Region"
31432,78,"FIN","Finland",5,"Western Finland",13,"Central Finland",41,"Äänekoski","","","Seutukunta|Ekonomisk region","Sub-Region"
31433,78,"FIN","Finland",5,"Western Finland",13,"Central Finland",42,"Jämsä","","","Seutukunta|Ekonomisk region","Sub-Region"
31434,78,"FIN","Finland",5,"Western Finland",13,"Central Finland",43,"Jyväskylä","","","Seutukunta|Ekonomisk region","Sub-Region"
31435,78,"FIN","Finland",5,"Western Finland",13,"Central Finland",44,"Keuruu","","","Seutukunta|Ekonomisk region","Sub-Region"
31436,78,"FIN","Finland",5,"Western Finland",13,"Central Finland",45,"Saarijärvi","","","Seutukunta|Ekonomisk region","Sub-Region"
31437,78,"FIN","Finland",5,"Western Finland",13,"Central Finland",46,"South Eastern Middle","","","Seutukunta|Ekonomisk region","Sub-Region"
31438,78,"FIN","Finland",5,"Western Finland",13,"Central Finland",47,"Viitasaari","","","Seutukunta|Ekonomisk region","Sub-Region"
31439,78,"FIN","Finland",5,"Western Finland",14,"Central Ostrobothnia",48,"Kaustinen","","","Seutukunta|Ekonomisk region","Sub-Region"
31440,78,"FIN","Finland",5,"Western Finland",14,"Central Ostrobothnia",49,"Kokkola","","","Seutukunta|Ekonomisk region","Sub-Region"
31441,78,"FIN","Finland",5,"Western Finland",15,"Finland Proper",50,"Åboland-Turunmaa","","","Seutukunta|Ekonomisk region","Sub-Region"
31442,78,"FIN","Finland",5,"Western Finland",15,"Finland Proper",51,"Loimaa","","","Seutukunta|Ekonomisk region","Sub-Region"
31443,78,"FIN","Finland",5,"Western Finland",15,"Finland Proper",52,"Salo","","","Seutukunta|Ekonomisk region","Sub-Region"
31444,78,"FIN","Finland",5,"Western Finland",15,"Finland Proper",53,"Turku","","","Seutukunta|Ekonomisk region","Sub-Region"
31445,78,"FIN","Finland",5,"Western Finland",15,"Finland Proper",54,"Vakka-Suomi","","","Seutukunta|Ekonomisk region","Sub-Region"
31446,78,"FIN","Finland",5,"Western Finland",16,"Ostrobothnia",55,"Jakobstadsregionen","","","Seutukunta|Ekonomisk region","Sub-Region"
31447,78,"FIN","Finland",5,"Western Finland",16,"Ostrobothnia",56,"Kyrönmaa","","","Seutukunta|Ekonomisk region","Sub-Region"
31448,78,"FIN","Finland",5,"Western Finland",16,"Ostrobothnia",57,"South Eastern Bothnia","","","Seutukunta|Ekonomisk region","Sub-Region"
31449,78,"FIN","Finland",5,"Western Finland",16,"Ostrobothnia",58,"Vaasa","","","Seutukunta|Ekonomisk region","Sub-Region"
31450,78,"FIN","Finland",5,"Western Finland",17,"Päijänne Tavastia",59,"Lahti","","","Seutukunta|Ekonomisk region","Sub-Region"
31451,78,"FIN","Finland",5,"Western Finland",18,"Pirkanmaa",60,"Jämsä","","","Seutukunta|Ekonomisk region","Sub-Region"
31452,78,"FIN","Finland",5,"Western Finland",18,"Pirkanmaa",61,"North Western Pirkanm","","","Seutukunta|Ekonomisk region","Sub-Region"
31453,78,"FIN","Finland",5,"Western Finland",18,"Pirkanmaa",62,"South Eastern Pirkanm","","","Seutukunta|Ekonomisk region","Sub-Region"
31454,78,"FIN","Finland",5,"Western Finland",18,"Pirkanmaa",63,"South Western Pirkanm","","","Seutukunta|Ekonomisk region","Sub-Region"
31455,78,"FIN","Finland",5,"Western Finland",18,"Pirkanmaa",64,"Southern Pirkanmaa","","","Seutukunta|Ekonomisk region","Sub-Region"
31456,78,"FIN","Finland",5,"Western Finland",18,"Pirkanmaa",65,"Tampere","","","Seutukunta|Ekonomisk region","Sub-Region"
31457,78,"FIN","Finland",5,"Western Finland",18,"Pirkanmaa",66,"Upper Pirkanmaa","","","Seutukunta|Ekonomisk region","Sub-Region"
31458,78,"FIN","Finland",5,"Western Finland",19,"Satakunta",67,"Northern Satakunta","","","Seutukunta|Ekonomisk region","Sub-Region"
31459,78,"FIN","Finland",5,"Western Finland",19,"Satakunta",68,"Pori","","","Seutukunta|Ekonomisk region","Sub-Region"
31460,78,"FIN","Finland",5,"Western Finland",19,"Satakunta",69,"Rauma","","","Seutukunta|Ekonomisk region","Sub-Region"
31461,78,"FIN","Finland",5,"Western Finland",19,"Satakunta",70,"South Eastern Satakun","","","Seutukunta|Ekonomisk region","Sub-Region"
31462,78,"FIN","Finland",5,"Western Finland",20,"Southern Ostrobothnia",71,"Härmänmaa","","","Seutukunta|Ekonomisk region","Sub-Region"
31463,78,"FIN","Finland",5,"Western Finland",20,"Southern Ostrobothnia",72,"Järviseutu","","","Seutukunta|Ekonomisk region","Sub-Region"
31464,78,"FIN","Finland",5,"Western Finland",20,"Southern Ostrobothnia",73,"Kuusiokunnat","","","Seutukunta|Ekonomisk region","Sub-Region"
31465,78,"FIN","Finland",5,"Western Finland",20,"Southern Ostrobothnia",74,"Northern Seinänaapuri","","","Seutukunta|Ekonomisk region","Sub-Region"
31466,78,"FIN","Finland",5,"Western Finland",20,"Southern Ostrobothnia",75,"South Eastern Bothnia","","","Seutukunta|Ekonomisk region","Sub-Region"
31467,78,"FIN","Finland",5,"Western Finland",20,"Southern Ostrobothnia",76,"Southern Seinänaapuri","","","Seutukunta|Ekonomisk region","Sub-Region"
31468,78,"FIN","Finland",5,"Western Finland",21,"Tavastia Proper",77,"Forssa","","","Seutukunta|Ekonomisk region","Sub-Region"
31469,78,"FIN","Finland",5,"Western Finland",21,"Tavastia Proper",78,"Hämeenlinna","","","Seutukunta|Ekonomisk region","Sub-Region"
31470,78,"FIN","Finland",5,"Western Finland",21,"Tavastia Proper",79,"Lahti","","","Seutukunta|Ekonomisk region","Sub-Region"
31471,78,"FIN","Finland",5,"Western Finland",21,"Tavastia Proper",80,"Riihimäki","","","Seutukunta|Ekonomisk region","Sub-Region"
