"PID","ID_0","ISO","NAME_0","ID_1","NAME_1","ID_2","NAME_2","NL_NAME_2","VARNAME_2","TYPE_2","ENGTYPE_2"
14874,78,"FIN","Finland",1,"Eastern Finland",1,"North Karelia","","Pohjois-Karjala|Norra Karelen","Maakunta|landskap","Region"
14875,78,"FIN","Finland",1,"Eastern Finland",2,"North Savonia","","Pohjois-Savo|Norra Savolax","Maakunta|landskap","Region"
14876,78,"FIN","Finland",1,"Eastern Finland",3,"Päijänne Tavastia","","Päijät-Häme|Päijänne Tavastland","Maakunta|landskap","Region"
14877,78,"FIN","Finland",1,"Eastern Finland",4,"Southern Savonia","","Etelä-Savo|Södra Savolax","Maakunta|landskap","Region"
14878,78,"FIN","Finland",2,"Lapland",5,"Lapland","","Lappi|Lappland","Maakunta|landskap","Region"
14879,78,"FIN","Finland",3,"Oulu",6,"Kainuu","","Kainuu|Kajanaland","Maakunta|landskap","Region"
14880,78,"FIN","Finland",3,"Oulu",7,"Northern Ostrobothnia","","Pohjois-Pohjanmaa|Norra Österbotten","Maakunta|landskap","Region"
14881,78,"FIN","Finland",4,"Southern Finland",8,"Eastern Uusimaa","","Itä-Uusimaa|Östra Nyland","Maakunta|landskap","Region"
14882,78,"FIN","Finland",4,"Southern Finland",9,"Kymenlaakso","","Kymenlaakso|Kymmenedalen","Maakunta|landskap","Region"
14883,78,"FIN","Finland",4,"Southern Finland",10,"Päijänne Tavastia","","Päijät-Häme|Päijänne Tavastland","Maakunta|landskap","Region"
14884,78,"FIN","Finland",4,"Southern Finland",11,"South Karelia","","Etelä-Karjala|Södra Karelen","Maakunta|landskap","Region"
14885,78,"FIN","Finland",4,"Southern Finland",12,"Uusimaa","","Uusimaa|Nyland","Maakunta|landskap","Region"
14886,78,"FIN","Finland",5,"Western Finland",13,"Central Finland","","Keski-Suomi|Mellersta Finland","Maakunta|landskap","Region"
14887,78,"FIN","Finland",5,"Western Finland",14,"Central Ostrobothnia","","Keski-Pohjanmaa|Mellersta Österbotten","Maakunta|landskap","Region"
14888,78,"FIN","Finland",5,"Western Finland",15,"Finland Proper","","Varsinais-Suomi|Egentliga Finland","Maakunta|landskap","Region"
15571,78,"FIN","Finland",5,"Western Finland",16,"Ostrobothnia","","Österbotten|Pohjanmaa","Maakunta|landskap","Region"
15572,78,"FIN","Finland",5,"Western Finland",17,"Päijänne Tavastia","","Päijät-Häme|Päijänne Tavastland","Maakunta|landskap","Region"
15573,78,"FIN","Finland",5,"Western Finland",18,"Pirkanmaa","","Pirkanmaa|Birkaland","Maakunta|landskap","Region"
15574,78,"FIN","Finland",5,"Western Finland",19,"Satakunta","","Satakunta|Satakunda","Maakunta|landskap","Region"
15575,78,"FIN","Finland",5,"Western Finland",20,"Southern Ostrobothnia","","Etelä-Pohjanmaa|Sydösterbotten","Maakunta|landskap","Region"
15576,78,"FIN","Finland",5,"Western Finland",21,"Tavastia Proper","","Kanta-Häme|Egentliga Tavastland","Maakunta|landskap","Region"
