"PID","ID_0","ISO","NAME_0","ID_1","NAME_1","ID_2","NAME_2","ID_3","NAME_3","ID_4","NAME_4","VARNAME_4","TYPE_4","ENGTYPE_4"
11389,78,"FIN","Finland",1,"Eastern Finland",1,"North Karelia",1,"Ilomantsi",1,"Ilomantsi","Ilomants","Kunta|Kommun","Municipality"
11390,78,"FIN","Finland",1,"Eastern Finland",1,"North Karelia",1,"Ilomantsi",2,"Tuupovaara","","Kunta|Kommun","Municipality"
11391,78,"FIN","Finland",1,"Eastern Finland",1,"North Karelia",2,"Joensuu",3,"Eno","","Kunta|Kommun","Municipality"
11392,78,"FIN","Finland",1,"Eastern Finland",1,"North Karelia",2,"Joensuu",4,"Joensuu","","Kunta|Kommun","Municipality"
11393,78,"FIN","Finland",1,"Eastern Finland",1,"North Karelia",2,"Joensuu",5,"Kiihtelysvaara","","Kunta|Kommun","Municipality"
11394,78,"FIN","Finland",1,"Eastern Finland",1,"North Karelia",2,"Joensuu",6,"Kontiolahti","","Kunta|Kommun","Municipality"
11395,78,"FIN","Finland",1,"Eastern Finland",1,"North Karelia",2,"Joensuu",7,"Liperi","","Kunta|Kommun","Municipality"
11396,78,"FIN","Finland",1,"Eastern Finland",1,"North Karelia",2,"Joensuu",8,"Outokumpu","","Kunta|Kommun","Municipality"
11397,78,"FIN","Finland",1,"Eastern Finland",1,"North Karelia",2,"Joensuu",9,"Polvijärvi","Polvijaervi","Kunta|Kommun","Municipality"
11398,78,"FIN","Finland",1,"Eastern Finland",1,"North Karelia",2,"Joensuu",10,"Pyhäselkä","Pyhaeselkae","Kunta|Kommun","Municipality"
11399,78,"FIN","Finland",1,"Eastern Finland",1,"North Karelia",3,"Middle Karelia",11,"Kesälahti","Kesaelahti","Kunta|Kommun","Municipality"
11400,78,"FIN","Finland",1,"Eastern Finland",1,"North Karelia",3,"Middle Karelia",12,"Kitee","","Kunta|Kommun","Municipality"
11401,78,"FIN","Finland",1,"Eastern Finland",1,"North Karelia",3,"Middle Karelia",13,"Rääkkylä","Raeaekkylae","Kunta|Kommun","Municipality"
11402,78,"FIN","Finland",1,"Eastern Finland",1,"North Karelia",3,"Middle Karelia",14,"Tohmajärvi","Tohmajaervi","Kunta|Kommun","Municipality"
11403,78,"FIN","Finland",1,"Eastern Finland",1,"North Karelia",3,"Middle Karelia",15,"Värtsilä","Vaertsilae","Kunta|Kommun","Municipality"
11404,78,"FIN","Finland",1,"Eastern Finland",1,"North Karelia",4,"Pielisen Karelia",16,"Juuka","","Kunta|Kommun","Municipality"
11405,78,"FIN","Finland",1,"Eastern Finland",1,"North Karelia",4,"Pielisen Karelia",17,"Lieksa","","Kunta|Kommun","Municipality"
11406,78,"FIN","Finland",1,"Eastern Finland",1,"North Karelia",4,"Pielisen Karelia",18,"Nurmes","","Kunta|Kommun","Municipality"
11407,78,"FIN","Finland",1,"Eastern Finland",1,"North Karelia",4,"Pielisen Karelia",19,"Valtimo","","Kunta|Kommun","Municipality"
11408,78,"FIN","Finland",1,"Eastern Finland",2,"North Savonia",5,"Kuopio",20,"Karttula","","Kunta|Kommun","Municipality"
11409,78,"FIN","Finland",1,"Eastern Finland",2,"North Savonia",5,"Kuopio",21,"Kuopio","","Kunta|Kommun","Municipality"
11410,78,"FIN","Finland",1,"Eastern Finland",2,"North Savonia",5,"Kuopio",22,"Maaninka","","Kunta|Kommun","Municipality"
11411,78,"FIN","Finland",1,"Eastern Finland",2,"North Savonia",5,"Kuopio",23,"Siilinjärvi","Siilinjaervi","Kunta|Kommun","Municipality"
11412,78,"FIN","Finland",1,"Eastern Finland",2,"North Savonia",5,"Kuopio",24,"Vehmersalmi","","Kunta|Kommun","Municipality"
11413,78,"FIN","Finland",1,"Eastern Finland",2,"North Savonia",6,"North Eastern Savonia",25,"Juankoski","","Kunta|Kommun","Municipality"
11414,78,"FIN","Finland",1,"Eastern Finland",2,"North Savonia",6,"North Eastern Savonia",26,"Kaavi","","Kunta|Kommun","Municipality"
11415,78,"FIN","Finland",1,"Eastern Finland",2,"North Savonia",6,"North Eastern Savonia",27,"Nilsiä","Nilsiae","Kunta|Kommun","Municipality"
11416,78,"FIN","Finland",1,"Eastern Finland",2,"North Savonia",6,"North Eastern Savonia",28,"Rautavaara","","Kunta|Kommun","Municipality"
11417,78,"FIN","Finland",1,"Eastern Finland",2,"North Savonia",6,"North Eastern Savonia",29,"Tuusniemi","","Kunta|Kommun","Municipality"
11418,78,"FIN","Finland",1,"Eastern Finland",2,"North Savonia",7,"Upper Savonia",30,"Iisalmi","Idensalmi","Kunta|Kommun","Municipality"
11419,78,"FIN","Finland",1,"Eastern Finland",2,"North Savonia",7,"Upper Savonia",31,"Keitele","","Kunta|Kommun","Municipality"
11420,78,"FIN","Finland",1,"Eastern Finland",2,"North Savonia",7,"Upper Savonia",32,"Kiuruvesi","","Kunta|Kommun","Municipality"
11421,78,"FIN","Finland",1,"Eastern Finland",2,"North Savonia",7,"Upper Savonia",33,"Lapinlahti","","Kunta|Kommun","Municipality"
11422,78,"FIN","Finland",1,"Eastern Finland",2,"North Savonia",7,"Upper Savonia",34,"Pielavesi","","Kunta|Kommun","Municipality"
11423,78,"FIN","Finland",1,"Eastern Finland",2,"North Savonia",7,"Upper Savonia",35,"Sonkajärvi","Sonkajaervi","Kunta|Kommun","Municipality"
11424,78,"FIN","Finland",1,"Eastern Finland",2,"North Savonia",7,"Upper Savonia",36,"Varpaisjärvi","Varpaisjaervi","Kunta|Kommun","Municipality"
11425,78,"FIN","Finland",1,"Eastern Finland",2,"North Savonia",7,"Upper Savonia",37,"Vieremä","Vieremae","Kunta|Kommun","Municipality"
11426,78,"FIN","Finland",1,"Eastern Finland",2,"North Savonia",8,"Varkaus",38,"Leppävirta","Leppaevirta","Kunta|Kommun","Municipality"
11427,78,"FIN","Finland",1,"Eastern Finland",2,"North Savonia",8,"Varkaus",39,"Rautalampi","","Kunta|Kommun","Municipality"
11428,78,"FIN","Finland",1,"Eastern Finland",2,"North Savonia",8,"Varkaus",40,"Suonenjoki","","Kunta|Kommun","Municipality"
11429,78,"FIN","Finland",1,"Eastern Finland",2,"North Savonia",8,"Varkaus",41,"Tervo","","Kunta|Kommun","Municipality"
11430,78,"FIN","Finland",1,"Eastern Finland",2,"North Savonia",8,"Varkaus",42,"Varkaus","","Kunta|Kommun","Municipality"
11431,78,"FIN","Finland",1,"Eastern Finland",2,"North Savonia",8,"Varkaus",43,"Vesanto","","Kunta|Kommun","Municipality"
11432,78,"FIN","Finland",1,"Eastern Finland",3,"Päijänne Tavastia",9,"Heinola",44,"Hartola","","Kunta|Kommun","Municipality"
11433,78,"FIN","Finland",1,"Eastern Finland",3,"Päijänne Tavastia",9,"Heinola",45,"Heinola landskommun","Heinola lk","Kunta|Kommun","Municipality"
11434,78,"FIN","Finland",1,"Eastern Finland",3,"Päijänne Tavastia",9,"Heinola",46,"Heinola","","Kunta|Kommun","Municipality"
11435,78,"FIN","Finland",1,"Eastern Finland",3,"Päijänne Tavastia",9,"Heinola",47,"Sysmä","Sysmae","Kunta|Kommun","Municipality"
11436,78,"FIN","Finland",1,"Eastern Finland",4,"Southern Savonia",10,"Juva",48,"Joroinen","Jorois","Kunta|Kommun","Municipality"
11437,78,"FIN","Finland",1,"Eastern Finland",4,"Southern Savonia",10,"Juva",49,"Juva","","Kunta|Kommun","Municipality"
11438,78,"FIN","Finland",1,"Eastern Finland",4,"Southern Savonia",10,"Juva",50,"Puumala","","Kunta|Kommun","Municipality"
11439,78,"FIN","Finland",1,"Eastern Finland",4,"Southern Savonia",10,"Juva",51,"Rantasalmi","","Kunta|Kommun","Municipality"
11440,78,"FIN","Finland",1,"Eastern Finland",4,"Southern Savonia",10,"Juva",52,"Sulkava","","Kunta|Kommun","Municipality"
11441,78,"FIN","Finland",1,"Eastern Finland",4,"Southern Savonia",11,"Mikkeli",53,"Anttola","","Kunta|Kommun","Municipality"
11442,78,"FIN","Finland",1,"Eastern Finland",4,"Southern Savonia",11,"Mikkeli",54,"Hirvensalmi","","Kunta|Kommun","Municipality"
11443,78,"FIN","Finland",1,"Eastern Finland",4,"Southern Savonia",11,"Mikkeli",55,"Kangasniemi","","Kunta|Kommun","Municipality"
11444,78,"FIN","Finland",1,"Eastern Finland",4,"Southern Savonia",11,"Mikkeli",56,"Mäntyharju","Maentyharju","Kunta|Kommun","Municipality"
11445,78,"FIN","Finland",1,"Eastern Finland",4,"Southern Savonia",11,"Mikkeli",57,"Mikkeli","St Michel","Kunta|Kommun","Municipality"
11446,78,"FIN","Finland",1,"Eastern Finland",4,"Southern Savonia",11,"Mikkeli",58,"Pertunmaa","","Kunta|Kommun","Municipality"
11447,78,"FIN","Finland",1,"Eastern Finland",4,"Southern Savonia",11,"Mikkeli",59,"Ristiina","","Kunta|Kommun","Municipality"
11448,78,"FIN","Finland",1,"Eastern Finland",4,"Southern Savonia",11,"Mikkeli",60,"S:t Michels landskommun","S:t Michels lk","Kunta|Kommun","Municipality"
11449,78,"FIN","Finland",1,"Eastern Finland",4,"Southern Savonia",12,"Pieksämäki",61,"Haukivuori","","Kunta|Kommun","Municipality"
11450,78,"FIN","Finland",1,"Eastern Finland",4,"Southern Savonia",12,"Pieksämäki",62,"Jäppilä","Jaeppilae","Kunta|Kommun","Municipality"
11451,78,"FIN","Finland",1,"Eastern Finland",4,"Southern Savonia",12,"Pieksämäki",63,"Pieksämäen mlk","Pieksaemaeen mlk|Pieksä nmaa","Kunta|Kommun","Municipality"
11452,78,"FIN","Finland",1,"Eastern Finland",4,"Southern Savonia",12,"Pieksämäki",64,"Pieksämäki","Pieksaemaeki","Kunta|Kommun","Municipality"
11453,78,"FIN","Finland",1,"Eastern Finland",4,"Southern Savonia",12,"Pieksämäki",65,"Virtasalmi","","Kunta|Kommun","Municipality"
11454,78,"FIN","Finland",1,"Eastern Finland",4,"Southern Savonia",13,"Savonlinna",66,"Enonkoski","","Kunta|Kommun","Municipality"
11455,78,"FIN","Finland",1,"Eastern Finland",4,"Southern Savonia",13,"Savonlinna",67,"Heinävesi","Heinaevesi","Kunta|Kommun","Municipality"
11456,78,"FIN","Finland",1,"Eastern Finland",4,"Southern Savonia",13,"Savonlinna",68,"Kerimäki","Kerimaeki","Kunta|Kommun","Municipality"
11457,78,"FIN","Finland",1,"Eastern Finland",4,"Southern Savonia",13,"Savonlinna",69,"Punkaharju","","Kunta|Kommun","Municipality"
11458,78,"FIN","Finland",1,"Eastern Finland",4,"Southern Savonia",13,"Savonlinna",70,"Savonlinna","Nyslott","Kunta|Kommun","Municipality"
11459,78,"FIN","Finland",1,"Eastern Finland",4,"Southern Savonia",13,"Savonlinna",71,"Savonranta","","Kunta|Kommun","Municipality"
11460,78,"FIN","Finland",1,"Eastern Finland",4,"Southern Savonia",14,"Varkaus",72,"Kangaslampi","","Kunta|Kommun","Municipality"
11461,78,"FIN","Finland",2,"Lapland",5,"Lapland",15,"Eastern Lapland",73,"Kemijärvi","Kemijaervi","Kunta|Kommun","Municipality"
11462,78,"FIN","Finland",2,"Lapland",5,"Lapland",15,"Eastern Lapland",74,"Pelkosenniemi","","Kunta|Kommun","Municipality"
11463,78,"FIN","Finland",2,"Lapland",5,"Lapland",15,"Eastern Lapland",75,"Posio","","Kunta|Kommun","Municipality"
11464,78,"FIN","Finland",2,"Lapland",5,"Lapland",15,"Eastern Lapland",76,"Salla","","Kunta|Kommun","Municipality"
11465,78,"FIN","Finland",2,"Lapland",5,"Lapland",15,"Eastern Lapland",77,"Savukoski","Suovâkuoškâ|Suovvaguoika","Kunta|Kommun","Municipality"
11466,78,"FIN","Finland",2,"Lapland",5,"Lapland",16,"Kemi-Tornio",78,"Kemi","Giepma","Kunta|Kommun","Municipality"
11467,78,"FIN","Finland",2,"Lapland",5,"Lapland",16,"Kemi-Tornio",79,"Keminmaa","","Kunta|Kommun","Municipality"
11468,78,"FIN","Finland",2,"Lapland",5,"Lapland",16,"Kemi-Tornio",80,"Simo","","Kunta|Kommun","Municipality"
11469,78,"FIN","Finland",2,"Lapland",5,"Lapland",16,"Kemi-Tornio",81,"Tervola","","Kunta|Kommun","Municipality"
11470,78,"FIN","Finland",2,"Lapland",5,"Lapland",16,"Kemi-Tornio",82,"Tornio","Tornio|Torneå|Duortnus","Kunta|Kommun","Municipality"
11471,78,"FIN","Finland",2,"Lapland",5,"Lapland",17,"Northern Lapland",83,"Inari","Enare","Kunta|Kommun","Municipality"
11472,78,"FIN","Finland",2,"Lapland",5,"Lapland",17,"Northern Lapland",84,"Sodankylä","Sodankylae|Suádigil|Soadegilli","Kunta|Kommun","Municipality"
11473,78,"FIN","Finland",2,"Lapland",5,"Lapland",17,"Northern Lapland",85,"Utsjoki","Ohcejohka|Uccjuuhâ","Kunta|Kommun","Municipality"
11474,78,"FIN","Finland",2,"Lapland",5,"Lapland",18,"Rovaniemi",86,"Ranua","","Kunta|Kommun","Municipality"
11475,78,"FIN","Finland",2,"Lapland",5,"Lapland",18,"Rovaniemi",87,"Rovaniemen mlk","Rovaniemen maalaiskunta|Rovaniemi lk","Kunta|Kommun","Municipality"
11476,78,"FIN","Finland",2,"Lapland",5,"Lapland",18,"Rovaniemi",88,"Rovaniemi","Ruávinjargâ|Roavenjárga|Roavvenjárga","Kunta|Kommun","Municipality"
11477,78,"FIN","Finland",2,"Lapland",5,"Lapland",19,"Tornio Valley",89,"Pello","","Kunta|Kommun","Municipality"
11478,78,"FIN","Finland",2,"Lapland",5,"Lapland",19,"Tornio Valley",90,"Ylitornio","Oevertorneaa|Övertorneå","Kunta|Kommun","Municipality"
11479,78,"FIN","Finland",2,"Lapland",5,"Lapland",20,"Tunturi Lapland",91,"Enontekiö","Enontekis|Enontekijo|Sw. Enontekis","Kunta|Kommun","Municipality"
11480,78,"FIN","Finland",2,"Lapland",5,"Lapland",20,"Tunturi Lapland",92,"Kittilä","Kittilae|Kittâl|Gihttel","Kunta|Kommun","Municipality"
11481,78,"FIN","Finland",2,"Lapland",5,"Lapland",20,"Tunturi Lapland",93,"Kolari","","Kunta|Kommun","Municipality"
11482,78,"FIN","Finland",2,"Lapland",5,"Lapland",20,"Tunturi Lapland",94,"Muonio","","Kunta|Kommun","Municipality"
11483,78,"FIN","Finland",3,"Oulu",6,"Kainuu",21,"Kajaani",95,"Kajaani","Kajana","Kunta|Kommun","Municipality"
11484,78,"FIN","Finland",3,"Oulu",6,"Kainuu",21,"Kajaani",96,"Paltamo","","Kunta|Kommun","Municipality"
11485,78,"FIN","Finland",3,"Oulu",6,"Kainuu",21,"Kajaani",97,"Ristijärvi","Ristijaervi","Kunta|Kommun","Municipality"
11486,78,"FIN","Finland",3,"Oulu",6,"Kainuu",21,"Kajaani",98,"Sotkamo","","Kunta|Kommun","Municipality"
11487,78,"FIN","Finland",3,"Oulu",6,"Kainuu",21,"Kajaani",99,"Vaala","","Kunta|Kommun","Municipality"
11488,78,"FIN","Finland",3,"Oulu",6,"Kainuu",21,"Kajaani",100,"Vuolijoki","","Kunta|Kommun","Municipality"
11489,78,"FIN","Finland",3,"Oulu",6,"Kainuu",22,"Kehys-Kainuu",101,"Hyrynsalmi","","Kunta|Kommun","Municipality"
11490,78,"FIN","Finland",3,"Oulu",6,"Kainuu",22,"Kehys-Kainuu",102,"Kuhmo","","Kunta|Kommun","Municipality"
11491,78,"FIN","Finland",3,"Oulu",6,"Kainuu",22,"Kehys-Kainuu",103,"Puolanka","","Kunta|Kommun","Municipality"
11492,78,"FIN","Finland",3,"Oulu",6,"Kainuu",22,"Kehys-Kainuu",104,"Suomussalmi","","Kunta|Kommun","Municipality"
11493,78,"FIN","Finland",3,"Oulu",7,"Northern Ostrobothnia",23,"Koillismaa",105,"Kuusamo","","Kunta|Kommun","Municipality"
11494,78,"FIN","Finland",3,"Oulu",7,"Northern Ostrobothnia",23,"Koillismaa",106,"Taivalkoski","","Kunta|Kommun","Municipality"
11495,78,"FIN","Finland",3,"Oulu",7,"Northern Ostrobothnia",24,"Nivala-Haapajärvi",107,"Haapajärvi","Haapajaervi","Kunta|Kommun","Municipality"
11496,78,"FIN","Finland",3,"Oulu",7,"Northern Ostrobothnia",24,"Nivala-Haapajärvi",108,"Kärsämäki","Kaersaemaeki","Kunta|Kommun","Municipality"
11497,78,"FIN","Finland",3,"Oulu",7,"Northern Ostrobothnia",24,"Nivala-Haapajärvi",109,"Nivala","","Kunta|Kommun","Municipality"
11498,78,"FIN","Finland",3,"Oulu",7,"Northern Ostrobothnia",24,"Nivala-Haapajärvi",110,"Pyhäjärvi","Pyhaejaervi","Kunta|Kommun","Municipality"
11499,78,"FIN","Finland",3,"Oulu",7,"Northern Ostrobothnia",24,"Nivala-Haapajärvi",111,"Reisjärvi","Reisjaervi","Kunta|Kommun","Municipality"
11500,78,"FIN","Finland",3,"Oulu",7,"Northern Ostrobothnia",25,"Oulu",112,"Hailuoto","Karloe|Karlö","Kunta|Kommun","Municipality"
11501,78,"FIN","Finland",3,"Oulu",7,"Northern Ostrobothnia",25,"Oulu",113,"Haukipudas","","Kunta|Kommun","Municipality"
11502,78,"FIN","Finland",3,"Oulu",7,"Northern Ostrobothnia",25,"Oulu",114,"Kempele","","Kunta|Kommun","Municipality"
11503,78,"FIN","Finland",3,"Oulu",7,"Northern Ostrobothnia",25,"Oulu",115,"Kiiminki","","Kunta|Kommun","Municipality"
11504,78,"FIN","Finland",3,"Oulu",7,"Northern Ostrobothnia",25,"Oulu",116,"Liminka","Limingo","Kunta|Kommun","Municipality"
11505,78,"FIN","Finland",3,"Oulu",7,"Northern Ostrobothnia",25,"Oulu",117,"Lumijoki","","Kunta|Kommun","Municipality"
11506,78,"FIN","Finland",3,"Oulu",7,"Northern Ostrobothnia",25,"Oulu",118,"Muhos","","Kunta|Kommun","Municipality"
11507,78,"FIN","Finland",3,"Oulu",7,"Northern Ostrobothnia",25,"Oulu",119,"Oulu","Uleåborg","Kunta|Kommun","Municipality"
11508,78,"FIN","Finland",3,"Oulu",7,"Northern Ostrobothnia",25,"Oulu",120,"Oulunsalo","Uleåsalo","Kunta|Kommun","Municipality"
11509,78,"FIN","Finland",3,"Oulu",7,"Northern Ostrobothnia",25,"Oulu",121,"Temmes","","Kunta|Kommun","Municipality"
11510,78,"FIN","Finland",3,"Oulu",7,"Northern Ostrobothnia",25,"Oulu",122,"Tyrnävä","Tyrnaevae","Kunta|Kommun","Municipality"
11511,78,"FIN","Finland",3,"Oulu",7,"Northern Ostrobothnia",26,"Oulunkaari",123,"Ii","","Kunta|Kommun","Municipality"
11512,78,"FIN","Finland",3,"Oulu",7,"Northern Ostrobothnia",26,"Oulunkaari",124,"Kuivaniemi","","Kunta|Kommun","Municipality"
11513,78,"FIN","Finland",3,"Oulu",7,"Northern Ostrobothnia",26,"Oulunkaari",125,"Pudasjärvi","Pudasjaervi","Kunta|Kommun","Municipality"
11514,78,"FIN","Finland",3,"Oulu",7,"Northern Ostrobothnia",26,"Oulunkaari",126,"Yli-Ii","","Kunta|Kommun","Municipality"
11515,78,"FIN","Finland",3,"Oulu",7,"Northern Ostrobothnia",26,"Oulunkaari",127,"Ylikiiminki","","Kunta|Kommun","Municipality"
11516,78,"FIN","Finland",3,"Oulu",7,"Northern Ostrobothnia",27,"Raahe",128,"Pattijoki","","Kunta|Kommun","Municipality"
11517,78,"FIN","Finland",3,"Oulu",7,"Northern Ostrobothnia",27,"Raahe",129,"Pyhäjoki","Pyhaejoki","Kunta|Kommun","Municipality"
11518,78,"FIN","Finland",3,"Oulu",7,"Northern Ostrobothnia",27,"Raahe",130,"Raahe","Brahestad","Kunta|Kommun","Municipality"
11519,78,"FIN","Finland",3,"Oulu",7,"Northern Ostrobothnia",27,"Raahe",131,"Ruukki","","Kunta|Kommun","Municipality"
11520,78,"FIN","Finland",3,"Oulu",7,"Northern Ostrobothnia",27,"Raahe",132,"Siikajoki","","Kunta|Kommun","Municipality"
11521,78,"FIN","Finland",3,"Oulu",7,"Northern Ostrobothnia",27,"Raahe",133,"Vihanti","","Kunta|Kommun","Municipality"
11522,78,"FIN","Finland",3,"Oulu",7,"Northern Ostrobothnia",28,"Siikalatva",134,"Haapavesi","","Kunta|Kommun","Municipality"
11523,78,"FIN","Finland",3,"Oulu",7,"Northern Ostrobothnia",28,"Siikalatva",135,"Kestilä","Kestilae","Kunta|Kommun","Municipality"
11524,78,"FIN","Finland",3,"Oulu",7,"Northern Ostrobothnia",28,"Siikalatva",136,"Piippola","","Kunta|Kommun","Municipality"
11525,78,"FIN","Finland",3,"Oulu",7,"Northern Ostrobothnia",28,"Siikalatva",137,"Pulkkila","","Kunta|Kommun","Municipality"
11526,78,"FIN","Finland",3,"Oulu",7,"Northern Ostrobothnia",28,"Siikalatva",138,"Pyhäntä","Pyhaentae","Kunta|Kommun","Municipality"
11527,78,"FIN","Finland",3,"Oulu",7,"Northern Ostrobothnia",28,"Siikalatva",139,"Rantsila","","Kunta|Kommun","Municipality"
11528,78,"FIN","Finland",3,"Oulu",7,"Northern Ostrobothnia",29,"Ylivieska",140,"Alavieska","","Kunta|Kommun","Municipality"
11529,78,"FIN","Finland",3,"Oulu",7,"Northern Ostrobothnia",29,"Ylivieska",141,"Kalajoki","","Kunta|Kommun","Municipality"
11530,78,"FIN","Finland",3,"Oulu",7,"Northern Ostrobothnia",29,"Ylivieska",142,"Merijärvi","Merijaervi","Kunta|Kommun","Municipality"
11531,78,"FIN","Finland",3,"Oulu",7,"Northern Ostrobothnia",29,"Ylivieska",143,"Oulainen","","Kunta|Kommun","Municipality"
11532,78,"FIN","Finland",3,"Oulu",7,"Northern Ostrobothnia",29,"Ylivieska",144,"Sievi","","Kunta|Kommun","Municipality"
11533,78,"FIN","Finland",3,"Oulu",7,"Northern Ostrobothnia",29,"Ylivieska",145,"Ylivieska","","Kunta|Kommun","Municipality"
11534,78,"FIN","Finland",4,"Southern Finland",8,"Eastern Uusimaa",30,"Loviisa",146,"Lapinjärvi","Lapptraesk|Lapinjaer |Lappträsk","Kunta|Kommun","Municipality"
11535,78,"FIN","Finland",4,"Southern Finland",8,"Eastern Uusimaa",30,"Loviisa",147,"Liljendal","","Kunta|Kommun","Municipality"
11536,78,"FIN","Finland",4,"Southern Finland",8,"Eastern Uusimaa",30,"Loviisa",148,"Loviisa","Lovisa","Kunta|Kommun","Municipality"
11537,78,"FIN","Finland",4,"Southern Finland",8,"Eastern Uusimaa",30,"Loviisa",149,"Pernaja","Pernaa|Pernå","Kunta|Kommun","Municipality"
11538,78,"FIN","Finland",4,"Southern Finland",8,"Eastern Uusimaa",30,"Loviisa",150,"Ruotsinpyhtää","Stroemfors|Ruotsinpy|Strömfors","Kunta|Kommun","Municipality"
11539,78,"FIN","Finland",4,"Southern Finland",8,"Eastern Uusimaa",31,"Porvoo",151,"Askola","Askola","Kunta|Kommun","Municipality"
11540,78,"FIN","Finland",4,"Southern Finland",8,"Eastern Uusimaa",31,"Porvoo",152,"Borgaa lnadskommun (Porvoon maalais","Borgaa lk","Kunta|Kommun","Municipality"
11541,78,"FIN","Finland",4,"Southern Finland",8,"Eastern Uusimaa",31,"Porvoo",153,"Myrskylä","Moerskom|Myrskylae |Mörskom","Kunta|Kommun","Municipality"
11542,78,"FIN","Finland",4,"Southern Finland",8,"Eastern Uusimaa",31,"Porvoo",154,"Porvoo","Borgaa|Borgå","Kunta|Kommun","Municipality"
11543,78,"FIN","Finland",4,"Southern Finland",8,"Eastern Uusimaa",31,"Porvoo",155,"Pukkila","","Kunta|Kommun","Municipality"
11544,78,"FIN","Finland",4,"Southern Finland",8,"Eastern Uusimaa",31,"Porvoo",156,"Sipoo","Sibbo","Kunta|Kommun","Municipality"
11545,78,"FIN","Finland",4,"Southern Finland",9,"Kymenlaakso",32,"Kotka-Hamina",157,"Hamina","Fredrikshamn","Kunta|Kommun","Municipality"
11546,78,"FIN","Finland",4,"Southern Finland",9,"Kymenlaakso",32,"Kotka-Hamina",158,"Kotka","","Kunta|Kommun","Municipality"
11547,78,"FIN","Finland",4,"Southern Finland",9,"Kymenlaakso",32,"Kotka-Hamina",159,"Miehikkälä","Miehikkaelae","Kunta|Kommun","Municipality"
11548,78,"FIN","Finland",4,"Southern Finland",9,"Kymenlaakso",32,"Kotka-Hamina",160,"Pyhtää","Pyttis|Pyhtaeae","Kunta|Kommun","Municipality"
11549,78,"FIN","Finland",4,"Southern Finland",9,"Kymenlaakso",32,"Kotka-Hamina",161,"Veckelaaa","","Kunta|Kommun","Municipality"
11550,78,"FIN","Finland",4,"Southern Finland",9,"Kymenlaakso",32,"Kotka-Hamina",162,"Virolahti","Virolahti","Kunta|Kommun","Municipality"
11551,78,"FIN","Finland",4,"Southern Finland",9,"Kymenlaakso",33,"Kouvola",163,"Anjalankoski","","Kunta|Kommun","Municipality"
11552,78,"FIN","Finland",4,"Southern Finland",9,"Kymenlaakso",33,"Kouvola",164,"Elimäki","Elimaeki","Kunta|Kommun","Municipality"
11553,78,"FIN","Finland",4,"Southern Finland",9,"Kymenlaakso",33,"Kouvola",165,"Iitti","","Kunta|Kommun","Municipality"
11554,78,"FIN","Finland",4,"Southern Finland",9,"Kymenlaakso",33,"Kouvola",166,"Jaala","","Kunta|Kommun","Municipality"
11555,78,"FIN","Finland",4,"Southern Finland",9,"Kymenlaakso",33,"Kouvola",167,"Kouvola","","Kunta|Kommun","Municipality"
11556,78,"FIN","Finland",4,"Southern Finland",9,"Kymenlaakso",33,"Kouvola",168,"Kuusankoski","","Kunta|Kommun","Municipality"
11557,78,"FIN","Finland",4,"Southern Finland",9,"Kymenlaakso",33,"Kouvola",169,"Valkeala","","Kunta|Kommun","Municipality"
11558,78,"FIN","Finland",4,"Southern Finland",10,"Päijänne Tavastia",34,"Lahti",170,"Artjärvi","Artsjoe|Artjaervi|Artsjö","Kunta|Kommun","Municipality"
11559,78,"FIN","Finland",4,"Southern Finland",10,"Päijänne Tavastia",34,"Lahti",171,"Orimattila","","Kunta|Kommun","Municipality"
11560,78,"FIN","Finland",4,"Southern Finland",11,"South Karelia",35,"Imatra",172,"Imatra","","Kunta|Kommun","Municipality"
11561,78,"FIN","Finland",4,"Southern Finland",11,"South Karelia",35,"Imatra",173,"Parikkala","","Kunta|Kommun","Municipality"
11562,78,"FIN","Finland",4,"Southern Finland",11,"South Karelia",35,"Imatra",174,"Rautjärvi","Rautjaervi","Kunta|Kommun","Municipality"
11563,78,"FIN","Finland",4,"Southern Finland",11,"South Karelia",35,"Imatra",175,"Ruokolahti","","Kunta|Kommun","Municipality"
11564,78,"FIN","Finland",4,"Southern Finland",11,"South Karelia",35,"Imatra",176,"Saari","","Kunta|Kommun","Municipality"
11565,78,"FIN","Finland",4,"Southern Finland",11,"South Karelia",35,"Imatra",177,"Uukuniemi","","Kunta|Kommun","Municipality"
11566,78,"FIN","Finland",4,"Southern Finland",11,"South Karelia",36,"Lappeenranta",178,"Joutseno","","Kunta|Kommun","Municipality"
11567,78,"FIN","Finland",4,"Southern Finland",11,"South Karelia",36,"Lappeenranta",179,"Lappeenranta","Villmanstrand|Lappeenranta","Kunta|Kommun","Municipality"
11568,78,"FIN","Finland",4,"Southern Finland",11,"South Karelia",37,"Western Saimaa",180,"Lemi","","Kunta|Kommun","Municipality"
11569,78,"FIN","Finland",4,"Southern Finland",11,"South Karelia",37,"Western Saimaa",181,"Luumäki","Luumaeki","Kunta|Kommun","Municipality"
11570,78,"FIN","Finland",4,"Southern Finland",11,"South Karelia",37,"Western Saimaa",182,"Savitaipale","","Kunta|Kommun","Municipality"
11571,78,"FIN","Finland",4,"Southern Finland",11,"South Karelia",37,"Western Saimaa",183,"Suomenniemi","","Kunta|Kommun","Municipality"
11572,78,"FIN","Finland",4,"Southern Finland",11,"South Karelia",37,"Western Saimaa",184,"Taipalsaari","","Kunta|Kommun","Municipality"
11573,78,"FIN","Finland",4,"Southern Finland",11,"South Karelia",37,"Western Saimaa",185,"Ylämaa","Ylaemaa","Kunta|Kommun","Municipality"
11574,78,"FIN","Finland",4,"Southern Finland",12,"Uusimaa",38,"Ekenäs",186,"Hanko","Hangoe|Hangö","Kunta|Kommun","Municipality"
11575,78,"FIN","Finland",4,"Southern Finland",12,"Uusimaa",38,"Ekenäs",187,"Inkoo","","Kunta|Kommun","Municipality"
11576,78,"FIN","Finland",4,"Southern Finland",12,"Uusimaa",38,"Ekenäs",188,"Karjaa","Karis|Karjaa","Kunta|Kommun","Municipality"
11577,78,"FIN","Finland",4,"Southern Finland",12,"Uusimaa",38,"Ekenäs",189,"Pohja","Pojo","Kunta|Kommun","Municipality"
11578,78,"FIN","Finland",4,"Southern Finland",12,"Uusimaa",38,"Ekenäs",190,"Tammisaari","Ekenaes|Ekenäs","Kunta|Kommun","Municipality"
11579,78,"FIN","Finland",4,"Southern Finland",12,"Uusimaa",39,"Helsinki",191,"Espoo","Esbo","Kunta|Kommun","Municipality"
11580,78,"FIN","Finland",4,"Southern Finland",12,"Uusimaa",39,"Helsinki",192,"Helsinki","Helsingfors","Kunta|Kommun","Municipality"
11581,78,"FIN","Finland",4,"Southern Finland",12,"Uusimaa",39,"Helsinki",193,"Hyvinkää","Hyvinge","Kunta|Kommun","Municipality"
11582,78,"FIN","Finland",4,"Southern Finland",12,"Uusimaa",39,"Helsinki",194,"Järvenpää","Traeskaenda|Träskända","Kunta|Kommun","Municipality"
11583,78,"FIN","Finland",4,"Southern Finland",12,"Uusimaa",39,"Helsinki",195,"Kauniainen","Grankulla","Kunta|Kommun","Municipality"
11584,78,"FIN","Finland",4,"Southern Finland",12,"Uusimaa",39,"Helsinki",196,"Kerava","Kervo","Kunta|Kommun","Municipality"
11585,78,"FIN","Finland",4,"Southern Finland",12,"Uusimaa",39,"Helsinki",197,"Kirkkonummi","Kyrkslaett|Kyrkslätt","Kunta|Kommun","Municipality"
11586,78,"FIN","Finland",4,"Southern Finland",12,"Uusimaa",39,"Helsinki",198,"Mäntsälä","Maentsaelae","Kunta|Kommun","Municipality"
11587,78,"FIN","Finland",4,"Southern Finland",12,"Uusimaa",39,"Helsinki",199,"Nurmijärvi","Nurmijaervi","Kunta|Kommun","Municipality"
11588,78,"FIN","Finland",4,"Southern Finland",12,"Uusimaa",39,"Helsinki",200,"Pornainen","Borgnaes","Kunta|Kommun","Municipality"
11589,78,"FIN","Finland",4,"Southern Finland",12,"Uusimaa",39,"Helsinki",201,"Siuntio","Sjundeaa|Sjundeå","Kunta|Kommun","Municipality"
11590,78,"FIN","Finland",4,"Southern Finland",12,"Uusimaa",39,"Helsinki",202,"Tuusula","Tusby","Kunta|Kommun","Municipality"
11591,78,"FIN","Finland",4,"Southern Finland",12,"Uusimaa",39,"Helsinki",203,"Vantaa","Vanda","Kunta|Kommun","Municipality"
11592,78,"FIN","Finland",4,"Southern Finland",12,"Uusimaa",40,"Lohja",204,"Karjalohja","Karislojo","Kunta|Kommun","Municipality"
11593,78,"FIN","Finland",4,"Southern Finland",12,"Uusimaa",40,"Lohja",205,"Karkkila","Hoegfors","Kunta|Kommun","Municipality"
11594,78,"FIN","Finland",4,"Southern Finland",12,"Uusimaa",40,"Lohja",206,"Lohja","Lojo","Kunta|Kommun","Municipality"
11595,78,"FIN","Finland",4,"Southern Finland",12,"Uusimaa",40,"Lohja",207,"Lojo kommun","","Kunta|Kommun","Municipality"
11596,78,"FIN","Finland",4,"Southern Finland",12,"Uusimaa",40,"Lohja",208,"Nummi-Pusula","","Kunta|Kommun","Municipality"
11597,78,"FIN","Finland",4,"Southern Finland",12,"Uusimaa",40,"Lohja",209,"Sammatti","","Kunta|Kommun","Municipality"
11598,78,"FIN","Finland",4,"Southern Finland",12,"Uusimaa",40,"Lohja",210,"Vihti","Vichtis","Kunta|Kommun","Municipality"
11599,78,"FIN","Finland",5,"Western Finland",13,"Central Finland",41,"Äänekoski",211,"Äänekoski","Aeaenekoski","Kunta|Kommun","Municipality"
11600,78,"FIN","Finland",5,"Western Finland",13,"Central Finland",41,"Äänekoski",212,"Konnevesi","","Kunta|Kommun","Municipality"
11601,78,"FIN","Finland",5,"Western Finland",13,"Central Finland",41,"Äänekoski",213,"Sumiainen","","Kunta|Kommun","Municipality"
11602,78,"FIN","Finland",5,"Western Finland",13,"Central Finland",41,"Äänekoski",214,"Suolahti","","Kunta|Kommun","Municipality"
11603,78,"FIN","Finland",5,"Western Finland",13,"Central Finland",42,"Jämsä",215,"Jämsä","Jaemsae","Kunta|Kommun","Municipality"
11604,78,"FIN","Finland",5,"Western Finland",13,"Central Finland",42,"Jämsä",216,"Jämsänkoski","Jaemsaenkoski","Kunta|Kommun","Municipality"
11605,78,"FIN","Finland",5,"Western Finland",13,"Central Finland",42,"Jämsä",217,"Korpilahti","","Kunta|Kommun","Municipality"
11606,78,"FIN","Finland",5,"Western Finland",13,"Central Finland",42,"Jämsä",218,"Kuhmoinen","","Kunta|Kommun","Municipality"
11607,78,"FIN","Finland",5,"Western Finland",13,"Central Finland",43,"Jyväskylä",219,"Jyväskylä","Jyvaeskylae","Kunta|Kommun","Municipality"
11608,78,"FIN","Finland",5,"Western Finland",13,"Central Finland",43,"Jyväskylä",220,"Jyväskylän mlk","Jyvaeskylae","Kunta|Kommun","Municipality"
11609,78,"FIN","Finland",5,"Western Finland",13,"Central Finland",43,"Jyväskylä",221,"Laukaa","","Kunta|Kommun","Municipality"
11610,78,"FIN","Finland",5,"Western Finland",13,"Central Finland",43,"Jyväskylä",222,"Muurame","","Kunta|Kommun","Municipality"
11611,78,"FIN","Finland",5,"Western Finland",13,"Central Finland",43,"Jyväskylä",223,"Uurainen","","Kunta|Kommun","Municipality"
11612,78,"FIN","Finland",5,"Western Finland",13,"Central Finland",44,"Keuruu",224,"Keuruu","","Kunta|Kommun","Municipality"
11613,78,"FIN","Finland",5,"Western Finland",13,"Central Finland",44,"Keuruu",225,"Multia","","Kunta|Kommun","Municipality"
11614,78,"FIN","Finland",5,"Western Finland",13,"Central Finland",44,"Keuruu",226,"Petäjävesi","Petaejaevesi","Kunta|Kommun","Municipality"
11615,78,"FIN","Finland",5,"Western Finland",13,"Central Finland",45,"Saarijärvi",227,"Kannonkoski","","Kunta|Kommun","Municipality"
11616,78,"FIN","Finland",5,"Western Finland",13,"Central Finland",45,"Saarijärvi",228,"Karstula","","Kunta|Kommun","Municipality"
11617,78,"FIN","Finland",5,"Western Finland",13,"Central Finland",45,"Saarijärvi",229,"Kivijärvi","Kivijaervi","Kunta|Kommun","Municipality"
11618,78,"FIN","Finland",5,"Western Finland",13,"Central Finland",45,"Saarijärvi",230,"Kyyjärvi","Kyyjaervi","Kunta|Kommun","Municipality"
11619,78,"FIN","Finland",5,"Western Finland",13,"Central Finland",45,"Saarijärvi",231,"Pylkönmäki","Pylkoenmaeki","Kunta|Kommun","Municipality"
11620,78,"FIN","Finland",5,"Western Finland",13,"Central Finland",45,"Saarijärvi",232,"Saarijärvi","Saarijaervi","Kunta|Kommun","Municipality"
11621,78,"FIN","Finland",5,"Western Finland",13,"Central Finland",46,"South Eastern Middle",233,"Hankasalmi","","Kunta|Kommun","Municipality"
11622,78,"FIN","Finland",5,"Western Finland",13,"Central Finland",46,"South Eastern Middle",234,"Joutsa","","Kunta|Kommun","Municipality"
11623,78,"FIN","Finland",5,"Western Finland",13,"Central Finland",46,"South Eastern Middle",235,"Leivonmäki","Leivonmaeki","Kunta|Kommun","Municipality"
11624,78,"FIN","Finland",5,"Western Finland",13,"Central Finland",46,"South Eastern Middle",236,"Luhanka","","Kunta|Kommun","Municipality"
11625,78,"FIN","Finland",5,"Western Finland",13,"Central Finland",46,"South Eastern Middle",237,"Toivakka","","Kunta|Kommun","Municipality"
11626,78,"FIN","Finland",5,"Western Finland",13,"Central Finland",47,"Viitasaari",238,"Kinnula","","Kunta|Kommun","Municipality"
11627,78,"FIN","Finland",5,"Western Finland",13,"Central Finland",47,"Viitasaari",239,"Pihtipudas","","Kunta|Kommun","Municipality"
11628,78,"FIN","Finland",5,"Western Finland",13,"Central Finland",47,"Viitasaari",240,"Viitasaari","","Kunta|Kommun","Municipality"
11629,78,"FIN","Finland",5,"Western Finland",14,"Central Ostrobothnia",48,"Kaustinen",241,"Halsua","","Kunta|Kommun","Municipality"
11630,78,"FIN","Finland",5,"Western Finland",14,"Central Ostrobothnia",48,"Kaustinen",242,"Kaustinen","Kaustby","Kunta|Kommun","Municipality"
11631,78,"FIN","Finland",5,"Western Finland",14,"Central Ostrobothnia",48,"Kaustinen",243,"Lestijärvi","Lestijaervi","Kunta|Kommun","Municipality"
11632,78,"FIN","Finland",5,"Western Finland",14,"Central Ostrobothnia",48,"Kaustinen",244,"Perho","","Kunta|Kommun","Municipality"
11633,78,"FIN","Finland",5,"Western Finland",14,"Central Ostrobothnia",48,"Kaustinen",245,"Toholampi","","Kunta|Kommun","Municipality"
11634,78,"FIN","Finland",5,"Western Finland",14,"Central Ostrobothnia",48,"Kaustinen",246,"Ullava","","Kunta|Kommun","Municipality"
11635,78,"FIN","Finland",5,"Western Finland",14,"Central Ostrobothnia",48,"Kaustinen",247,"Veteli","Vetil","Kunta|Kommun","Municipality"
11636,78,"FIN","Finland",5,"Western Finland",14,"Central Ostrobothnia",49,"Kokkola",248,"Himanka","","Kunta|Kommun","Municipality"
11637,78,"FIN","Finland",5,"Western Finland",14,"Central Ostrobothnia",49,"Kokkola",249,"Kälviä","Kelviaa","Kunta|Kommun","Municipality"
11638,78,"FIN","Finland",5,"Western Finland",14,"Central Ostrobothnia",49,"Kokkola",250,"Kannus","","Kunta|Kommun","Municipality"
11639,78,"FIN","Finland",5,"Western Finland",14,"Central Ostrobothnia",49,"Kokkola",251,"Kokkola","Karleby","Kunta|Kommun","Municipality"
11640,78,"FIN","Finland",5,"Western Finland",14,"Central Ostrobothnia",49,"Kokkola",252,"Lohtaja","Lochteaa","Kunta|Kommun","Municipality"
11641,78,"FIN","Finland",5,"Western Finland",15,"Finland Proper",50,"Åboland-Turunmaa",253,"Dragsfjärd","Dragsfjaerd","Kunta|Kommun","Municipality"
11642,78,"FIN","Finland",5,"Western Finland",15,"Finland Proper",50,"Åboland-Turunmaa",254,"Houtskari","Houtskaer|Houtskär","Kunta|Kommun","Municipality"
11643,78,"FIN","Finland",5,"Western Finland",15,"Finland Proper",50,"Åboland-Turunmaa",255,"Iniö","Inioe","Kunta|Kommun","Municipality"
11644,78,"FIN","Finland",5,"Western Finland",15,"Finland Proper",50,"Åboland-Turunmaa",256,"Kemiö","Kimito","Kunta|Kommun","Municipality"
11645,78,"FIN","Finland",5,"Western Finland",15,"Finland Proper",50,"Åboland-Turunmaa",257,"Korppoo","Korpo","Kunta|Kommun","Municipality"
11646,78,"FIN","Finland",5,"Western Finland",15,"Finland Proper",50,"Åboland-Turunmaa",258,"Nauvo","Nagu","Kunta|Kommun","Municipality"
11647,78,"FIN","Finland",5,"Western Finland",15,"Finland Proper",50,"Åboland-Turunmaa",259,"Parainen","Pargas","Kunta|Kommun","Municipality"
11648,78,"FIN","Finland",5,"Western Finland",15,"Finland Proper",50,"Åboland-Turunmaa",260,"Västanfjärd","Vaestanfjaerd","Kunta|Kommun","Municipality"
11649,78,"FIN","Finland",5,"Western Finland",15,"Finland Proper",51,"Loimaa",261,"Alastaro","","Kunta|Kommun","Municipality"
11650,78,"FIN","Finland",5,"Western Finland",15,"Finland Proper",51,"Loimaa",262,"Aura","","Kunta|Kommun","Municipality"
11651,78,"FIN","Finland",5,"Western Finland",15,"Finland Proper",51,"Loimaa",263,"Karinainen","","Kunta|Kommun","Municipality"
11652,78,"FIN","Finland",5,"Western Finland",15,"Finland Proper",51,"Loimaa",264,"Koski TL","","Kunta|Kommun","Municipality"
11653,78,"FIN","Finland",5,"Western Finland",15,"Finland Proper",51,"Loimaa",265,"Loimaa","","Kunta|Kommun","Municipality"
11654,78,"FIN","Finland",5,"Western Finland",15,"Finland Proper",51,"Loimaa",266,"Loimaan kunta","","Kunta|Kommun","Municipality"
11655,78,"FIN","Finland",5,"Western Finland",15,"Finland Proper",51,"Loimaa",267,"Marttila","","Kunta|Kommun","Municipality"
11656,78,"FIN","Finland",5,"Western Finland",15,"Finland Proper",51,"Loimaa",268,"Mellilä","Mellilae","Kunta|Kommun","Municipality"
11657,78,"FIN","Finland",5,"Western Finland",15,"Finland Proper",51,"Loimaa",269,"Oripää","Oripaeae","Kunta|Kommun","Municipality"
11658,78,"FIN","Finland",5,"Western Finland",15,"Finland Proper",51,"Loimaa",270,"Pöytyä","Poeytyae","Kunta|Kommun","Municipality"
11659,78,"FIN","Finland",5,"Western Finland",15,"Finland Proper",51,"Loimaa",271,"Tarvasjoki","","Kunta|Kommun","Municipality"
11660,78,"FIN","Finland",5,"Western Finland",15,"Finland Proper",51,"Loimaa",272,"Yläne","Ylaene","Kunta|Kommun","Municipality"
11661,78,"FIN","Finland",5,"Western Finland",15,"Finland Proper",52,"Salo",273,"Halikko","","Kunta|Kommun","Municipality"
11662,78,"FIN","Finland",5,"Western Finland",15,"Finland Proper",52,"Salo",274,"Kiikala","","Kunta|Kommun","Municipality"
11663,78,"FIN","Finland",5,"Western Finland",15,"Finland Proper",52,"Salo",275,"Kisko","","Kunta|Kommun","Municipality"
11664,78,"FIN","Finland",5,"Western Finland",15,"Finland Proper",52,"Salo",276,"Kuusjoki","","Kunta|Kommun","Municipality"
11665,78,"FIN","Finland",5,"Western Finland",15,"Finland Proper",52,"Salo",277,"Muurla","","Kunta|Kommun","Municipality"
11666,78,"FIN","Finland",5,"Western Finland",15,"Finland Proper",52,"Salo",278,"Perniö","Bjaernaa|Pernioe|Bjärnå","Kunta|Kommun","Municipality"
11667,78,"FIN","Finland",5,"Western Finland",15,"Finland Proper",52,"Salo",279,"Pertteli","","Kunta|Kommun","Municipality"
11668,78,"FIN","Finland",5,"Western Finland",15,"Finland Proper",52,"Salo",280,"Salo","","Kunta|Kommun","Municipality"
11669,78,"FIN","Finland",5,"Western Finland",15,"Finland Proper",52,"Salo",281,"Särkisalo","Finby|Saerkisalo","Kunta|Kommun","Municipality"
11670,78,"FIN","Finland",5,"Western Finland",15,"Finland Proper",52,"Salo",282,"Somero","","Kunta|Kommun","Municipality"
11671,78,"FIN","Finland",5,"Western Finland",15,"Finland Proper",52,"Salo",283,"Suomusjärvi","Suomusjaervi","Kunta|Kommun","Municipality"
11672,78,"FIN","Finland",5,"Western Finland",15,"Finland Proper",53,"Turku",284,"Askainen","Villnaes|Villnäs","Kunta|Kommun","Municipality"
11673,78,"FIN","Finland",5,"Western Finland",15,"Finland Proper",53,"Turku",285,"Kaarina","St Karins","Kunta|Kommun","Municipality"
11674,78,"FIN","Finland",5,"Western Finland",15,"Finland Proper",53,"Turku",286,"Lemu","","Kunta|Kommun","Municipality"
11675,78,"FIN","Finland",5,"Western Finland",15,"Finland Proper",53,"Turku",287,"Lieto","Lundo","Kunta|Kommun","Municipality"
11676,78,"FIN","Finland",5,"Western Finland",15,"Finland Proper",53,"Turku",288,"Masku","","Kunta|Kommun","Municipality"
11677,78,"FIN","Finland",5,"Western Finland",15,"Finland Proper",53,"Turku",289,"Merimasku","","Kunta|Kommun","Municipality"
11678,78,"FIN","Finland",5,"Western Finland",15,"Finland Proper",53,"Turku",290,"Mynämäki","Mynaemaeki","Kunta|Kommun","Municipality"
11679,78,"FIN","Finland",5,"Western Finland",15,"Finland Proper",53,"Turku",291,"Naantali","Naadendal|Nådendal","Kunta|Kommun","Municipality"
11680,78,"FIN","Finland",5,"Western Finland",15,"Finland Proper",53,"Turku",292,"Nousiainen","Nousis","Kunta|Kommun","Municipality"
11681,78,"FIN","Finland",5,"Western Finland",15,"Finland Proper",53,"Turku",293,"Paimio","Pemar","Kunta|Kommun","Municipality"
11682,78,"FIN","Finland",5,"Western Finland",15,"Finland Proper",53,"Turku",294,"Piikkiö","Pikis|Piikkioe","Kunta|Kommun","Municipality"
11683,78,"FIN","Finland",5,"Western Finland",15,"Finland Proper",53,"Turku",295,"Raisio","Reso","Kunta|Kommun","Municipality"
11684,78,"FIN","Finland",5,"Western Finland",15,"Finland Proper",53,"Turku",296,"Rusko","","Kunta|Kommun","Municipality"
11685,78,"FIN","Finland",5,"Western Finland",15,"Finland Proper",53,"Turku",297,"Rymättylä","Rimito|Rymaettylae","Kunta|Kommun","Municipality"
11686,78,"FIN","Finland",5,"Western Finland",15,"Finland Proper",53,"Turku",298,"Sauvo","Sagu","Kunta|Kommun","Municipality"
11687,78,"FIN","Finland",5,"Western Finland",15,"Finland Proper",53,"Turku",299,"Turku","Aabo|Åbo","Kunta|Kommun","Municipality"
11688,78,"FIN","Finland",5,"Western Finland",15,"Finland Proper",53,"Turku",300,"Vahto","","Kunta|Kommun","Municipality"
11689,78,"FIN","Finland",5,"Western Finland",15,"Finland Proper",53,"Turku",301,"Velkua","","Kunta|Kommun","Municipality"
11690,78,"FIN","Finland",5,"Western Finland",15,"Finland Proper",54,"Vakka-Suomi",302,"Kustavi","Gustavs","Kunta|Kommun","Municipality"
11691,78,"FIN","Finland",5,"Western Finland",15,"Finland Proper",54,"Vakka-Suomi",303,"Laitila","","Kunta|Kommun","Municipality"
11692,78,"FIN","Finland",5,"Western Finland",15,"Finland Proper",54,"Vakka-Suomi",304,"Mietoinen","","Kunta|Kommun","Municipality"
11693,78,"FIN","Finland",5,"Western Finland",15,"Finland Proper",54,"Vakka-Suomi",305,"Pyhäranta","Pyhaeranta","Kunta|Kommun","Municipality"
11694,78,"FIN","Finland",5,"Western Finland",15,"Finland Proper",54,"Vakka-Suomi",306,"Taivassalo","Toevsala","Kunta|Kommun","Municipality"
11695,78,"FIN","Finland",5,"Western Finland",15,"Finland Proper",54,"Vakka-Suomi",307,"Uusikaupunki","Nystad","Kunta|Kommun","Municipality"
11696,78,"FIN","Finland",5,"Western Finland",15,"Finland Proper",54,"Vakka-Suomi",308,"Vehmaa","","Kunta|Kommun","Municipality"
11697,78,"FIN","Finland",5,"Western Finland",16,"Ostrobothnia",55,"Jakobstadsregionen",309,"Kruunupyy","Kronoby","Kunta|Kommun","Municipality"
11698,78,"FIN","Finland",5,"Western Finland",16,"Ostrobothnia",55,"Jakobstadsregionen",310,"Luoto","Larsmo","Kunta|Kommun","Municipality"
11699,78,"FIN","Finland",5,"Western Finland",16,"Ostrobothnia",55,"Jakobstadsregionen",311,"Pedersöre","Pedersoere","Kunta|Kommun","Municipality"
11700,78,"FIN","Finland",5,"Western Finland",16,"Ostrobothnia",55,"Jakobstadsregionen",312,"Pietarsaari","Jakobstad","Kunta|Kommun","Municipality"
11701,78,"FIN","Finland",5,"Western Finland",16,"Ostrobothnia",55,"Jakobstadsregionen",313,"Uusikaarlepyy","Nykarleby","Kunta|Kommun","Municipality"
11702,78,"FIN","Finland",5,"Western Finland",16,"Ostrobothnia",56,"Kyrönmaa",314,"Isokyrö","Storkyro|Isokyroe","Kunta|Kommun","Municipality"
11703,78,"FIN","Finland",5,"Western Finland",16,"Ostrobothnia",56,"Kyrönmaa",315,"Laihia","Laihela","Kunta|Kommun","Municipality"
11704,78,"FIN","Finland",5,"Western Finland",16,"Ostrobothnia",56,"Kyrönmaa",316,"Vähäkyrö","Lillkyro|Vaehaekyroe","Kunta|Kommun","Municipality"
11705,78,"FIN","Finland",5,"Western Finland",16,"Ostrobothnia",57,"South Eastern Bothnia",317,"Kaskinen","Kaskoe","Kunta|Kommun","Municipality"
11706,78,"FIN","Finland",5,"Western Finland",16,"Ostrobothnia",57,"South Eastern Bothnia",318,"Kristiinankaupunki","Kristinestad","Kunta|Kommun","Municipality"
11707,78,"FIN","Finland",5,"Western Finland",16,"Ostrobothnia",57,"South Eastern Bothnia",319,"Närpiö","Naerpes|Naerpioe","Kunta|Kommun","Municipality"
11708,78,"FIN","Finland",5,"Western Finland",16,"Ostrobothnia",58,"Vaasa",320,"Korsnäs","Korsnaes","Kunta|Kommun","Municipality"
11709,78,"FIN","Finland",5,"Western Finland",16,"Ostrobothnia",58,"Vaasa",321,"Maalahti","Malax","Kunta|Kommun","Municipality"
11710,78,"FIN","Finland",5,"Western Finland",16,"Ostrobothnia",58,"Vaasa",322,"Maksamaa","Maxmo","Kunta|Kommun","Municipality"
11711,78,"FIN","Finland",5,"Western Finland",16,"Ostrobothnia",58,"Vaasa",323,"Mustasaari","Korsholm","Kunta|Kommun","Municipality"
11712,78,"FIN","Finland",5,"Western Finland",16,"Ostrobothnia",58,"Vaasa",324,"Oravainen","Oravais","Kunta|Kommun","Municipality"
11713,78,"FIN","Finland",5,"Western Finland",16,"Ostrobothnia",58,"Vaasa",325,"Vaasa","Vasa","Kunta|Kommun","Municipality"
11714,78,"FIN","Finland",5,"Western Finland",16,"Ostrobothnia",58,"Vaasa",326,"Vöyri","","Kunta|Kommun","Municipality"
11715,78,"FIN","Finland",5,"Western Finland",17,"Päijänne Tavastia",59,"Lahti",327,"Asikkala","","Kunta|Kommun","Municipality"
11716,78,"FIN","Finland",5,"Western Finland",17,"Päijänne Tavastia",59,"Lahti",328,"Hollola","","Kunta|Kommun","Municipality"
11717,78,"FIN","Finland",5,"Western Finland",17,"Päijänne Tavastia",59,"Lahti",329,"Kärkölä","Kaerkoelae","Kunta|Kommun","Municipality"
11718,78,"FIN","Finland",5,"Western Finland",17,"Päijänne Tavastia",59,"Lahti",330,"Lahti","Lahtis","Kunta|Kommun","Municipality"
11719,78,"FIN","Finland",5,"Western Finland",17,"Päijänne Tavastia",59,"Lahti",331,"Nastola","","Kunta|Kommun","Municipality"
11720,78,"FIN","Finland",5,"Western Finland",17,"Päijänne Tavastia",59,"Lahti",332,"Padasjoki","","Kunta|Kommun","Municipality"
11721,78,"FIN","Finland",5,"Western Finland",18,"Pirkanmaa",60,"Jämsä",333,"Kiuruvesi","Kuorevesi","Kunta|Kommun","Municipality"
11722,78,"FIN","Finland",5,"Western Finland",18,"Pirkanmaa",61,"North Western Pirkanm",334,"Hämeenkyrö","Tavastkyro","Kunta|Kommun","Municipality"
11723,78,"FIN","Finland",5,"Western Finland",18,"Pirkanmaa",61,"North Western Pirkanm",335,"Ikaalinen","Ikalis","Kunta|Kommun","Municipality"
11724,78,"FIN","Finland",5,"Western Finland",18,"Pirkanmaa",61,"North Western Pirkanm",336,"Kihniö","Kihnioe","Kunta|Kommun","Municipality"
11725,78,"FIN","Finland",5,"Western Finland",18,"Pirkanmaa",61,"North Western Pirkanm",337,"Parkano","","Kunta|Kommun","Municipality"
11726,78,"FIN","Finland",5,"Western Finland",18,"Pirkanmaa",61,"North Western Pirkanm",338,"Viljakkala","","Kunta|Kommun","Municipality"
11727,78,"FIN","Finland",5,"Western Finland",18,"Pirkanmaa",62,"South Eastern Pirkanm",339,"Kuhmalahti","","Kunta|Kommun","Municipality"
11728,78,"FIN","Finland",5,"Western Finland",18,"Pirkanmaa",62,"South Eastern Pirkanm",340,"Luopioinen","","Kunta|Kommun","Municipality"
11729,78,"FIN","Finland",5,"Western Finland",18,"Pirkanmaa",62,"South Eastern Pirkanm",341,"Pälkäne","Paelkaene","Kunta|Kommun","Municipality"
11730,78,"FIN","Finland",5,"Western Finland",18,"Pirkanmaa",62,"South Eastern Pirkanm",342,"Sahalahti","","Kunta|Kommun","Municipality"
11731,78,"FIN","Finland",5,"Western Finland",18,"Pirkanmaa",63,"South Western Pirkanm",343,"Äetsä","Aeetsae","Kunta|Kommun","Municipality"
11732,78,"FIN","Finland",5,"Western Finland",18,"Pirkanmaa",63,"South Western Pirkanm",344,"Mouhijärvi","Mouhijaervi","Kunta|Kommun","Municipality"
11733,78,"FIN","Finland",5,"Western Finland",18,"Pirkanmaa",63,"South Western Pirkanm",345,"Punkalaidun","","Kunta|Kommun","Municipality"
11734,78,"FIN","Finland",5,"Western Finland",18,"Pirkanmaa",63,"South Western Pirkanm",346,"Suodenniemi","","Kunta|Kommun","Municipality"
11735,78,"FIN","Finland",5,"Western Finland",18,"Pirkanmaa",63,"South Western Pirkanm",347,"Vammala","","Kunta|Kommun","Municipality"
11736,78,"FIN","Finland",5,"Western Finland",18,"Pirkanmaa",64,"Southern Pirkanmaa",348,"Kylmäkoski","Kylmaekoski","Kunta|Kommun","Municipality"
11737,78,"FIN","Finland",5,"Western Finland",18,"Pirkanmaa",64,"Southern Pirkanmaa",349,"Toijala","","Kunta|Kommun","Municipality"
11738,78,"FIN","Finland",5,"Western Finland",18,"Pirkanmaa",64,"Southern Pirkanmaa",350,"Urjala","","Kunta|Kommun","Municipality"
11739,78,"FIN","Finland",5,"Western Finland",18,"Pirkanmaa",64,"Southern Pirkanmaa",351,"Valkeakoski","","Kunta|Kommun","Municipality"
11740,78,"FIN","Finland",5,"Western Finland",18,"Pirkanmaa",64,"Southern Pirkanmaa",352,"Viiala","","Kunta|Kommun","Municipality"
11741,78,"FIN","Finland",5,"Western Finland",18,"Pirkanmaa",65,"Tampere",353,"Kangasala","","Kunta|Kommun","Municipality"
11742,78,"FIN","Finland",5,"Western Finland",18,"Pirkanmaa",65,"Tampere",354,"Lempäälä","Lempaeaelae","Kunta|Kommun","Municipality"
11743,78,"FIN","Finland",5,"Western Finland",18,"Pirkanmaa",65,"Tampere",355,"Nokia","","Kunta|Kommun","Municipality"
11744,78,"FIN","Finland",5,"Western Finland",18,"Pirkanmaa",65,"Tampere",356,"Pirkkala","Birkala ","Kunta|Kommun","Municipality"
11745,78,"FIN","Finland",5,"Western Finland",18,"Pirkanmaa",65,"Tampere",357,"Tampere","Tammerfore","Kunta|Kommun","Municipality"
11746,78,"FIN","Finland",5,"Western Finland",18,"Pirkanmaa",65,"Tampere",358,"Vesilahti","","Kunta|Kommun","Municipality"
11747,78,"FIN","Finland",5,"Western Finland",18,"Pirkanmaa",65,"Tampere",359,"Ylöjärvi","Yloejaervi","Kunta|Kommun","Municipality"
11748,78,"FIN","Finland",5,"Western Finland",18,"Pirkanmaa",66,"Upper Pirkanmaa",360,"Juupajoki","","Kunta|Kommun","Municipality"
11749,78,"FIN","Finland",5,"Western Finland",18,"Pirkanmaa",66,"Upper Pirkanmaa",361,"Kuru","","Kunta|Kommun","Municipality"
11750,78,"FIN","Finland",5,"Western Finland",18,"Pirkanmaa",66,"Upper Pirkanmaa",362,"Längelmäki","Laengelmaeki","Kunta|Kommun","Municipality"
11751,78,"FIN","Finland",5,"Western Finland",18,"Pirkanmaa",66,"Upper Pirkanmaa",363,"Mänttä","Maenttae","Kunta|Kommun","Municipality"
11752,78,"FIN","Finland",5,"Western Finland",18,"Pirkanmaa",66,"Upper Pirkanmaa",364,"Orivesi","Orivesi","Kunta|Kommun","Municipality"
11753,78,"FIN","Finland",5,"Western Finland",18,"Pirkanmaa",66,"Upper Pirkanmaa",365,"Ruovesi","","Kunta|Kommun","Municipality"
11754,78,"FIN","Finland",5,"Western Finland",18,"Pirkanmaa",66,"Upper Pirkanmaa",366,"Vilppula","","Kunta|Kommun","Municipality"
11755,78,"FIN","Finland",5,"Western Finland",18,"Pirkanmaa",66,"Upper Pirkanmaa",367,"Virrat","Virdois","Kunta|Kommun","Municipality"
11756,78,"FIN","Finland",5,"Western Finland",19,"Satakunta",67,"Northern Satakunta",368,"Honkajoki","","Kunta|Kommun","Municipality"
11757,78,"FIN","Finland",5,"Western Finland",19,"Satakunta",67,"Northern Satakunta",369,"Jämijärvi","Jaemijaervi","Kunta|Kommun","Municipality"
11758,78,"FIN","Finland",5,"Western Finland",19,"Satakunta",67,"Northern Satakunta",370,"Kankaanpää","Kankaanpaeae","Kunta|Kommun","Municipality"
11759,78,"FIN","Finland",5,"Western Finland",19,"Satakunta",67,"Northern Satakunta",371,"Karvia","","Kunta|Kommun","Municipality"
11760,78,"FIN","Finland",5,"Western Finland",19,"Satakunta",67,"Northern Satakunta",372,"Kiikoinen","","Kunta|Kommun","Municipality"
11761,78,"FIN","Finland",5,"Western Finland",19,"Satakunta",67,"Northern Satakunta",373,"Lavia","","Kunta|Kommun","Municipality"
11762,78,"FIN","Finland",5,"Western Finland",19,"Satakunta",67,"Northern Satakunta",374,"Merikarvia","Sastmola","Kunta|Kommun","Municipality"
11763,78,"FIN","Finland",5,"Western Finland",19,"Satakunta",67,"Northern Satakunta",375,"Siikainen","","Kunta|Kommun","Municipality"
11764,78,"FIN","Finland",5,"Western Finland",19,"Satakunta",68,"Pori",376,"Harjavalta","","Kunta|Kommun","Municipality"
11765,78,"FIN","Finland",5,"Western Finland",19,"Satakunta",68,"Pori",377,"Kullaa","","Kunta|Kommun","Municipality"
11766,78,"FIN","Finland",5,"Western Finland",19,"Satakunta",68,"Pori",378,"Luvia","","Kunta|Kommun","Municipality"
11767,78,"FIN","Finland",5,"Western Finland",19,"Satakunta",68,"Pori",379,"Nakkila","","Kunta|Kommun","Municipality"
11768,78,"FIN","Finland",5,"Western Finland",19,"Satakunta",68,"Pori",380,"Noormarkku","Norrmark","Kunta|Kommun","Municipality"
11769,78,"FIN","Finland",5,"Western Finland",19,"Satakunta",68,"Pori",381,"Pomarkku","Paamark","Kunta|Kommun","Municipality"
11770,78,"FIN","Finland",5,"Western Finland",19,"Satakunta",68,"Pori",382,"Pori","Bjoerneborg|Pori|Björneborg","Kunta|Kommun","Municipality"
11771,78,"FIN","Finland",5,"Western Finland",19,"Satakunta",68,"Pori",383,"Ulvila","Ulvsby","Kunta|Kommun","Municipality"
11772,78,"FIN","Finland",5,"Western Finland",19,"Satakunta",69,"Rauma",384,"Eura","","Kunta|Kommun","Municipality"
11773,78,"FIN","Finland",5,"Western Finland",19,"Satakunta",69,"Rauma",385,"Eurajoki","Euraaaminne|Eurajoki|Euraåminne","Kunta|Kommun","Municipality"
11774,78,"FIN","Finland",5,"Western Finland",19,"Satakunta",69,"Rauma",386,"Kiukainen","","Kunta|Kommun","Municipality"
11775,78,"FIN","Finland",5,"Western Finland",19,"Satakunta",69,"Rauma",387,"Kodisjoki","","Kunta|Kommun","Municipality"
11776,78,"FIN","Finland",5,"Western Finland",19,"Satakunta",69,"Rauma",388,"Lappi","","Kunta|Kommun","Municipality"
11777,78,"FIN","Finland",5,"Western Finland",19,"Satakunta",69,"Rauma",389,"Rauma","Raumo","Kunta|Kommun","Municipality"
11778,78,"FIN","Finland",5,"Western Finland",19,"Satakunta",70,"South Eastern Satakun",390,"Huittinen","","Kunta|Kommun","Municipality"
11779,78,"FIN","Finland",5,"Western Finland",19,"Satakunta",70,"South Eastern Satakun",391,"Kokemäki","Kumo|Kokemaeki","Kunta|Kommun","Municipality"
11780,78,"FIN","Finland",5,"Western Finland",19,"Satakunta",70,"South Eastern Satakun",392,"Köyliö","Kjulo|Kjulo","Kunta|Kommun","Municipality"
11781,78,"FIN","Finland",5,"Western Finland",19,"Satakunta",70,"South Eastern Satakun",393,"Säkylä","Saekylae","Kunta|Kommun","Municipality"
11782,78,"FIN","Finland",5,"Western Finland",19,"Satakunta",70,"South Eastern Satakun",394,"Vampula","","Kunta|Kommun","Municipality"
11783,78,"FIN","Finland",5,"Western Finland",20,"Southern Ostrobothnia",71,"Härmänmaa",395,"Alahärmä","Alahaermae","Kunta|Kommun","Municipality"
11784,78,"FIN","Finland",5,"Western Finland",20,"Southern Ostrobothnia",71,"Härmänmaa",396,"Kauhava","","Kunta|Kommun","Municipality"
11785,78,"FIN","Finland",5,"Western Finland",20,"Southern Ostrobothnia",71,"Härmänmaa",397,"Lapua","Lappo","Kunta|Kommun","Municipality"
11786,78,"FIN","Finland",5,"Western Finland",20,"Southern Ostrobothnia",71,"Härmänmaa",398,"Ylihärmä","Ylihaermae","Kunta|Kommun","Municipality"
11787,78,"FIN","Finland",5,"Western Finland",20,"Southern Ostrobothnia",72,"Järviseutu",399,"Alajärvi","Alajaervi","Kunta|Kommun","Municipality"
11788,78,"FIN","Finland",5,"Western Finland",20,"Southern Ostrobothnia",72,"Järviseutu",400,"Evijärvi","Evijaervi","Kunta|Kommun","Municipality"
11789,78,"FIN","Finland",5,"Western Finland",20,"Southern Ostrobothnia",72,"Järviseutu",401,"Kortesjärvi","Kortesjaervi","Kunta|Kommun","Municipality"
11790,78,"FIN","Finland",5,"Western Finland",20,"Southern Ostrobothnia",72,"Järviseutu",402,"Lappajärvi","Lappajaervi","Kunta|Kommun","Municipality"
11791,78,"FIN","Finland",5,"Western Finland",20,"Southern Ostrobothnia",72,"Järviseutu",403,"Vimpeli","","Kunta|Kommun","Municipality"
11792,78,"FIN","Finland",5,"Western Finland",20,"Southern Ostrobothnia",73,"Kuusiokunnat",404,"Ähtäri","Etseri","Kunta|Kommun","Municipality"
11793,78,"FIN","Finland",5,"Western Finland",20,"Southern Ostrobothnia",73,"Kuusiokunnat",405,"Alavus","","Kunta|Kommun","Municipality"
11794,78,"FIN","Finland",5,"Western Finland",20,"Southern Ostrobothnia",73,"Kuusiokunnat",406,"Kuortane","","Kunta|Kommun","Municipality"
11795,78,"FIN","Finland",5,"Western Finland",20,"Southern Ostrobothnia",73,"Kuusiokunnat",407,"Lehtimäki","Lehtimaeki","Kunta|Kommun","Municipality"
11796,78,"FIN","Finland",5,"Western Finland",20,"Southern Ostrobothnia",73,"Kuusiokunnat",408,"Soini","","Kunta|Kommun","Municipality"
11797,78,"FIN","Finland",5,"Western Finland",20,"Southern Ostrobothnia",73,"Kuusiokunnat",409,"Töysä","Toeysae","Kunta|Kommun","Municipality"
11798,78,"FIN","Finland",5,"Western Finland",20,"Southern Ostrobothnia",74,"Northern Seinänaapuri",410,"Ilmajoki","","Kunta|Kommun","Municipality"
11799,78,"FIN","Finland",5,"Western Finland",20,"Southern Ostrobothnia",74,"Northern Seinänaapuri",411,"Nurmo","","Kunta|Kommun","Municipality"
11800,78,"FIN","Finland",5,"Western Finland",20,"Southern Ostrobothnia",74,"Northern Seinänaapuri",412,"Seinäjoki","Seinaejoki","Kunta|Kommun","Municipality"
11801,78,"FIN","Finland",5,"Western Finland",20,"Southern Ostrobothnia",74,"Northern Seinänaapuri",413,"Ylistaro","","Kunta|Kommun","Municipality"
11802,78,"FIN","Finland",5,"Western Finland",20,"Southern Ostrobothnia",75,"South Eastern Bothnia",414,"Isojoki","Storaa|Isojoki|Storå","Kunta|Kommun","Municipality"
11803,78,"FIN","Finland",5,"Western Finland",20,"Southern Ostrobothnia",75,"South Eastern Bothnia",415,"Jurva","","Kunta|Kommun","Municipality"
11804,78,"FIN","Finland",5,"Western Finland",20,"Southern Ostrobothnia",75,"South Eastern Bothnia",416,"Karijoki","Boetom|Karijoki|Botöm","Kunta|Kommun","Municipality"
11805,78,"FIN","Finland",5,"Western Finland",20,"Southern Ostrobothnia",75,"South Eastern Bothnia",417,"Kauhajoki","","Kunta|Kommun","Municipality"
11806,78,"FIN","Finland",5,"Western Finland",20,"Southern Ostrobothnia",75,"South Eastern Bothnia",418,"Teuva","Oestermark","Kunta|Kommun","Municipality"
11807,78,"FIN","Finland",5,"Western Finland",20,"Southern Ostrobothnia",76,"Southern Seinänaapuri",419,"Jalasjärvi","Jalasjaervi","Kunta|Kommun","Municipality"
11808,78,"FIN","Finland",5,"Western Finland",20,"Southern Ostrobothnia",76,"Southern Seinänaapuri",420,"Kurikka","","Kunta|Kommun","Municipality"
11809,78,"FIN","Finland",5,"Western Finland",20,"Southern Ostrobothnia",76,"Southern Seinänaapuri",421,"Peräseinäjoki","Peraeseinaejoki","Kunta|Kommun","Municipality"
11810,78,"FIN","Finland",5,"Western Finland",21,"Tavastia Proper",77,"Forssa",422,"Forssa","","Kunta|Kommun","Municipality"
11811,78,"FIN","Finland",5,"Western Finland",21,"Tavastia Proper",77,"Forssa",423,"Humppila","","Kunta|Kommun","Municipality"
11812,78,"FIN","Finland",5,"Western Finland",21,"Tavastia Proper",77,"Forssa",424,"Jokioinen","Jockis ","Kunta|Kommun","Municipality"
11813,78,"FIN","Finland",5,"Western Finland",21,"Tavastia Proper",77,"Forssa",425,"Tammela","","Kunta|Kommun","Municipality"
11814,78,"FIN","Finland",5,"Western Finland",21,"Tavastia Proper",77,"Forssa",426,"Ypäjä","Ypaejae","Kunta|Kommun","Municipality"
11815,78,"FIN","Finland",5,"Western Finland",21,"Tavastia Proper",78,"Hämeenlinna",427,"Hämeenlinna","Tavastehus","Kunta|Kommun","Municipality"
11816,78,"FIN","Finland",5,"Western Finland",21,"Tavastia Proper",78,"Hämeenlinna",428,"Hattula","","Kunta|Kommun","Municipality"
11817,78,"FIN","Finland",5,"Western Finland",21,"Tavastia Proper",78,"Hämeenlinna",429,"Hauho","","Kunta|Kommun","Municipality"
11818,78,"FIN","Finland",5,"Western Finland",21,"Tavastia Proper",78,"Hämeenlinna",430,"Janakkala","","Kunta|Kommun","Municipality"
11819,78,"FIN","Finland",5,"Western Finland",21,"Tavastia Proper",78,"Hämeenlinna",431,"Kalvola","","Kunta|Kommun","Municipality"
11820,78,"FIN","Finland",5,"Western Finland",21,"Tavastia Proper",78,"Hämeenlinna",432,"Lammi","","Kunta|Kommun","Municipality"
11821,78,"FIN","Finland",5,"Western Finland",21,"Tavastia Proper",78,"Hämeenlinna",433,"Renko","","Kunta|Kommun","Municipality"
11822,78,"FIN","Finland",5,"Western Finland",21,"Tavastia Proper",78,"Hämeenlinna",434,"Tuulos","","Kunta|Kommun","Municipality"
11823,78,"FIN","Finland",5,"Western Finland",21,"Tavastia Proper",79,"Lahti",435,"Hämeenkoski","Koski HL","Kunta|Kommun","Municipality"
11824,78,"FIN","Finland",5,"Western Finland",21,"Tavastia Proper",80,"Riihimäki",436,"Hausjärvi","Hausjaervi","Kunta|Kommun","Municipality"
11825,78,"FIN","Finland",5,"Western Finland",21,"Tavastia Proper",80,"Riihimäki",437,"Loppi","","Kunta|Kommun","Municipality"
11826,78,"FIN","Finland",5,"Western Finland",21,"Tavastia Proper",80,"Riihimäki",438,"Riihimäki","Riihimaeki","Kunta|Kommun","Municipality"
