"PID","ID_0","ISO","NAME_0","ID_1","NAME_1","ID_2","NAME_2","NL_NAME_2","VARNAME_2","TYPE_2","ENGTYPE_2"
25713,175,"PRY","Paraguay",11,"Cordillera",106,"Primero de Marzo","","","Distrito","District"
25714,175,"PRY","Paraguay",11,"Cordillera",107,"San Bernardino","","","Distrito","District"
25715,175,"PRY","Paraguay",11,"Cordillera",108,"San José Obrero","","","Distrito","District"
25716,175,"PRY","Paraguay",11,"Cordillera",109,"Santa Elena","","","Distrito","District"
25717,175,"PRY","Paraguay",11,"Cordillera",110,"Tobatí","","","Distrito","District"
25718,175,"PRY","Paraguay",11,"Cordillera",111,"Valenzuela","","","Distrito","District"
25719,175,"PRY","Paraguay",12,"Guairá",112,"Borja","","","Distrito","District"
25720,175,"PRY","Paraguay",12,"Guairá",113,"Capitán Mauricio José Troche","","","Distrito","District"
25721,175,"PRY","Paraguay",12,"Guairá",114,"Coronel Martínez","","","Distrito","District"
25722,175,"PRY","Paraguay",12,"Guairá",115,"Doctor Botrell","","","Distrito","District"
25723,175,"PRY","Paraguay",12,"Guairá",116,"Félix Perez Cardozo","","","Distrito","District"
25724,175,"PRY","Paraguay",12,"Guairá",117,"General Eugenio A. Garay","","","Distrito","District"
25725,175,"PRY","Paraguay",12,"Guairá",118,"Independencia","","","Distrito","District"
25726,175,"PRY","Paraguay",12,"Guairá",119,"Itapé","","","Distrito","District"
25727,175,"PRY","Paraguay",12,"Guairá",120,"Iturbe","","","Distrito","District"
25728,175,"PRY","Paraguay",12,"Guairá",121,"Jose A. Fassardi","","","Distrito","District"
25729,175,"PRY","Paraguay",12,"Guairá",122,"Mbocayaty del Guairá","","","Distrito","District"
25730,175,"PRY","Paraguay",12,"Guairá",123,"Natalicio Talavera","","","Distrito","District"
25731,175,"PRY","Paraguay",12,"Guairá",124,"Ñumí","","","Distrito","District"
25732,175,"PRY","Paraguay",12,"Guairá",125,"San Salvador","","","Distrito","District"
25733,175,"PRY","Paraguay",12,"Guairá",126,"Villarrica","","","Distrito","District"
25734,175,"PRY","Paraguay",12,"Guairá",127,"Yataity del Guairá","","","Distrito","District"
25735,175,"PRY","Paraguay",13,"Itapúa",128,"Alto Verá","","","Distrito","District"
25736,175,"PRY","Paraguay",13,"Itapúa",129,"Bella Vista","","","Distrito","District"
26811,175,"PRY","Paraguay",1,"Alto Paraguay",1,"Fuerte Olimpo","","","Distrito","District"
26812,175,"PRY","Paraguay",1,"Alto Paraguay",2,"La Victoria","","Puerto Casado","Distrito","District"
26813,175,"PRY","Paraguay",1,"Alto Paraguay",3,"Mayor Pablo Lagerenza","","","Distrito","District"
26814,175,"PRY","Paraguay",2,"Alto Paraná",4,"Ciudad del Este","","","Distrito","District"
26815,175,"PRY","Paraguay",2,"Alto Paraná",5,"Doctor Juan León Mallorquín","","","Distrito","District"
26816,175,"PRY","Paraguay",2,"Alto Paraná",6,"Domingo Martínez de Irala","","","Distrito","District"
26817,175,"PRY","Paraguay",2,"Alto Paraná",7,"Hernandarias","","","Distrito","District"
26818,175,"PRY","Paraguay",2,"Alto Paraná",8,"Itakyry","","Itaquyry|Ytakyry","Distrito","District"
26819,175,"PRY","Paraguay",2,"Alto Paraná",9,"Juan Emilio O'Leary","","","Distrito","District"
26820,175,"PRY","Paraguay",2,"Alto Paraná",10,"Los Cedrales","","","Distrito","District"
26821,175,"PRY","Paraguay",2,"Alto Paraná",11,"Mbaracayú","","","Distrito","District"
26822,175,"PRY","Paraguay",2,"Alto Paraná",12,"Minga Guazú","","","Distrito","District"
26823,175,"PRY","Paraguay",2,"Alto Paraná",13,"Minga Porá","","","Distrito","District"
26824,175,"PRY","Paraguay",2,"Alto Paraná",14,"Ñacunday","","","Distrito","District"
26825,175,"PRY","Paraguay",2,"Alto Paraná",15,"Naranjal","","","Distrito","District"
26826,175,"PRY","Paraguay",2,"Alto Paraná",16,"Presidente Franco","","","Distrito","District"
26827,175,"PRY","Paraguay",2,"Alto Paraná",17,"San Alberto","","","Distrito","District"
26828,175,"PRY","Paraguay",2,"Alto Paraná",18,"San Cristóbal","","","Distrito","District"
26829,175,"PRY","Paraguay",2,"Alto Paraná",19,"Santa Rita","","","Distrito","District"
26830,175,"PRY","Paraguay",2,"Alto Paraná",20,"Santa Rosa del Monday","","","Distrito","District"
26831,175,"PRY","Paraguay",2,"Alto Paraná",21,"Yguazú","","","Distrito","District"
26832,175,"PRY","Paraguay",3,"Amambay",22,"Bella Vista","","","Distrito","District"
26833,175,"PRY","Paraguay",3,"Amambay",23,"Capitán Bado","","","Distrito","District"
26834,175,"PRY","Paraguay",3,"Amambay",24,"Pedro Juan Caballero","","","Distrito","District"
26835,175,"PRY","Paraguay",4,"Asunción",25,"Asunción","","","Distrito","District"
26836,175,"PRY","Paraguay",5,"Boquerón",26,"Doctor Pedro P. Peña","","","Distrito","District"
26837,175,"PRY","Paraguay",5,"Boquerón",27,"General Eugenio A. Garay","","","Distrito","District"
26838,175,"PRY","Paraguay",5,"Boquerón",28,"Mariscal José Félix Estigarribia","","","Distrito","District"
26839,175,"PRY","Paraguay",6,"Caaguazú",29,"3 de Febrero","","","Distrito","District"
26840,175,"PRY","Paraguay",6,"Caaguazú",30,"Caaguazú","","","Distrito","District"
26841,175,"PRY","Paraguay",6,"Caaguazú",31,"Carayaó","","","Distrito","District"
26842,175,"PRY","Paraguay",6,"Caaguazú",32,"Coronel Oviedo","","","Distrito","District"
26843,175,"PRY","Paraguay",6,"Caaguazú",33,"Doctor Cecilio Báez","","","Distrito","District"
26844,175,"PRY","Paraguay",6,"Caaguazú",34,"Doctor J. Eulogio Estigarribia","","","Distrito","District"
26845,175,"PRY","Paraguay",6,"Caaguazú",35,"Doctor Juan Manuel Frutos","","","Distrito","District"
26846,175,"PRY","Paraguay",6,"Caaguazú",36,"José Domingo Ocampos","","","Distrito","District"
26847,175,"PRY","Paraguay",6,"Caaguazú",37,"La Pastora","","","Distrito","District"
26848,175,"PRY","Paraguay",6,"Caaguazú",38,"Mariscal Francisco Solano López","","","Distrito","District"
26849,175,"PRY","Paraguay",6,"Caaguazú",39,"Nueva Londres","","","Distrito","District"
26850,175,"PRY","Paraguay",6,"Caaguazú",40,"R. I. 3 Corrales","","","Distrito","District"
26851,175,"PRY","Paraguay",6,"Caaguazú",41,"Raúl Arsenio Oviedo","","","Distrito","District"
26852,175,"PRY","Paraguay",6,"Caaguazú",42,"Repatriación","","","Distrito","District"
26853,175,"PRY","Paraguay",6,"Caaguazú",43,"San Joaquín","","","Distrito","District"
26854,175,"PRY","Paraguay",6,"Caaguazú",44,"San José de los Arroyos","","","Distrito","District"
26855,175,"PRY","Paraguay",6,"Caaguazú",45,"Santa Rosa del Mbutuy","","Juan Ramón Chaves","Distrito","District"
26856,175,"PRY","Paraguay",6,"Caaguazú",46,"Simón Bolívar","","","Distrito","District"
26857,175,"PRY","Paraguay",6,"Caaguazú",47,"Yhú","","","Distrito","District"
26858,175,"PRY","Paraguay",7,"Caazapá",48,"Abaí","","","Distrito","District"
26859,175,"PRY","Paraguay",7,"Caazapá",49,"Caazapá","","","Distrito","District"
26860,175,"PRY","Paraguay",7,"Caazapá",50,"Doctor Moisés S. Bertoni","","","Distrito","District"
26861,175,"PRY","Paraguay",7,"Caazapá",51,"Emboscada (Caazapa)","","","Distrito","District"
26862,175,"PRY","Paraguay",7,"Caazapá",52,"Fulgencio Yegros","","","Distrito","District"
26863,175,"PRY","Paraguay",7,"Caazapá",53,"General Higinio Morínigo","","","Distrito","District"
26864,175,"PRY","Paraguay",7,"Caazapá",54,"Maciel","","","Distrito","District"
26865,175,"PRY","Paraguay",7,"Caazapá",55,"San Juan Nepomuceno","","","Distrito","District"
26866,175,"PRY","Paraguay",7,"Caazapá",56,"Tabaí","","","Distrito","District"
26867,175,"PRY","Paraguay",7,"Caazapá",57,"Yuty","","","Distrito","District"
26868,175,"PRY","Paraguay",8,"Canindeyú",58,"Corpus Christi","","","Distrito","District"
26869,175,"PRY","Paraguay",8,"Canindeyú",59,"General Francisco C. Alvarez","","","Distrito","District"
26870,175,"PRY","Paraguay",8,"Canindeyú",60,"Itanara","","","Distrito","District"
26871,175,"PRY","Paraguay",8,"Canindeyú",61,"Salto del Guairá","","","Distrito","District"
26872,175,"PRY","Paraguay",8,"Canindeyú",62,"Villa San Isidro Curuguaty","","","Distrito","District"
26873,175,"PRY","Paraguay",8,"Canindeyú",63,"Villa Ygatimí","","Igatimi|Ygatymí","Distrito","District"
26874,175,"PRY","Paraguay",8,"Canindeyú",64,"Ypejhú","","","Distrito","District"
26875,175,"PRY","Paraguay",9,"Central",65,"Areguá","","","Distrito","District"
26876,175,"PRY","Paraguay",9,"Central",66,"Capiatá","","","Distrito","District"
26877,175,"PRY","Paraguay",9,"Central",67,"Fernando de la Mora","","","Distrito","District"
26878,175,"PRY","Paraguay",9,"Central",68,"Guarambaré","","","Distrito","District"
26879,175,"PRY","Paraguay",9,"Central",69,"Itá","","","Distrito","District"
26880,175,"PRY","Paraguay",9,"Central",70,"Itauguá","","","Distrito","District"
26881,175,"PRY","Paraguay",9,"Central",71,"Juan Augusto Saldívar","","","Distrito","District"
26882,175,"PRY","Paraguay",9,"Central",72,"Lambaré","","","Distrito","District"
26883,175,"PRY","Paraguay",9,"Central",73,"Limpio","","","Distrito","District"
26884,175,"PRY","Paraguay",9,"Central",74,"Luque","","","Distrito","District"
26885,175,"PRY","Paraguay",9,"Central",75,"Mariano Roque Alonso","","","Distrito","District"
26886,175,"PRY","Paraguay",9,"Central",76,"Ñemby","","","Distrito","District"
26887,175,"PRY","Paraguay",9,"Central",77,"Nueva Italia","","","Distrito","District"
26888,175,"PRY","Paraguay",9,"Central",78,"San Antonio","","","Distrito","District"
26889,175,"PRY","Paraguay",9,"Central",79,"San Lorenzo","","","Distrito","District"
26890,175,"PRY","Paraguay",9,"Central",80,"Villa Elisa","","","Distrito","District"
26891,175,"PRY","Paraguay",9,"Central",81,"Villeta","","","Distrito","District"
26892,175,"PRY","Paraguay",9,"Central",82,"Water body","","","Water body","Water body"
26893,175,"PRY","Paraguay",9,"Central",83,"Ypacaraí","","","Distrito","District"
26894,175,"PRY","Paraguay",9,"Central",84,"Ypané","","","Distrito","District"
26895,175,"PRY","Paraguay",10,"Concepción",85,"Belén","","","Distrito","District"
26896,175,"PRY","Paraguay",10,"Concepción",86,"Concepción","","","Distrito","District"
26897,175,"PRY","Paraguay",10,"Concepción",87,"Horqueta","","","Distrito","District"
26898,175,"PRY","Paraguay",10,"Concepción",88,"Loreto","","","Distrito","District"
26899,175,"PRY","Paraguay",10,"Concepción",89,"San Carlos","","","Distrito","District"
26900,175,"PRY","Paraguay",10,"Concepción",90,"San Lázaro","","","Distrito","District"
26901,175,"PRY","Paraguay",10,"Concepción",91,"Yby Yaù","","","Distrito","District"
26902,175,"PRY","Paraguay",11,"Cordillera",92,"Altos","","","Distrito","District"
26903,175,"PRY","Paraguay",11,"Cordillera",93,"Arroyos y Esteros","","","Distrito","District"
26904,175,"PRY","Paraguay",11,"Cordillera",94,"Atyrá","","","Distrito","District"
26905,175,"PRY","Paraguay",11,"Cordillera",95,"Caacupé","","","Distrito","District"
26906,175,"PRY","Paraguay",11,"Cordillera",96,"Caraguatay","","","Distrito","District"
26907,175,"PRY","Paraguay",11,"Cordillera",97,"Emboscada","","","Distrito","District"
26908,175,"PRY","Paraguay",11,"Cordillera",98,"Eusebio Ayala","","","Distrito","District"
26909,175,"PRY","Paraguay",11,"Cordillera",99,"Isla Pucú","","","Distrito","District"
26910,175,"PRY","Paraguay",11,"Cordillera",100,"Itacurubí de la Cordillera","","","Distrito","District"
26911,175,"PRY","Paraguay",11,"Cordillera",101,"Juan de Mena","","","Distrito","District"
26912,175,"PRY","Paraguay",11,"Cordillera",102,"Loma Grande","","","Distrito","District"
26913,175,"PRY","Paraguay",11,"Cordillera",103,"Mbocayaty del Yhaguy","","","Distrito","District"
26914,175,"PRY","Paraguay",11,"Cordillera",104,"Nueva Colombia","","","Distrito","District"
26915,175,"PRY","Paraguay",11,"Cordillera",105,"Piribebuy","","","Distrito","District"
26916,175,"PRY","Paraguay",13,"Itapúa",130,"Cambyreta","","","Distrito","District"
26917,175,"PRY","Paraguay",13,"Itapúa",131,"Capitán Meza","","","Distrito","District"
26918,175,"PRY","Paraguay",13,"Itapúa",132,"Capitán Miranda","","","Distrito","District"
26919,175,"PRY","Paraguay",13,"Itapúa",133,"Carlos Antonio López","","","Distrito","District"
26920,175,"PRY","Paraguay",13,"Itapúa",134,"Carmen del Paraná","","","Distrito","District"
26921,175,"PRY","Paraguay",13,"Itapúa",135,"Coronel Bogado","","","Distrito","District"
26922,175,"PRY","Paraguay",13,"Itapúa",136,"Edelira","","","Distrito","District"
26923,175,"PRY","Paraguay",13,"Itapúa",137,"Encarnación","","","Distrito","District"
26924,175,"PRY","Paraguay",13,"Itapúa",138,"Fram","","","Distrito","District"
26925,175,"PRY","Paraguay",13,"Itapúa",139,"General Artigas","","","Distrito","District"
26926,175,"PRY","Paraguay",13,"Itapúa",140,"General Delgado","","","Distrito","District"
26927,175,"PRY","Paraguay",13,"Itapúa",141,"Hohenau","","","Distrito","District"
26928,175,"PRY","Paraguay",13,"Itapúa",142,"Jesús","","","Distrito","District"
26929,175,"PRY","Paraguay",13,"Itapúa",143,"José Leandro Oviedo","","","Distrito","District"
26930,175,"PRY","Paraguay",13,"Itapúa",144,"La Paz","","","Distrito","District"
26931,175,"PRY","Paraguay",13,"Itapúa",145,"Mayor Julio D. Otaño","","","Distrito","District"
26932,175,"PRY","Paraguay",13,"Itapúa",146,"Natalio","","","Distrito","District"
26933,175,"PRY","Paraguay",13,"Itapúa",147,"Nueva Alborada","","","Distrito","District"
26934,175,"PRY","Paraguay",13,"Itapúa",148,"Obligado","","","Distrito","District"
26935,175,"PRY","Paraguay",13,"Itapúa",149,"Pirapó","","","Distrito","District"
26936,175,"PRY","Paraguay",13,"Itapúa",150,"San Cosme y Damián","","","Distrito","District"
26937,175,"PRY","Paraguay",13,"Itapúa",151,"San Juan del Paraná","","","Distrito","District"
26938,175,"PRY","Paraguay",13,"Itapúa",152,"San Pedro del Paraná","","","Distrito","District"
26939,175,"PRY","Paraguay",13,"Itapúa",153,"San Rafael del Paraná","","","Distrito","District"
26940,175,"PRY","Paraguay",13,"Itapúa",154,"Tomás Romero Pereira","","","Distrito","District"
26941,175,"PRY","Paraguay",13,"Itapúa",155,"Trinidad","","","Distrito","District"
26942,175,"PRY","Paraguay",13,"Itapúa",156,"Yatytay","","","Distrito","District"
26943,175,"PRY","Paraguay",14,"Misiones",157,"Ayolas","","","Distrito","District"
26944,175,"PRY","Paraguay",14,"Misiones",158,"San Ignacio","","","Distrito","District"
26945,175,"PRY","Paraguay",14,"Misiones",159,"San Juan Bautista de las Misiones","","","Distrito","District"
26946,175,"PRY","Paraguay",14,"Misiones",160,"San Miguel","","","Distrito","District"
26947,175,"PRY","Paraguay",14,"Misiones",161,"San Patricio","","","Distrito","District"
26948,175,"PRY","Paraguay",14,"Misiones",162,"Santa María","","","Distrito","District"
26949,175,"PRY","Paraguay",14,"Misiones",163,"Santa Rosa","","","Distrito","District"
26950,175,"PRY","Paraguay",14,"Misiones",164,"Santiago","","","Distrito","District"
26951,175,"PRY","Paraguay",14,"Misiones",165,"Villa Florida","","","Distrito","District"
26952,175,"PRY","Paraguay",14,"Misiones",166,"Yabebyry","","","Distrito","District"
26953,175,"PRY","Paraguay",15,"Ñeembucú",167,"Alberdi","","","Distrito","District"
26954,175,"PRY","Paraguay",15,"Ñeembucú",168,"Cerrito","","","Distrito","District"
26955,175,"PRY","Paraguay",15,"Ñeembucú",169,"Desmochados","","","Distrito","District"
26956,175,"PRY","Paraguay",15,"Ñeembucú",170,"General José Eduvigis Díaz","","","Distrito","District"
26957,175,"PRY","Paraguay",15,"Ñeembucú",171,"Guazú Cuá","","","Distrito","District"
26958,175,"PRY","Paraguay",15,"Ñeembucú",172,"Humaitá","","","Distrito","District"
26959,175,"PRY","Paraguay",15,"Ñeembucú",173,"Isla Umbú","","","Distrito","District"
26960,175,"PRY","Paraguay",15,"Ñeembucú",174,"Laureles","","","Distrito","District"
26961,175,"PRY","Paraguay",15,"Ñeembucú",175,"Mayor José J. Martinez","","","Distrito","District"
26962,175,"PRY","Paraguay",15,"Ñeembucú",176,"Paso de Patria","","","Distrito","District"
26963,175,"PRY","Paraguay",15,"Ñeembucú",177,"Pilar","","","Distrito","District"
26964,175,"PRY","Paraguay",15,"Ñeembucú",178,"San Juan Bautista del Ñeembucu","","","Distrito","District"
26965,175,"PRY","Paraguay",15,"Ñeembucú",179,"Tacuaras","","","Distrito","District"
26966,175,"PRY","Paraguay",15,"Ñeembucú",180,"Villa Franca","","","Distrito","District"
26967,175,"PRY","Paraguay",15,"Ñeembucú",181,"Villa Oliva","","","Distrito","District"
26968,175,"PRY","Paraguay",15,"Ñeembucú",182,"Villalbín","","","Distrito","District"
26969,175,"PRY","Paraguay",16,"Paraguarí",183,"Acahay","","","Distrito","District"
26970,175,"PRY","Paraguay",16,"Paraguarí",184,"Caapucú","","","Distrito","District"
26971,175,"PRY","Paraguay",16,"Paraguarí",185,"Carapeguá","","","Distrito","District"
26972,175,"PRY","Paraguay",16,"Paraguarí",186,"Escobar","","","Distrito","District"
26973,175,"PRY","Paraguay",16,"Paraguarí",187,"General Bernardino Caballero","","","Distrito","District"
26974,175,"PRY","Paraguay",16,"Paraguarí",188,"La Colmena","","","Distrito","District"
26975,175,"PRY","Paraguay",16,"Paraguarí",189,"Mbuyapey","","","Distrito","District"
26976,175,"PRY","Paraguay",16,"Paraguarí",190,"Paraguarí","","","Distrito","District"
26977,175,"PRY","Paraguay",16,"Paraguarí",191,"Pirayú","","","Distrito","District"
26978,175,"PRY","Paraguay",16,"Paraguarí",192,"Quiíndy","","","Distrito","District"
26979,175,"PRY","Paraguay",16,"Paraguarí",193,"Quyquyhó","","","Distrito","District"
26980,175,"PRY","Paraguay",16,"Paraguarí",194,"San Roque González de Santa Cruz","","","Distrito","District"
26981,175,"PRY","Paraguay",16,"Paraguarí",195,"Sapucaí","","","Distrito","District"
26982,175,"PRY","Paraguay",16,"Paraguarí",196,"Tebicuarymí","","","Distrito","District"
26983,175,"PRY","Paraguay",16,"Paraguarí",197,"Yaguarón","","","Distrito","District"
26984,175,"PRY","Paraguay",16,"Paraguarí",198,"Ybycui","","","Distrito","District"
26985,175,"PRY","Paraguay",16,"Paraguarí",199,"Ybytimí","","","Distrito","District"
26986,175,"PRY","Paraguay",17,"Presidente Hayes",200,"Benjamín Aceval","","","Distrito","District"
26987,175,"PRY","Paraguay",17,"Presidente Hayes",201,"Pozo Colorado","","","Distrito","District"
26988,175,"PRY","Paraguay",17,"Presidente Hayes",202,"Puerto Pinasco","","","Distrito","District"
26989,175,"PRY","Paraguay",17,"Presidente Hayes",203,"Villa Hayes","","","Distrito","District"
26990,175,"PRY","Paraguay",18,"San Pedro",204,"25 de Diciembre","","","Distrito","District"
26991,175,"PRY","Paraguay",18,"San Pedro",205,"Antequera","","","Distrito","District"
26992,175,"PRY","Paraguay",18,"San Pedro",206,"Choré","","","Distrito","District"
26993,175,"PRY","Paraguay",18,"San Pedro",207,"General Elizardo Aquino","","","Distrito","District"
26994,175,"PRY","Paraguay",18,"San Pedro",208,"General Isidoro Resquín","","","Distrito","District"
26995,175,"PRY","Paraguay",18,"San Pedro",209,"Itacurubí del Rosario","","","Distrito","District"
26996,175,"PRY","Paraguay",18,"San Pedro",210,"Lima","","","Distrito","District"
26997,175,"PRY","Paraguay",18,"San Pedro",211,"Nueva Germania","","","Distrito","District"
26998,175,"PRY","Paraguay",18,"San Pedro",212,"San Estanislao","","","Distrito","District"
26999,175,"PRY","Paraguay",18,"San Pedro",213,"San Pablo","","","Distrito","District"
27000,175,"PRY","Paraguay",18,"San Pedro",214,"San Pedro del Ycuamandyyú","","","Distrito","District"
27001,175,"PRY","Paraguay",18,"San Pedro",215,"Tacuatí","","","Distrito","District"
27002,175,"PRY","Paraguay",18,"San Pedro",216,"Unión","","","Distrito","District"
27003,175,"PRY","Paraguay",18,"San Pedro",217,"Villa del Rosario","","","Distrito","District"
27004,175,"PRY","Paraguay",18,"San Pedro",218,"Yataity del Norte","","","Distrito","District"
