"PID","ID_0","ISO","NAME_0","ID_1","NAME_1","NL_NAME_1","VARNAME_1","TYPE_1","ENGTYPE_1"
2206,175,"PRY","Paraguay",1,"Alto Paraguay","","","Departamento","Department"
2207,175,"PRY","Paraguay",2,"Alto Paraná","","","Departamento","Department"
2208,175,"PRY","Paraguay",3,"Amambay","","","Departamento","Department"
2209,175,"PRY","Paraguay",4,"Asunción","","","Distrito Capital","Capital District"
2210,175,"PRY","Paraguay",5,"Boquerón","","","Departamento","Department"
2211,175,"PRY","Paraguay",6,"Caaguazú","","","Departamento","Department"
2212,175,"PRY","Paraguay",7,"Caazapá","","","Departamento","Department"
2213,175,"PRY","Paraguay",8,"Canindeyú","","","Departamento","Department"
2214,175,"PRY","Paraguay",9,"Central","","","Departamento","Department"
2215,175,"PRY","Paraguay",10,"Concepción","","","Departamento","Department"
2216,175,"PRY","Paraguay",11,"Cordillera","","","Departamento","Department"
2217,175,"PRY","Paraguay",12,"Guairá","","","Departamento","Department"
2218,175,"PRY","Paraguay",13,"Itapúa","","","Departamento","Department"
2219,175,"PRY","Paraguay",14,"Misiones","","","Departamento","Department"
2220,175,"PRY","Paraguay",15,"Ñeembucú","","","Departamento","Department"
2221,175,"PRY","Paraguay",16,"Paraguarí","","","Departamento","Department"
2222,175,"PRY","Paraguay",17,"Presidente Hayes","","","Departamento","Department"
2223,175,"PRY","Paraguay",18,"San Pedro","","","Departamento","Department"
