"PID","ID_0","ISO","NAME_0","ID_1","NAME_1","NL_NAME_1","VARNAME_1","TYPE_1","ENGTYPE_1"
1645,114,"JPN","Japan",1,"Aichi","<U+611B><U+77E5><U+770C>","Aiti","Ken","Prefecture"
1646,114,"JPN","Japan",2,"Akita","<U+79CB><U+7530><U+770C>","","Ken","Prefecture"
1647,114,"JPN","Japan",3,"Aomori","<U+9752><U+68EE><U+770C>","","Ken","Prefecture"
1648,114,"JPN","Japan",4,"Chiba","<U+5343><U+8449><U+770C>","Tiba|Tsiba","Ken","Prefecture"
1649,114,"JPN","Japan",5,"Ehime","<U+611B><U+5A9B><U+770C>","","Ken","Prefecture"
1650,114,"JPN","Japan",6,"Fukui","<U+798F><U+4E95><U+770C>","Hukui","Ken","Prefecture"
1651,114,"JPN","Japan",7,"Fukuoka","<U+798F><U+5CA1><U+770C>","Hukuoka","Ken","Prefecture"
1652,114,"JPN","Japan",8,"Fukushima","<U+798F><U+5CF6><U+770C>","Hukusima","Ken","Prefecture"
1653,114,"JPN","Japan",9,"Gifu","<U+5C90><U+961C><U+770C>","Gihu","Ken","Prefecture"
1654,114,"JPN","Japan",10,"Gunma","<U+7FA4><U+99AC><U+770C>","GunmaGumma","Ken","Prefecture"
1655,114,"JPN","Japan",11,"Hiroshima","<U+5E83><U+5CF6><U+770C>","Hirosima","Ken","Prefecture"
1656,114,"JPN","Japan",12,"Hokkaido","<U+5317><U+6D77><U+9053>","Ezo|Yeso|Yezo","Do","Circuit"
1657,114,"JPN","Japan",13,"Hyogo","<U+5175><U+5EAB><U+770C>","Hiogo","Ken","Prefecture"
1658,114,"JPN","Japan",14,"Ibaraki","<U+8328><U+57CE><U+770C>","","Ken","Prefecture"
1659,114,"JPN","Japan",15,"Ishikawa","<U+77F3><U+5DDD><U+770C>","Isikawa","Ken","Prefecture"
1660,114,"JPN","Japan",16,"Iwate","<U+5CA9><U+624B><U+770C>","","Ken","Prefecture"
1661,114,"JPN","Japan",17,"Kagawa","<U+9999><U+5DDD><U+770C>","","Ken","Prefecture"
1662,114,"JPN","Japan",18,"Kagoshima","<U+9E7F><U+5150><U+5CF6><U+770C>","","Ken","Prefecture"
1663,114,"JPN","Japan",19,"Kanagawa","<U+795E><U+5948><U+5DDD><U+770C>","","Ken","Prefecture"
1664,114,"JPN","Japan",20,"Kochi","<U+9AD8><U+77E5><U+770C>","Koti","Ken","Prefecture"
1665,114,"JPN","Japan",21,"Kumamoto","<U+718A><U+672C><U+770C>","","Ken","Prefecture"
1666,114,"JPN","Japan",22,"Kyoto","<U+4EAC><U+90FD><U+5E9C>","Kioto","Fu","Urban Prefecture"
1667,114,"JPN","Japan",23,"Mie","<U+4E09><U+91CD><U+770C>","Miye","Ken","Prefecture"
1668,114,"JPN","Japan",24,"Miyagi","<U+5BAE><U+57CE><U+770C>","","Ken","Prefecture"
1669,114,"JPN","Japan",25,"Miyazaki","<U+5BAE><U+5D0E><U+770C>","","Ken","Prefecture"
1670,114,"JPN","Japan",26,"Nagano","<U+9577><U+91CE><U+770C>","","Ken","Prefecture"
1671,114,"JPN","Japan",27,"Naoasaki","<U+9577><U+5D0E><U+770C>","Nagasaki","Ken","Prefecture"
1672,114,"JPN","Japan",28,"Nara","<U+5948><U+826F><U+770C>","","Ken","Prefecture"
1673,114,"JPN","Japan",29,"Niigata","<U+65B0><U+6F5F><U+770C>","","Ken","Prefecture"
1674,114,"JPN","Japan",30,"Oita","<U+5927><U+5206><U+770C>","","Ken","Prefecture"
1675,114,"JPN","Japan",31,"Okayama","<U+5CA1><U+5C71><U+770C>","","Ken","Prefecture"
1676,114,"JPN","Japan",32,"Okinawa","<U+6C96><U+7E04><U+770C>","","Ken","Prefecture"
1677,114,"JPN","Japan",33,"Osaka","<U+5927><U+962A><U+5E9C>","","Fu","Urban Prefecture"
1678,114,"JPN","Japan",34,"Saga","<U+4F50><U+8CC0><U+770C>","","Ken","Prefecture"
1679,114,"JPN","Japan",35,"Saitama","<U+57FC><U+7389><U+770C>","","Ken","Prefecture"
1680,114,"JPN","Japan",36,"Shiga","<U+6ECB><U+8CC0><U+770C>","Siga","Ken","Prefecture"
1681,114,"JPN","Japan",37,"Shimane","<U+5CF6><U+6839><U+770C>","Simane","Ken","Prefecture"
1682,114,"JPN","Japan",38,"Shizuoka","<U+9759><U+5CA1><U+770C>","Sizuoka","Ken","Prefecture"
1683,114,"JPN","Japan",39,"Tochigi","<U+6803><U+6728><U+770C>","Totigi","Ken","Prefecture"
1684,114,"JPN","Japan",40,"Tokushima","<U+5FB3><U+5CF6><U+770C>","Tokusima","Ken","Prefecture"
1685,114,"JPN","Japan",41,"Tokyo","<U+6771><U+4EAC><U+90FD>","Edo|Yedo|Tokio|T¢quio","To","Metropolis"
1686,114,"JPN","Japan",42,"Tottori","<U+9CE5><U+53D6><U+770C>","","Ken","Prefecture"
1687,114,"JPN","Japan",43,"Toyama","<U+5BCC><U+5C71><U+770C>","","Ken","Prefecture"
1688,114,"JPN","Japan",44,"Wakayama","<U+548C><U+6B4C><U+5C71><U+770C>","","Ken","Prefecture"
1689,114,"JPN","Japan",45,"Yamagata","<U+5C71><U+5F62><U+770C>","","Ken","Prefecture"
1690,114,"JPN","Japan",46,"Yamaguchi","<U+5C71><U+53E3><U+770C>","Yamaguti","Ken","Prefecture"
1691,114,"JPN","Japan",47,"Yamanashi","<U+5C71><U+68A8><U+770C>","Yamanasi","Ken","Prefecture"
