"PID","ID_0","ISO","NAME_0","ID_1","NAME_1","ID_2","NAME_2","ID_3","NAME_3","NL_NAME_3","VARNAME_3","TYPE_3","ENGTYPE_3"
278,19,"BGD","Bangladesh",3,"Dhaka",9,"Dhaka",21,"Munshigonj","","Munshiganj|Munshigonj","Zila","District"
279,19,"BGD","Bangladesh",3,"Dhaka",9,"Dhaka",22,"Naray Angonj","","Narayanganj|Naray Angonj","Zila","District"
280,19,"BGD","Bangladesh",3,"Dhaka",9,"Dhaka",23,"Narshingdi","","Narsingdi|Narshingdi","Zila","District"
281,19,"BGD","Bangladesh",3,"Dhaka",9,"Dhaka",24,"Rajbari","","","Zila","District"
282,19,"BGD","Bangladesh",3,"Dhaka",10,"Faridpur",25,"Faridpur","","","Zila","District"
283,19,"BGD","Bangladesh",3,"Dhaka",10,"Faridpur",26,"Gopalgonj","","Gopalganj|Gopalgonj","Zila","District"
284,19,"BGD","Bangladesh",3,"Dhaka",10,"Faridpur",27,"Madaripur","","","Zila","District"
285,19,"BGD","Bangladesh",3,"Dhaka",10,"Faridpur",28,"Rajbari","","","Zila","District"
286,19,"BGD","Bangladesh",3,"Dhaka",10,"Faridpur",29,"Shariatpur","","Shariatpur|Sariatpur|Shariyatpur","Zila","District"
287,19,"BGD","Bangladesh",3,"Dhaka",11,"Jamalpur",30,"Jamalpur","","","Zila","District"
288,19,"BGD","Bangladesh",3,"Dhaka",11,"Jamalpur",31,"Sherpur","","","Zila","District"
289,19,"BGD","Bangladesh",3,"Dhaka",12,"Kishoreganj",32,"Kishoreganj","","Kishoreganj|Kishoreganj|Kishorgonj","Zila","District"
290,19,"BGD","Bangladesh",3,"Dhaka",13,"Mymensingh",33,"Nasirabad","","Mymensingh|Nasirabad","Zila","District"
291,19,"BGD","Bangladesh",3,"Dhaka",13,"Mymensingh",34,"Netrakona","","Netrakona|Netrokona","Zila","District"
292,19,"BGD","Bangladesh",3,"Dhaka",14,"Tangali",35,"Tangail","","","Zila","District"
293,19,"BGD","Bangladesh",4,"Khulna",15,"Jessore",36,"Jessore","","","Zila","District"
294,19,"BGD","Bangladesh",4,"Khulna",15,"Jessore",37,"Jhenaidah","","Jhenaidah|Jhinaidah|Jhinaidha","Zila","District"
295,19,"BGD","Bangladesh",4,"Khulna",15,"Jessore",38,"Magura","","","Zila","District"
296,19,"BGD","Bangladesh",4,"Khulna",15,"Jessore",39,"Narail","","","Zila","District"
297,19,"BGD","Bangladesh",4,"Khulna",16,"Khulna",40,"Bagerhat","","","Zila","District"
298,19,"BGD","Bangladesh",4,"Khulna",16,"Khulna",41,"Khulna","","","Zila","District"
1251,19,"BGD","Bangladesh",1,"Barisal",1,"Barisal",1,"Barisal","","","Zila","District"
1252,19,"BGD","Bangladesh",1,"Barisal",1,"Barisal",2,"Jhalakati","","Jhalakati|Jhalakhati|Jhalkathi","Zila","District"
1253,19,"BGD","Bangladesh",1,"Barisal",1,"Barisal",3,"Pirojpur","","","Zila","District"
1254,19,"BGD","Bangladesh",1,"Barisal",2,"Patuakhali",4,"Bhola","","","Zila","District"
1255,19,"BGD","Bangladesh",1,"Barisal",2,"Patuakhali",5,"Borgona","","Barguna|Borgona","Zila","District"
1256,19,"BGD","Bangladesh",1,"Barisal",2,"Patuakhali",6,"Patuakhali","","","Zila","District"
1257,19,"BGD","Bangladesh",2,"Chittagong",3,"Bandarban",7,"Bandarbon","","Bandarban|Bandarbon","Zila","District"
1258,19,"BGD","Bangladesh",2,"Chittagong",4,"Chittagong",8,"Chittagong","","Chittagong|Chitagongue","Zila","District"
1259,19,"BGD","Bangladesh",2,"Chittagong",4,"Chittagong",9,"Cox's Bazar","","","Zila","District"
1260,19,"BGD","Bangladesh",2,"Chittagong",5,"Comilla",10,"Brahmanbaria","","","Zila","District"
1261,19,"BGD","Bangladesh",2,"Chittagong",5,"Comilla",11,"Chandpur","","","Zila","District"
1262,19,"BGD","Bangladesh",2,"Chittagong",5,"Comilla",12,"Comilla","","","Zila","District"
1263,19,"BGD","Bangladesh",2,"Chittagong",6,"Khagrachari",13,"Khagrachari","","Khagrachari|Khagrachhari|Ramgarh","Zila","District"
1264,19,"BGD","Bangladesh",2,"Chittagong",7,"Noakhali",14,"Feni","","","Zila","District"
1265,19,"BGD","Bangladesh",2,"Chittagong",7,"Noakhali",15,"Lakshmipur","","Lakshmipur|Laksmipur|Laxmipur","Zila","District"
1266,19,"BGD","Bangladesh",2,"Chittagong",7,"Noakhali",16,"Noakhali","","","Zila","District"
1267,19,"BGD","Bangladesh",2,"Chittagong",8,"Rangamati",17,"Parbattya Chattagram","","Parbattya Chattagram|Chittagong Hill Tracts|Rangamati","Zila","District"
1268,19,"BGD","Bangladesh",3,"Dhaka",9,"Dhaka",18,"Dhaka","","","Zila","District"
1269,19,"BGD","Bangladesh",3,"Dhaka",9,"Dhaka",19,"Gazipur","","","Zila","District"
1270,19,"BGD","Bangladesh",3,"Dhaka",9,"Dhaka",20,"Manikgonj","","Manikganj|Manikgonj","Zila","District"
1271,19,"BGD","Bangladesh",4,"Khulna",16,"Khulna",42,"Pirojpur","","","Zila","District"
1272,19,"BGD","Bangladesh",4,"Khulna",16,"Khulna",43,"Shatkhira","","Satkhira|Shatkhira","Zila","District"
1273,19,"BGD","Bangladesh",4,"Khulna",17,"Kushtia",44,"Choua Danga","","Chuadanga|Choua Danga","Zila","District"
1274,19,"BGD","Bangladesh",4,"Khulna",17,"Kushtia",45,"Kustia","","Kushtia|Kustia","Zila","District"
1275,19,"BGD","Bangladesh",4,"Khulna",17,"Kushtia",46,"Meherpur","","","Zila","District"
1276,19,"BGD","Bangladesh",5,"Rajshahi",18,"Bogra",47,"Bogra","","","Zila","District"
1277,19,"BGD","Bangladesh",5,"Rajshahi",18,"Bogra",48,"Jaipurhat","","Jaipurhat|Joypurhat","Zila","District"
1278,19,"BGD","Bangladesh",5,"Rajshahi",19,"Dinajpur",49,"Dinajpur","","","Zila","District"
1279,19,"BGD","Bangladesh",5,"Rajshahi",19,"Dinajpur",50,"Panchagarh","","Panchagarh|Panchagar|Panchagor","Zila","District"
1280,19,"BGD","Bangladesh",5,"Rajshahi",19,"Dinajpur",51,"Thakurgaon","","","Zila","District"
1281,19,"BGD","Bangladesh",5,"Rajshahi",20,"Pabna",52,"Pabna","","","Zila","District"
1282,19,"BGD","Bangladesh",5,"Rajshahi",20,"Pabna",53,"Sirajgonj","","Sirajganj|Sirajgonj","Zila","District"
1283,19,"BGD","Bangladesh",5,"Rajshahi",21,"Rajshahi",54,"Naogaon","","","Zila","District"
1284,19,"BGD","Bangladesh",5,"Rajshahi",21,"Rajshahi",55,"Natore","","Natore|Nador|Nator","Zila","District"
1285,19,"BGD","Bangladesh",5,"Rajshahi",21,"Rajshahi",56,"Nawabganj","","Nawabganj|Chapai Nababgonj|Chapai Nawabganj|Chapai Nowab Ganj","Zila","District"
1286,19,"BGD","Bangladesh",5,"Rajshahi",21,"Rajshahi",57,"Rajshahi","","","Zila","District"
1287,19,"BGD","Bangladesh",5,"Rajshahi",22,"Ranpur",58,"Gaibanda","","Gaibandha|Gaibanda","Zila","District"
1288,19,"BGD","Bangladesh",5,"Rajshahi",22,"Ranpur",59,"Kurigram","","","Zila","District"
1289,19,"BGD","Bangladesh",5,"Rajshahi",22,"Ranpur",60,"Lalmonirhat","","","Zila","District"
1290,19,"BGD","Bangladesh",5,"Rajshahi",22,"Ranpur",61,"Nilphamari","","","Zila","District"
1291,19,"BGD","Bangladesh",5,"Rajshahi",22,"Ranpur",62,"Rongpur","","Rangpur|Rongpur","Zila","District"
1292,19,"BGD","Bangladesh",6,"Sylhet",23,"Sylhet",63,"Hobiganj","","Habiganj|Hobiganj|Hobigonj","Zila","District"
1293,19,"BGD","Bangladesh",6,"Sylhet",23,"Sylhet",64,"Moulvibazar","","Moulvibazar|Maulvi Bazar|Moulabi Bazar|Moulavi Bazar|Moulovibazar","Zila","District"
1294,19,"BGD","Bangladesh",6,"Sylhet",23,"Sylhet",65,"Sun Amgonj","","Sunamganj|Sun Amgonj","Zila","District"
1295,19,"BGD","Bangladesh",6,"Sylhet",23,"Sylhet",66,"Sylhet","","","Zila","District"
