"PID","ID_0","ISO","NAME_0","ID_1","NAME_1","ID_2","NAME_2","ID_3","NAME_3","ID_4","NAME_4","VARNAME_4","TYPE_4","ENGTYPE_4"
1,19,"BGD","Bangladesh",1,"Barisal",1,"Barisal",1,"Barisal",1,"Agailjhara","","Upazila|Thana|Po","Sub-district"
2,19,"BGD","Bangladesh",1,"Barisal",1,"Barisal",1,"Barisal",2,"Babuganj","","Upazila|Thana|Po","Sub-district"
3,19,"BGD","Bangladesh",1,"Barisal",1,"Barisal",1,"Barisal",3,"Bakerganj","","Upazila|Thana|Po","Sub-district"
4,19,"BGD","Bangladesh",1,"Barisal",1,"Barisal",1,"Barisal",4,"Banaripara","","Upazila|Thana|Po","Sub-district"
5,19,"BGD","Bangladesh",1,"Barisal",1,"Barisal",1,"Barisal",5,"Barisal S.","","Upazila|Thana|Po","Sub-district"
6,19,"BGD","Bangladesh",1,"Barisal",1,"Barisal",1,"Barisal",6,"Gaurnadi","","Upazila|Thana|Po","Sub-district"
7,19,"BGD","Bangladesh",1,"Barisal",1,"Barisal",1,"Barisal",7,"Hizla","","Upazila|Thana|Po","Sub-district"
8,19,"BGD","Bangladesh",1,"Barisal",1,"Barisal",1,"Barisal",8,"Mehendiganj","","Upazila|Thana|Po","Sub-district"
9,19,"BGD","Bangladesh",1,"Barisal",1,"Barisal",1,"Barisal",9,"Muladi","","Upazila|Thana|Po","Sub-district"
10,19,"BGD","Bangladesh",1,"Barisal",1,"Barisal",1,"Barisal",10,"Wazirpur","","Upazila|Thana|Po","Sub-district"
11,19,"BGD","Bangladesh",1,"Barisal",1,"Barisal",2,"Jhalakati",11,"Jhalakati S.","","Upazila|Thana|Po","Sub-district"
12,19,"BGD","Bangladesh",1,"Barisal",1,"Barisal",2,"Jhalakati",12,"Kathalia","","Upazila|Thana|Po","Sub-district"
13,19,"BGD","Bangladesh",1,"Barisal",1,"Barisal",2,"Jhalakati",13,"Nalchity","","Upazila|Thana|Po","Sub-district"
14,19,"BGD","Bangladesh",1,"Barisal",1,"Barisal",2,"Jhalakati",14,"Rajapur","","Upazila|Thana|Po","Sub-district"
15,19,"BGD","Bangladesh",1,"Barisal",1,"Barisal",3,"Pirojpur",15,"Bhandaria","","Upazila|Thana|Po","Sub-district"
16,19,"BGD","Bangladesh",1,"Barisal",1,"Barisal",3,"Pirojpur",16,"Kawkhali","Pirojpur","Upazila|Thana|Po","Sub-district"
17,19,"BGD","Bangladesh",1,"Barisal",1,"Barisal",3,"Pirojpur",17,"Mathbaria","","Upazila|Thana|Po","Sub-district"
18,19,"BGD","Bangladesh",1,"Barisal",1,"Barisal",3,"Pirojpur",18,"Nazirpur","","Upazila|Thana|Po","Sub-district"
19,19,"BGD","Bangladesh",1,"Barisal",1,"Barisal",3,"Pirojpur",19,"Nesarabad","South Kati","Upazila|Thana|Po","Sub-district"
20,19,"BGD","Bangladesh",1,"Barisal",1,"Barisal",3,"Pirojpur",20,"Pirojpur S.","","Upazila|Thana|Po","Sub-district"
21,19,"BGD","Bangladesh",1,"Barisal",2,"Patuakhali",4,"Bhola",21,"Bhola S.","","Upazila|Thana|Po","Sub-district"
22,19,"BGD","Bangladesh",1,"Barisal",2,"Patuakhali",4,"Bhola",22,"Burhanuddin","","Upazila|Thana|Po","Sub-district"
23,19,"BGD","Bangladesh",1,"Barisal",2,"Patuakhali",4,"Bhola",23,"Charfasson","","Upazila|Thana|Po","Sub-district"
24,19,"BGD","Bangladesh",1,"Barisal",2,"Patuakhali",4,"Bhola",24,"Daulatkhan","","Upazila|Thana|Po","Sub-district"
25,19,"BGD","Bangladesh",1,"Barisal",2,"Patuakhali",4,"Bhola",25,"Lalmohan","","Upazila|Thana|Po","Sub-district"
26,19,"BGD","Bangladesh",1,"Barisal",2,"Patuakhali",4,"Bhola",26,"Manpura","","Upazila|Thana|Po","Sub-district"
27,19,"BGD","Bangladesh",1,"Barisal",2,"Patuakhali",4,"Bhola",27,"Tazumuddin","","Upazila|Thana|Po","Sub-district"
28,19,"BGD","Bangladesh",1,"Barisal",2,"Patuakhali",5,"Borgona",28,"Amtali","","Upazila|Thana|Po","Sub-district"
29,19,"BGD","Bangladesh",1,"Barisal",2,"Patuakhali",5,"Borgona",29,"Bamna","","Upazila|Thana|Po","Sub-district"
30,19,"BGD","Bangladesh",1,"Barisal",2,"Patuakhali",5,"Borgona",30,"Barguna S.","","Upazila|Thana|Po","Sub-district"
31,19,"BGD","Bangladesh",1,"Barisal",2,"Patuakhali",5,"Borgona",31,"Betagi","","Upazila|Thana|Po","Sub-district"
32,19,"BGD","Bangladesh",1,"Barisal",2,"Patuakhali",5,"Borgona",32,"Patharghata","","Upazila|Thana|Po","Sub-district"
33,19,"BGD","Bangladesh",1,"Barisal",2,"Patuakhali",6,"Patuakhali",33,"Bauphal","","Upazila|Thana|Po","Sub-district"
34,19,"BGD","Bangladesh",1,"Barisal",2,"Patuakhali",6,"Patuakhali",34,"Dashina","","Upazila|Thana|Po","Sub-district"
35,19,"BGD","Bangladesh",1,"Barisal",2,"Patuakhali",6,"Patuakhali",35,"Galachipa","","Upazila|Thana|Po","Sub-district"
36,19,"BGD","Bangladesh",1,"Barisal",2,"Patuakhali",6,"Patuakhali",36,"Kalapara","","Upazila|Thana|Po","Sub-district"
37,19,"BGD","Bangladesh",1,"Barisal",2,"Patuakhali",6,"Patuakhali",37,"Mirzaganj","","Upazila|Thana|Po","Sub-district"
38,19,"BGD","Bangladesh",1,"Barisal",2,"Patuakhali",6,"Patuakhali",38,"Patuakhali S.","","Upazila|Thana|Po","Sub-district"
39,19,"BGD","Bangladesh",2,"Chittagong",3,"Bandarban",7,"Bandarbon",39,"Alikadam","","Upazila|Thana|Po","Sub-district"
40,19,"BGD","Bangladesh",2,"Chittagong",3,"Bandarban",7,"Bandarbon",40,"Bandarban S.","","Upazila|Thana|Po","Sub-district"
41,19,"BGD","Bangladesh",2,"Chittagong",3,"Bandarban",7,"Bandarbon",41,"Lama","","Upazila|Thana|Po","Sub-district"
42,19,"BGD","Bangladesh",2,"Chittagong",3,"Bandarban",7,"Bandarbon",42,"Naikhongchhari","","Upazila|Thana|Po","Sub-district"
43,19,"BGD","Bangladesh",2,"Chittagong",3,"Bandarban",7,"Bandarbon",43,"Rowangghhari","","Upazila|Thana|Po","Sub-district"
44,19,"BGD","Bangladesh",2,"Chittagong",3,"Bandarban",7,"Bandarbon",44,"Ruma","","Upazila|Thana|Po","Sub-district"
45,19,"BGD","Bangladesh",2,"Chittagong",3,"Bandarban",7,"Bandarbon",45,"Thanchi","","Upazila|Thana|Po","Sub-district"
46,19,"BGD","Bangladesh",2,"Chittagong",4,"Chittagong",8,"Chittagong",46,"Anwara","","Upazila|Thana|Po","Sub-district"
47,19,"BGD","Bangladesh",2,"Chittagong",4,"Chittagong",8,"Chittagong",47,"Banshkhali","","Upazila|Thana|Po","Sub-district"
48,19,"BGD","Bangladesh",2,"Chittagong",4,"Chittagong",8,"Chittagong",48,"Boalkhali","","Upazila|Thana|Po","Sub-district"
49,19,"BGD","Bangladesh",2,"Chittagong",4,"Chittagong",8,"Chittagong",49,"Chandanaish","","Upazila|Thana|Po","Sub-district"
50,19,"BGD","Bangladesh",2,"Chittagong",4,"Chittagong",8,"Chittagong",50,"Fatikchhari","","Upazila|Thana|Po","Sub-district"
51,19,"BGD","Bangladesh",2,"Chittagong",4,"Chittagong",8,"Chittagong",51,"Hathazari","","Upazila|Thana|Po","Sub-district"
52,19,"BGD","Bangladesh",2,"Chittagong",4,"Chittagong",8,"Chittagong",52,"Kotwali","Chittagong","Upazila|Thana|Po","Sub-district"
53,19,"BGD","Bangladesh",2,"Chittagong",4,"Chittagong",8,"Chittagong",53,"Lohagara","Chittagong","Upazila|Thana|Po","Sub-district"
54,19,"BGD","Bangladesh",2,"Chittagong",4,"Chittagong",8,"Chittagong",54,"Mirsharai","","Upazila|Thana|Po","Sub-district"
55,19,"BGD","Bangladesh",2,"Chittagong",4,"Chittagong",8,"Chittagong",55,"Patiya","","Upazila|Thana|Po","Sub-district"
56,19,"BGD","Bangladesh",2,"Chittagong",4,"Chittagong",8,"Chittagong",56,"Rangunia","","Upazila|Thana|Po","Sub-district"
57,19,"BGD","Bangladesh",2,"Chittagong",4,"Chittagong",8,"Chittagong",57,"Raozan","","Upazila|Thana|Po","Sub-district"
58,19,"BGD","Bangladesh",2,"Chittagong",4,"Chittagong",8,"Chittagong",58,"Sandwip","","Upazila|Thana|Po","Sub-district"
59,19,"BGD","Bangladesh",2,"Chittagong",4,"Chittagong",8,"Chittagong",59,"Satkania","","Upazila|Thana|Po","Sub-district"
60,19,"BGD","Bangladesh",2,"Chittagong",4,"Chittagong",8,"Chittagong",60,"Sitakunda","","Upazila|Thana|Po","Sub-district"
61,19,"BGD","Bangladesh",2,"Chittagong",4,"Chittagong",9,"Cox's Bazar",61,"Chakaria","","Upazila|Thana|Po","Sub-district"
62,19,"BGD","Bangladesh",2,"Chittagong",4,"Chittagong",9,"Cox's Bazar",62,"Cox Bazar S","","Upazila|Thana|Po","Sub-district"
63,19,"BGD","Bangladesh",2,"Chittagong",4,"Chittagong",9,"Cox's Bazar",63,"Kutubdia","","Upazila|Thana|Po","Sub-district"
64,19,"BGD","Bangladesh",2,"Chittagong",4,"Chittagong",9,"Cox's Bazar",64,"Maheshkhali","","Upazila|Thana|Po","Sub-district"
65,19,"BGD","Bangladesh",2,"Chittagong",4,"Chittagong",9,"Cox's Bazar",65,"Ramu","","Upazila|Thana|Po","Sub-district"
66,19,"BGD","Bangladesh",2,"Chittagong",4,"Chittagong",9,"Cox's Bazar",66,"Teknaf","","Upazila|Thana|Po","Sub-district"
67,19,"BGD","Bangladesh",2,"Chittagong",4,"Chittagong",9,"Cox's Bazar",67,"Ukhia","","Upazila|Thana|Po","Sub-district"
68,19,"BGD","Bangladesh",2,"Chittagong",5,"Comilla",10,"Brahmanbaria",68,"Akhaura","","Upazila|Thana|Po","Sub-district"
69,19,"BGD","Bangladesh",2,"Chittagong",5,"Comilla",10,"Brahmanbaria",69,"Bancharampur","","Upazila|Thana|Po","Sub-district"
70,19,"BGD","Bangladesh",2,"Chittagong",5,"Comilla",10,"Brahmanbaria",70,"Brahmanbaria S.","","Upazila|Thana|Po","Sub-district"
71,19,"BGD","Bangladesh",2,"Chittagong",5,"Comilla",10,"Brahmanbaria",71,"Kasba","","Upazila|Thana|Po","Sub-district"
72,19,"BGD","Bangladesh",2,"Chittagong",5,"Comilla",10,"Brahmanbaria",72,"Nabinagar","","Upazila|Thana|Po","Sub-district"
73,19,"BGD","Bangladesh",2,"Chittagong",5,"Comilla",10,"Brahmanbaria",73,"Nasirnagar","","Upazila|Thana|Po","Sub-district"
74,19,"BGD","Bangladesh",2,"Chittagong",5,"Comilla",10,"Brahmanbaria",74,"Sarail","","Upazila|Thana|Po","Sub-district"
75,19,"BGD","Bangladesh",2,"Chittagong",5,"Comilla",11,"Chandpur",75,"Chandpur S.","","Upazila|Thana|Po","Sub-district"
76,19,"BGD","Bangladesh",2,"Chittagong",5,"Comilla",11,"Chandpur",76,"Faridganj","","Upazila|Thana|Po","Sub-district"
77,19,"BGD","Bangladesh",2,"Chittagong",5,"Comilla",11,"Chandpur",77,"Haimchar","","Upazila|Thana|Po","Sub-district"
78,19,"BGD","Bangladesh",2,"Chittagong",5,"Comilla",11,"Chandpur",78,"Haziganj","","Upazila|Thana|Po","Sub-district"
79,19,"BGD","Bangladesh",2,"Chittagong",5,"Comilla",11,"Chandpur",79,"Kachua","Chandpur","Upazila|Thana|Po","Sub-district"
80,19,"BGD","Bangladesh",2,"Chittagong",5,"Comilla",11,"Chandpur",80,"Matlab","","Upazila|Thana|Po","Sub-district"
81,19,"BGD","Bangladesh",2,"Chittagong",5,"Comilla",11,"Chandpur",81,"Shahrasti","","Upazila|Thana|Po","Sub-district"
82,19,"BGD","Bangladesh",2,"Chittagong",5,"Comilla",12,"Comilla",82,"Barura","","Upazila|Thana|Po","Sub-district"
83,19,"BGD","Bangladesh",2,"Chittagong",5,"Comilla",12,"Comilla",83,"Brahmanpara","","Upazila|Thana|Po","Sub-district"
84,19,"BGD","Bangladesh",2,"Chittagong",5,"Comilla",12,"Comilla",84,"Burichang","","Upazila|Thana|Po","Sub-district"
85,19,"BGD","Bangladesh",2,"Chittagong",5,"Comilla",12,"Comilla",85,"Chandhina","","Upazila|Thana|Po","Sub-district"
86,19,"BGD","Bangladesh",2,"Chittagong",5,"Comilla",12,"Comilla",86,"Chauddagram","","Upazila|Thana|Po","Sub-district"
87,19,"BGD","Bangladesh",2,"Chittagong",5,"Comilla",12,"Comilla",87,"Comilla S.","","Upazila|Thana|Po","Sub-district"
88,19,"BGD","Bangladesh",2,"Chittagong",5,"Comilla",12,"Comilla",88,"Daudkandi","","Upazila|Thana|Po","Sub-district"
89,19,"BGD","Bangladesh",2,"Chittagong",5,"Comilla",12,"Comilla",89,"Debidwar","","Upazila|Thana|Po","Sub-district"
90,19,"BGD","Bangladesh",2,"Chittagong",5,"Comilla",12,"Comilla",90,"Homna","","Upazila|Thana|Po","Sub-district"
91,19,"BGD","Bangladesh",2,"Chittagong",5,"Comilla",12,"Comilla",91,"Laksam","","Upazila|Thana|Po","Sub-district"
92,19,"BGD","Bangladesh",2,"Chittagong",5,"Comilla",12,"Comilla",92,"Muradnagar","","Upazila|Thana|Po","Sub-district"
93,19,"BGD","Bangladesh",2,"Chittagong",5,"Comilla",12,"Comilla",93,"Nangalkot","","Upazila|Thana|Po","Sub-district"
94,19,"BGD","Bangladesh",2,"Chittagong",6,"Khagrachari",13,"Khagrachari",94,"Dighinala","","Upazila|Thana|Po","Sub-district"
95,19,"BGD","Bangladesh",2,"Chittagong",6,"Khagrachari",13,"Khagrachari",95,"Khagrachhari","","Upazila|Thana|Po","Sub-district"
96,19,"BGD","Bangladesh",2,"Chittagong",6,"Khagrachari",13,"Khagrachari",96,"Lakshmichhari","","Upazila|Thana|Po","Sub-district"
97,19,"BGD","Bangladesh",2,"Chittagong",6,"Khagrachari",13,"Khagrachari",97,"Mahalchhari","","Upazila|Thana|Po","Sub-district"
98,19,"BGD","Bangladesh",2,"Chittagong",6,"Khagrachari",13,"Khagrachari",98,"Manikchhari","","Upazila|Thana|Po","Sub-district"
99,19,"BGD","Bangladesh",2,"Chittagong",6,"Khagrachari",13,"Khagrachari",99,"Matiranga","","Upazila|Thana|Po","Sub-district"
100,19,"BGD","Bangladesh",2,"Chittagong",6,"Khagrachari",13,"Khagrachari",100,"Panchhari","","Upazila|Thana|Po","Sub-district"
101,19,"BGD","Bangladesh",2,"Chittagong",6,"Khagrachari",13,"Khagrachari",101,"Ramgarh","","Upazila|Thana|Po","Sub-district"
102,19,"BGD","Bangladesh",2,"Chittagong",7,"Noakhali",14,"Feni",102,"Chhagalnaiya","","Upazila|Thana|Po","Sub-district"
103,19,"BGD","Bangladesh",2,"Chittagong",7,"Noakhali",14,"Feni",103,"Daganbhuiyan","","Upazila|Thana|Po","Sub-district"
104,19,"BGD","Bangladesh",2,"Chittagong",7,"Noakhali",14,"Feni",104,"Feni S.","","Upazila|Thana|Po","Sub-district"
105,19,"BGD","Bangladesh",2,"Chittagong",7,"Noakhali",14,"Feni",105,"Parshuram","","Upazila|Thana|Po","Sub-district"
106,19,"BGD","Bangladesh",2,"Chittagong",7,"Noakhali",14,"Feni",106,"Sonagazi","","Upazila|Thana|Po","Sub-district"
107,19,"BGD","Bangladesh",2,"Chittagong",7,"Noakhali",15,"Lakshmipur",107,"Lakshmipur S.","","Upazila|Thana|Po","Sub-district"
108,19,"BGD","Bangladesh",2,"Chittagong",7,"Noakhali",15,"Lakshmipur",108,"Raipur","Lakshmipur","Upazila|Thana|Po","Sub-district"
109,19,"BGD","Bangladesh",2,"Chittagong",7,"Noakhali",15,"Lakshmipur",109,"Ramganj","","Upazila|Thana|Po","Sub-district"
110,19,"BGD","Bangladesh",2,"Chittagong",7,"Noakhali",15,"Lakshmipur",110,"Ramgati","","Upazila|Thana|Po","Sub-district"
111,19,"BGD","Bangladesh",2,"Chittagong",7,"Noakhali",16,"Noakhali",111,"Begumganj","","Upazila|Thana|Po","Sub-district"
112,19,"BGD","Bangladesh",2,"Chittagong",7,"Noakhali",16,"Noakhali",112,"Chatkhil","","Upazila|Thana|Po","Sub-district"
113,19,"BGD","Bangladesh",2,"Chittagong",7,"Noakhali",16,"Noakhali",113,"Companiganj","Noakhali","Upazila|Thana|Po","Sub-district"
114,19,"BGD","Bangladesh",2,"Chittagong",7,"Noakhali",16,"Noakhali",114,"Hatiya","","Upazila|Thana|Po","Sub-district"
115,19,"BGD","Bangladesh",2,"Chittagong",7,"Noakhali",16,"Noakhali",115,"Noakhali S.","","Upazila|Thana|Po","Sub-district"
116,19,"BGD","Bangladesh",2,"Chittagong",7,"Noakhali",16,"Noakhali",116,"Senbagh","","Upazila|Thana|Po","Sub-district"
117,19,"BGD","Bangladesh",2,"Chittagong",8,"Rangamati",17,"Parbattya Chattagram",117,"Bagaichhari","","Upazila|Thana|Po","Sub-district"
118,19,"BGD","Bangladesh",2,"Chittagong",8,"Rangamati",17,"Parbattya Chattagram",118,"Barkal","","Upazila|Thana|Po","Sub-district"
119,19,"BGD","Bangladesh",2,"Chittagong",8,"Rangamati",17,"Parbattya Chattagram",119,"Belaichhari","","Upazila|Thana|Po","Sub-district"
120,19,"BGD","Bangladesh",2,"Chittagong",8,"Rangamati",17,"Parbattya Chattagram",120,"Juraichhari","","Upazila|Thana|Po","Sub-district"
121,19,"BGD","Bangladesh",2,"Chittagong",8,"Rangamati",17,"Parbattya Chattagram",121,"Kaptai","","Upazila|Thana|Po","Sub-district"
122,19,"BGD","Bangladesh",2,"Chittagong",8,"Rangamati",17,"Parbattya Chattagram",122,"Kawkhali","Rangamati","Upazila|Thana|Po","Sub-district"
123,19,"BGD","Bangladesh",2,"Chittagong",8,"Rangamati",17,"Parbattya Chattagram",123,"Langadu","","Upazila|Thana|Po","Sub-district"
124,19,"BGD","Bangladesh",2,"Chittagong",8,"Rangamati",17,"Parbattya Chattagram",124,"Nannerchar","","Upazila|Thana|Po","Sub-district"
125,19,"BGD","Bangladesh",2,"Chittagong",8,"Rangamati",17,"Parbattya Chattagram",125,"Rajasthali","","Upazila|Thana|Po","Sub-district"
126,19,"BGD","Bangladesh",2,"Chittagong",8,"Rangamati",17,"Parbattya Chattagram",126,"Rangamati S.","","Upazila|Thana|Po","Sub-district"
127,19,"BGD","Bangladesh",3,"Dhaka",9,"Dhaka",18,"Dhaka",127,"Dhamrai","","Upazila|Thana|Po","Sub-district"
128,19,"BGD","Bangladesh",3,"Dhaka",9,"Dhaka",18,"Dhaka",128,"Dohar","","Upazila|Thana|Po","Sub-district"
129,19,"BGD","Bangladesh",3,"Dhaka",9,"Dhaka",18,"Dhaka",129,"Keraniganj","","Upazila|Thana|Po","Sub-district"
130,19,"BGD","Bangladesh",3,"Dhaka",9,"Dhaka",18,"Dhaka",130,"Nawabganj","Dhaka","Upazila|Thana|Po","Sub-district"
131,19,"BGD","Bangladesh",3,"Dhaka",9,"Dhaka",18,"Dhaka",131,"Savar","","Upazila|Thana|Po","Sub-district"
132,19,"BGD","Bangladesh",3,"Dhaka",9,"Dhaka",18,"Dhaka",132,"Tejgaon","","Upazila|Thana|Po","Sub-district"
133,19,"BGD","Bangladesh",3,"Dhaka",9,"Dhaka",19,"Gazipur",133,"Gazipur S.","","Upazila|Thana|Po","Sub-district"
134,19,"BGD","Bangladesh",3,"Dhaka",9,"Dhaka",19,"Gazipur",134,"Kaliakair","","Upazila|Thana|Po","Sub-district"
135,19,"BGD","Bangladesh",3,"Dhaka",9,"Dhaka",19,"Gazipur",135,"Kaliganj","Gazipur","Upazila|Thana|Po","Sub-district"
136,19,"BGD","Bangladesh",3,"Dhaka",9,"Dhaka",19,"Gazipur",136,"Kapasia","","Upazila|Thana|Po","Sub-district"
137,19,"BGD","Bangladesh",3,"Dhaka",9,"Dhaka",19,"Gazipur",137,"Sreepur","Gazipur","Upazila|Thana|Po","Sub-district"
138,19,"BGD","Bangladesh",3,"Dhaka",9,"Dhaka",20,"Manikgonj",138,"Daulatpur","Manikganj","Upazila|Thana|Po","Sub-district"
139,19,"BGD","Bangladesh",3,"Dhaka",9,"Dhaka",20,"Manikgonj",139,"Ghior","","Upazila|Thana|Po","Sub-district"
140,19,"BGD","Bangladesh",3,"Dhaka",9,"Dhaka",20,"Manikgonj",140,"Harirampur","","Upazila|Thana|Po","Sub-district"
141,19,"BGD","Bangladesh",3,"Dhaka",9,"Dhaka",20,"Manikgonj",141,"Manikganj S.","","Upazila|Thana|Po","Sub-district"
142,19,"BGD","Bangladesh",3,"Dhaka",9,"Dhaka",20,"Manikgonj",142,"Saturia","","Upazila|Thana|Po","Sub-district"
143,19,"BGD","Bangladesh",3,"Dhaka",9,"Dhaka",20,"Manikgonj",143,"Shivalaya","","Upazila|Thana|Po","Sub-district"
144,19,"BGD","Bangladesh",3,"Dhaka",9,"Dhaka",20,"Manikgonj",144,"Singair","","Upazila|Thana|Po","Sub-district"
145,19,"BGD","Bangladesh",3,"Dhaka",9,"Dhaka",21,"Munshigonj",145,"Gazaria","","Upazila|Thana|Po","Sub-district"
146,19,"BGD","Bangladesh",3,"Dhaka",9,"Dhaka",21,"Munshigonj",146,"Lohajang","","Upazila|Thana|Po","Sub-district"
147,19,"BGD","Bangladesh",3,"Dhaka",9,"Dhaka",21,"Munshigonj",147,"Munshiganj S.","","Upazila|Thana|Po","Sub-district"
148,19,"BGD","Bangladesh",3,"Dhaka",9,"Dhaka",21,"Munshigonj",148,"Sirajdikhan","","Upazila|Thana|Po","Sub-district"
149,19,"BGD","Bangladesh",3,"Dhaka",9,"Dhaka",21,"Munshigonj",149,"Sreenagar","","Upazila|Thana|Po","Sub-district"
150,19,"BGD","Bangladesh",3,"Dhaka",9,"Dhaka",21,"Munshigonj",150,"Tongibari","","Upazila|Thana|Po","Sub-district"
151,19,"BGD","Bangladesh",3,"Dhaka",9,"Dhaka",22,"Naray Angonj",151,"Araihazar","","Upazila|Thana|Po","Sub-district"
152,19,"BGD","Bangladesh",3,"Dhaka",9,"Dhaka",22,"Naray Angonj",152,"Bandar","","Upazila|Thana|Po","Sub-district"
153,19,"BGD","Bangladesh",3,"Dhaka",9,"Dhaka",22,"Naray Angonj",153,"Narayanganj S.","","Upazila|Thana|Po","Sub-district"
154,19,"BGD","Bangladesh",3,"Dhaka",9,"Dhaka",22,"Naray Angonj",154,"Rupganj","","Upazila|Thana|Po","Sub-district"
155,19,"BGD","Bangladesh",3,"Dhaka",9,"Dhaka",22,"Naray Angonj",155,"Sonargaon","","Upazila|Thana|Po","Sub-district"
156,19,"BGD","Bangladesh",3,"Dhaka",9,"Dhaka",23,"Narshingdi",156,"Belabo","","Upazila|Thana|Po","Sub-district"
157,19,"BGD","Bangladesh",3,"Dhaka",9,"Dhaka",23,"Narshingdi",157,"Manohardi","","Upazila|Thana|Po","Sub-district"
158,19,"BGD","Bangladesh",3,"Dhaka",9,"Dhaka",23,"Narshingdi",158,"Narsingdi S.","","Upazila|Thana|Po","Sub-district"
159,19,"BGD","Bangladesh",3,"Dhaka",9,"Dhaka",23,"Narshingdi",159,"Palash","","Upazila|Thana|Po","Sub-district"
160,19,"BGD","Bangladesh",3,"Dhaka",9,"Dhaka",23,"Narshingdi",160,"Raipur","Narsingdi","Upazila|Thana|Po","Sub-district"
161,19,"BGD","Bangladesh",3,"Dhaka",9,"Dhaka",23,"Narshingdi",161,"Shibpur","","Upazila|Thana|Po","Sub-district"
162,19,"BGD","Bangladesh",3,"Dhaka",9,"Dhaka",24,"Rajbari",162,"Goalandaghat","","Upazila|Thana|Po","Sub-district"
163,19,"BGD","Bangladesh",3,"Dhaka",10,"Faridpur",25,"Faridpur",163,"Alfadanga","","Upazila|Thana|Po","Sub-district"
164,19,"BGD","Bangladesh",3,"Dhaka",10,"Faridpur",25,"Faridpur",164,"Bhanga","","Upazila|Thana|Po","Sub-district"
165,19,"BGD","Bangladesh",3,"Dhaka",10,"Faridpur",25,"Faridpur",165,"Boalmari","","Upazila|Thana|Po","Sub-district"
166,19,"BGD","Bangladesh",3,"Dhaka",10,"Faridpur",25,"Faridpur",166,"Char Bhadrasan","","Upazila|Thana|Po","Sub-district"
167,19,"BGD","Bangladesh",3,"Dhaka",10,"Faridpur",25,"Faridpur",167,"Faridpur S.","","Upazila|Thana|Po","Sub-district"
168,19,"BGD","Bangladesh",3,"Dhaka",10,"Faridpur",25,"Faridpur",168,"Madhukhali","","Upazila|Thana|Po","Sub-district"
169,19,"BGD","Bangladesh",3,"Dhaka",10,"Faridpur",25,"Faridpur",169,"Nagarkanda","","Upazila|Thana|Po","Sub-district"
170,19,"BGD","Bangladesh",3,"Dhaka",10,"Faridpur",25,"Faridpur",170,"Sadarpur","","Upazila|Thana|Po","Sub-district"
171,19,"BGD","Bangladesh",3,"Dhaka",10,"Faridpur",26,"Gopalgonj",171,"Gopalganj S.","","Upazila|Thana|Po","Sub-district"
172,19,"BGD","Bangladesh",3,"Dhaka",10,"Faridpur",26,"Gopalgonj",172,"Kashiani","","Upazila|Thana|Po","Sub-district"
173,19,"BGD","Bangladesh",3,"Dhaka",10,"Faridpur",26,"Gopalgonj",173,"Kotalipara","","Upazila|Thana|Po","Sub-district"
174,19,"BGD","Bangladesh",3,"Dhaka",10,"Faridpur",26,"Gopalgonj",174,"Muksudpur","","Upazila|Thana|Po","Sub-district"
175,19,"BGD","Bangladesh",3,"Dhaka",10,"Faridpur",26,"Gopalgonj",175,"Tungipara","","Upazila|Thana|Po","Sub-district"
176,19,"BGD","Bangladesh",3,"Dhaka",10,"Faridpur",27,"Madaripur",176,"Kalkini","","Upazila|Thana|Po","Sub-district"
177,19,"BGD","Bangladesh",3,"Dhaka",10,"Faridpur",27,"Madaripur",177,"Madaripur S.","","Upazila|Thana|Po","Sub-district"
178,19,"BGD","Bangladesh",3,"Dhaka",10,"Faridpur",27,"Madaripur",178,"Rajoir","","Upazila|Thana|Po","Sub-district"
179,19,"BGD","Bangladesh",3,"Dhaka",10,"Faridpur",27,"Madaripur",179,"Shibchar","","Upazila|Thana|Po","Sub-district"
180,19,"BGD","Bangladesh",3,"Dhaka",10,"Faridpur",28,"Rajbari",180,"Baliakandi","","Upazila|Thana|Po","Sub-district"
181,19,"BGD","Bangladesh",3,"Dhaka",10,"Faridpur",28,"Rajbari",181,"Pangsha","","Upazila|Thana|Po","Sub-district"
182,19,"BGD","Bangladesh",3,"Dhaka",10,"Faridpur",28,"Rajbari",182,"Rajbari S.","","Upazila|Thana|Po","Sub-district"
183,19,"BGD","Bangladesh",3,"Dhaka",10,"Faridpur",29,"Shariatpur",183,"Bhedarganj","","Upazila|Thana|Po","Sub-district"
184,19,"BGD","Bangladesh",3,"Dhaka",10,"Faridpur",29,"Shariatpur",184,"Damudya","","Upazila|Thana|Po","Sub-district"
185,19,"BGD","Bangladesh",3,"Dhaka",10,"Faridpur",29,"Shariatpur",185,"Gosairhat","","Upazila|Thana|Po","Sub-district"
186,19,"BGD","Bangladesh",3,"Dhaka",10,"Faridpur",29,"Shariatpur",186,"Shariatpur S.","","Upazila|Thana|Po","Sub-district"
187,19,"BGD","Bangladesh",3,"Dhaka",10,"Faridpur",29,"Shariatpur",187,"Zanjira","","Upazila|Thana|Po","Sub-district"
188,19,"BGD","Bangladesh",3,"Dhaka",11,"Jamalpur",30,"Jamalpur",188,"Baksiganj","","Upazila|Thana|Po","Sub-district"
189,19,"BGD","Bangladesh",3,"Dhaka",11,"Jamalpur",30,"Jamalpur",189,"Dewanganj","","Upazila|Thana|Po","Sub-district"
190,19,"BGD","Bangladesh",3,"Dhaka",11,"Jamalpur",30,"Jamalpur",190,"Islampur","","Upazila|Thana|Po","Sub-district"
191,19,"BGD","Bangladesh",3,"Dhaka",11,"Jamalpur",30,"Jamalpur",191,"Jamalpur S.","","Upazila|Thana|Po","Sub-district"
192,19,"BGD","Bangladesh",3,"Dhaka",11,"Jamalpur",30,"Jamalpur",192,"Madarganj","","Upazila|Thana|Po","Sub-district"
193,19,"BGD","Bangladesh",3,"Dhaka",11,"Jamalpur",30,"Jamalpur",193,"Melandaha","","Upazila|Thana|Po","Sub-district"
194,19,"BGD","Bangladesh",3,"Dhaka",11,"Jamalpur",30,"Jamalpur",194,"Sarishabari","","Upazila|Thana|Po","Sub-district"
195,19,"BGD","Bangladesh",3,"Dhaka",11,"Jamalpur",31,"Sherpur",195,"Jhenaigati","","Upazila|Thana|Po","Sub-district"
196,19,"BGD","Bangladesh",3,"Dhaka",11,"Jamalpur",31,"Sherpur",196,"Nakla","","Upazila|Thana|Po","Sub-district"
197,19,"BGD","Bangladesh",3,"Dhaka",11,"Jamalpur",31,"Sherpur",197,"Nalitabari","","Upazila|Thana|Po","Sub-district"
198,19,"BGD","Bangladesh",3,"Dhaka",11,"Jamalpur",31,"Sherpur",198,"Sherpur S.","","Upazila|Thana|Po","Sub-district"
199,19,"BGD","Bangladesh",3,"Dhaka",11,"Jamalpur",31,"Sherpur",199,"Sreebardi","","Upazila|Thana|Po","Sub-district"
200,19,"BGD","Bangladesh",3,"Dhaka",12,"Kishoreganj",32,"Kishoreganj",200,"Astagram","","Upazila|Thana|Po","Sub-district"
201,19,"BGD","Bangladesh",3,"Dhaka",12,"Kishoreganj",32,"Kishoreganj",201,"Bajitpur","","Upazila|Thana|Po","Sub-district"
202,19,"BGD","Bangladesh",3,"Dhaka",12,"Kishoreganj",32,"Kishoreganj",202,"Bhairab","","Upazila|Thana|Po","Sub-district"
203,19,"BGD","Bangladesh",3,"Dhaka",12,"Kishoreganj",32,"Kishoreganj",203,"Hossainpur","","Upazila|Thana|Po","Sub-district"
204,19,"BGD","Bangladesh",3,"Dhaka",12,"Kishoreganj",32,"Kishoreganj",204,"Itna","","Upazila|Thana|Po","Sub-district"
205,19,"BGD","Bangladesh",3,"Dhaka",12,"Kishoreganj",32,"Kishoreganj",205,"Karimganj","","Upazila|Thana|Po","Sub-district"
206,19,"BGD","Bangladesh",3,"Dhaka",12,"Kishoreganj",32,"Kishoreganj",206,"Katiadi","","Upazila|Thana|Po","Sub-district"
207,19,"BGD","Bangladesh",3,"Dhaka",12,"Kishoreganj",32,"Kishoreganj",207,"Kishoreganj S.","","Upazila|Thana|Po","Sub-district"
208,19,"BGD","Bangladesh",3,"Dhaka",12,"Kishoreganj",32,"Kishoreganj",208,"Kuliarchar","","Upazila|Thana|Po","Sub-district"
209,19,"BGD","Bangladesh",3,"Dhaka",12,"Kishoreganj",32,"Kishoreganj",209,"Mithamain","","Upazila|Thana|Po","Sub-district"
210,19,"BGD","Bangladesh",3,"Dhaka",12,"Kishoreganj",32,"Kishoreganj",210,"Nikli","","Upazila|Thana|Po","Sub-district"
211,19,"BGD","Bangladesh",3,"Dhaka",12,"Kishoreganj",32,"Kishoreganj",211,"Pakundia","","Upazila|Thana|Po","Sub-district"
212,19,"BGD","Bangladesh",3,"Dhaka",12,"Kishoreganj",32,"Kishoreganj",212,"Tarail","","Upazila|Thana|Po","Sub-district"
213,19,"BGD","Bangladesh",3,"Dhaka",13,"Mymensingh",33,"Nasirabad",213,"Bhaluka","","Upazila|Thana|Po","Sub-district"
214,19,"BGD","Bangladesh",3,"Dhaka",13,"Mymensingh",33,"Nasirabad",214,"Dhobaura","","Upazila|Thana|Po","Sub-district"
215,19,"BGD","Bangladesh",3,"Dhaka",13,"Mymensingh",33,"Nasirabad",215,"Gaffargaon","","Upazila|Thana|Po","Sub-district"
216,19,"BGD","Bangladesh",3,"Dhaka",13,"Mymensingh",33,"Nasirabad",216,"Gauripur","","Upazila|Thana|Po","Sub-district"
217,19,"BGD","Bangladesh",3,"Dhaka",13,"Mymensingh",33,"Nasirabad",217,"Haluaghat","","Upazila|Thana|Po","Sub-district"
218,19,"BGD","Bangladesh",3,"Dhaka",13,"Mymensingh",33,"Nasirabad",218,"Ishwarganj","","Upazila|Thana|Po","Sub-district"
219,19,"BGD","Bangladesh",3,"Dhaka",13,"Mymensingh",33,"Nasirabad",219,"Muktagachha","","Upazila|Thana|Po","Sub-district"
220,19,"BGD","Bangladesh",3,"Dhaka",13,"Mymensingh",33,"Nasirabad",220,"Mymensingh S.","","Upazila|Thana|Po","Sub-district"
221,19,"BGD","Bangladesh",3,"Dhaka",13,"Mymensingh",33,"Nasirabad",221,"Nandail","","Upazila|Thana|Po","Sub-district"
222,19,"BGD","Bangladesh",3,"Dhaka",13,"Mymensingh",33,"Nasirabad",222,"Phulbari","Mymensingh","Upazila|Thana|Po","Sub-district"
223,19,"BGD","Bangladesh",3,"Dhaka",13,"Mymensingh",33,"Nasirabad",223,"Phulpur","","Upazila|Thana|Po","Sub-district"
224,19,"BGD","Bangladesh",3,"Dhaka",13,"Mymensingh",33,"Nasirabad",224,"Trishal","","Upazila|Thana|Po","Sub-district"
225,19,"BGD","Bangladesh",3,"Dhaka",13,"Mymensingh",34,"Netrakona",225,"Atpara","","Upazila|Thana|Po","Sub-district"
226,19,"BGD","Bangladesh",3,"Dhaka",13,"Mymensingh",34,"Netrakona",226,"Barhatta","","Upazila|Thana|Po","Sub-district"
227,19,"BGD","Bangladesh",3,"Dhaka",13,"Mymensingh",34,"Netrakona",227,"Durgapur","Netrokona","Upazila|Thana|Po","Sub-district"
228,19,"BGD","Bangladesh",3,"Dhaka",13,"Mymensingh",34,"Netrakona",228,"Kalmakanda","","Upazila|Thana|Po","Sub-district"
229,19,"BGD","Bangladesh",3,"Dhaka",13,"Mymensingh",34,"Netrakona",229,"Kendua","","Upazila|Thana|Po","Sub-district"
230,19,"BGD","Bangladesh",3,"Dhaka",13,"Mymensingh",34,"Netrakona",230,"Khaliajuri","","Upazila|Thana|Po","Sub-district"
231,19,"BGD","Bangladesh",3,"Dhaka",13,"Mymensingh",34,"Netrakona",231,"Madan","","Upazila|Thana|Po","Sub-district"
232,19,"BGD","Bangladesh",3,"Dhaka",13,"Mymensingh",34,"Netrakona",232,"Mohanganj","","Upazila|Thana|Po","Sub-district"
233,19,"BGD","Bangladesh",3,"Dhaka",13,"Mymensingh",34,"Netrakona",233,"Netrokona S.","","Upazila|Thana|Po","Sub-district"
234,19,"BGD","Bangladesh",3,"Dhaka",13,"Mymensingh",34,"Netrakona",234,"Purbadhala","","Upazila|Thana|Po","Sub-district"
235,19,"BGD","Bangladesh",3,"Dhaka",14,"Tangali",35,"Tangail",235,"Basail","","Upazila|Thana|Po","Sub-district"
236,19,"BGD","Bangladesh",3,"Dhaka",14,"Tangali",35,"Tangail",236,"Bhuapur","","Upazila|Thana|Po","Sub-district"
237,19,"BGD","Bangladesh",3,"Dhaka",14,"Tangali",35,"Tangail",237,"Delduar","","Upazila|Thana|Po","Sub-district"
238,19,"BGD","Bangladesh",3,"Dhaka",14,"Tangali",35,"Tangail",238,"Ghatail","","Upazila|Thana|Po","Sub-district"
239,19,"BGD","Bangladesh",3,"Dhaka",14,"Tangali",35,"Tangail",239,"Gopalpur","","Upazila|Thana|Po","Sub-district"
240,19,"BGD","Bangladesh",3,"Dhaka",14,"Tangali",35,"Tangail",240,"Kalihati","","Upazila|Thana|Po","Sub-district"
241,19,"BGD","Bangladesh",3,"Dhaka",14,"Tangali",35,"Tangail",241,"Madhupur","","Upazila|Thana|Po","Sub-district"
242,19,"BGD","Bangladesh",3,"Dhaka",14,"Tangali",35,"Tangail",242,"Mirzapur","","Upazila|Thana|Po","Sub-district"
243,19,"BGD","Bangladesh",3,"Dhaka",14,"Tangali",35,"Tangail",243,"Nagarpur","","Upazila|Thana|Po","Sub-district"
244,19,"BGD","Bangladesh",3,"Dhaka",14,"Tangali",35,"Tangail",244,"Sakhipur","","Upazila|Thana|Po","Sub-district"
245,19,"BGD","Bangladesh",3,"Dhaka",14,"Tangali",35,"Tangail",245,"Tangail S.","","Upazila|Thana|Po","Sub-district"
246,19,"BGD","Bangladesh",4,"Khulna",15,"Jessore",36,"Jessore",246,"Abhaynagar","","Upazila|Thana|Po","Sub-district"
247,19,"BGD","Bangladesh",4,"Khulna",15,"Jessore",36,"Jessore",247,"Bagherpara","","Upazila|Thana|Po","Sub-district"
248,19,"BGD","Bangladesh",4,"Khulna",15,"Jessore",36,"Jessore",248,"Chaugachha","","Upazila|Thana|Po","Sub-district"
249,19,"BGD","Bangladesh",4,"Khulna",15,"Jessore",36,"Jessore",249,"Jessore S.","","Upazila|Thana|Po","Sub-district"
250,19,"BGD","Bangladesh",4,"Khulna",15,"Jessore",36,"Jessore",250,"Jhikargachha","","Upazila|Thana|Po","Sub-district"
251,19,"BGD","Bangladesh",4,"Khulna",15,"Jessore",36,"Jessore",251,"Keshabpur","","Upazila|Thana|Po","Sub-district"
252,19,"BGD","Bangladesh",4,"Khulna",15,"Jessore",36,"Jessore",252,"Manirampur","","Upazila|Thana|Po","Sub-district"
253,19,"BGD","Bangladesh",4,"Khulna",15,"Jessore",36,"Jessore",253,"Sharsha","","Upazila|Thana|Po","Sub-district"
254,19,"BGD","Bangladesh",4,"Khulna",15,"Jessore",37,"Jhenaidah",254,"Harinakunda","","Upazila|Thana|Po","Sub-district"
255,19,"BGD","Bangladesh",4,"Khulna",15,"Jessore",37,"Jhenaidah",255,"Jhenaidaha S.","","Upazila|Thana|Po","Sub-district"
256,19,"BGD","Bangladesh",4,"Khulna",15,"Jessore",37,"Jhenaidah",256,"Kaliganj","Jhenaidaha","Upazila|Thana|Po","Sub-district"
257,19,"BGD","Bangladesh",4,"Khulna",15,"Jessore",37,"Jhenaidah",257,"Kotchandpur","","Upazila|Thana|Po","Sub-district"
258,19,"BGD","Bangladesh",4,"Khulna",15,"Jessore",37,"Jhenaidah",258,"Maheshpur","","Upazila|Thana|Po","Sub-district"
259,19,"BGD","Bangladesh",4,"Khulna",15,"Jessore",37,"Jhenaidah",259,"Shailkupa","","Upazila|Thana|Po","Sub-district"
260,19,"BGD","Bangladesh",4,"Khulna",15,"Jessore",38,"Magura",260,"Magura S.","","Upazila|Thana|Po","Sub-district"
261,19,"BGD","Bangladesh",4,"Khulna",15,"Jessore",38,"Magura",261,"Mohammadpur","Magura","Upazila|Thana|Po","Sub-district"
262,19,"BGD","Bangladesh",4,"Khulna",15,"Jessore",38,"Magura",262,"Shalikha","","Upazila|Thana|Po","Sub-district"
263,19,"BGD","Bangladesh",4,"Khulna",15,"Jessore",38,"Magura",263,"Sreepur","Magura","Upazila|Thana|Po","Sub-district"
264,19,"BGD","Bangladesh",4,"Khulna",15,"Jessore",39,"Narail",264,"Kalia","","Upazila|Thana|Po","Sub-district"
265,19,"BGD","Bangladesh",4,"Khulna",15,"Jessore",39,"Narail",265,"Lohagara","Narail","Upazila|Thana|Po","Sub-district"
266,19,"BGD","Bangladesh",4,"Khulna",15,"Jessore",39,"Narail",266,"Narail S.","","Upazila|Thana|Po","Sub-district"
267,19,"BGD","Bangladesh",4,"Khulna",16,"Khulna",40,"Bagerhat",267,"Bagerhat S.","","Upazila|Thana|Po","Sub-district"
268,19,"BGD","Bangladesh",4,"Khulna",16,"Khulna",40,"Bagerhat",268,"Chitalmari","","Upazila|Thana|Po","Sub-district"
269,19,"BGD","Bangladesh",4,"Khulna",16,"Khulna",40,"Bagerhat",269,"Fakirhat","","Upazila|Thana|Po","Sub-district"
270,19,"BGD","Bangladesh",4,"Khulna",16,"Khulna",40,"Bagerhat",270,"Kachua","Bagerhat","Upazila|Thana|Po","Sub-district"
271,19,"BGD","Bangladesh",4,"Khulna",16,"Khulna",40,"Bagerhat",271,"Mollahat","","Upazila|Thana|Po","Sub-district"
272,19,"BGD","Bangladesh",4,"Khulna",16,"Khulna",40,"Bagerhat",272,"Mongla","","Upazila|Thana|Po","Sub-district"
273,19,"BGD","Bangladesh",4,"Khulna",16,"Khulna",40,"Bagerhat",273,"Morrelganj","","Upazila|Thana|Po","Sub-district"
274,19,"BGD","Bangladesh",4,"Khulna",16,"Khulna",40,"Bagerhat",274,"Rampal","","Upazila|Thana|Po","Sub-district"
275,19,"BGD","Bangladesh",4,"Khulna",16,"Khulna",41,"Khulna",275,"Batiaghata","","Upazila|Thana|Po","Sub-district"
276,19,"BGD","Bangladesh",4,"Khulna",16,"Khulna",41,"Khulna",276,"Dacope","","Upazila|Thana|Po","Sub-district"
277,19,"BGD","Bangladesh",4,"Khulna",16,"Khulna",41,"Khulna",277,"Dighalia","","Upazila|Thana|Po","Sub-district"
278,19,"BGD","Bangladesh",4,"Khulna",16,"Khulna",41,"Khulna",278,"Dumuria","","Upazila|Thana|Po","Sub-district"
279,19,"BGD","Bangladesh",4,"Khulna",16,"Khulna",41,"Khulna",279,"Kotwali","Khulna","Upazila|Thana|Po","Sub-district"
280,19,"BGD","Bangladesh",4,"Khulna",16,"Khulna",41,"Khulna",280,"Koyra","","Upazila|Thana|Po","Sub-district"
281,19,"BGD","Bangladesh",4,"Khulna",16,"Khulna",41,"Khulna",281,"Paikgachha","","Upazila|Thana|Po","Sub-district"
282,19,"BGD","Bangladesh",4,"Khulna",16,"Khulna",41,"Khulna",282,"Phultala","","Upazila|Thana|Po","Sub-district"
283,19,"BGD","Bangladesh",4,"Khulna",16,"Khulna",41,"Khulna",283,"Rupsa","","Upazila|Thana|Po","Sub-district"
284,19,"BGD","Bangladesh",4,"Khulna",16,"Khulna",41,"Khulna",284,"Terokhada","","Upazila|Thana|Po","Sub-district"
285,19,"BGD","Bangladesh",4,"Khulna",16,"Khulna",42,"Pirojpur",285,"Mathbaria","","Upazila|Thana|Po","Sub-district"
286,19,"BGD","Bangladesh",4,"Khulna",16,"Khulna",43,"Shatkhira",286,"Assasuni","","Upazila|Thana|Po","Sub-district"
287,19,"BGD","Bangladesh",4,"Khulna",16,"Khulna",43,"Shatkhira",287,"Debhata","","Upazila|Thana|Po","Sub-district"
288,19,"BGD","Bangladesh",4,"Khulna",16,"Khulna",43,"Shatkhira",288,"Kalaroa","","Upazila|Thana|Po","Sub-district"
289,19,"BGD","Bangladesh",4,"Khulna",16,"Khulna",43,"Shatkhira",289,"Kaliganj","Satkhira","Upazila|Thana|Po","Sub-district"
290,19,"BGD","Bangladesh",4,"Khulna",16,"Khulna",43,"Shatkhira",290,"Satkhira S.","","Upazila|Thana|Po","Sub-district"
291,19,"BGD","Bangladesh",4,"Khulna",16,"Khulna",43,"Shatkhira",291,"Shyamnagar","","Upazila|Thana|Po","Sub-district"
292,19,"BGD","Bangladesh",4,"Khulna",16,"Khulna",43,"Shatkhira",292,"Tala","","Upazila|Thana|Po","Sub-district"
293,19,"BGD","Bangladesh",4,"Khulna",17,"Kushtia",44,"Choua Danga",293,"Alamdanga","","Upazila|Thana|Po","Sub-district"
294,19,"BGD","Bangladesh",4,"Khulna",17,"Kushtia",44,"Choua Danga",294,"Chuadanga S.","","Upazila|Thana|Po","Sub-district"
295,19,"BGD","Bangladesh",4,"Khulna",17,"Kushtia",44,"Choua Danga",295,"Damurhula","","Upazila|Thana|Po","Sub-district"
296,19,"BGD","Bangladesh",4,"Khulna",17,"Kushtia",44,"Choua Danga",296,"Jibannagar","","Upazila|Thana|Po","Sub-district"
297,19,"BGD","Bangladesh",4,"Khulna",17,"Kushtia",45,"Kustia",297,"Bheramara","","Upazila|Thana|Po","Sub-district"
298,19,"BGD","Bangladesh",4,"Khulna",17,"Kushtia",45,"Kustia",298,"Daulatpur","Kushtia","Upazila|Thana|Po","Sub-district"
299,19,"BGD","Bangladesh",4,"Khulna",17,"Kushtia",45,"Kustia",299,"Khoksa","","Upazila|Thana|Po","Sub-district"
300,19,"BGD","Bangladesh",4,"Khulna",17,"Kushtia",45,"Kustia",300,"Kumarkhali","","Upazila|Thana|Po","Sub-district"
301,19,"BGD","Bangladesh",4,"Khulna",17,"Kushtia",45,"Kustia",301,"Kushtia S.","","Upazila|Thana|Po","Sub-district"
302,19,"BGD","Bangladesh",4,"Khulna",17,"Kushtia",45,"Kustia",302,"Mirpur","Kushtia","Upazila|Thana|Po","Sub-district"
303,19,"BGD","Bangladesh",4,"Khulna",17,"Kushtia",46,"Meherpur",303,"Gangni","","Upazila|Thana|Po","Sub-district"
304,19,"BGD","Bangladesh",4,"Khulna",17,"Kushtia",46,"Meherpur",304,"Meherpur S.","","Upazila|Thana|Po","Sub-district"
305,19,"BGD","Bangladesh",5,"Rajshahi",18,"Bogra",47,"Bogra",305,"Adamdighi","","Upazila|Thana|Po","Sub-district"
306,19,"BGD","Bangladesh",5,"Rajshahi",18,"Bogra",47,"Bogra",306,"Bogra S.","","Upazila|Thana|Po","Sub-district"
307,19,"BGD","Bangladesh",5,"Rajshahi",18,"Bogra",47,"Bogra",307,"Dhunat","","Upazila|Thana|Po","Sub-district"
308,19,"BGD","Bangladesh",5,"Rajshahi",18,"Bogra",47,"Bogra",308,"Dupchanchia","","Upazila|Thana|Po","Sub-district"
309,19,"BGD","Bangladesh",5,"Rajshahi",18,"Bogra",47,"Bogra",309,"Gabtali","","Upazila|Thana|Po","Sub-district"
310,19,"BGD","Bangladesh",5,"Rajshahi",18,"Bogra",47,"Bogra",310,"Kahaloo","","Upazila|Thana|Po","Sub-district"
311,19,"BGD","Bangladesh",5,"Rajshahi",18,"Bogra",47,"Bogra",311,"Nandigram","","Upazila|Thana|Po","Sub-district"
312,19,"BGD","Bangladesh",5,"Rajshahi",18,"Bogra",47,"Bogra",312,"Sariakandi","","Upazila|Thana|Po","Sub-district"
313,19,"BGD","Bangladesh",5,"Rajshahi",18,"Bogra",47,"Bogra",313,"Sherpur","","Upazila|Thana|Po","Sub-district"
314,19,"BGD","Bangladesh",5,"Rajshahi",18,"Bogra",47,"Bogra",314,"Shibganj","Bogra","Upazila|Thana|Po","Sub-district"
315,19,"BGD","Bangladesh",5,"Rajshahi",18,"Bogra",47,"Bogra",315,"Sonatala","","Upazila|Thana|Po","Sub-district"
316,19,"BGD","Bangladesh",5,"Rajshahi",18,"Bogra",48,"Jaipurhat",316,"Akkelpur","","Upazila|Thana|Po","Sub-district"
317,19,"BGD","Bangladesh",5,"Rajshahi",18,"Bogra",48,"Jaipurhat",317,"Joypurhat S.","","Upazila|Thana|Po","Sub-district"
318,19,"BGD","Bangladesh",5,"Rajshahi",18,"Bogra",48,"Jaipurhat",318,"Kalai","","Upazila|Thana|Po","Sub-district"
319,19,"BGD","Bangladesh",5,"Rajshahi",18,"Bogra",48,"Jaipurhat",319,"Khetlal","","Upazila|Thana|Po","Sub-district"
320,19,"BGD","Bangladesh",5,"Rajshahi",18,"Bogra",48,"Jaipurhat",320,"Panchbibi","","Upazila|Thana|Po","Sub-district"
321,19,"BGD","Bangladesh",5,"Rajshahi",19,"Dinajpur",49,"Dinajpur",321,"Biral","","Upazila|Thana|Po","Sub-district"
322,19,"BGD","Bangladesh",5,"Rajshahi",19,"Dinajpur",49,"Dinajpur",322,"Birampur","","Upazila|Thana|Po","Sub-district"
323,19,"BGD","Bangladesh",5,"Rajshahi",19,"Dinajpur",49,"Dinajpur",323,"Birganj","","Upazila|Thana|Po","Sub-district"
324,19,"BGD","Bangladesh",5,"Rajshahi",19,"Dinajpur",49,"Dinajpur",324,"Bochaganj","","Upazila|Thana|Po","Sub-district"
325,19,"BGD","Bangladesh",5,"Rajshahi",19,"Dinajpur",49,"Dinajpur",325,"Chirirbandar","","Upazila|Thana|Po","Sub-district"
326,19,"BGD","Bangladesh",5,"Rajshahi",19,"Dinajpur",49,"Dinajpur",326,"Dinajpur S.","","Upazila|Thana|Po","Sub-district"
327,19,"BGD","Bangladesh",5,"Rajshahi",19,"Dinajpur",49,"Dinajpur",327,"Ghoraghat","","Upazila|Thana|Po","Sub-district"
328,19,"BGD","Bangladesh",5,"Rajshahi",19,"Dinajpur",49,"Dinajpur",328,"Hakimpur","","Upazila|Thana|Po","Sub-district"
329,19,"BGD","Bangladesh",5,"Rajshahi",19,"Dinajpur",49,"Dinajpur",329,"Kaharole","","Upazila|Thana|Po","Sub-district"
330,19,"BGD","Bangladesh",5,"Rajshahi",19,"Dinajpur",49,"Dinajpur",330,"Khansama","","Upazila|Thana|Po","Sub-district"
331,19,"BGD","Bangladesh",5,"Rajshahi",19,"Dinajpur",49,"Dinajpur",331,"Nawabganj","Dinajpur","Upazila|Thana|Po","Sub-district"
332,19,"BGD","Bangladesh",5,"Rajshahi",19,"Dinajpur",49,"Dinajpur",332,"Parbatipur","","Upazila|Thana|Po","Sub-district"
333,19,"BGD","Bangladesh",5,"Rajshahi",19,"Dinajpur",49,"Dinajpur",333,"Phulbari","Dinajpur","Upazila|Thana|Po","Sub-district"
334,19,"BGD","Bangladesh",5,"Rajshahi",19,"Dinajpur",50,"Panchagarh",334,"Atwari","","Upazila|Thana|Po","Sub-district"
335,19,"BGD","Bangladesh",5,"Rajshahi",19,"Dinajpur",50,"Panchagarh",335,"Boda","","Upazila|Thana|Po","Sub-district"
336,19,"BGD","Bangladesh",5,"Rajshahi",19,"Dinajpur",50,"Panchagarh",336,"Debiganj","","Upazila|Thana|Po","Sub-district"
337,19,"BGD","Bangladesh",5,"Rajshahi",19,"Dinajpur",50,"Panchagarh",337,"Panchagarh S.","","Upazila|Thana|Po","Sub-district"
338,19,"BGD","Bangladesh",5,"Rajshahi",19,"Dinajpur",50,"Panchagarh",338,"Tentulia","","Upazila|Thana|Po","Sub-district"
339,19,"BGD","Bangladesh",5,"Rajshahi",19,"Dinajpur",51,"Thakurgaon",339,"Baliadangi","","Upazila|Thana|Po","Sub-district"
340,19,"BGD","Bangladesh",5,"Rajshahi",19,"Dinajpur",51,"Thakurgaon",340,"Haripur","","Upazila|Thana|Po","Sub-district"
341,19,"BGD","Bangladesh",5,"Rajshahi",19,"Dinajpur",51,"Thakurgaon",341,"Pirganj","Thakurgaon","Upazila|Thana|Po","Sub-district"
342,19,"BGD","Bangladesh",5,"Rajshahi",19,"Dinajpur",51,"Thakurgaon",342,"Ranisankail","","Upazila|Thana|Po","Sub-district"
343,19,"BGD","Bangladesh",5,"Rajshahi",19,"Dinajpur",51,"Thakurgaon",343,"Thakurgaon S.","","Upazila|Thana|Po","Sub-district"
344,19,"BGD","Bangladesh",5,"Rajshahi",20,"Pabna",52,"Pabna",344,"Atgharia","","Upazila|Thana|Po","Sub-district"
345,19,"BGD","Bangladesh",5,"Rajshahi",20,"Pabna",52,"Pabna",345,"Bera","","Upazila|Thana|Po","Sub-district"
346,19,"BGD","Bangladesh",5,"Rajshahi",20,"Pabna",52,"Pabna",346,"Bhangura","","Upazila|Thana|Po","Sub-district"
347,19,"BGD","Bangladesh",5,"Rajshahi",20,"Pabna",52,"Pabna",347,"Chatmohar","","Upazila|Thana|Po","Sub-district"
348,19,"BGD","Bangladesh",5,"Rajshahi",20,"Pabna",52,"Pabna",348,"Faridpur","","Upazila|Thana|Po","Sub-district"
349,19,"BGD","Bangladesh",5,"Rajshahi",20,"Pabna",52,"Pabna",349,"Ishwardi","","Upazila|Thana|Po","Sub-district"
350,19,"BGD","Bangladesh",5,"Rajshahi",20,"Pabna",52,"Pabna",350,"Pabna S.","","Upazila|Thana|Po","Sub-district"
351,19,"BGD","Bangladesh",5,"Rajshahi",20,"Pabna",52,"Pabna",351,"Santhia","","Upazila|Thana|Po","Sub-district"
352,19,"BGD","Bangladesh",5,"Rajshahi",20,"Pabna",52,"Pabna",352,"Sujanagar","","Upazila|Thana|Po","Sub-district"
353,19,"BGD","Bangladesh",5,"Rajshahi",20,"Pabna",53,"Sirajgonj",353,"Belkuchi","","Upazila|Thana|Po","Sub-district"
354,19,"BGD","Bangladesh",5,"Rajshahi",20,"Pabna",53,"Sirajgonj",354,"Chauhali","","Upazila|Thana|Po","Sub-district"
355,19,"BGD","Bangladesh",5,"Rajshahi",20,"Pabna",53,"Sirajgonj",355,"Kamarkhanda","","Upazila|Thana|Po","Sub-district"
356,19,"BGD","Bangladesh",5,"Rajshahi",20,"Pabna",53,"Sirajgonj",356,"Kazipur","","Upazila|Thana|Po","Sub-district"
357,19,"BGD","Bangladesh",5,"Rajshahi",20,"Pabna",53,"Sirajgonj",357,"Raiganj","","Upazila|Thana|Po","Sub-district"
358,19,"BGD","Bangladesh",5,"Rajshahi",20,"Pabna",53,"Sirajgonj",358,"Shahjadpur","","Upazila|Thana|Po","Sub-district"
359,19,"BGD","Bangladesh",5,"Rajshahi",20,"Pabna",53,"Sirajgonj",359,"Sirajganj S.","","Upazila|Thana|Po","Sub-district"
360,19,"BGD","Bangladesh",5,"Rajshahi",20,"Pabna",53,"Sirajgonj",360,"Tarash","","Upazila|Thana|Po","Sub-district"
361,19,"BGD","Bangladesh",5,"Rajshahi",20,"Pabna",53,"Sirajgonj",361,"Ullahpara","","Upazila|Thana|Po","Sub-district"
362,19,"BGD","Bangladesh",5,"Rajshahi",21,"Rajshahi",54,"Naogaon",362,"Atrai","","Upazila|Thana|Po","Sub-district"
363,19,"BGD","Bangladesh",5,"Rajshahi",21,"Rajshahi",54,"Naogaon",363,"Badalgachhi","","Upazila|Thana|Po","Sub-district"
364,19,"BGD","Bangladesh",5,"Rajshahi",21,"Rajshahi",54,"Naogaon",364,"Dhamoirhat","","Upazila|Thana|Po","Sub-district"
365,19,"BGD","Bangladesh",5,"Rajshahi",21,"Rajshahi",54,"Naogaon",365,"Mahadevpur","","Upazila|Thana|Po","Sub-district"
366,19,"BGD","Bangladesh",5,"Rajshahi",21,"Rajshahi",54,"Naogaon",366,"Manda","","Upazila|Thana|Po","Sub-district"
367,19,"BGD","Bangladesh",5,"Rajshahi",21,"Rajshahi",54,"Naogaon",367,"Naogaon S.","","Upazila|Thana|Po","Sub-district"
368,19,"BGD","Bangladesh",5,"Rajshahi",21,"Rajshahi",54,"Naogaon",368,"Niamatpur","","Upazila|Thana|Po","Sub-district"
369,19,"BGD","Bangladesh",5,"Rajshahi",21,"Rajshahi",54,"Naogaon",369,"Patnitala","","Upazila|Thana|Po","Sub-district"
370,19,"BGD","Bangladesh",5,"Rajshahi",21,"Rajshahi",54,"Naogaon",370,"Porsha","","Upazila|Thana|Po","Sub-district"
371,19,"BGD","Bangladesh",5,"Rajshahi",21,"Rajshahi",54,"Naogaon",371,"Raninagar","","Upazila|Thana|Po","Sub-district"
372,19,"BGD","Bangladesh",5,"Rajshahi",21,"Rajshahi",54,"Naogaon",372,"Sapahar","","Upazila|Thana|Po","Sub-district"
373,19,"BGD","Bangladesh",5,"Rajshahi",21,"Rajshahi",55,"Natore",373,"Bagatipara","","Upazila|Thana|Po","Sub-district"
374,19,"BGD","Bangladesh",5,"Rajshahi",21,"Rajshahi",55,"Natore",374,"Baraigram","","Upazila|Thana|Po","Sub-district"
375,19,"BGD","Bangladesh",5,"Rajshahi",21,"Rajshahi",55,"Natore",375,"Gurudaspur","","Upazila|Thana|Po","Sub-district"
376,19,"BGD","Bangladesh",5,"Rajshahi",21,"Rajshahi",55,"Natore",376,"Lalpur","","Upazila|Thana|Po","Sub-district"
377,19,"BGD","Bangladesh",5,"Rajshahi",21,"Rajshahi",55,"Natore",377,"Natore S.","","Upazila|Thana|Po","Sub-district"
378,19,"BGD","Bangladesh",5,"Rajshahi",21,"Rajshahi",55,"Natore",378,"Singra","","Upazila|Thana|Po","Sub-district"
379,19,"BGD","Bangladesh",5,"Rajshahi",21,"Rajshahi",56,"Nawabganj",379,"Bholahat","","Upazila|Thana|Po","Sub-district"
380,19,"BGD","Bangladesh",5,"Rajshahi",21,"Rajshahi",56,"Nawabganj",380,"Gomastapur","","Upazila|Thana|Po","Sub-district"
381,19,"BGD","Bangladesh",5,"Rajshahi",21,"Rajshahi",56,"Nawabganj",381,"Nachole","","Upazila|Thana|Po","Sub-district"
382,19,"BGD","Bangladesh",5,"Rajshahi",21,"Rajshahi",56,"Nawabganj",382,"Nawabganj S.","Nawabganj","Upazila|Thana|Po","Sub-district"
383,19,"BGD","Bangladesh",5,"Rajshahi",21,"Rajshahi",56,"Nawabganj",383,"Shibganj","Nawabganj","Upazila|Thana|Po","Sub-district"
384,19,"BGD","Bangladesh",5,"Rajshahi",21,"Rajshahi",57,"Rajshahi",384,"Bagha","","Upazila|Thana|Po","Sub-district"
385,19,"BGD","Bangladesh",5,"Rajshahi",21,"Rajshahi",57,"Rajshahi",385,"Bagmara","","Upazila|Thana|Po","Sub-district"
386,19,"BGD","Bangladesh",5,"Rajshahi",21,"Rajshahi",57,"Rajshahi",386,"Boalia","","Upazila|Thana|Po","Sub-district"
387,19,"BGD","Bangladesh",5,"Rajshahi",21,"Rajshahi",57,"Rajshahi",387,"Charghat","","Upazila|Thana|Po","Sub-district"
388,19,"BGD","Bangladesh",5,"Rajshahi",21,"Rajshahi",57,"Rajshahi",388,"Durgapur","Rajshahi","Upazila|Thana|Po","Sub-district"
389,19,"BGD","Bangladesh",5,"Rajshahi",21,"Rajshahi",57,"Rajshahi",389,"Godagari","","Upazila|Thana|Po","Sub-district"
390,19,"BGD","Bangladesh",5,"Rajshahi",21,"Rajshahi",57,"Rajshahi",390,"Mohanpur","","Upazila|Thana|Po","Sub-district"
391,19,"BGD","Bangladesh",5,"Rajshahi",21,"Rajshahi",57,"Rajshahi",391,"Paba","","Upazila|Thana|Po","Sub-district"
392,19,"BGD","Bangladesh",5,"Rajshahi",21,"Rajshahi",57,"Rajshahi",392,"Puthia","","Upazila|Thana|Po","Sub-district"
393,19,"BGD","Bangladesh",5,"Rajshahi",21,"Rajshahi",57,"Rajshahi",393,"Tanore","","Upazila|Thana|Po","Sub-district"
394,19,"BGD","Bangladesh",5,"Rajshahi",22,"Ranpur",58,"Gaibanda",394,"Gaibandha S.","","Upazila|Thana|Po","Sub-district"
395,19,"BGD","Bangladesh",5,"Rajshahi",22,"Ranpur",58,"Gaibanda",395,"Gobindaganj","","Upazila|Thana|Po","Sub-district"
396,19,"BGD","Bangladesh",5,"Rajshahi",22,"Ranpur",58,"Gaibanda",396,"Palashbari","","Upazila|Thana|Po","Sub-district"
397,19,"BGD","Bangladesh",5,"Rajshahi",22,"Ranpur",58,"Gaibanda",397,"Phulchhari","","Upazila|Thana|Po","Sub-district"
398,19,"BGD","Bangladesh",5,"Rajshahi",22,"Ranpur",58,"Gaibanda",398,"Sadullapur","","Upazila|Thana|Po","Sub-district"
399,19,"BGD","Bangladesh",5,"Rajshahi",22,"Ranpur",58,"Gaibanda",399,"Sughatta","","Upazila|Thana|Po","Sub-district"
400,19,"BGD","Bangladesh",5,"Rajshahi",22,"Ranpur",58,"Gaibanda",400,"Sundarganj","","Upazila|Thana|Po","Sub-district"
401,19,"BGD","Bangladesh",5,"Rajshahi",22,"Ranpur",59,"Kurigram",401,"Bhurungamari","","Upazila|Thana|Po","Sub-district"
402,19,"BGD","Bangladesh",5,"Rajshahi",22,"Ranpur",59,"Kurigram",402,"Charrajibpur","","Upazila|Thana|Po","Sub-district"
403,19,"BGD","Bangladesh",5,"Rajshahi",22,"Ranpur",59,"Kurigram",403,"Chilmari","","Upazila|Thana|Po","Sub-district"
404,19,"BGD","Bangladesh",5,"Rajshahi",22,"Ranpur",59,"Kurigram",404,"Kurigram S.","","Upazila|Thana|Po","Sub-district"
405,19,"BGD","Bangladesh",5,"Rajshahi",22,"Ranpur",59,"Kurigram",405,"Nageshwari","","Upazila|Thana|Po","Sub-district"
406,19,"BGD","Bangladesh",5,"Rajshahi",22,"Ranpur",59,"Kurigram",406,"Phulbari","Kurigram","Upazila|Thana|Po","Sub-district"
407,19,"BGD","Bangladesh",5,"Rajshahi",22,"Ranpur",59,"Kurigram",407,"Rajarhat","","Upazila|Thana|Po","Sub-district"
408,19,"BGD","Bangladesh",5,"Rajshahi",22,"Ranpur",59,"Kurigram",408,"Raomari","","Upazila|Thana|Po","Sub-district"
409,19,"BGD","Bangladesh",5,"Rajshahi",22,"Ranpur",59,"Kurigram",409,"Ulipur","","Upazila|Thana|Po","Sub-district"
410,19,"BGD","Bangladesh",5,"Rajshahi",22,"Ranpur",60,"Lalmonirhat",410,"Aditmari","","Upazila|Thana|Po","Sub-district"
411,19,"BGD","Bangladesh",5,"Rajshahi",22,"Ranpur",60,"Lalmonirhat",411,"Hatibandha","","Upazila|Thana|Po","Sub-district"
412,19,"BGD","Bangladesh",5,"Rajshahi",22,"Ranpur",60,"Lalmonirhat",412,"Kaliganj","Lalmonirhat","Upazila|Thana|Po","Sub-district"
413,19,"BGD","Bangladesh",5,"Rajshahi",22,"Ranpur",60,"Lalmonirhat",413,"Lalhonirhat S.","","Upazila|Thana|Po","Sub-district"
414,19,"BGD","Bangladesh",5,"Rajshahi",22,"Ranpur",60,"Lalmonirhat",414,"Patgram","","Upazila|Thana|Po","Sub-district"
415,19,"BGD","Bangladesh",5,"Rajshahi",22,"Ranpur",61,"Nilphamari",415,"Dimla","","Upazila|Thana|Po","Sub-district"
416,19,"BGD","Bangladesh",5,"Rajshahi",22,"Ranpur",61,"Nilphamari",416,"Domar","","Upazila|Thana|Po","Sub-district"
417,19,"BGD","Bangladesh",5,"Rajshahi",22,"Ranpur",61,"Nilphamari",417,"Jaldhaka","","Upazila|Thana|Po","Sub-district"
418,19,"BGD","Bangladesh",5,"Rajshahi",22,"Ranpur",61,"Nilphamari",418,"Kishoreganj","","Upazila|Thana|Po","Sub-district"
419,19,"BGD","Bangladesh",5,"Rajshahi",22,"Ranpur",61,"Nilphamari",419,"Nilphahari S.","","Upazila|Thana|Po","Sub-district"
420,19,"BGD","Bangladesh",5,"Rajshahi",22,"Ranpur",61,"Nilphamari",420,"Saidpur","","Upazila|Thana|Po","Sub-district"
421,19,"BGD","Bangladesh",5,"Rajshahi",22,"Ranpur",62,"Rongpur",421,"Badarganj","","Upazila|Thana|Po","Sub-district"
422,19,"BGD","Bangladesh",5,"Rajshahi",22,"Ranpur",62,"Rongpur",422,"Gangachhara","","Upazila|Thana|Po","Sub-district"
423,19,"BGD","Bangladesh",5,"Rajshahi",22,"Ranpur",62,"Rongpur",423,"Kaunia","","Upazila|Thana|Po","Sub-district"
424,19,"BGD","Bangladesh",5,"Rajshahi",22,"Ranpur",62,"Rongpur",424,"Mithapukur","","Upazila|Thana|Po","Sub-district"
425,19,"BGD","Bangladesh",5,"Rajshahi",22,"Ranpur",62,"Rongpur",425,"Pirgachha","","Upazila|Thana|Po","Sub-district"
426,19,"BGD","Bangladesh",5,"Rajshahi",22,"Ranpur",62,"Rongpur",426,"Pirganj","Rangpur","Upazila|Thana|Po","Sub-district"
427,19,"BGD","Bangladesh",5,"Rajshahi",22,"Ranpur",62,"Rongpur",427,"Rangpur S.","","Upazila|Thana|Po","Sub-district"
428,19,"BGD","Bangladesh",5,"Rajshahi",22,"Ranpur",62,"Rongpur",428,"Taraganj","","Upazila|Thana|Po","Sub-district"
429,19,"BGD","Bangladesh",6,"Sylhet",23,"Sylhet",63,"Hobiganj",429,"Ajmiriganj","","Upazila|Thana|Po","Sub-district"
430,19,"BGD","Bangladesh",6,"Sylhet",23,"Sylhet",63,"Hobiganj",430,"Bahubal","","Upazila|Thana|Po","Sub-district"
431,19,"BGD","Bangladesh",6,"Sylhet",23,"Sylhet",63,"Hobiganj",431,"Baniachong","","Upazila|Thana|Po","Sub-district"
432,19,"BGD","Bangladesh",6,"Sylhet",23,"Sylhet",63,"Hobiganj",432,"Chunarughat","","Upazila|Thana|Po","Sub-district"
433,19,"BGD","Bangladesh",6,"Sylhet",23,"Sylhet",63,"Hobiganj",433,"Habiganj S.","","Upazila|Thana|Po","Sub-district"
434,19,"BGD","Bangladesh",6,"Sylhet",23,"Sylhet",63,"Hobiganj",434,"Lakhai","","Upazila|Thana|Po","Sub-district"
435,19,"BGD","Bangladesh",6,"Sylhet",23,"Sylhet",63,"Hobiganj",435,"Madhabpur","","Upazila|Thana|Po","Sub-district"
436,19,"BGD","Bangladesh",6,"Sylhet",23,"Sylhet",63,"Hobiganj",436,"Nabiganj","","Upazila|Thana|Po","Sub-district"
437,19,"BGD","Bangladesh",6,"Sylhet",23,"Sylhet",64,"Moulvibazar",437,"Barlekha","","Upazila|Thana|Po","Sub-district"
438,19,"BGD","Bangladesh",6,"Sylhet",23,"Sylhet",64,"Moulvibazar",438,"Kamalganj","","Upazila|Thana|Po","Sub-district"
439,19,"BGD","Bangladesh",6,"Sylhet",23,"Sylhet",64,"Moulvibazar",439,"Kulaura","","Upazila|Thana|Po","Sub-district"
440,19,"BGD","Bangladesh",6,"Sylhet",23,"Sylhet",64,"Moulvibazar",440,"Maulvibazar S.","","Upazila|Thana|Po","Sub-district"
441,19,"BGD","Bangladesh",6,"Sylhet",23,"Sylhet",64,"Moulvibazar",441,"Rajnagar","","Upazila|Thana|Po","Sub-district"
442,19,"BGD","Bangladesh",6,"Sylhet",23,"Sylhet",64,"Moulvibazar",442,"Sreemangal","","Upazila|Thana|Po","Sub-district"
443,19,"BGD","Bangladesh",6,"Sylhet",23,"Sylhet",65,"Sun Amgonj",443,"Bishwamvarpur","","Upazila|Thana|Po","Sub-district"
444,19,"BGD","Bangladesh",6,"Sylhet",23,"Sylhet",65,"Sun Amgonj",444,"Chhatak","","Upazila|Thana|Po","Sub-district"
445,19,"BGD","Bangladesh",6,"Sylhet",23,"Sylhet",65,"Sun Amgonj",445,"Derai","","Upazila|Thana|Po","Sub-district"
446,19,"BGD","Bangladesh",6,"Sylhet",23,"Sylhet",65,"Sun Amgonj",446,"Dharampasha","","Upazila|Thana|Po","Sub-district"
447,19,"BGD","Bangladesh",6,"Sylhet",23,"Sylhet",65,"Sun Amgonj",447,"Dowarabazar","","Upazila|Thana|Po","Sub-district"
448,19,"BGD","Bangladesh",6,"Sylhet",23,"Sylhet",65,"Sun Amgonj",448,"Jagannathpur","","Upazila|Thana|Po","Sub-district"
449,19,"BGD","Bangladesh",6,"Sylhet",23,"Sylhet",65,"Sun Amgonj",449,"Jamalganj","","Upazila|Thana|Po","Sub-district"
450,19,"BGD","Bangladesh",6,"Sylhet",23,"Sylhet",65,"Sun Amgonj",450,"Sullah","","Upazila|Thana|Po","Sub-district"
451,19,"BGD","Bangladesh",6,"Sylhet",23,"Sylhet",65,"Sun Amgonj",451,"Sunamganj S.","","Upazila|Thana|Po","Sub-district"
452,19,"BGD","Bangladesh",6,"Sylhet",23,"Sylhet",65,"Sun Amgonj",452,"Tahirpur","","Upazila|Thana|Po","Sub-district"
453,19,"BGD","Bangladesh",6,"Sylhet",23,"Sylhet",66,"Sylhet",453,"Balaganj","","Upazila|Thana|Po","Sub-district"
454,19,"BGD","Bangladesh",6,"Sylhet",23,"Sylhet",66,"Sylhet",454,"Beanibazar","","Upazila|Thana|Po","Sub-district"
455,19,"BGD","Bangladesh",6,"Sylhet",23,"Sylhet",66,"Sylhet",455,"Bishwanath","","Upazila|Thana|Po","Sub-district"
456,19,"BGD","Bangladesh",6,"Sylhet",23,"Sylhet",66,"Sylhet",456,"Companiganj","Sylhet","Upazila|Thana|Po","Sub-district"
457,19,"BGD","Bangladesh",6,"Sylhet",23,"Sylhet",66,"Sylhet",457,"Fenchuganj","","Upazila|Thana|Po","Sub-district"
458,19,"BGD","Bangladesh",6,"Sylhet",23,"Sylhet",66,"Sylhet",458,"Golabganj","","Upazila|Thana|Po","Sub-district"
459,19,"BGD","Bangladesh",6,"Sylhet",23,"Sylhet",66,"Sylhet",459,"Gowainghat","","Upazila|Thana|Po","Sub-district"
460,19,"BGD","Bangladesh",6,"Sylhet",23,"Sylhet",66,"Sylhet",460,"Jaintiapur","","Upazila|Thana|Po","Sub-district"
461,19,"BGD","Bangladesh",6,"Sylhet",23,"Sylhet",66,"Sylhet",461,"Kanaighat","","Upazila|Thana|Po","Sub-district"
462,19,"BGD","Bangladesh",6,"Sylhet",23,"Sylhet",66,"Sylhet",462,"Sylhet S.","","Upazila|Thana|Po","Sub-district"
463,19,"BGD","Bangladesh",6,"Sylhet",23,"Sylhet",66,"Sylhet",463,"Zakiganj","","Upazila|Thana|Po","Sub-district"
