"PID","ID_0","ISO","NAME_0","ID_1","NAME_1","NL_NAME_1","VARNAME_1","TYPE_1","ENGTYPE_1"
2194,169,"OMN","Oman",1,"Ad Dakhliyah","","Ad Dakhiliyah","Mintaqah","Region"
2195,169,"OMN","Oman",2,"Al Batnah","","Al Batinah|Ad Batinah","Mintaqah","Region"
2196,169,"OMN","Oman",3,"Al Dhahira","","Adh Dhahirah|Az Zahirah","Mintaqah","Region"
2197,169,"OMN","Oman",4,"Al Wusta","","","Mintaqah","Region"
2198,169,"OMN","Oman",5,"Ash Sharqiyah","","","Mintaqah","Region"
2199,169,"OMN","Oman",6,"Dhofar","","Al Janubiyah [Zufar]","Muhafazah","Province"
2200,169,"OMN","Oman",7,"Musandam","","","Muhafazah","Province"
2201,169,"OMN","Oman",8,"Muscat","","Masqat","Muhafazah","Province"
