"PID","ID_0","ISO","NAME_0","ID_1","NAME_1","ID_2","NAME_2","NL_NAME_2","VARNAME_2","TYPE_2","ENGTYPE_2"
26576,169,"OMN","Oman",1,"Ad Dakhliyah",1,"Adam","","","Wilayat","Province"
26577,169,"OMN","Oman",1,"Ad Dakhliyah",2,"Al Hamra","","","Wilayat","Province"
26578,169,"OMN","Oman",1,"Ad Dakhliyah",3,"Bahla","","","Wilayat","Province"
26579,169,"OMN","Oman",1,"Ad Dakhliyah",4,"Bid Bid","","","Wilayat","Province"
26580,169,"OMN","Oman",1,"Ad Dakhliyah",5,"Izki","","","Wilayat","Province"
26581,169,"OMN","Oman",1,"Ad Dakhliyah",6,"Manah","","","Wilayat","Province"
26582,169,"OMN","Oman",1,"Ad Dakhliyah",7,"Nizwa","","","Wilayat","Province"
26583,169,"OMN","Oman",1,"Ad Dakhliyah",8,"Samail","","","Wilayat","Province"
26584,169,"OMN","Oman",2,"Al Batnah",9,"A Rustaq","","Ar Rustaq","Wilayat","Province"
26585,169,"OMN","Oman",2,"Al Batnah",10,"Al Awabi","","","Wilayat","Province"
26586,169,"OMN","Oman",2,"Al Batnah",11,"Al Khabourah","","Al Khaburah","Wilayat","Province"
26587,169,"OMN","Oman",2,"Al Batnah",12,"Al Masnaah","","Al Musanaah","Wilayat","Province"
26588,169,"OMN","Oman",2,"Al Batnah",13,"As Suwaiq","","As Suwayq","Wilayat","Province"
26589,169,"OMN","Oman",2,"Al Batnah",14,"Barka","","","Wilayat","Province"
26590,169,"OMN","Oman",2,"Al Batnah",15,"Liwa","","","Wilayat","Province"
26591,169,"OMN","Oman",2,"Al Batnah",16,"Nakhal","","","Wilayat","Province"
26592,169,"OMN","Oman",2,"Al Batnah",17,"Saham","","","Wilayat","Province"
26593,169,"OMN","Oman",2,"Al Batnah",18,"Shinas","","","Wilayat","Province"
26594,169,"OMN","Oman",2,"Al Batnah",19,"Sohar","","","Wilayat","Province"
26595,169,"OMN","Oman",3,"Al Dhahira",20,"Al Buraimi","","Al Buraymi","Wilayat","Province"
26596,169,"OMN","Oman",3,"Al Dhahira",21,"Dhank","","Dank","Wilayat","Province"
26597,169,"OMN","Oman",3,"Al Dhahira",22,"Ibri","","","Wilayat","Province"
26598,169,"OMN","Oman",3,"Al Dhahira",23,"Mahdha","","Mahdah","Wilayat","Province"
26599,169,"OMN","Oman",3,"Al Dhahira",24,"Yanqul","","","Wilayat","Province"
26600,169,"OMN","Oman",4,"Al Wusta",25,"Al Wusta","","","Wilayat","Province"
26601,169,"OMN","Oman",5,"Ash Sharqiyah",26,"Al Mudhaibi","","Al Mudaybi","Wilayat","Province"
26602,169,"OMN","Oman",5,"Ash Sharqiyah",27,"Al Qabil","","","Wilayat","Province"
26603,169,"OMN","Oman",5,"Ash Sharqiyah",28,"Al Wafi","","Al Kamil Wa Al Wafi","Wilayat","Province"
26604,169,"OMN","Oman",5,"Ash Sharqiyah",29,"Biddiya","","Bidiyah","Wilayat","Province"
26605,169,"OMN","Oman",5,"Ash Sharqiyah",30,"Ibra","","","Wilayat","Province"
26606,169,"OMN","Oman",5,"Ash Sharqiyah",31,"Jalan Bani","","Jaalan Bani Bu Ali","Wilayat","Province"
26607,169,"OMN","Oman",5,"Ash Sharqiyah",32,"Masirah","","","Wilayat","Province"
26608,169,"OMN","Oman",5,"Ash Sharqiyah",33,"Sur","","","Wilayat","Province"
26609,169,"OMN","Oman",6,"Dhofar",34,"Al Halaniyat Islands","","Shalim Wa Juzur Al Hallaniyat","Wilayat","Province"
26610,169,"OMN","Oman",6,"Dhofar",35,"Marbat","","Mirbat","Wilayat","Province"
26611,169,"OMN","Oman",6,"Dhofar",36,"Muqshin","","","Wilayat","Province"
26612,169,"OMN","Oman",6,"Dhofar",37,"Salalah","","","Wilayat","Province"
26613,169,"OMN","Oman",6,"Dhofar",38,"Sudh","","Sadh","Wilayat","Province"
26614,169,"OMN","Oman",6,"Dhofar",39,"Taqah","","","Wilayat","Province"
26615,169,"OMN","Oman",6,"Dhofar",40,"Thumrait","","Thumrayt","Wilayat","Province"
26616,169,"OMN","Oman",7,"Musandam",41,"Al Khasab","","Khasab","Wilayat","Province"
26617,169,"OMN","Oman",7,"Musandam",42,"Bukha","","","Wilayat","Province"
26618,169,"OMN","Oman",7,"Musandam",43,"Diba","","Daba","Wilayat","Province"
26619,169,"OMN","Oman",7,"Musandam",44,"Madha","","","Wilayat","Province"
26620,169,"OMN","Oman",8,"Muscat",45,"A Seeb","","As Seeb","Wilayat","Province"
26621,169,"OMN","Oman",8,"Muscat",46,"Bausher","","Bawshar","Wilayat","Province"
26622,169,"OMN","Oman",8,"Muscat",47,"Muscat","","","Wilayat","Province"
26623,169,"OMN","Oman",8,"Muscat",48,"Muttrah","","Mutrah","Wilayat","Province"
26624,169,"OMN","Oman",8,"Muscat",49,"Quriyat","","Qurayyat","Wilayat","Province"
