"PID","ID_0","ISO","NAME_0","ID_1","NAME_1","NL_NAME_1","VARNAME_1","TYPE_1","ENGTYPE_1"
1769,125,"LBN","Lebanon",1,"An Nabatiyah","","Nabatîyé","Muhafazah","Province"
1770,125,"LBN","Lebanon",2,"Beirut","","Bayrut|Beirute|Beyrouth","Muhafazah","Province"
1771,125,"LBN","Lebanon",3,"Beqaa","","Bekaa|El Begaa|Béqaa|La Bekaa","Muhafazah","Province"
1772,125,"LBN","Lebanon",4,"Mount Lebanon","","Jabal Lubnan|Mont-Liban","Muhafazah","Province"
1773,125,"LBN","Lebanon",5,"North Lebanon","","Ash Shamal|Liban-Nord","Muhafazah","Province"
1774,125,"LBN","Lebanon",6,"South Lebanon","","Al Janub|Liban-Sud|Sayda","Muhafazah","Province"
