"PID","ID_0","ISO","NAME_0","ID_1","NAME_1","ID_2","NAME_2","NL_NAME_2","VARNAME_2","TYPE_2","ENGTYPE_2"
20978,125,"LBN","Lebanon",1,"An Nabatiyah",1,"Bent Jbayl","","Bint Jbayl|Bent Jbaïl|Bint Jbeil|Bent Jbeil","County","County"
20979,125,"LBN","Lebanon",1,"An Nabatiyah",2,"Hasbaya","","Hasbayya|Hasbaïya","County","County"
20980,125,"LBN","Lebanon",1,"An Nabatiyah",3,"Marjayoun","","Marjaoun|Marjaayoun|Marjeoun|Marjayoûn|Marjeyoun|Marjouyoun","County","County"
20981,125,"LBN","Lebanon",1,"An Nabatiyah",4,"Nabatiyeh","","Nabatiyye|Nabatîye|el Nabatieh|Nabatieh","County","County"
20982,125,"LBN","Lebanon",2,"Beirut",5,"Beirut","","Beyrouth|Bayrut|Beyrouth","County","County"
20983,125,"LBN","Lebanon",3,"Beqaa",6,"Baalbek","","Baalbak|Baelbeck","County","County"
20984,125,"LBN","Lebanon",3,"Beqaa",7,"Bekaa-West","","Bekaa-ouest|Beqaa Gharbi|Beqaa Ouest|Western Beqaa|Beqaa al Gharbi","County","County"
20985,125,"LBN","Lebanon",3,"Beqaa",8,"Hermel","","Hirmil|Hermil|el Hermel","County","County"
20986,125,"LBN","Lebanon",3,"Beqaa",9,"Rachaya","","Rachya|Rachayya|Rashayya|Rachaïya","County","County"
20987,125,"LBN","Lebanon",3,"Beqaa",10,"Zahlé","","Zahleh","County","County"
20988,125,"LBN","Lebanon",4,"Mount Lebanon",11,"Aley","","Aaley|Eleih","County","County"
20989,125,"LBN","Lebanon",4,"Mount Lebanon",12,"Baabda","","","County","County"
20990,125,"LBN","Lebanon",4,"Mount Lebanon",13,"Chouf","","Shouf|Choûf|el Chouf","County","County"
20991,125,"LBN","Lebanon",4,"Mount Lebanon",14,"Jbayl","","Jbail|Jbeil|Byblos","County","County"
20992,125,"LBN","Lebanon",4,"Mount Lebanon",15,"Kesrouan","","Kesroun|Keserwen|Kesrouâne|Kesrwan|Kesserwan","County","County"
20993,125,"LBN","Lebanon",4,"Mount Lebanon",16,"Matn","","Metn|el Matin","County","County"
20994,125,"LBN","Lebanon",5,"North Lebanon",17,"Akkar","","Aakkar","County","County"
20995,125,"LBN","Lebanon",5,"North Lebanon",18,"Batroun","","Batroûn|el Batroun","County","County"
20996,125,"LBN","Lebanon",5,"North Lebanon",19,"Bcharré","","Bsharre|Besharri|Bcharri","County","County"
20997,125,"LBN","Lebanon",5,"North Lebanon",20,"Koura","","el Koura|Koura","County","County"
20998,125,"LBN","Lebanon",5,"North Lebanon",21,"Minie-Danniyeh","","Dannieh|el Mnieh|Miniyé","County","County"
20999,125,"LBN","Lebanon",5,"North Lebanon",22,"Tripoli","","Tripoly","County","County"
21000,125,"LBN","Lebanon",5,"North Lebanon",23,"Zgharta","","Zghorta","County","County"
21001,125,"LBN","Lebanon",6,"South Lebanon",24,"Jezzine","","Jezzîne","County","County"
21002,125,"LBN","Lebanon",6,"South Lebanon",25,"Saida","","Saïda|Sidon","County","County"
21003,125,"LBN","Lebanon",6,"South Lebanon",26,"Sour","","Soûr|Tyre|Tyr","County","County"
