"PID","ID_0","ISO","NAME_0","ID_1","NAME_1","ID_2","NAME_2","NL_NAME_2","VARNAME_2","TYPE_2","ENGTYPE_2"
13962,63,"DNK","Denmark",1,"Århus",1,"Århus","","Aarhus","Kommuner","Municipality"
13963,63,"DNK","Denmark",1,"Århus",2,"Ebeltoft","","","Kommuner","Municipality"
13964,63,"DNK","Denmark",1,"Århus",3,"Galten","","","Kommuner","Municipality"
13965,63,"DNK","Denmark",1,"Århus",4,"Gjern","","","Kommuner","Municipality"
13966,63,"DNK","Denmark",1,"Århus",5,"Grenaa","","","Kommuner","Municipality"
13967,63,"DNK","Denmark",1,"Århus",6,"Hadsten","","","Kommuner","Municipality"
13968,63,"DNK","Denmark",1,"Århus",7,"Hammel","","","Kommuner","Municipality"
13969,63,"DNK","Denmark",1,"Århus",8,"Hinnerup","","","Kommuner","Municipality"
13970,63,"DNK","Denmark",1,"Århus",9,"Hørning","","Hoerning","Kommuner","Municipality"
13971,63,"DNK","Denmark",1,"Århus",10,"Langå","","Langaa","Kommuner","Municipality"
13972,63,"DNK","Denmark",1,"Århus",11,"Mariager","","","Kommuner","Municipality"
13973,63,"DNK","Denmark",1,"Århus",12,"Midtdjurs","","","Kommuner","Municipality"
13974,63,"DNK","Denmark",1,"Århus",13,"Nørhald","","Noerhald","Kommuner","Municipality"
13975,63,"DNK","Denmark",1,"Århus",14,"Nørre Djurs","","Noerre Djurs","Kommuner","Municipality"
13976,63,"DNK","Denmark",1,"Århus",15,"Odder","","","Kommuner","Municipality"
13977,63,"DNK","Denmark",1,"Århus",16,"Purhus","","","Kommuner","Municipality"
13978,63,"DNK","Denmark",1,"Århus",17,"Randers","","","Kommuner","Municipality"
13979,63,"DNK","Denmark",1,"Århus",18,"Rønde","","Roende","Kommuner","Municipality"
13980,63,"DNK","Denmark",1,"Århus",19,"Rosenholm","","","Kommuner","Municipality"
13981,63,"DNK","Denmark",1,"Århus",20,"Rougsø","","Rougsoe","Kommuner","Municipality"
13982,63,"DNK","Denmark",1,"Århus",21,"Ry","","","Kommuner","Municipality"
13983,63,"DNK","Denmark",1,"Århus",22,"Samsø","","Samsoe","Kommuner","Municipality"
13984,63,"DNK","Denmark",1,"Århus",23,"Silkeborg","","","Kommuner","Municipality"
13985,63,"DNK","Denmark",1,"Århus",24,"Skanderborg","","","Kommuner","Municipality"
13986,63,"DNK","Denmark",1,"Århus",25,"Sønderhald","","Soenderhald","Kommuner","Municipality"
13987,63,"DNK","Denmark",1,"Århus",26,"Them","","","Kommuner","Municipality"
13988,63,"DNK","Denmark",2,"Bornholm",27,"Aakirkeby","","","Kommuner","Municipality"
13989,63,"DNK","Denmark",2,"Bornholm",28,"Allinge-Gudhjem","","Christi","Kommuner","Municipality"
13990,63,"DNK","Denmark",2,"Bornholm",29,"Hasle","","","Kommuner","Municipality"
13991,63,"DNK","Denmark",2,"Bornholm",30,"Nexø","","Neksoe","Kommuner","Municipality"
13992,63,"DNK","Denmark",2,"Bornholm",31,"Rønne","","Roenne","Kommuner","Municipality"
13993,63,"DNK","Denmark",3,"Copenhagen",32,"Combined statistics","","","Kommuner","Municipality"
13994,63,"DNK","Denmark",4,"Frederiksborg",33,"Frederikssund","","","Kommuner","Municipality"
13995,63,"DNK","Denmark",4,"Frederiksborg",34,"Frederiksværk","","","Kommuner","Municipality"
13996,63,"DNK","Denmark",4,"Frederiksborg",35,"Græsted-Gilleleje","","","Kommuner","Municipality"
13997,63,"DNK","Denmark",4,"Frederiksborg",36,"Helsinge","","","Kommuner","Municipality"
13998,63,"DNK","Denmark",4,"Frederiksborg",37,"Helsingør","","Helsingoer","Kommuner","Municipality"
13999,63,"DNK","Denmark",4,"Frederiksborg",38,"Hillerød","","Hilleroed","Kommuner","Municipality"
14000,63,"DNK","Denmark",4,"Frederiksborg",39,"Hørsholm","","Hundested","Kommuner","Municipality"
14001,63,"DNK","Denmark",4,"Frederiksborg",40,"Jægerspris","","","Kommuner","Municipality"
14002,63,"DNK","Denmark",4,"Frederiksborg",41,"Ølstykke","","Oelstykke","Kommuner","Municipality"
14003,63,"DNK","Denmark",4,"Frederiksborg",42,"Skævinge","","","Kommuner","Municipality"
14004,63,"DNK","Denmark",4,"Frederiksborg",43,"Skibby","","","Kommuner","Municipality"
14005,63,"DNK","Denmark",4,"Frederiksborg",44,"Slangerup","","","Kommuner","Municipality"
14006,63,"DNK","Denmark",4,"Frederiksborg",45,"Stenløse","","Stenloese","Kommuner","Municipality"
14007,63,"DNK","Denmark",5,"Fyn",46,"Aarup","","","Kommuner","Municipality"
14008,63,"DNK","Denmark",5,"Fyn",47,"Ærøskøbing","","Aeroeskoebing","Kommuner","Municipality"
14009,63,"DNK","Denmark",5,"Fyn",48,"Årslev","","Aarslev","Kommuner","Municipality"
14010,63,"DNK","Denmark",5,"Fyn",49,"Assens","","","Kommuner","Municipality"
14011,63,"DNK","Denmark",5,"Fyn",50,"Bogense","","","Kommuner","Municipality"
14012,63,"DNK","Denmark",5,"Fyn",51,"Broby","","","Kommuner","Municipality"
14013,63,"DNK","Denmark",5,"Fyn",52,"Egebjerg","","","Kommuner","Municipality"
14014,63,"DNK","Denmark",5,"Fyn",53,"Ejby","","","Kommuner","Municipality"
14015,63,"DNK","Denmark",5,"Fyn",54,"Faaborg","","","Kommuner","Municipality"
14016,63,"DNK","Denmark",5,"Fyn",55,"Glamsbjerg","","","Kommuner","Municipality"
14017,63,"DNK","Denmark",5,"Fyn",56,"Gudme","","","Kommuner","Municipality"
14018,63,"DNK","Denmark",5,"Fyn",57,"Haarby","","","Kommuner","Municipality"
14019,63,"DNK","Denmark",5,"Fyn",58,"Kerteminde","","","Kommuner","Municipality"
14020,63,"DNK","Denmark",5,"Fyn",59,"Langeskov","","","Kommuner","Municipality"
14021,63,"DNK","Denmark",5,"Fyn",60,"Marstal","","","Kommuner","Municipality"
14022,63,"DNK","Denmark",5,"Fyn",61,"Middelfart","","","Kommuner","Municipality"
14023,63,"DNK","Denmark",5,"Fyn",62,"Munkebo","","","Kommuner","Municipality"
14024,63,"DNK","Denmark",5,"Fyn",63,"Nørre Aaby","","Noerre Aaby","Kommuner","Municipality"
14025,63,"DNK","Denmark",5,"Fyn",64,"Nyborg","","","Kommuner","Municipality"
14026,63,"DNK","Denmark",5,"Fyn",65,"Odense","","","Kommuner","Municipality"
14027,63,"DNK","Denmark",5,"Fyn",66,"Ørbæk","","Oerbaek","Kommuner","Municipality"
14028,63,"DNK","Denmark",5,"Fyn",67,"Otterup","","","Kommuner","Municipality"
14029,63,"DNK","Denmark",5,"Fyn",68,"Ringe","","","Kommuner","Municipality"
14030,63,"DNK","Denmark",5,"Fyn",69,"Rudkøbing","","Rudkoebing","Kommuner","Municipality"
14031,63,"DNK","Denmark",5,"Fyn",70,"Ryslinge","","","Kommuner","Municipality"
14032,63,"DNK","Denmark",5,"Fyn",71,"Søndersø","","Soendersoe","Kommuner","Municipality"
14033,63,"DNK","Denmark",5,"Fyn",72,"Svendborg","","","Kommuner","Municipality"
14034,63,"DNK","Denmark",5,"Fyn",73,"Sydlangeland","","","Kommuner","Municipality"
14035,63,"DNK","Denmark",5,"Fyn",74,"Tommerup","","","Kommuner","Municipality"
14036,63,"DNK","Denmark",5,"Fyn",75,"Tranekær","","","Kommuner","Municipality"
14037,63,"DNK","Denmark",5,"Fyn",76,"Ullerslev","","","Kommuner","Municipality"
14038,63,"DNK","Denmark",5,"Fyn",77,"Vissenbjerg","","","Kommuner","Municipality"
14039,63,"DNK","Denmark",6,"North Jutland",78,"Aabybro","","","Kommuner","Municipality"
14040,63,"DNK","Denmark",6,"North Jutland",79,"Aalborg","","","Kommuner","Municipality"
14041,63,"DNK","Denmark",6,"North Jutland",80,"Aars","","","Kommuner","Municipality"
14042,63,"DNK","Denmark",6,"North Jutland",81,"Arden","","","Kommuner","Municipality"
14043,63,"DNK","Denmark",6,"North Jutland",82,"Brønderslev","","Broenderslev","Kommuner","Municipality"
14044,63,"DNK","Denmark",6,"North Jutland",83,"Brovst","","","Kommuner","Municipality"
14045,63,"DNK","Denmark",6,"North Jutland",84,"Dronninglund","","","Kommuner","Municipality"
14046,63,"DNK","Denmark",6,"North Jutland",85,"Farsø","","Farsoe","Kommuner","Municipality"
14047,63,"DNK","Denmark",6,"North Jutland",86,"Fjerritslev","","","Kommuner","Municipality"
14048,63,"DNK","Denmark",6,"North Jutland",87,"Frederikshavn","","","Kommuner","Municipality"
14049,63,"DNK","Denmark",6,"North Jutland",88,"Hadsund","","","Kommuner","Municipality"
14050,63,"DNK","Denmark",6,"North Jutland",89,"Hals","","","Kommuner","Municipality"
14051,63,"DNK","Denmark",6,"North Jutland",90,"Hirtshals","","","Kommuner","Municipality"
14052,63,"DNK","Denmark",6,"North Jutland",91,"Hjørring","","Hjoerring","Kommuner","Municipality"
14053,63,"DNK","Denmark",6,"North Jutland",92,"Hobro","","","Kommuner","Municipality"
14054,63,"DNK","Denmark",6,"North Jutland",93,"Læsø","","Laesoe","Kommuner","Municipality"
14055,63,"DNK","Denmark",6,"North Jutland",94,"Løgstør","","Loegstoer","Kommuner","Municipality"
14056,63,"DNK","Denmark",6,"North Jutland",95,"Løkken-Vrå","","Loekken-Vraa","Kommuner","Municipality"
14057,63,"DNK","Denmark",6,"North Jutland",96,"Nibe","","","Kommuner","Municipality"
14058,63,"DNK","Denmark",6,"North Jutland",97,"Nørager","","Noerager","Kommuner","Municipality"
14059,63,"DNK","Denmark",6,"North Jutland",98,"Pandrup","","","Kommuner","Municipality"
14060,63,"DNK","Denmark",6,"North Jutland",99,"Sæby","","","Kommuner","Municipality"
14061,63,"DNK","Denmark",6,"North Jutland",100,"Sejlflod","","","Kommuner","Municipality"
14062,63,"DNK","Denmark",6,"North Jutland",101,"Sindal","","","Kommuner","Municipality"
14063,63,"DNK","Denmark",6,"North Jutland",102,"Skagen","","","Kommuner","Municipality"
14064,63,"DNK","Denmark",6,"North Jutland",103,"Skørping","","Skoerping","Kommuner","Municipality"
14065,63,"DNK","Denmark",6,"North Jutland",104,"Støvring","","Stoevring","Kommuner","Municipality"
14066,63,"DNK","Denmark",7,"Ribe",105,"Billund","","","Kommuner","Municipality"
14067,63,"DNK","Denmark",7,"Ribe",106,"Blaabjerg","","","Kommuner","Municipality"
14068,63,"DNK","Denmark",7,"Ribe",107,"Blåvandshuk","","Blaavandshuk","Kommuner","Municipality"
14069,63,"DNK","Denmark",7,"Ribe",108,"Bramming","","","Kommuner","Municipality"
14070,63,"DNK","Denmark",7,"Ribe",109,"Brørup","","Broerup","Kommuner","Municipality"
14071,63,"DNK","Denmark",7,"Ribe",110,"Esbjerg","","","Kommuner","Municipality"
14072,63,"DNK","Denmark",7,"Ribe",111,"Fanø","","Fanoe","Kommuner","Municipality"
14073,63,"DNK","Denmark",7,"Ribe",112,"Grindsted","","","Kommuner","Municipality"
14074,63,"DNK","Denmark",7,"Ribe",113,"Helle","","","Kommuner","Municipality"
14075,63,"DNK","Denmark",7,"Ribe",114,"Holsted","","","Kommuner","Municipality"
14076,63,"DNK","Denmark",7,"Ribe",115,"Ølgod","","Oelgod","Kommuner","Municipality"
14077,63,"DNK","Denmark",7,"Ribe",116,"Ribe","","","Kommuner","Municipality"
14078,63,"DNK","Denmark",7,"Ribe",117,"Varde","","","Kommuner","Municipality"
14079,63,"DNK","Denmark",7,"Ribe",118,"Vejen","","","Kommuner","Municipality"
14080,63,"DNK","Denmark",8,"Ringkøbing",119,"Aaskov","","","Kommuner","Municipality"
14081,63,"DNK","Denmark",8,"Ringkøbing",120,"Aulum-Haderup","","Avlum-Haderup","Kommuner","Municipality"
14082,63,"DNK","Denmark",8,"Ringkøbing",121,"Brande","","","Kommuner","Municipality"
14083,63,"DNK","Denmark",8,"Ringkøbing",122,"Egvad","","","Kommuner","Municipality"
14084,63,"DNK","Denmark",8,"Ringkøbing",123,"Herning","","","Kommuner","Municipality"
14085,63,"DNK","Denmark",8,"Ringkøbing",124,"Holmsland","","","Kommuner","Municipality"
14086,63,"DNK","Denmark",8,"Ringkøbing",125,"Holstebro","","","Kommuner","Municipality"
14087,63,"DNK","Denmark",8,"Ringkøbing",126,"Ikast","","","Kommuner","Municipality"
14088,63,"DNK","Denmark",8,"Ringkøbing",127,"Lemvig","","","Kommuner","Municipality"
14089,63,"DNK","Denmark",8,"Ringkøbing",128,"Ringkøbing","","Ringkoebing","Kommuner","Municipality"
14090,63,"DNK","Denmark",8,"Ringkøbing",129,"Skjern","","","Kommuner","Municipality"
14091,63,"DNK","Denmark",8,"Ringkøbing",130,"Struer","","","Kommuner","Municipality"
14092,63,"DNK","Denmark",8,"Ringkøbing",131,"Thyborøn-Harboøre","","Thyboroen-Harbooer","Kommuner","Municipality"
14093,63,"DNK","Denmark",8,"Ringkøbing",132,"Thyholm","","","Kommuner","Municipality"
14094,63,"DNK","Denmark",8,"Ringkøbing",133,"Trehøje","","Trehoeje","Kommuner","Municipality"
14095,63,"DNK","Denmark",8,"Ringkøbing",134,"Ulfborg-Vemb","","","Kommuner","Municipality"
14096,63,"DNK","Denmark",8,"Ringkøbing",135,"Videbæk","","","Kommuner","Municipality"
14097,63,"DNK","Denmark",8,"Ringkøbing",136,"Vinderup","","","Kommuner","Municipality"
14098,63,"DNK","Denmark",9,"Roskilde",137,"Bramsnæs","","","Kommuner","Municipality"
14099,63,"DNK","Denmark",9,"Roskilde",138,"Gundsø","","Gundsoe","Kommuner","Municipality"
14100,63,"DNK","Denmark",9,"Roskilde",139,"Hvalsø","","Hvalsoe","Kommuner","Municipality"
14101,63,"DNK","Denmark",9,"Roskilde",140,"Køge","","Koege","Kommuner","Municipality"
14102,63,"DNK","Denmark",9,"Roskilde",141,"Lejre","","","Kommuner","Municipality"
14103,63,"DNK","Denmark",9,"Roskilde",142,"Ramsø","","Ramsoe","Kommuner","Municipality"
14104,63,"DNK","Denmark",9,"Roskilde",143,"Roskilde","","","Kommuner","Municipality"
14105,63,"DNK","Denmark",9,"Roskilde",144,"Skovbo","","","Kommuner","Municipality"
14106,63,"DNK","Denmark",9,"Roskilde",145,"Vallø","","Valloe","Kommuner","Municipality"
14107,63,"DNK","Denmark",10,"South Jutland",146,"Aabenraa","","","Kommuner","Municipality"
14108,63,"DNK","Denmark",10,"South Jutland",147,"Augustenborg","","","Kommuner","Municipality"
14109,63,"DNK","Denmark",10,"South Jutland",148,"Bov","","","Kommuner","Municipality"
14110,63,"DNK","Denmark",10,"South Jutland",149,"Bredebro","","","Kommuner","Municipality"
14111,63,"DNK","Denmark",10,"South Jutland",150,"Broager","","","Kommuner","Municipality"
14112,63,"DNK","Denmark",10,"South Jutland",151,"Christiansfeld","","","Kommuner","Municipality"
14113,63,"DNK","Denmark",10,"South Jutland",152,"Gram","","","Kommuner","Municipality"
14114,63,"DNK","Denmark",10,"South Jutland",153,"Gråsten","","Graasten","Kommuner","Municipality"
14115,63,"DNK","Denmark",10,"South Jutland",154,"Haderslev","","","Kommuner","Municipality"
14116,63,"DNK","Denmark",10,"South Jutland",155,"Højer","","Hoejer","Kommuner","Municipality"
14117,63,"DNK","Denmark",10,"South Jutland",156,"Løgumkloster","","Loegumkloster","Kommuner","Municipality"
14118,63,"DNK","Denmark",10,"South Jutland",157,"Lundtoft","","","Kommuner","Municipality"
14119,63,"DNK","Denmark",10,"South Jutland",158,"Nordborg","","","Kommuner","Municipality"
14120,63,"DNK","Denmark",10,"South Jutland",159,"Nørre-Rangstrup","","Noerre Rangstrup","Kommuner","Municipality"
14121,63,"DNK","Denmark",10,"South Jutland",160,"Rødding","","Roedding","Kommuner","Municipality"
14122,63,"DNK","Denmark",10,"South Jutland",161,"Rødekro","","Roedekro","Kommuner","Municipality"
14123,63,"DNK","Denmark",10,"South Jutland",162,"Skærbæk","","","Kommuner","Municipality"
14124,63,"DNK","Denmark",10,"South Jutland",163,"Sønderborg","","Soenderborg","Kommuner","Municipality"
14125,63,"DNK","Denmark",10,"South Jutland",164,"Sundeved","","","Kommuner","Municipality"
14126,63,"DNK","Denmark",10,"South Jutland",165,"Sydals","","","Kommuner","Municipality"
14127,63,"DNK","Denmark",10,"South Jutland",166,"Tinglev","","","Kommuner","Municipality"
14128,63,"DNK","Denmark",10,"South Jutland",167,"Tønder","","Toender","Kommuner","Municipality"
14129,63,"DNK","Denmark",10,"South Jutland",168,"Vojens","","","Kommuner","Municipality"
14130,63,"DNK","Denmark",11,"Storstrøm",169,"Fakse","","","Kommuner","Municipality"
14131,63,"DNK","Denmark",11,"Storstrøm",170,"Fladså","","Fladsaa","Kommuner","Municipality"
14132,63,"DNK","Denmark",11,"Storstrøm",171,"Højreby","","Hoejreby","Kommuner","Municipality"
14133,63,"DNK","Denmark",11,"Storstrøm",172,"Holeby","","","Kommuner","Municipality"
14134,63,"DNK","Denmark",11,"Storstrøm",173,"Holmegaard","","","Kommuner","Municipality"
14135,63,"DNK","Denmark",11,"Storstrøm",174,"Langebæk","","","Kommuner","Municipality"
14136,63,"DNK","Denmark",11,"Storstrøm",175,"Maribo","","","Kommuner","Municipality"
14137,63,"DNK","Denmark",11,"Storstrøm",176,"Møn","","Moen","Kommuner","Municipality"
14138,63,"DNK","Denmark",11,"Storstrøm",177,"Næstved","","","Kommuner","Municipality"
14139,63,"DNK","Denmark",11,"Storstrøm",178,"Nakskov","","","Kommuner","Municipality"
14140,63,"DNK","Denmark",11,"Storstrøm",179,"Nørre Alslev","","Noerre Alslev","Kommuner","Municipality"
14141,63,"DNK","Denmark",11,"Storstrøm",180,"Nykøbing Falster","","Nykoebing Falster","Kommuner","Municipality"
14142,63,"DNK","Denmark",11,"Storstrøm",181,"Nysted","","","Kommuner","Municipality"
14143,63,"DNK","Denmark",11,"Storstrøm",182,"Præstø","","Praestoe","Kommuner","Municipality"
14144,63,"DNK","Denmark",11,"Storstrøm",183,"Ravnsborg","","","Kommuner","Municipality"
14145,63,"DNK","Denmark",11,"Storstrøm",184,"Rødby","","Roedby","Kommuner","Municipality"
14146,63,"DNK","Denmark",11,"Storstrøm",185,"Rønnede","","Roennede","Kommuner","Municipality"
14147,63,"DNK","Denmark",11,"Storstrøm",186,"Rudbjerg","","","Kommuner","Municipality"
14148,63,"DNK","Denmark",11,"Storstrøm",187,"Sakskøbing","","Sakskoebing","Kommuner","Municipality"
14149,63,"DNK","Denmark",11,"Storstrøm",188,"Stevns","","","Kommuner","Municipality"
14150,63,"DNK","Denmark",11,"Storstrøm",189,"Stubbekøbing","","Stubbekoebing","Kommuner","Municipality"
14151,63,"DNK","Denmark",11,"Storstrøm",190,"Suså","","Susaa","Kommuner","Municipality"
14152,63,"DNK","Denmark",11,"Storstrøm",191,"Sydfalster","","","Kommuner","Municipality"
14153,63,"DNK","Denmark",11,"Storstrøm",192,"Vordingborg","","","Kommuner","Municipality"
14154,63,"DNK","Denmark",12,"Vejle",193,"Børkop","","Boerkop","Kommuner","Municipality"
14155,63,"DNK","Denmark",12,"Vejle",194,"Brædstrup","","","Kommuner","Municipality"
14156,63,"DNK","Denmark",12,"Vejle",195,"Egtved","","","Kommuner","Municipality"
14157,63,"DNK","Denmark",12,"Vejle",196,"Fredericia","","","Kommuner","Municipality"
14158,63,"DNK","Denmark",12,"Vejle",197,"Gedved","","","Kommuner","Municipality"
14159,63,"DNK","Denmark",12,"Vejle",198,"Give","","","Kommuner","Municipality"
14160,63,"DNK","Denmark",12,"Vejle",199,"Hedensted","","","Kommuner","Municipality"
14161,63,"DNK","Denmark",12,"Vejle",200,"Horsens","","","Kommuner","Municipality"
14162,63,"DNK","Denmark",12,"Vejle",201,"Jelling","","","Kommuner","Municipality"
14163,63,"DNK","Denmark",12,"Vejle",202,"Juelsminde","","","Kommuner","Municipality"
14164,63,"DNK","Denmark",12,"Vejle",203,"Kolding","","","Kommuner","Municipality"
14165,63,"DNK","Denmark",12,"Vejle",204,"Lunderskov","","","Kommuner","Municipality"
14166,63,"DNK","Denmark",12,"Vejle",205,"Nørre-Snede","","Noerre Snede","Kommuner","Municipality"
14167,63,"DNK","Denmark",12,"Vejle",206,"Tørring-Uldum","","Toerring-Uldum","Kommuner","Municipality"
14168,63,"DNK","Denmark",12,"Vejle",207,"Vamdrup","","","Kommuner","Municipality"
14169,63,"DNK","Denmark",12,"Vejle",208,"Vejle","","","Kommuner","Municipality"
14170,63,"DNK","Denmark",13,"Vestsjælland",209,"Bjergsted","","","Kommuner","Municipality"
14171,63,"DNK","Denmark",13,"Vestsjælland",210,"Dianalund","","","Kommuner","Municipality"
14172,63,"DNK","Denmark",13,"Vestsjælland",211,"Dragsholm","","","Kommuner","Municipality"
14173,63,"DNK","Denmark",13,"Vestsjælland",212,"Fuglebjerg","","","Kommuner","Municipality"
14174,63,"DNK","Denmark",13,"Vestsjælland",213,"Gørlev","","Goerlev","Kommuner","Municipality"
14175,63,"DNK","Denmark",13,"Vestsjælland",214,"Hashøj","","Hashoej","Kommuner","Municipality"
14176,63,"DNK","Denmark",13,"Vestsjælland",215,"Haslev","","","Kommuner","Municipality"
14177,63,"DNK","Denmark",13,"Vestsjælland",216,"Holbæk","","","Kommuner","Municipality"
14178,63,"DNK","Denmark",13,"Vestsjælland",217,"Høng","","Hoeng","Kommuner","Municipality"
14179,63,"DNK","Denmark",13,"Vestsjælland",218,"Hvidebæk","","","Kommuner","Municipality"
14180,63,"DNK","Denmark",13,"Vestsjælland",219,"Jernløse","","Jernloese","Kommuner","Municipality"
14181,63,"DNK","Denmark",13,"Vestsjælland",220,"Kalundborg","","","Kommuner","Municipality"
14182,63,"DNK","Denmark",13,"Vestsjælland",221,"Korsør","","Korsoer","Kommuner","Municipality"
14183,63,"DNK","Denmark",13,"Vestsjælland",222,"Nykøbing-Rørvig","","Nykoebing-Roervig","Kommuner","Municipality"
14184,63,"DNK","Denmark",13,"Vestsjælland",223,"Ringsted","","","Kommuner","Municipality"
14185,63,"DNK","Denmark",13,"Vestsjælland",224,"Skælskør","","Skaelskoer","Kommuner","Municipality"
14186,63,"DNK","Denmark",13,"Vestsjælland",225,"Slagelse","","","Kommuner","Municipality"
14187,63,"DNK","Denmark",13,"Vestsjælland",226,"Sorø","","Soroe","Kommuner","Municipality"
14188,63,"DNK","Denmark",13,"Vestsjælland",227,"Stenlille","","","Kommuner","Municipality"
14189,63,"DNK","Denmark",13,"Vestsjælland",228,"Svinninge","","","Kommuner","Municipality"
14190,63,"DNK","Denmark",13,"Vestsjælland",229,"Tølløse","","Toelloese","Kommuner","Municipality"
14191,63,"DNK","Denmark",13,"Vestsjælland",230,"Tornved","","","Kommuner","Municipality"
14192,63,"DNK","Denmark",13,"Vestsjælland",231,"Trundholm","","","Kommuner","Municipality"
14193,63,"DNK","Denmark",14,"Viborg",232,"Aalestrup","","","Kommuner","Municipality"
14194,63,"DNK","Denmark",14,"Viborg",233,"Bjerringbro","","","Kommuner","Municipality"
14195,63,"DNK","Denmark",14,"Viborg",234,"Fjends","","","Kommuner","Municipality"
14196,63,"DNK","Denmark",14,"Viborg",235,"Hanstholm","","","Kommuner","Municipality"
14197,63,"DNK","Denmark",14,"Viborg",236,"Hvorslev","","","Kommuner","Municipality"
14198,63,"DNK","Denmark",14,"Viborg",237,"Karup","","","Kommuner","Municipality"
14199,63,"DNK","Denmark",14,"Viborg",238,"Kjellerup","","","Kommuner","Municipality"
14200,63,"DNK","Denmark",14,"Viborg",239,"Møldrup","","Moeldrup","Kommuner","Municipality"
14201,63,"DNK","Denmark",14,"Viborg",240,"Morsø","","Morsoe","Kommuner","Municipality"
14202,63,"DNK","Denmark",14,"Viborg",241,"Sallingsund","","","Kommuner","Municipality"
14203,63,"DNK","Denmark",14,"Viborg",242,"Skive","","","Kommuner","Municipality"
14204,63,"DNK","Denmark",14,"Viborg",243,"Spøttrup","","Spoettrup","Kommuner","Municipality"
14205,63,"DNK","Denmark",14,"Viborg",244,"Sundsøre","","Sundsoere","Kommuner","Municipality"
14206,63,"DNK","Denmark",14,"Viborg",245,"Sydthy","","","Kommuner","Municipality"
14207,63,"DNK","Denmark",14,"Viborg",246,"Thisted","","","Kommuner","Municipality"
14208,63,"DNK","Denmark",14,"Viborg",247,"Tjele","","","Kommuner","Municipality"
14209,63,"DNK","Denmark",14,"Viborg",248,"Viborg","","","Kommuner","Municipality"
