"PID","ID_0","ISO","NAME_0","ID_1","NAME_1","NL_NAME_1","VARNAME_1","TYPE_1","ENGTYPE_1"
1043,63,"DNK","Denmark",1,"Århus","","Aarhus|Ar¢sar","Amt","County"
1044,63,"DNK","Denmark",2,"Bornholm","","Bornholms|Borgundarh¢lmur","Amt","County"
1045,63,"DNK","Denmark",3,"Copenhagen","","The Capitol Region|Copenaghen|Copenhague|Kaupmannahöfn|Kjöbenhavn|København|Københavns|Kopenhagen","Amt","County"
1046,63,"DNK","Denmark",4,"Frederiksborg","","","Amt","County"
1047,63,"DNK","Denmark",5,"Fyn","","Fyns|Fionia|Fionie|Fjón|Fünen|Fyen","Amt","County"
1048,63,"DNK","Denmark",6,"North Jutland","","Nordjyllands|Nord-Jütland|Nordjylland|Norður-Jótland","Amt","County"
1049,63,"DNK","Denmark",7,"Ribe","","","Amt","County"
1050,63,"DNK","Denmark",8,"Ringkøbing","","Ringkoebing|Ringkjöbing","Amt","County"
1051,63,"DNK","Denmark",9,"Roskilde","","Roschild|Roskild","Amt","County"
1052,63,"DNK","Denmark",10,"South Jutland","","Soenderjyllands|Sønderjylland|Sønderjyllands|Süd-Jütland|Suður-Jótland","Amt","County"
1053,63,"DNK","Denmark",11,"Storstrøm","","Storstroems|Storstrøms","Amt","County"
1054,63,"DNK","Denmark",12,"Vejle","","","Amt","County"
1055,63,"DNK","Denmark",13,"Vestsjælland","","Vestsjaland|Vestsjællands|West-Seeland","Amt","County"
1056,63,"DNK","Denmark",14,"Viborg","","","Amt","County"
