"PID","ID_0","ISO","NAME_0","ID_1","NAME_1","ID_2","NAME_2","NL_NAME_2","VARNAME_2","TYPE_2","ENGTYPE_2"
32407,205,"SVK","Slovakia",1,"Banskobystrický",1,"Banská Bystrica","","","Okres","District"
32408,205,"SVK","Slovakia",1,"Banskobystrický",2,"Banská Štiavnica","","","Okres","District"
32409,205,"SVK","Slovakia",1,"Banskobystrický",3,"Brezno","","","Okres","District"
32410,205,"SVK","Slovakia",1,"Banskobystrický",4,"Detva","","","Okres","District"
32411,205,"SVK","Slovakia",1,"Banskobystrický",5,"Krupina","","","Okres","District"
32412,205,"SVK","Slovakia",1,"Banskobystrický",6,"Lucenec","","","Okres","District"
32413,205,"SVK","Slovakia",1,"Banskobystrický",7,"Poltár","","","Okres","District"
32414,205,"SVK","Slovakia",1,"Banskobystrický",8,"Revúca","","","Okres","District"
32415,205,"SVK","Slovakia",1,"Banskobystrický",9,"Rimavská Sobota","","","Okres","District"
32416,205,"SVK","Slovakia",1,"Banskobystrický",10,"Velký Krtíš","","","Okres","District"
32417,205,"SVK","Slovakia",1,"Banskobystrický",11,"Žarnovica","","","Okres","District"
32418,205,"SVK","Slovakia",1,"Banskobystrický",12,"Žiar nad Hronom","","","Okres","District"
32419,205,"SVK","Slovakia",1,"Banskobystrický",13,"Zvolen","","","Okres","District"
32420,205,"SVK","Slovakia",2,"Bratislavský",14,"Bratislava I","","","Okres","District"
32421,205,"SVK","Slovakia",2,"Bratislavský",15,"Bratislava II","","","Okres","District"
32422,205,"SVK","Slovakia",2,"Bratislavský",16,"Bratislava III","","","Okres","District"
32423,205,"SVK","Slovakia",2,"Bratislavský",17,"Bratislava IV","","","Okres","District"
32424,205,"SVK","Slovakia",2,"Bratislavský",18,"Bratislava V","","","Okres","District"
32425,205,"SVK","Slovakia",2,"Bratislavský",19,"Malacky","","","Okres","District"
32426,205,"SVK","Slovakia",2,"Bratislavský",20,"Pezinok","","","Okres","District"
32427,205,"SVK","Slovakia",2,"Bratislavský",21,"Senec","","","Okres","District"
32428,205,"SVK","Slovakia",3,"Košický",22,"Gelnica","","","Okres","District"
32429,205,"SVK","Slovakia",3,"Košický",23,"Košice-okolie","","","Okres","District"
32430,205,"SVK","Slovakia",3,"Košický",24,"Košice I","","","Okres","District"
32431,205,"SVK","Slovakia",3,"Košický",25,"Košice II","","","Okres","District"
32432,205,"SVK","Slovakia",3,"Košický",26,"Košice III","","","Okres","District"
32433,205,"SVK","Slovakia",3,"Košický",27,"Košice IV","","","Okres","District"
32434,205,"SVK","Slovakia",3,"Košický",28,"Michalovce","","","Okres","District"
32435,205,"SVK","Slovakia",3,"Košický",29,"Rožnava","","","Okres","District"
32436,205,"SVK","Slovakia",3,"Košický",30,"Sobrance","","","Okres","District"
32437,205,"SVK","Slovakia",3,"Košický",31,"Spišská Nová Ves","","","Okres","District"
32438,205,"SVK","Slovakia",3,"Košický",32,"Trebišov","","","Okres","District"
32439,205,"SVK","Slovakia",4,"Nitriansky",33,"Komárno","","","Okres","District"
32440,205,"SVK","Slovakia",4,"Nitriansky",34,"Levice","","","Okres","District"
32441,205,"SVK","Slovakia",4,"Nitriansky",35,"Nitra","","","Okres","District"
32442,205,"SVK","Slovakia",4,"Nitriansky",36,"Nové Zámky","","","Okres","District"
32443,205,"SVK","Slovakia",4,"Nitriansky",37,"Šala","","","Okres","District"
32444,205,"SVK","Slovakia",4,"Nitriansky",38,"Topolcany","","","Okres","District"
32445,205,"SVK","Slovakia",4,"Nitriansky",39,"Zlaté Moravce","","","Okres","District"
32446,205,"SVK","Slovakia",5,"Prešov",40,"Bardejov","","","Okres","District"
32447,205,"SVK","Slovakia",5,"Prešov",41,"Humenné","","","Okres","District"
32448,205,"SVK","Slovakia",5,"Prešov",42,"Kežmarok","","","Okres","District"
32449,205,"SVK","Slovakia",5,"Prešov",43,"Levoca","","","Okres","District"
32450,205,"SVK","Slovakia",5,"Prešov",44,"Medzilaborce","","","Okres","District"
32451,205,"SVK","Slovakia",5,"Prešov",45,"Poprad","","","Okres","District"
32452,205,"SVK","Slovakia",5,"Prešov",46,"Prešov","","","Okres","District"
32453,205,"SVK","Slovakia",5,"Prešov",47,"Sabinov","","","Okres","District"
32454,205,"SVK","Slovakia",5,"Prešov",48,"Snina","","","Okres","District"
32455,205,"SVK","Slovakia",5,"Prešov",49,"Stará Lubovna","","","Okres","District"
32456,205,"SVK","Slovakia",5,"Prešov",50,"Stropkov","","","Okres","District"
32457,205,"SVK","Slovakia",5,"Prešov",51,"Svidník","","","Okres","District"
32458,205,"SVK","Slovakia",5,"Prešov",52,"Vranov nad Toplou","","","Okres","District"
32459,205,"SVK","Slovakia",6,"Trenciansky",53,"Bánovce nad Bebravou","","","Okres","District"
32460,205,"SVK","Slovakia",6,"Trenciansky",54,"Ilava","","","Okres","District"
32461,205,"SVK","Slovakia",6,"Trenciansky",55,"Myjava","","","Okres","District"
32462,205,"SVK","Slovakia",6,"Trenciansky",56,"Nové Mesto nad Váhom","","","Okres","District"
32463,205,"SVK","Slovakia",6,"Trenciansky",57,"Partizánske","","","Okres","District"
32464,205,"SVK","Slovakia",6,"Trenciansky",58,"Považská Bystrica","","","Okres","District"
32465,205,"SVK","Slovakia",6,"Trenciansky",59,"Prievidza","","","Okres","District"
32466,205,"SVK","Slovakia",6,"Trenciansky",60,"Púchov","","","Okres","District"
32467,205,"SVK","Slovakia",6,"Trenciansky",61,"Trencín","","","Okres","District"
32468,205,"SVK","Slovakia",7,"Trnavský",62,"Dunajská Streda","","","Okres","District"
32469,205,"SVK","Slovakia",7,"Trnavský",63,"Galanta","","","Okres","District"
32470,205,"SVK","Slovakia",7,"Trnavský",64,"Hlohovec","","","Okres","District"
32471,205,"SVK","Slovakia",7,"Trnavský",65,"Pieštany","","","Okres","District"
32472,205,"SVK","Slovakia",7,"Trnavský",66,"Senica","","","Okres","District"
32473,205,"SVK","Slovakia",7,"Trnavský",67,"Skalica","","","Okres","District"
32474,205,"SVK","Slovakia",7,"Trnavský",68,"Trnava","","","Okres","District"
32475,205,"SVK","Slovakia",8,"Žilinský",69,"Bytca","","","Okres","District"
32476,205,"SVK","Slovakia",8,"Žilinský",70,"Cadca","","","Okres","District"
32477,205,"SVK","Slovakia",8,"Žilinský",71,"Dolný Kubín","","","Okres","District"
32478,205,"SVK","Slovakia",8,"Žilinský",72,"Kysucké Nové Mesto","","","Okres","District"
32479,205,"SVK","Slovakia",8,"Žilinský",73,"Liptovský Mikuláš","","","Okres","District"
32480,205,"SVK","Slovakia",8,"Žilinský",74,"Martin","","","Okres","District"
32481,205,"SVK","Slovakia",8,"Žilinský",75,"Námestovo","","","Okres","District"
32482,205,"SVK","Slovakia",8,"Žilinský",76,"Ružomberok","","","Okres","District"
32483,205,"SVK","Slovakia",8,"Žilinský",77,"Turcianske Teplice","","","Okres","District"
32484,205,"SVK","Slovakia",8,"Žilinský",78,"Tvrdošín","","","Okres","District"
32485,205,"SVK","Slovakia",8,"Žilinský",79,"Žilina","","","Okres","District"
