"PID","ID_0","ISO","NAME_0","ID_1","NAME_1","NL_NAME_1","VARNAME_1","TYPE_1","ENGTYPE_1"
2679,205,"SVK","Slovakia",1,"Banskobystrický","","Banská Bystrica","Kraj","Region"
2680,205,"SVK","Slovakia",2,"Bratislavský","","Bratislava","Kraj","Region"
2681,205,"SVK","Slovakia",3,"Košický","","Košice","Kraj","Region"
2682,205,"SVK","Slovakia",4,"Nitriansky","","Nitra","Kraj","Region"
2683,205,"SVK","Slovakia",5,"Prešov","","","Kraj","Region"
2684,205,"SVK","Slovakia",6,"Trenciansky","","Trencín","Kraj","Region"
2685,205,"SVK","Slovakia",7,"Trnavský","","Trnava","Kraj","Region"
2686,205,"SVK","Slovakia",8,"Žilinský","","Žilina","Kraj","Region"
