"PID","ID_0","ISO","NAME_0","ID_1","NAME_1","NL_NAME_1","VARNAME_1","TYPE_1","ENGTYPE_1"
1083,67,"TLS","East Timor",1,"Aileu","","Alieau","Distrik|Kabupaten","District|Regencies"
1084,67,"TLS","East Timor",2,"Ainaro","","","Distrik|Kabupaten","District|Regencies"
1085,67,"TLS","East Timor",3,"Ambeno","","Ambino|Oecussi","Distrik|Kabupaten","District|Regencies"
1086,67,"TLS","East Timor",4,"Baucau","","Baukau","Distrik|Kabupaten","District|Regencies"
1087,67,"TLS","East Timor",5,"Bobonaro","","","Distrik|Kabupaten","District|Regencies"
1088,67,"TLS","East Timor",6,"Cova Lima","","Covalima|Kova-Lima","Distrik|Kabupaten","District|Regencies"
1089,67,"TLS","East Timor",7,"Dili","","Dilli","Distrik|Kabupaten","District|Regencies"
1090,67,"TLS","East Timor",8,"Ermera","","","Distrik|Kabupaten","District|Regencies"
1091,67,"TLS","East Timor",9,"Lautem","","","Distrik|Kabupaten","District|Regencies"
1092,67,"TLS","East Timor",10,"Liquica","","Likisia","Distrik|Kabupaten","District|Regencies"
1093,67,"TLS","East Timor",11,"Manatuto","","","Distrik|Kabupaten","District|Regencies"
1094,67,"TLS","East Timor",12,"Manufahi","","","Distrik|Kabupaten","District|Regencies"
1095,67,"TLS","East Timor",13,"Viqueque","","Vikeke","Distrik|Kabupaten","District|Regencies"
