"PID","ID_0","ISO","NAME_0","ID_1","NAME_1","ID_2","NAME_2","NL_NAME_2","VARNAME_2","TYPE_2","ENGTYPE_2"
14380,67,"TLS","East Timor",1,"Aileu",1,"Aileu","","","Sub-district","Sub-district"
14381,67,"TLS","East Timor",1,"Aileu",2,"Laulara","","","Sub-district","Sub-district"
14382,67,"TLS","East Timor",1,"Aileu",3,"Liquidoe","","","Sub-district","Sub-district"
14383,67,"TLS","East Timor",1,"Aileu",4,"Remexio","","","Sub-district","Sub-district"
14384,67,"TLS","East Timor",2,"Ainaro",5,"Ainaro","","","Sub-district","Sub-district"
14385,67,"TLS","East Timor",2,"Ainaro",6,"Hato Builico","","","Sub-district","Sub-district"
14386,67,"TLS","East Timor",2,"Ainaro",7,"Hato Udo","","","Sub-district","Sub-district"
14387,67,"TLS","East Timor",2,"Ainaro",8,"Maubisse","","","Sub-district","Sub-district"
14388,67,"TLS","East Timor",3,"Ambeno",9,"Nitibe","","","Sub-district","Sub-district"
14389,67,"TLS","East Timor",3,"Ambeno",10,"Oesilo","","","Sub-district","Sub-district"
14390,67,"TLS","East Timor",3,"Ambeno",11,"Pante Makasar A","","","Sub-district","Sub-district"
14391,67,"TLS","East Timor",3,"Ambeno",12,"Pante Makasar B","","","Sub-district","Sub-district"
14392,67,"TLS","East Timor",3,"Ambeno",13,"Passabe","","","Sub-district","Sub-district"
14393,67,"TLS","East Timor",4,"Baucau",14,"Baguia","","","Sub-district","Sub-district"
14394,67,"TLS","East Timor",4,"Baucau",15,"Baucau","","","Sub-district","Sub-district"
14395,67,"TLS","East Timor",4,"Baucau",16,"Fatu Maka","","","Sub-district","Sub-district"
14396,67,"TLS","East Timor",4,"Baucau",17,"Laga","","","Sub-district","Sub-district"
14397,67,"TLS","East Timor",4,"Baucau",18,"Quelicai","","","Sub-district","Sub-district"
14398,67,"TLS","East Timor",4,"Baucau",19,"Vemasse","","","Sub-district","Sub-district"
14399,67,"TLS","East Timor",4,"Baucau",20,"Venilale","","","Sub-district","Sub-district"
14400,67,"TLS","East Timor",5,"Bobonaro",21,"Atabae","","","Sub-district","Sub-district"
14401,67,"TLS","East Timor",5,"Bobonaro",22,"Balibo","","","Sub-district","Sub-district"
14402,67,"TLS","East Timor",5,"Bobonaro",23,"Bobonaro","","","Sub-district","Sub-district"
14403,67,"TLS","East Timor",5,"Bobonaro",24,"Cailaco","","","Sub-district","Sub-district"
14404,67,"TLS","East Timor",5,"Bobonaro",25,"Lolotoi/Lebos","","","Sub-district","Sub-district"
14405,67,"TLS","East Timor",5,"Bobonaro",26,"Maliana","","","Sub-district","Sub-district"
14406,67,"TLS","East Timor",6,"Cova Lima",27,"Fato Lulik","","","Sub-district","Sub-district"
14407,67,"TLS","East Timor",6,"Cova Lima",28,"Fatumean","","","Sub-district","Sub-district"
14408,67,"TLS","East Timor",6,"Cova Lima",29,"Forohem","","","Sub-district","Sub-district"
14409,67,"TLS","East Timor",6,"Cova Lima",30,"Mape/Zumalai","","","Sub-district","Sub-district"
14410,67,"TLS","East Timor",6,"Cova Lima",31,"Maukatar","","","Sub-district","Sub-district"
14411,67,"TLS","East Timor",6,"Cova Lima",32,"Suai Kota","","","Sub-district","Sub-district"
14412,67,"TLS","East Timor",6,"Cova Lima",33,"Tilomar","","","Sub-district","Sub-district"
14413,67,"TLS","East Timor",7,"Dili",34,"Atauro","","","Sub-district","Sub-district"
14414,67,"TLS","East Timor",7,"Dili",35,"Cristo Rei","","","Sub-district","Sub-district"
14415,67,"TLS","East Timor",7,"Dili",36,"Dom Aleixo","","","Sub-district","Sub-district"
14416,67,"TLS","East Timor",7,"Dili",37,"Metinaro","","","Sub-district","Sub-district"
14417,67,"TLS","East Timor",7,"Dili",38,"Nein Feto","","","Sub-district","Sub-district"
14418,67,"TLS","East Timor",7,"Dili",39,"Vera Cruz","","","Sub-district","Sub-district"
14419,67,"TLS","East Timor",8,"Ermera",40,"Atsabe","","","Sub-district","Sub-district"
14420,67,"TLS","East Timor",8,"Ermera",41,"Ermera Kota","","","Sub-district","Sub-district"
14421,67,"TLS","East Timor",8,"Ermera",42,"Hatolia","","","Sub-district","Sub-district"
14422,67,"TLS","East Timor",8,"Ermera",43,"Lete Foho","","","Sub-district","Sub-district"
14423,67,"TLS","East Timor",8,"Ermera",44,"Railaco","","","Sub-district","Sub-district"
14424,67,"TLS","East Timor",9,"Lautem",45,"Iliomar","","","Sub-district","Sub-district"
14425,67,"TLS","East Timor",9,"Lautem",46,"Lautem Moro","","","Sub-district","Sub-district"
14426,67,"TLS","East Timor",9,"Lautem",47,"Lospalos","","","Sub-district","Sub-district"
14427,67,"TLS","East Timor",9,"Lautem",48,"Luro","","","Sub-district","Sub-district"
14428,67,"TLS","East Timor",9,"Lautem",49,"Tutuala","","","Sub-district","Sub-district"
14429,67,"TLS","East Timor",10,"Liquica",50,"Bazartete","","","Sub-district","Sub-district"
14430,67,"TLS","East Timor",10,"Liquica",51,"Liquica","","","Sub-district","Sub-district"
14431,67,"TLS","East Timor",10,"Liquica",52,"Maubara","","","Sub-district","Sub-district"
14432,67,"TLS","East Timor",11,"Manatuto",53,"Barique","","","Sub-district","Sub-district"
14433,67,"TLS","East Timor",11,"Manatuto",54,"Laclo","","","Sub-district","Sub-district"
14434,67,"TLS","East Timor",11,"Manatuto",55,"Laclubar","","","Sub-district","Sub-district"
14435,67,"TLS","East Timor",11,"Manatuto",56,"Laleia","","","Sub-district","Sub-district"
14436,67,"TLS","East Timor",11,"Manatuto",57,"Manatuto","","","Sub-district","Sub-district"
14437,67,"TLS","East Timor",11,"Manatuto",58,"Soibada","","","Sub-district","Sub-district"
14438,67,"TLS","East Timor",12,"Manufahi",59,"Alas","","","Sub-district","Sub-district"
14439,67,"TLS","East Timor",12,"Manufahi",60,"Fatuberliu","","","Sub-district","Sub-district"
14440,67,"TLS","East Timor",12,"Manufahi",61,"Same","","","Sub-district","Sub-district"
14441,67,"TLS","East Timor",12,"Manufahi",62,"Turiscai","","","Sub-district","Sub-district"
14442,67,"TLS","East Timor",13,"Viqueque",63,"Lacluta","","","Sub-district","Sub-district"
14443,67,"TLS","East Timor",13,"Viqueque",64,"Ossu","","","Sub-district","Sub-district"
14444,67,"TLS","East Timor",13,"Viqueque",65,"Uatu Carbau","","","Sub-district","Sub-district"
14445,67,"TLS","East Timor",13,"Viqueque",66,"Uatu Lari","","","Sub-district","Sub-district"
14446,67,"TLS","East Timor",13,"Viqueque",67,"Viqueque","","","Sub-district","Sub-district"
