"PID","ID_0","ISO","NAME_0","ID_1","NAME_1","NL_NAME_1","VARNAME_1","TYPE_1","ENGTYPE_1"
1398,101,"HND","Honduras",1,"Atlántida","","","Departamento","Department"
1399,101,"HND","Honduras",2,"Choluteca","","","Departamento","Department"
1400,101,"HND","Honduras",3,"Colón","","","Departamento","Department"
1401,101,"HND","Honduras",4,"Comayagua","","","Departamento","Department"
1402,101,"HND","Honduras",5,"Copán","","","Departamento","Department"
1403,101,"HND","Honduras",6,"Cortés","","Cortez","Departamento","Department"
1404,101,"HND","Honduras",7,"El Paraíso","","Paraiso","Departamento","Department"
1405,101,"HND","Honduras",8,"Francisco Morazán","","Tegucigalpa","Departamento","Department"
1406,101,"HND","Honduras",9,"Gracias a Dios","","","Departamento","Department"
1407,101,"HND","Honduras",10,"Intibucá","","","Departamento","Department"
1408,101,"HND","Honduras",11,"Islas de la Bahía","","Islas de Bahia","Departamento","Department"
1409,101,"HND","Honduras",12,"La Paz","","","Departamento","Department"
1410,101,"HND","Honduras",13,"Lempira","","Gracias","Departamento","Department"
1411,101,"HND","Honduras",14,"Ocotepeque","","","Departamento","Department"
1412,101,"HND","Honduras",15,"Olancho","","","Departamento","Department"
1413,101,"HND","Honduras",16,"Santa Bárbara","","","Departamento","Department"
1414,101,"HND","Honduras",17,"Valle","","","Departamento","Department"
1415,101,"HND","Honduras",18,"Yoro","","","Departamento","Department"
