"PID","ID_0","ISO","NAME_0","ID_1","NAME_1","ID_2","NAME_2","NL_NAME_2","VARNAME_2","TYPE_2","ENGTYPE_2"
34404,225,"TZA","Tanzania",1,"Arusha",1,"Arumeru","","","Wilaya","District"
34405,225,"TZA","Tanzania",1,"Arusha",2,"Arusha","","","Wilaya","District"
34406,225,"TZA","Tanzania",1,"Arusha",3,"Karatu","","","Wilaya","District"
34407,225,"TZA","Tanzania",1,"Arusha",4,"Monduli","","","Wilaya","District"
34408,225,"TZA","Tanzania",1,"Arusha",5,"Ngorongoro","","","Wilaya","District"
34409,225,"TZA","Tanzania",1,"Arusha",6,"Simanjiro","","","Wilaya","District"
34410,225,"TZA","Tanzania",2,"Dar-Es-Salaam",7,"Ilala","","","Wilaya","District"
34411,225,"TZA","Tanzania",2,"Dar-Es-Salaam",8,"Kinondoni","","","Wilaya","District"
34412,225,"TZA","Tanzania",2,"Dar-Es-Salaam",9,"Temeke","","","Wilaya","District"
34413,225,"TZA","Tanzania",3,"Dodoma",10,"Dodoma Rural","","","Wilaya","District"
34414,225,"TZA","Tanzania",3,"Dodoma",11,"Dodoma Urban","","","Wilaya","District"
34415,225,"TZA","Tanzania",3,"Dodoma",12,"Kondoa","","","Wilaya","District"
34416,225,"TZA","Tanzania",3,"Dodoma",13,"Kongwa","","","Wilaya","District"
34417,225,"TZA","Tanzania",3,"Dodoma",14,"Mpwapwa","","","Wilaya","District"
34418,225,"TZA","Tanzania",4,"Iringa",15,"Iringa Rural","","","Wilaya","District"
34419,225,"TZA","Tanzania",4,"Iringa",16,"Iringa Urban","","","Wilaya","District"
34420,225,"TZA","Tanzania",4,"Iringa",17,"Kilolo","","","Wilaya","District"
34421,225,"TZA","Tanzania",4,"Iringa",18,"Ludewa","","","Wilaya","District"
34422,225,"TZA","Tanzania",4,"Iringa",19,"Makete","","","Wilaya","District"
34423,225,"TZA","Tanzania",4,"Iringa",20,"Mufindi","","","Wilaya","District"
34424,225,"TZA","Tanzania",4,"Iringa",21,"Njombe","","","Wilaya","District"
34425,225,"TZA","Tanzania",5,"Kagera",22,"Biharamulo","","","Wilaya","District"
34426,225,"TZA","Tanzania",5,"Kagera",23,"Bukoba Rural","","","Wilaya","District"
34427,225,"TZA","Tanzania",5,"Kagera",24,"Bukoba Urban","","","Wilaya","District"
34428,225,"TZA","Tanzania",5,"Kagera",25,"Karagwe","","","Wilaya","District"
34429,225,"TZA","Tanzania",5,"Kagera",26,"Lake Victoria","","","Water body","Water body"
34430,225,"TZA","Tanzania",5,"Kagera",27,"Muleba","","","Wilaya","District"
34431,225,"TZA","Tanzania",5,"Kagera",28,"Ngara","","","Wilaya","District"
34432,225,"TZA","Tanzania",6,"Kaskazini-Pemba",29,"Micheweni","","","Wilaya","District"
34433,225,"TZA","Tanzania",6,"Kaskazini-Pemba",30,"Wete","","","Wilaya","District"
34434,225,"TZA","Tanzania",7,"Kaskazini-Unguja",31,"Kaskazini 'A'","","North A","Wilaya","District"
34435,225,"TZA","Tanzania",7,"Kaskazini-Unguja",32,"Kaskazini 'B'","","North B;Zansibar North","Wilaya","District"
34436,225,"TZA","Tanzania",8,"Kigoma",33,"Kasulu","","","Wilaya","District"
34437,225,"TZA","Tanzania",8,"Kigoma",34,"Kibondo","","","Wilaya","District"
34438,225,"TZA","Tanzania",8,"Kigoma",35,"Kigoma Rural","","","Wilaya","District"
34439,225,"TZA","Tanzania",8,"Kigoma",36,"Kigoma Urban","","","Wilaya","District"
34440,225,"TZA","Tanzania",8,"Kigoma",37,"Lake Tanganyika","","","Wilaya","District"
34441,225,"TZA","Tanzania",9,"Kilimanjaro",38,"Hai","","","Wilaya","District"
34442,225,"TZA","Tanzania",9,"Kilimanjaro",39,"Moshi Rural","","","Wilaya","District"
34443,225,"TZA","Tanzania",9,"Kilimanjaro",40,"Moshi Urban","","","Wilaya","District"
34444,225,"TZA","Tanzania",9,"Kilimanjaro",41,"Mwanga","","","Wilaya","District"
34445,225,"TZA","Tanzania",9,"Kilimanjaro",42,"Rombo","","","Wilaya","District"
34446,225,"TZA","Tanzania",9,"Kilimanjaro",43,"Same","","","Wilaya","District"
34447,225,"TZA","Tanzania",10,"Kusini-Pemba",44,"Chakechake","","Chake|Chake Chake","Wilaya","District"
34448,225,"TZA","Tanzania",10,"Kusini-Pemba",45,"Mkoani","","","Wilaya","District"
34449,225,"TZA","Tanzania",11,"Lindi",46,"Kilwa","","","Wilaya","District"
34450,225,"TZA","Tanzania",11,"Lindi",47,"Lindi Rural","","","Wilaya","District"
34451,225,"TZA","Tanzania",11,"Lindi",48,"Lindi Urban","","","Wilaya","District"
34452,225,"TZA","Tanzania",11,"Lindi",49,"Liwale","","","Wilaya","District"
34453,225,"TZA","Tanzania",11,"Lindi",50,"Nachingwea","","","Wilaya","District"
34454,225,"TZA","Tanzania",11,"Lindi",51,"Ruangwa","","","Wilaya","District"
34455,225,"TZA","Tanzania",12,"Manyara",52,"Babati","","","Wilaya","District"
34456,225,"TZA","Tanzania",12,"Manyara",53,"Hanang","","","Wilaya","District"
34457,225,"TZA","Tanzania",12,"Manyara",54,"Karatu","","","Wilaya","District"
34458,225,"TZA","Tanzania",12,"Manyara",55,"Kiteto","","","Wilaya","District"
34459,225,"TZA","Tanzania",12,"Manyara",56,"Mbulu","","","Wilaya","District"
34460,225,"TZA","Tanzania",12,"Manyara",57,"Simanjiro","","","Wilaya","District"
34461,225,"TZA","Tanzania",13,"Mara",58,"Bunda","","","Wilaya","District"
34462,225,"TZA","Tanzania",13,"Mara",59,"Lake Victoria","","","Water body","Water body"
34463,225,"TZA","Tanzania",13,"Mara",60,"Musoma Rural","","","Wilaya","District"
34464,225,"TZA","Tanzania",13,"Mara",61,"Musoma Urban","","","Wilaya","District"
34465,225,"TZA","Tanzania",13,"Mara",62,"Serengeti","","","Wilaya","District"
34466,225,"TZA","Tanzania",13,"Mara",63,"Tarime","","","Wilaya","District"
34467,225,"TZA","Tanzania",14,"Mbeya",64,"Chunya","","","Wilaya","District"
34468,225,"TZA","Tanzania",14,"Mbeya",65,"Ileje","","","Wilaya","District"
34469,225,"TZA","Tanzania",14,"Mbeya",66,"Kyela","","","Wilaya","District"
34470,225,"TZA","Tanzania",14,"Mbeya",67,"Mbarali","","","Wilaya","District"
34471,225,"TZA","Tanzania",14,"Mbeya",68,"Mbeya Rural","","","Wilaya","District"
34472,225,"TZA","Tanzania",14,"Mbeya",69,"Mbeya Urban","","","Wilaya","District"
34473,225,"TZA","Tanzania",14,"Mbeya",70,"Mbozi","","","Wilaya","District"
34474,225,"TZA","Tanzania",14,"Mbeya",71,"Rungwe","","","Wilaya","District"
34475,225,"TZA","Tanzania",15,"Morogoro",72,"Kilombero","","","Wilaya","District"
34476,225,"TZA","Tanzania",15,"Morogoro",73,"Kilosa","","","Wilaya","District"
34477,225,"TZA","Tanzania",15,"Morogoro",74,"Morogoro Rural","","","Wilaya","District"
34478,225,"TZA","Tanzania",15,"Morogoro",75,"Morogoro Urban","","","Wilaya","District"
34479,225,"TZA","Tanzania",15,"Morogoro",76,"Mvomero","","","Wilaya","District"
34480,225,"TZA","Tanzania",15,"Morogoro",77,"Ulanga","","","Wilaya","District"
34481,225,"TZA","Tanzania",16,"Mtwara",78,"Masasi","","","Wilaya","District"
34482,225,"TZA","Tanzania",16,"Mtwara",79,"Mtwara Rural","","","Wilaya","District"
34483,225,"TZA","Tanzania",16,"Mtwara",80,"Mtwara Urban","","","Wilaya","District"
34484,225,"TZA","Tanzania",16,"Mtwara",81,"Newala","","","Wilaya","District"
34485,225,"TZA","Tanzania",16,"Mtwara",82,"Tandahimba","","","Wilaya","District"
34486,225,"TZA","Tanzania",17,"Mwanza",83,"Geita","","","Wilaya","District"
34487,225,"TZA","Tanzania",17,"Mwanza",84,"Ilemela","","","Wilaya","District"
34488,225,"TZA","Tanzania",17,"Mwanza",85,"Kwimba","","","Wilaya","District"
34489,225,"TZA","Tanzania",17,"Mwanza",86,"Lake Victoria","","","Wilaya","District"
34490,225,"TZA","Tanzania",17,"Mwanza",87,"Magu","","","Wilaya","District"
34491,225,"TZA","Tanzania",17,"Mwanza",88,"Misungwi","","","Wilaya","District"
34492,225,"TZA","Tanzania",17,"Mwanza",89,"Nyamagana","","","Wilaya","District"
34493,225,"TZA","Tanzania",17,"Mwanza",90,"Sengerema","","","Wilaya","District"
34494,225,"TZA","Tanzania",17,"Mwanza",91,"Ukerewe","","","Wilaya","District"
34495,225,"TZA","Tanzania",18,"Pwani",92,"Bagamoyo","","","Wilaya","District"
34496,225,"TZA","Tanzania",18,"Pwani",93,"Kibaha","","","Wilaya","District"
34497,225,"TZA","Tanzania",18,"Pwani",94,"Kisarawe","","","Wilaya","District"
34498,225,"TZA","Tanzania",18,"Pwani",95,"Mafia","","","Wilaya","District"
34499,225,"TZA","Tanzania",18,"Pwani",96,"Mkuranga","","","Wilaya","District"
34500,225,"TZA","Tanzania",18,"Pwani",97,"Rufiji","","","Wilaya","District"
34501,225,"TZA","Tanzania",19,"Rukwa",98,"Mpanda","","Nkansi","Wilaya","District"
34502,225,"TZA","Tanzania",19,"Rukwa",99,"Nkasi","","Nkansi","Wilaya","District"
34503,225,"TZA","Tanzania",19,"Rukwa",100,"Sumbawanga Rural","","","Wilaya","District"
34504,225,"TZA","Tanzania",19,"Rukwa",101,"Sumbawanga Urban","","Sumbawanga Rural","Wilaya","District"
34505,225,"TZA","Tanzania",20,"Ruvuma",102,"Mbinga","","","Wilaya","District"
34506,225,"TZA","Tanzania",20,"Ruvuma",103,"Namtumbo","","","Wilaya","District"
34507,225,"TZA","Tanzania",20,"Ruvuma",104,"Songea Rural","","","Wilaya","District"
34508,225,"TZA","Tanzania",20,"Ruvuma",105,"Songea Urban","","","Wilaya","District"
34509,225,"TZA","Tanzania",20,"Ruvuma",106,"Tunduru","","","Wilaya","District"
34510,225,"TZA","Tanzania",21,"Shinyanga",107,"Bariadi","","","Wilaya","District"
34511,225,"TZA","Tanzania",21,"Shinyanga",108,"Bukombe","","","Wilaya","District"
34512,225,"TZA","Tanzania",21,"Shinyanga",109,"Kahama","","","Wilaya","District"
34513,225,"TZA","Tanzania",21,"Shinyanga",110,"Kishapu","","","Wilaya","District"
34514,225,"TZA","Tanzania",21,"Shinyanga",111,"Maswa","","","Wilaya","District"
34515,225,"TZA","Tanzania",21,"Shinyanga",112,"Meatu","","","Wilaya","District"
34516,225,"TZA","Tanzania",21,"Shinyanga",113,"Shinyanga Rural","","","Wilaya","District"
34517,225,"TZA","Tanzania",21,"Shinyanga",114,"Shinyanga Urban","","","Wilaya","District"
34518,225,"TZA","Tanzania",22,"Singida",115,"Iramba","","","Wilaya","District"
34519,225,"TZA","Tanzania",22,"Singida",116,"Manyoni","","","Wilaya","District"
34520,225,"TZA","Tanzania",22,"Singida",117,"Singida Rural","","","Wilaya","District"
34521,225,"TZA","Tanzania",22,"Singida",118,"Singida Urban","","","Wilaya","District"
34522,225,"TZA","Tanzania",23,"Tabora",119,"Igunga","","","Wilaya","District"
34523,225,"TZA","Tanzania",23,"Tabora",120,"n.a. ( 1081)","","","Wilaya","District"
34524,225,"TZA","Tanzania",23,"Tabora",121,"Nzega","","","Wilaya","District"
34525,225,"TZA","Tanzania",23,"Tabora",122,"Sikonge","","","Wilaya","District"
34526,225,"TZA","Tanzania",23,"Tabora",123,"Tabora Urban","","","Wilaya","District"
34527,225,"TZA","Tanzania",23,"Tabora",124,"Urambo","","","Wilaya","District"
34528,225,"TZA","Tanzania",23,"Tabora",125,"Uyui","","","Wilaya","District"
34529,225,"TZA","Tanzania",24,"Tanga",126,"Handeni","","","Wilaya","District"
34530,225,"TZA","Tanzania",24,"Tanga",127,"Kilindi","","","Wilaya","District"
34531,225,"TZA","Tanzania",24,"Tanga",128,"Korogwe","","","Wilaya","District"
34532,225,"TZA","Tanzania",24,"Tanga",129,"Lushoto","","","Wilaya","District"
34533,225,"TZA","Tanzania",24,"Tanga",130,"Muheza","","","Wilaya","District"
34534,225,"TZA","Tanzania",24,"Tanga",131,"Pangani","","","Wilaya","District"
34535,225,"TZA","Tanzania",24,"Tanga",132,"Tanga","","","Wilaya","District"
34536,225,"TZA","Tanzania",25,"Zanzibar South and Central",133,"Kusini","","Zansibar South;South","Wilaya","District"
34537,225,"TZA","Tanzania",25,"Zanzibar South and Central",134,"Zansibar Central","","Kati","Wilaya","District"
34538,225,"TZA","Tanzania",26,"Zanzibar West",135,"Magharibi","","","Wilaya","District"
34539,225,"TZA","Tanzania",26,"Zanzibar West",136,"Mjini","","Zansibar Town;Urban","Wilaya","District"
