"PID","ID_0","ISO","NAME_0","ID_1","NAME_1","NL_NAME_1","VARNAME_1","TYPE_1","ENGTYPE_1"
2888,225,"TZA","Tanzania",1,"Arusha","","","Mkoa","Region"
2889,225,"TZA","Tanzania",2,"Dar-Es-Salaam","","Dar es Salaam","Mkoa","Region"
2890,225,"TZA","Tanzania",3,"Dodoma","","","Mkoa","Region"
2891,225,"TZA","Tanzania",4,"Iringa","","","Mkoa","Region"
2892,225,"TZA","Tanzania",5,"Kagera","","","Mkoa","Region"
2893,225,"TZA","Tanzania",6,"Kaskazini-Pemba","","Pemba North","Mkoa","Region"
2894,225,"TZA","Tanzania",7,"Kaskazini-Unguja","","Zanzibar North","Mkoa","Region"
2895,225,"TZA","Tanzania",8,"Kigoma","","","Mkoa","Region"
2896,225,"TZA","Tanzania",9,"Kilimanjaro","","","Mkoa","Region"
2897,225,"TZA","Tanzania",10,"Kusini-Pemba","","Pemba South","Mkoa","Region"
2898,225,"TZA","Tanzania",11,"Lindi","","","Mkoa","Region"
2899,225,"TZA","Tanzania",12,"Manyara","","","Mkoa","Region"
2900,225,"TZA","Tanzania",13,"Mara","","","Mkoa","Region"
2901,225,"TZA","Tanzania",14,"Mbeya","","","Mkoa","Region"
2902,225,"TZA","Tanzania",15,"Morogoro","","","Mkoa","Region"
2903,225,"TZA","Tanzania",16,"Mtwara","","","Mkoa","Region"
2904,225,"TZA","Tanzania",17,"Mwanza","","","Mkoa","Region"
2905,225,"TZA","Tanzania",18,"Pwani","","","Mkoa","Region"
2906,225,"TZA","Tanzania",19,"Rukwa","","","Mkoa","Region"
2907,225,"TZA","Tanzania",20,"Ruvuma","","","Mkoa","Region"
2908,225,"TZA","Tanzania",21,"Shinyanga","","","Mkoa","Region"
2909,225,"TZA","Tanzania",22,"Singida","","","Mkoa","Region"
2910,225,"TZA","Tanzania",23,"Tabora","","","Mkoa","Region"
2911,225,"TZA","Tanzania",24,"Tanga","","","Mkoa","Region"
2912,225,"TZA","Tanzania",25,"Zanzibar South and Central","","Kusini Unguja","Mkoa","Region"
2913,225,"TZA","Tanzania",26,"Zanzibar West","","Mjini-Magharibi","Mkoa","Region"
