"PID","ID_0","ISO","NAME_0","ID_1","NAME_1","ID_2","NAME_2","NL_NAME_2","VARNAME_2","TYPE_2","ENGTYPE_2"
15225,72,"ERI","Eritrea",1,"Anseba",1,"Asmara City","","","District","District"
15226,72,"ERI","Eritrea",1,"Anseba",2,"Berikh","","","District","District"
15227,72,"ERI","Eritrea",1,"Anseba",3,"Ghala Nefhi","","","District","District"
15228,72,"ERI","Eritrea",1,"Anseba",4,"Serejeka","","","District","District"
15229,72,"ERI","Eritrea",2,"Debub",5,"Afabet","","","District","District"
15230,72,"ERI","Eritrea",2,"Debub",6,"Foro","","","District","District"
15231,72,"ERI","Eritrea",2,"Debub",7,"Ghelaelo'","","","District","District"
15232,72,"ERI","Eritrea",2,"Debub",8,"Ghida`e","","","District","District"
15233,72,"ERI","Eritrea",2,"Debub",9,"Karora","","","District","District"
15234,72,"ERI","Eritrea",2,"Debub",10,"Mitswa`e City","","","District","District"
15235,72,"ERI","Eritrea",2,"Debub",11,"Nakfa","","","District","District"
15236,72,"ERI","Eritrea",2,"Debub",12,"Sheib","","Sh`eb","District","District"
15237,72,"ERI","Eritrea",3,"Debubawi Keyih Bahri",13,"Areta'","","","District","District"
15238,72,"ERI","Eritrea",3,"Debubawi Keyih Bahri",14,"Central So. Red-Sea","","","District","District"
15239,72,"ERI","Eritrea",3,"Debubawi Keyih Bahri",15,"Dahlak","","","District","District"
15240,72,"ERI","Eritrea",3,"Debubawi Keyih Bahri",16,"So. Southern Red-Sea","","","District","District"
15241,72,"ERI","Eritrea",4,"Gash Barka",17,"Akordat","","Akurdet","District","District"
15242,72,"ERI","Eritrea",4,"Gash Barka",18,"Barentu","","","District","District"
15243,72,"ERI","Eritrea",4,"Gash Barka",19,"Dghe","","","District","District"
15244,72,"ERI","Eritrea",4,"Gash Barka",20,"Forto","","","District","District"
15245,72,"ERI","Eritrea",4,"Gash Barka",21,"Gogne","","","District","District"
15246,72,"ERI","Eritrea",4,"Gash Barka",22,"Haykota","","","District","District"
15247,72,"ERI","Eritrea",4,"Gash Barka",23,"La`Elay Gash","","","District","District"
15248,72,"ERI","Eritrea",4,"Gash Barka",24,"Logo Anseba","","","District","District"
15249,72,"ERI","Eritrea",4,"Gash Barka",25,"Mansura","","Mensura","District","District"
15250,72,"ERI","Eritrea",4,"Gash Barka",26,"Mogolo","","","District","District"
15251,72,"ERI","Eritrea",4,"Gash Barka",27,"Omhajer","","","District","District"
15252,72,"ERI","Eritrea",4,"Gash Barka",28,"Shemboko","","Shambiko","District","District"
15253,72,"ERI","Eritrea",4,"Gash Barka",29,"Teseneye","","Teseney","District","District"
15254,72,"ERI","Eritrea",5,"Maekel",30,"Adi Keyih","","Adi Keyh","District","District"
15255,72,"ERI","Eritrea",5,"Maekel",31,"Adi Kwala","","Adi Quala","District","District"
15256,72,"ERI","Eritrea",5,"Maekel",32,"Areza","","","District","District"
15257,72,"ERI","Eritrea",5,"Maekel",33,"Dekemehare","","Dekemhare","District","District"
15258,72,"ERI","Eritrea",5,"Maekel",34,"Dibarwa","","Debarwa","District","District"
15259,72,"ERI","Eritrea",5,"Maekel",35,"Kudo Bu`er","","","District","District"
15260,72,"ERI","Eritrea",5,"Maekel",36,"May Mine","","","District","District"
15261,72,"ERI","Eritrea",5,"Maekel",37,"Mendefera","","","District","District"
15262,72,"ERI","Eritrea",5,"Maekel",38,"Segeneyiti","","Segheneyti","District","District"
15263,72,"ERI","Eritrea",5,"Maekel",39,"Senafe","","Sen`afe","District","District"
15264,72,"ERI","Eritrea",5,"Maekel",40,"Tsorena","","","District","District"
15265,72,"ERI","Eritrea",6,"Semenawi Keyih Bahri",41,"Adi Teklezan","","","District","District"
15266,72,"ERI","Eritrea",6,"Semenawi Keyih Bahri",42,"Asmat","","","District","District"
15267,72,"ERI","Eritrea",6,"Semenawi Keyih Bahri",43,"Elabered","","","District","District"
15268,72,"ERI","Eritrea",6,"Semenawi Keyih Bahri",44,"Gheleb","","","District","District"
15269,72,"ERI","Eritrea",6,"Semenawi Keyih Bahri",45,"Habero","","","District","District"
15270,72,"ERI","Eritrea",6,"Semenawi Keyih Bahri",46,"Hagaz","","","District","District"
15271,72,"ERI","Eritrea",6,"Semenawi Keyih Bahri",47,"Halhal","","","District","District"
15272,72,"ERI","Eritrea",6,"Semenawi Keyih Bahri",48,"Keren","","","District","District"
15273,72,"ERI","Eritrea",6,"Semenawi Keyih Bahri",49,"Kerke Bet","","","District","District"
15274,72,"ERI","Eritrea",6,"Semenawi Keyih Bahri",50,"Sel`a","","","District","District"
