"PID","ID_0","ISO","NAME_0","ID_1","NAME_1","NL_NAME_1","VARNAME_1","TYPE_1","ENGTYPE_1"
1164,72,"ERI","Eritrea",1,"Anseba","","Ansaba|A'Nseba","Zoba","Region"
1165,72,"ERI","Eritrea",2,"Debub","","Southern|al-Janubiyah","Zoba","Region"
1166,72,"ERI","Eritrea",3,"Debubawi Keyih Bahri","","Southern Red Sea|Debubawi Keyh Bahri|Debub-Keih-Bahri|al-Bahru al-Ahmaru al-Janubi","Zoba","Region"
1167,72,"ERI","Eritrea",4,"Gash Barka","","Gash-Barka|al-Qash wa-Barka|Debubawi Gash Barka","Zoba","Region"
1168,72,"ERI","Eritrea",5,"Maekel","","Central|al-Markaziyah|Maakel|Maekelay|Ma'kil|Makelay","Zoba","Region"
1169,72,"ERI","Eritrea",6,"Semenawi Keyih Bahri","","Northern Red Sea|al-Bahru al-Ahmaru ash-Shimali|Semenawi Keyh Bahri|Semien-Keih-Bahri","Zoba","Region"
