"PID","ID_0","ISO","NAME_0","ID_1","NAME_1","NL_NAME_1","VARNAME_1","TYPE_1","ENGTYPE_1"
3005,230,"TTO","Trinidad and Tobago",1,"Chaguanas","","","Borough","Borough"
3006,230,"TTO","Trinidad and Tobago",2,"Couva/Tabaquite/Talparo","","Couva","Region","Region"
3007,230,"TTO","Trinidad and Tobago",3,"Diego Martin","","Petit Valley","Region","Region"
3008,230,"TTO","Trinidad and Tobago",4,"Mayaro/Rio Claro","","Mayaro|Rio Claro","Region","Region"
3009,230,"TTO","Trinidad and Tobago",5,"Penal/Debe","","Penal","Region","Region"
3010,230,"TTO","Trinidad and Tobago",6,"Point Fortin","","","Borough","Borough"
3011,230,"TTO","Trinidad and Tobago",7,"Port of Spain","","Port-of-Spain|Puer","City","City"
3012,230,"TTO","Trinidad and Tobago",8,"Princes Town","","","Region","Region"
3013,230,"TTO","Trinidad and Tobago",9,"San Fernando","","","City","City"
3014,230,"TTO","Trinidad and Tobago",10,"San Juan/Laventille","","Laventille","Region","Region"
3015,230,"TTO","Trinidad and Tobago",11,"Sangre Grande","","","Region","Region"
3016,230,"TTO","Trinidad and Tobago",12,"Siparia","","","Region","Region"
3017,230,"TTO","Trinidad and Tobago",13,"Tobago","","Tabago","Region","Region"
3018,230,"TTO","Trinidad and Tobago",14,"Tunapuna/Piarco","","Tunapuna","Region","Region"
