"PID","ID_0","ISO","NAME_0","ID_1","NAME_1","NL_NAME_1","VARNAME_1","TYPE_1","ENGTYPE_1"
1186,74,"ETH","Ethiopia",1,"Addis Ababa","","Addis Ababa|Addis Abeba|Adis-Abeba|Adis Abeba","Kilil","Administrative State"
1187,74,"ETH","Ethiopia",2,"Afar","","","Kilil","Administrative State"
1188,74,"ETH","Ethiopia",3,"Amhara","","Amara","Kilil","Administrative State"
1189,74,"ETH","Ethiopia",4,"Benshangul-Gumaz","","Benishangul|Beni Shangul|Bénishangul|Benishangul-Gumuz|Binshangul Gumuz","Kilil","Administrative State"
1190,74,"ETH","Ethiopia",5,"Dire Dawa","","","Kilil","Administrative State"
1191,74,"ETH","Ethiopia",6,"Gambela Peoples","","Gambella|Gambela Hizboch","Kilil","Administrative State"
1192,74,"ETH","Ethiopia",7,"Harari People","","Harari|Harer|Hareri Hizb","Kilil","Administrative State"
1193,74,"ETH","Ethiopia",8,"Oromia","","Oromiya","Kilil","Administrative State"
1194,74,"ETH","Ethiopia",9,"Somali","","Sumale","Kilil","Administrative State"
1195,74,"ETH","Ethiopia",10,"Southern Nations, Nationalities and Peoples","","Southern Nations, Nationalities, and People's Region","Kilil","Administrative State"
1196,74,"ETH","Ethiopia",11,"Tigray","","Tegr?|Tigrai|Tigre|Tigr?|Tigré","Kilil","Administrative State"
