"PID","ID_0","ISO","NAME_0","ID_1","NAME_1","NL_NAME_1","VARNAME_1","TYPE_1","ENGTYPE_1"
2626,198,"SAU","Saudi Arabia",1,"`Asir","","Asir|Aseer|Assyear","Emirate|Mintaqah","Region"
2627,198,"SAU","Saudi Arabia",2,"Al Bahah","","Baha","Emirate|Mintaqah","Region"
2628,198,"SAU","Saudi Arabia",3,"Al Hudud ash Shamaliyah","","Northern Frontier","Emirate|Mintaqah","Region"
2629,198,"SAU","Saudi Arabia",4,"Al Jawf","","JawfAl Joaf|Al-Jouf|Jowf","Emirate|Mintaqah","Region"
2630,198,"SAU","Saudi Arabia",5,"Al Madinah","","Madinah|Al Madinah al Munawwarah|Monwarah|Medina|Médine","Emirate|Mintaqah","Region"
2631,198,"SAU","Saudi Arabia",6,"Al Quassim","","Al Gassim|Gasim|Qaseem|Al Qasseem","Emirate|Mintaqah","Region"
2632,198,"SAU","Saudi Arabia",7,"Ar Riyad","","Riyad|Riad|Riyadh","Emirate|Mintaqah","Region"
2633,198,"SAU","Saudi Arabia",8,"Ash Sharqiyah","","Eastern Province","Emirate|Mintaqah","Region"
2634,198,"SAU","Saudi Arabia",9,"Ha'il","","Hail","Emirate|Mintaqah","Region"
2635,198,"SAU","Saudi Arabia",10,"Jizan","","Jazan|Qizan","Emirate|Mintaqah","Region"
2636,198,"SAU","Saudi Arabia",11,"Makkah","","La Meca|La Mecca|La Mecque|Makka|Makkah al-Mukarramah|Mecca|Meca|Mecka|Mekka","Emirate|Mintaqah","Region"
2637,198,"SAU","Saudi Arabia",12,"Najran","","","Emirate|Mintaqah","Region"
2638,198,"SAU","Saudi Arabia",13,"Tabuk","","Tabouk","Emirate|Mintaqah","Region"
