"PID","ID_0","ISO","NAME_0","ID_1","NAME_1","ID_2","NAME_2","NL_NAME_2","VARNAME_2","TYPE_2","ENGTYPE_2"
11605,45,"CAF","Central African Republic",1,"Bamingui-Bangoran",1,"Bamingui","","","Sous-préfecture","Sub-prefecture"
11606,45,"CAF","Central African Republic",1,"Bamingui-Bangoran",2,"Ndélé","","","Sous-préfecture","Sub-prefecture"
11607,45,"CAF","Central African Republic",2,"Bangui",3,"Bangui","","","Sous-préfecture","Sub-prefecture"
11608,45,"CAF","Central African Republic",3,"Basse-Kotto",4,"Alindao","","","Sous-préfecture","Sub-prefecture"
11609,45,"CAF","Central African Republic",3,"Basse-Kotto",5,"Kembé","","","Sous-préfecture","Sub-prefecture"
11610,45,"CAF","Central African Republic",3,"Basse-Kotto",6,"Mingala","","","Sous-préfecture","Sub-prefecture"
11611,45,"CAF","Central African Republic",3,"Basse-Kotto",7,"Mobaye","","","Sous-préfecture","Sub-prefecture"
11612,45,"CAF","Central African Republic",4,"Haut-Mbomou",8,"Djemah","","","Sous-préfecture","Sub-prefecture"
11613,45,"CAF","Central African Republic",4,"Haut-Mbomou",9,"Obo","","","Sous-préfecture","Sub-prefecture"
11614,45,"CAF","Central African Republic",4,"Haut-Mbomou",10,"Zémio","","","Sous-préfecture","Sub-prefecture"
11615,45,"CAF","Central African Republic",5,"Haute-Kotto",11,"Bria","","","Sous-préfecture","Sub-prefecture"
11616,45,"CAF","Central African Republic",5,"Haute-Kotto",12,"Ouadda","","","Sous-préfecture","Sub-prefecture"
11617,45,"CAF","Central African Republic",5,"Haute-Kotto",13,"Yalinga","","","Sous-préfecture","Sub-prefecture"
11618,45,"CAF","Central African Republic",6,"Kémo",14,"Dékoa","","","Sous-préfecture","Sub-prefecture"
11619,45,"CAF","Central African Republic",6,"Kémo",15,"Sibut","","","Sous-préfecture","Sub-prefecture"
11620,45,"CAF","Central African Republic",7,"Lobaye",16,"Boda","","","Sous-préfecture","Sub-prefecture"
11621,45,"CAF","Central African Republic",7,"Lobaye",17,"M'Baïki","","Mbaki","Sous-préfecture","Sub-prefecture"
11622,45,"CAF","Central African Republic",7,"Lobaye",18,"Mongoumba","","","Sous-préfecture","Sub-prefecture"
11623,45,"CAF","Central African Republic",8,"Mambéré-Kadéï",19,"Berbérati","","","Sous-préfecture","Sub-prefecture"
11624,45,"CAF","Central African Republic",8,"Mambéré-Kadéï",20,"Carnot","","","Sous-préfecture","Sub-prefecture"
11625,45,"CAF","Central African Republic",8,"Mambéré-Kadéï",21,"Gamboula","","","Sous-préfecture","Sub-prefecture"
11626,45,"CAF","Central African Republic",9,"Mbomou",22,"Bakouma","","","Sous-préfecture","Sub-prefecture"
11627,45,"CAF","Central African Republic",9,"Mbomou",23,"Bangassou","","","Sous-préfecture","Sub-prefecture"
11628,45,"CAF","Central African Republic",9,"Mbomou",24,"Gambo-Ouango","","","Sous-préfecture","Sub-prefecture"
11629,45,"CAF","Central African Republic",9,"Mbomou",25,"Rafaï","","","Sous-préfecture","Sub-prefecture"
11630,45,"CAF","Central African Republic",10,"Nana-Grébizi",26,"Kaga-Bandoro","","","Sous-préfecture","Sub-prefecture"
11631,45,"CAF","Central African Republic",10,"Nana-Grébizi",27,"Mbrès","","","Sous-préfecture","Sub-prefecture"
11632,45,"CAF","Central African Republic",11,"Nana-Mambéré",28,"Baboua","","","Sous-préfecture","Sub-prefecture"
11633,45,"CAF","Central African Republic",11,"Nana-Mambéré",29,"Baoro","","","Sous-préfecture","Sub-prefecture"
11634,45,"CAF","Central African Republic",11,"Nana-Mambéré",30,"Bouar","","","Sous-préfecture","Sub-prefecture"
11635,45,"CAF","Central African Republic",12,"Ombella-M'Poko",31,"Bimbo","","","Sous-préfecture","Sub-prefecture"
11636,45,"CAF","Central African Republic",12,"Ombella-M'Poko",32,"Boali","","","Sous-préfecture","Sub-prefecture"
11637,45,"CAF","Central African Republic",12,"Ombella-M'Poko",33,"Damara","","","Sous-préfecture","Sub-prefecture"
11638,45,"CAF","Central African Republic",12,"Ombella-M'Poko",34,"Yaloké","","Yaloke-Bossembele","Sous-préfecture","Sub-prefecture"
11639,45,"CAF","Central African Republic",13,"Ouaka",35,"Bakala","","","Sous-préfecture","Sub-prefecture"
11640,45,"CAF","Central African Republic",13,"Ouaka",36,"Bambari","","","Sous-préfecture","Sub-prefecture"
11641,45,"CAF","Central African Republic",13,"Ouaka",37,"Grimari","","","Sous-préfecture","Sub-prefecture"
11642,45,"CAF","Central African Republic",13,"Ouaka",38,"Ippy","","","Sous-préfecture","Sub-prefecture"
11643,45,"CAF","Central African Republic",13,"Ouaka",39,"Kouango","","","Sous-préfecture","Sub-prefecture"
11644,45,"CAF","Central African Republic",14,"Ouham-Pendé",40,"Bocaranga","","","Sous-préfecture","Sub-prefecture"
11645,45,"CAF","Central African Republic",14,"Ouham-Pendé",41,"Bozoum","","","Sous-préfecture","Sub-prefecture"
11646,45,"CAF","Central African Republic",14,"Ouham-Pendé",42,"Paoua","","","Sous-préfecture","Sub-prefecture"
11647,45,"CAF","Central African Republic",15,"Ouham",43,"Batangafo","","","Sous-préfecture","Sub-prefecture"
11648,45,"CAF","Central African Republic",15,"Ouham",44,"Bossangoa","","","Sous-préfecture","Sub-prefecture"
11649,45,"CAF","Central African Republic",15,"Ouham",45,"Bouca","","","Sous-préfecture","Sub-prefecture"
11650,45,"CAF","Central African Republic",15,"Ouham",46,"Kabo","","","Sous-préfecture","Sub-prefecture"
11651,45,"CAF","Central African Republic",15,"Ouham",47,"Markounda","","","Sous-préfecture","Sub-prefecture"
11652,45,"CAF","Central African Republic",16,"Sangha-Mbaéré",48,"Bambio","","","Sous-préfecture","Sub-prefecture"
11653,45,"CAF","Central African Republic",16,"Sangha-Mbaéré",49,"Nola","","","Sous-préfecture","Sub-prefecture"
11654,45,"CAF","Central African Republic",17,"Vakaga",50,"Birao","","","Sous-préfecture","Sub-prefecture"
11655,45,"CAF","Central African Republic",17,"Vakaga",51,"Ouanda Djallé","","","Sous-préfecture","Sub-prefecture"
