"PID","ID_0","ISO","NAME_0","ID_1","NAME_1","NL_NAME_1","VARNAME_1","TYPE_1","ENGTYPE_1"
695,45,"CAF","Central African Republic",1,"Bamingui-Bangoran","","Bamingui-Bangora|N'Délé|Ndélé","Préfecture","Prefecture"
696,45,"CAF","Central African Republic",2,"Bangui","","","Commune Autonome","Autonomous Commune"
697,45,"CAF","Central African Republic",3,"Basse-Kotto","","","Préfecture","Prefecture"
698,45,"CAF","Central African Republic",4,"Haut-Mbomou","","Haut-M'bomou|Obo-Zemio","Préfecture","Prefecture"
699,45,"CAF","Central African Republic",5,"Haute-Kotto","","","Préfecture","Prefecture"
700,45,"CAF","Central African Republic",6,"Kémo","","Kémo-Gribingui|Kémo-Ibingui","Préfecture","Prefecture"
701,45,"CAF","Central African Republic",7,"Lobaye","","","Préfecture","Prefecture"
702,45,"CAF","Central African Republic",8,"Mambéré-Kadéï","","Haute-Sangha|Mambéré Kadéi","Préfecture","Prefecture"
703,45,"CAF","Central African Republic",9,"Mbomou","","M'Bomou","Préfecture","Prefecture"
704,45,"CAF","Central African Republic",10,"Nana-Grébizi","","Nana-Gribingui|Gribingui|Gribingui-Économique|Ibingui|Nana Gribizi","Préfecture","Economic Prefecture"
705,45,"CAF","Central African Republic",11,"Nana-Mambéré","","Bouar-Baboua|Buar-Baboua|Nana Nambéré","Préfecture","Prefecture"
706,45,"CAF","Central African Republic",12,"Ombella-M'Poko","","Ombella-Mpoko|Ombella-Mpoko|Ombelle Mpoko","Préfecture","Prefecture"
707,45,"CAF","Central African Republic",13,"Ouaka","","","Préfecture","Prefecture"
708,45,"CAF","Central African Republic",14,"Ouham-Pendé","","","Préfecture","Prefecture"
709,45,"CAF","Central African Republic",15,"Ouham","","","Préfecture","Prefecture"
710,45,"CAF","Central African Republic",16,"Sangha-Mbaéré","","Sangha|Sangha-Économique|Sangha M'baéré","Préfecture","Economic Prefecture"
711,45,"CAF","Central African Republic",17,"Vakaga","","Birao","Préfecture","Prefecture"
