"PID","ID_0","ISO","NAME_0","ID_1","NAME_1","NL_NAME_1","VARNAME_1","TYPE_1","ENGTYPE_1"
3043,232,"TUR","Turkey",1,"Adana","","Seyhan","Il","Province"
3044,232,"TUR","Turkey",2,"Adiyaman","","Adiyaman","Il","Province"
3045,232,"TUR","Turkey",3,"Afyon","","Afyonkarahisar","Il","Province"
3046,232,"TUR","Turkey",4,"Agri","","Agri|Karaköse","Il","Province"
3047,232,"TUR","Turkey",5,"Aksaray","","","Il","Province"
3048,232,"TUR","Turkey",6,"Amasya","","","Il","Province"
3049,232,"TUR","Turkey",7,"Ankara","","Ancara|Angora","Il","Province"
3050,232,"TUR","Turkey",8,"Antalya","","Adalia|Anatolia","Il","Province"
3051,232,"TUR","Turkey",9,"Ardahan","","","Il","Province"
3052,232,"TUR","Turkey",10,"Artvin","","Çoruh","Il","Province"
3053,232,"TUR","Turkey",11,"Aydin","","Aydin","Il","Province"
3054,232,"TUR","Turkey",12,"Balikesir","","Balikesir|Balikisri","Il","Province"
3055,232,"TUR","Turkey",13,"Bartin","","","Il","Province"
3056,232,"TUR","Turkey",14,"Batman","","","Il","Province"
3057,232,"TUR","Turkey",15,"Bayburt","","","Il","Province"
3058,232,"TUR","Turkey",16,"Bilecik","","","Il","Province"
3059,232,"TUR","Turkey",17,"Bingöl","","Çapakçur","Il","Province"
3060,232,"TUR","Turkey",18,"Bitlis","","","Il","Province"
3061,232,"TUR","Turkey",19,"Bolu","","","Il","Province"
3062,232,"TUR","Turkey",20,"Burdur","","","Il","Province"
3063,232,"TUR","Turkey",21,"Bursa","","Burssa|Brusa|Brussa|Brousse","Il","Province"
3064,232,"TUR","Turkey",22,"Çanakkale","","","Il","Province"
3065,232,"TUR","Turkey",23,"Çankiri","","Çankiri|Changra","Il","Province"
3066,232,"TUR","Turkey",24,"Çorum","","","Il","Province"
3067,232,"TUR","Turkey",25,"Denizli","","","Il","Province"
3068,232,"TUR","Turkey",26,"Diyarbakir","","Diyarbakir","Il","Province"
3069,232,"TUR","Turkey",27,"Düzce","","","Il","Province"
3070,232,"TUR","Turkey",28,"Edirne","","Adrianople|Adrianopel","Il","Province"
3071,232,"TUR","Turkey",29,"Elazig","","Elazig","Il","Province"
3072,232,"TUR","Turkey",30,"Erzincan","","","Il","Province"
3073,232,"TUR","Turkey",31,"Erzurum","","","Il","Province"
3074,232,"TUR","Turkey",32,"Eskisehir","","Eskisehir","Il","Province"
3075,232,"TUR","Turkey",33,"Gaziantep","","","Il","Province"
3076,232,"TUR","Turkey",34,"Giresun","","Kerasund","Il","Province"
3077,232,"TUR","Turkey",35,"Gümüshane","","Gümüshane","Il","Province"
3078,232,"TUR","Turkey",36,"Hakkari","","","Il","Province"
3079,232,"TUR","Turkey",37,"Hatay","","","Il","Province"
3080,232,"TUR","Turkey",38,"Igdir","","","Il","Province"
3081,232,"TUR","Turkey",39,"Isparta","","","Il","Province"
3082,232,"TUR","Turkey",40,"Istanbul","","Istanbul|Constantinople|Estambul|Istambul|Konstantinopel|Stamboul","Il","Province"
3083,232,"TUR","Turkey",41,"Izmir","","Izmir|Esmirna|Smirne|Smyrna","Il","Province"
3084,232,"TUR","Turkey",42,"K. Maras","","Kahramanmaras","Il","Province"
3085,232,"TUR","Turkey",43,"Karabük","","","Il","Province"
3086,232,"TUR","Turkey",44,"Karaman","","","Il","Province"
3087,232,"TUR","Turkey",45,"Kars","","","Il","Province"
3088,232,"TUR","Turkey",46,"Kastamonu","","","Il","Province"
3089,232,"TUR","Turkey",47,"Kayseri","","","Il","Province"
3090,232,"TUR","Turkey",48,"Kilis","","","Il","Province"
3091,232,"TUR","Turkey",49,"Kinkkale","","Kirikkale","Il","Province"
3092,232,"TUR","Turkey",50,"Kirklareli","","Kirklareli","Il","Province"
3093,232,"TUR","Turkey",51,"Kirsehir","","Kirsehir","Il","Province"
3094,232,"TUR","Turkey",52,"Kocaeli","","Izmit","Il","Province"
3095,232,"TUR","Turkey",53,"Konya","","Konieh|Kunja","Il","Province"
3096,232,"TUR","Turkey",54,"Kütahya","","Kütanya","Il","Province"
3097,232,"TUR","Turkey",55,"Malatya","","","Il","Province"
3098,232,"TUR","Turkey",56,"Manisa","","","Il","Province"
3099,232,"TUR","Turkey",57,"Mardin","","","Il","Province"
3100,232,"TUR","Turkey",58,"Mersin","","Içel","Il","Province"
3101,232,"TUR","Turkey",59,"Mugla","","Mugla","Il","Province"
3102,232,"TUR","Turkey",60,"Mus","","Mus","Il","Province"
3103,232,"TUR","Turkey",61,"Nevsehir","","Nevsehir","Il","Province"
3104,232,"TUR","Turkey",62,"Nigde","","Nigde","Il","Province"
3105,232,"TUR","Turkey",63,"Ordu","","","Il","Province"
3106,232,"TUR","Turkey",64,"Osmaniye","","","Il","Province"
3107,232,"TUR","Turkey",65,"Rize","","","Il","Province"
3108,232,"TUR","Turkey",66,"Sakarya","","","Il","Province"
3109,232,"TUR","Turkey",67,"Samsun","","","Il","Province"
3110,232,"TUR","Turkey",68,"Sanliurfa","","Sanliurfa|Urfa","Il","Province"
3111,232,"TUR","Turkey",69,"Siirt","","","Il","Province"
3112,232,"TUR","Turkey",70,"Sinop","","","Il","Province"
3113,232,"TUR","Turkey",71,"Sirnak","","Sirnak","Il","Province"
3114,232,"TUR","Turkey",72,"Sivas","","","Il","Province"
3115,232,"TUR","Turkey",73,"Tekirdag","","Tekirdag","Il","Province"
3116,232,"TUR","Turkey",74,"Tokat","","","Il","Province"
3117,232,"TUR","Turkey",75,"Trabzon","","Trapezunt|Trebizond|Trebizonda|Trébizonde","Il","Province"
3118,232,"TUR","Turkey",76,"Tunceli","","","Il","Province"
3119,232,"TUR","Turkey",77,"Usak","","Usak","Il","Province"
3120,232,"TUR","Turkey",78,"Van","","","Il","Province"
3121,232,"TUR","Turkey",79,"Yalova","","","Il","Province"
3122,232,"TUR","Turkey",80,"Yozgat","","","Il","Province"
3123,232,"TUR","Turkey",81,"Zinguldak","","Zonguldak","Il","Province"
