"PID","ID_0","ISO","NAME_0","ID_1","NAME_1","ID_2","NAME_2","NL_NAME_2","VARNAME_2","TYPE_2","ENGTYPE_2"
33044,232,"TUR","Turkey",35,"Gümüshane",395,"Torul","","","District","District"
33045,232,"TUR","Turkey",36,"Hakkari",396,"Semdinli","","","District","District"
33046,232,"TUR","Turkey",36,"Hakkari",397,"Çukurca","","","District","District"
33047,232,"TUR","Turkey",36,"Hakkari",398,"Merkez","","Hakkari","District","District"
33048,232,"TUR","Turkey",36,"Hakkari",399,"Yüksekova","","Yüksekova","District","District"
33049,232,"TUR","Turkey",37,"Hatay",400,"Iskenderun","","","District","District"
33050,232,"TUR","Turkey",37,"Hatay",401,"Altinözü","","","District","District"
33051,232,"TUR","Turkey",37,"Hatay",402,"Belen","","","District","District"
33052,232,"TUR","Turkey",37,"Hatay",403,"Dörtyol","","","District","District"
33053,232,"TUR","Turkey",37,"Hatay",404,"Erzin","","","District","District"
33054,232,"TUR","Turkey",37,"Hatay",405,"Hassa","","","District","District"
33055,232,"TUR","Turkey",37,"Hatay",406,"Kirikhan","","","District","District"
33056,232,"TUR","Turkey",37,"Hatay",407,"Kumlu","","","District","District"
33057,232,"TUR","Turkey",37,"Hatay",408,"Merkez","","Hatay Merkezi","District","District"
33058,232,"TUR","Turkey",37,"Hatay",409,"Reyhanli","","","District","District"
33059,232,"TUR","Turkey",37,"Hatay",410,"Samandag","","","District","District"
33060,232,"TUR","Turkey",37,"Hatay",411,"Yayladagi","","","District","District"
33061,232,"TUR","Turkey",38,"Igdir",412,"Aralik
","","","District","District"
33062,232,"TUR","Turkey",38,"Igdir",413,"Karakoyunlu","","","District","District"
33063,232,"TUR","Turkey",38,"Igdir",414,"Merkez","","Igdir","District","District"
33064,232,"TUR","Turkey",38,"Igdir",415,"Tuzluca
","","","District","District"
33065,232,"TUR","Turkey",39,"Isparta",416,"Sarkikaraagaç","","","District","District"
33066,232,"TUR","Turkey",39,"Isparta",417,"Aksu","","","District","District"
33067,232,"TUR","Turkey",39,"Isparta",418,"Atabey","","","District","District"
33068,232,"TUR","Turkey",39,"Isparta",419,"Egirdir","","","District","District"
33069,232,"TUR","Turkey",39,"Isparta",420,"Gelendost","","","District","District"
33070,232,"TUR","Turkey",39,"Isparta",421,"Gönen","","","District","District"
35761,232,"TUR","Turkey",1,"Adana",1,"Imamoglu","","","District","District"
35762,232,"TUR","Turkey",1,"Adana",2,"Aladag","","","District","District"
35763,232,"TUR","Turkey",1,"Adana",3,"Ceyhan","","","District","District"
35764,232,"TUR","Turkey",1,"Adana",4,"Feke","","","District","District"
35765,232,"TUR","Turkey",1,"Adana",5,"Karaisali","","","District","District"
35766,232,"TUR","Turkey",1,"Adana",6,"Karatas","","","District","District"
35767,232,"TUR","Turkey",1,"Adana",7,"Kozan","","","District","District"
35768,232,"TUR","Turkey",1,"Adana",8,"Pozanti","","","District","District"
35769,232,"TUR","Turkey",1,"Adana",9,"Saimbeyli","","","District","District"
35770,232,"TUR","Turkey",1,"Adana",10,"Seyhan","","","District","District"
35771,232,"TUR","Turkey",1,"Adana",11,"Tufanbeyli","","","District","District"
35772,232,"TUR","Turkey",1,"Adana",12,"Yumurtalik","","","District","District"
35773,232,"TUR","Turkey",1,"Adana",13,"Yüregir","","","District","District"
35774,232,"TUR","Turkey",2,"Adiyaman",14,"Besni","","","District","District"
35775,232,"TUR","Turkey",2,"Adiyaman",15,"Çelikhan","","","District","District"
35776,232,"TUR","Turkey",2,"Adiyaman",16,"Gerger","","","District","District"
35777,232,"TUR","Turkey",2,"Adiyaman",17,"Gölbasi","","","District","District"
35778,232,"TUR","Turkey",2,"Adiyaman",18,"Kahta","","","District","District"
35779,232,"TUR","Turkey",2,"Adiyaman",19,"Merkez","","Adiyaman","District","District"
35780,232,"TUR","Turkey",2,"Adiyaman",20,"Samsat","","","District","District"
35781,232,"TUR","Turkey",2,"Adiyaman",21,"Sincik","","","District","District"
35782,232,"TUR","Turkey",2,"Adiyaman",22,"Tut","","","District","District"
35783,232,"TUR","Turkey",3,"Afyon",23,"Ihsaniye","","","District","District"
35784,232,"TUR","Turkey",3,"Afyon",24,"Iscehisar","","","District","District"
35785,232,"TUR","Turkey",3,"Afyon",25,"Suhut","","","District","District"
35786,232,"TUR","Turkey",3,"Afyon",26,"Basmakçi","","","District","District"
35787,232,"TUR","Turkey",3,"Afyon",27,"Bayat","","","District","District"
35788,232,"TUR","Turkey",3,"Afyon",28,"Bolvadin","","","District","District"
35789,232,"TUR","Turkey",3,"Afyon",29,"Çay","","","District","District"
35790,232,"TUR","Turkey",3,"Afyon",30,"Çobanlar","","","District","District"
35791,232,"TUR","Turkey",3,"Afyon",31,"Dazkiri
","","","District","District"
35792,232,"TUR","Turkey",3,"Afyon",32,"Dinar","","","District","District"
35793,232,"TUR","Turkey",3,"Afyon",33,"Emirdag","","","District","District"
35794,232,"TUR","Turkey",3,"Afyon",34,"Evciler","","","District","District"
35795,232,"TUR","Turkey",3,"Afyon",35,"Hocalar","","","District","District"
35796,232,"TUR","Turkey",3,"Afyon",36,"Kizilören","","","District","District"
35797,232,"TUR","Turkey",3,"Afyon",37,"Merkez","","Afyonkarahisar Merkez
","District","District"
35798,232,"TUR","Turkey",3,"Afyon",38,"Sandikli","","","District","District"
35799,232,"TUR","Turkey",3,"Afyon",39,"Sincanli","","","District","District"
35800,232,"TUR","Turkey",3,"Afyon",40,"Sultandagi","","","District","District"
35801,232,"TUR","Turkey",4,"Agri",41,"Diyadin","","","District","District"
35802,232,"TUR","Turkey",4,"Agri",42,"Dogubeyazit","","","District","District"
35803,232,"TUR","Turkey",4,"Agri",43,"Eleskirt","","","District","District"
35804,232,"TUR","Turkey",4,"Agri",44,"Hamur","","","District","District"
35805,232,"TUR","Turkey",4,"Agri",45,"Merkez","","Agri","District","District"
35806,232,"TUR","Turkey",4,"Agri",46,"Patnos","","","District","District"
35807,232,"TUR","Turkey",4,"Agri",47,"Tasliçay","","","District","District"
35808,232,"TUR","Turkey",4,"Agri",48,"Tutak","","","District","District"
35809,232,"TUR","Turkey",5,"Aksaray",49,"Agaçören","","","District","District"
35810,232,"TUR","Turkey",5,"Aksaray",50,"Eskil","","","District","District"
35811,232,"TUR","Turkey",5,"Aksaray",51,"Gülagaç","","","District","District"
35812,232,"TUR","Turkey",5,"Aksaray",52,"Güzelyurt","","","District","District"
35813,232,"TUR","Turkey",5,"Aksaray",53,"Merkez","","Aksaray","District","District"
35814,232,"TUR","Turkey",5,"Aksaray",54,"Ortaköy","","","District","District"
35815,232,"TUR","Turkey",5,"Aksaray",55,"Sariyahsi
","","","District","District"
35816,232,"TUR","Turkey",6,"Amasya",56,"Göynücek","","","District","District"
35817,232,"TUR","Turkey",6,"Amasya",57,"Gümüshaciköy","","","District","District"
35818,232,"TUR","Turkey",6,"Amasya",58,"Hamamözü","","","District","District"
35819,232,"TUR","Turkey",6,"Amasya",59,"Merkez","","Amasya","District","District"
35820,232,"TUR","Turkey",6,"Amasya",60,"Merzifon","","","District","District"
35821,232,"TUR","Turkey",6,"Amasya",61,"Suluova","","","District","District"
35822,232,"TUR","Turkey",6,"Amasya",62,"Tasova","","","District","District"
35823,232,"TUR","Turkey",7,"Ankara",63,"Sultan Koçhisar","","","District","District"
35824,232,"TUR","Turkey",7,"Ankara",64,"Akyurt","","","District","District"
35825,232,"TUR","Turkey",7,"Ankara",65,"Altindag","","","District","District"
35826,232,"TUR","Turkey",7,"Ankara",66,"Ayas","","","District","District"
35827,232,"TUR","Turkey",7,"Ankara",67,"Bala","","","District","District"
35828,232,"TUR","Turkey",7,"Ankara",68,"Beypazari","","","District","District"
35829,232,"TUR","Turkey",7,"Ankara",69,"Çamlidere","","","District","District"
35830,232,"TUR","Turkey",7,"Ankara",70,"Çankaya","","","District","District"
35831,232,"TUR","Turkey",7,"Ankara",71,"Çubuk","","","District","District"
35832,232,"TUR","Turkey",7,"Ankara",72,"Elmadag","","","District","District"
35833,232,"TUR","Turkey",7,"Ankara",73,"Etimesgut","","","District","District"
35834,232,"TUR","Turkey",7,"Ankara",74,"Evren","","","District","District"
35835,232,"TUR","Turkey",7,"Ankara",75,"Gölbasi","","","District","District"
35836,232,"TUR","Turkey",7,"Ankara",76,"Güdül","","","District","District"
35837,232,"TUR","Turkey",7,"Ankara",77,"Haymana","","","District","District"
35838,232,"TUR","Turkey",7,"Ankara",78,"Kizilcahamam","","","District","District"
35839,232,"TUR","Turkey",7,"Ankara",79,"Kalecik","","","District","District"
35840,232,"TUR","Turkey",7,"Ankara",80,"Kazan","","","District","District"
35841,232,"TUR","Turkey",7,"Ankara",81,"Keçiören","","","District","District"
35842,232,"TUR","Turkey",7,"Ankara",82,"Mamak","","","District","District"
35843,232,"TUR","Turkey",7,"Ankara",83,"Nallihan","","","District","District"
35844,232,"TUR","Turkey",7,"Ankara",84,"Polatli","","","District","District"
35845,232,"TUR","Turkey",7,"Ankara",85,"Sincan
","","","District","District"
35846,232,"TUR","Turkey",7,"Ankara",86,"Yenimahalle","","","District","District"
35847,232,"TUR","Turkey",8,"Antalya",87,"Ibradi","","","District","District"
35848,232,"TUR","Turkey",8,"Antalya",88,"Akseki","","","District","District"
35849,232,"TUR","Turkey",8,"Antalya",89,"Alanya","","","District","District"
35850,232,"TUR","Turkey",8,"Antalya",90,"Elmali","","","District","District"
35851,232,"TUR","Turkey",8,"Antalya",91,"Finike","","","District","District"
35852,232,"TUR","Turkey",8,"Antalya",92,"Gazipasa","","","District","District"
35853,232,"TUR","Turkey",8,"Antalya",93,"Gündogmus","","","District","District"
35854,232,"TUR","Turkey",8,"Antalya",94,"Kas","","","District","District"
35855,232,"TUR","Turkey",8,"Antalya",95,"Kale","","","District","District"
35856,232,"TUR","Turkey",8,"Antalya",96,"Kemer","","","District","District"
35857,232,"TUR","Turkey",8,"Antalya",97,"Korkuteli","","","District","District"
35858,232,"TUR","Turkey",8,"Antalya",98,"Kumluca","","","District","District"
35859,232,"TUR","Turkey",8,"Antalya",99,"Manavgat","","","District","District"
35860,232,"TUR","Turkey",8,"Antalya",100,"Merkez","","Antalya","District","District"
35861,232,"TUR","Turkey",8,"Antalya",101,"Serik","","","District","District"
35862,232,"TUR","Turkey",9,"Ardahan",102,"Çildir","","","District","District"
35863,232,"TUR","Turkey",9,"Ardahan",103,"Damal","","","District","District"
35864,232,"TUR","Turkey",9,"Ardahan",104,"Göle","","","District","District"
35865,232,"TUR","Turkey",9,"Ardahan",105,"Hanak","","","District","District"
35866,232,"TUR","Turkey",9,"Ardahan",106,"Merkez","","Ardahan","District","District"
35867,232,"TUR","Turkey",9,"Ardahan",107,"Posof","","","District","District"
35868,232,"TUR","Turkey",10,"Artvin",108,"Savsat","","","District","District"
35869,232,"TUR","Turkey",10,"Artvin",109,"Ardanuç","","","District","District"
35870,232,"TUR","Turkey",10,"Artvin",110,"Arhavi","","","District","District"
35871,232,"TUR","Turkey",10,"Artvin",111,"Borçka","","","District","District"
35872,232,"TUR","Turkey",10,"Artvin",112,"Hopa","","","District","District"
35873,232,"TUR","Turkey",10,"Artvin",113,"Merkez","","Artvin","District","District"
35874,232,"TUR","Turkey",10,"Artvin",114,"Murgul","","","District","District"
35875,232,"TUR","Turkey",10,"Artvin",115,"Yusufeli","","","District","District"
35876,232,"TUR","Turkey",11,"Aydin",116,"Incirliova","","","District","District"
35877,232,"TUR","Turkey",11,"Aydin",117,"Bozdogan","","","District","District"
35878,232,"TUR","Turkey",11,"Aydin",118,"Buharkent","","","District","District"
35879,232,"TUR","Turkey",11,"Aydin",119,"Çine","","","District","District"
35880,232,"TUR","Turkey",11,"Aydin",120,"Didim","","","District","District"
35881,232,"TUR","Turkey",11,"Aydin",121,"Germencik","","","District","District"
35882,232,"TUR","Turkey",11,"Aydin",122,"Karacasu","","","District","District"
35883,232,"TUR","Turkey",11,"Aydin",123,"Karpuzlu","","","District","District"
35884,232,"TUR","Turkey",11,"Aydin",124,"Kösk","","","District","District"
35885,232,"TUR","Turkey",11,"Aydin",125,"Koçarli","","","District","District"
35886,232,"TUR","Turkey",11,"Aydin",126,"Kusadasi","","","District","District"
35887,232,"TUR","Turkey",11,"Aydin",127,"Kuyucak","","","District","District"
35888,232,"TUR","Turkey",11,"Aydin",128,"Merkez","","Aydin Merkez
","District","District"
35889,232,"TUR","Turkey",11,"Aydin",129,"Nazilli","","","District","District"
35890,232,"TUR","Turkey",11,"Aydin",130,"Söke","","","District","District"
35891,232,"TUR","Turkey",11,"Aydin",131,"Sultanhisar","","","District","District"
35892,232,"TUR","Turkey",11,"Aydin",132,"Yenipazar","","","District","District"
35893,232,"TUR","Turkey",12,"Balikesir",133,"Ivrindi","","","District","District"
35894,232,"TUR","Turkey",12,"Balikesir",134,"Ayvalik","","","District","District"
35895,232,"TUR","Turkey",12,"Balikesir",135,"Balya","","","District","District"
35896,232,"TUR","Turkey",12,"Balikesir",136,"Bandirma","","","District","District"
35897,232,"TUR","Turkey",12,"Balikesir",137,"Bigadiç","","","District","District"
35898,232,"TUR","Turkey",12,"Balikesir",138,"Burhaniye","","","District","District"
35899,232,"TUR","Turkey",12,"Balikesir",139,"Dursunbey","","","District","District"
35900,232,"TUR","Turkey",12,"Balikesir",140,"Edremit","","","District","District"
35901,232,"TUR","Turkey",12,"Balikesir",141,"Erdek","","","District","District"
35902,232,"TUR","Turkey",12,"Balikesir",142,"Gömeç","","","District","District"
35903,232,"TUR","Turkey",12,"Balikesir",143,"Gönen","","","District","District"
35904,232,"TUR","Turkey",12,"Balikesir",144,"Havran","","","District","District"
35905,232,"TUR","Turkey",12,"Balikesir",145,"Kepsut","","","District","District"
35906,232,"TUR","Turkey",12,"Balikesir",146,"Manyas","","","District","District"
35907,232,"TUR","Turkey",12,"Balikesir",147,"Marmara","","","District","District"
35908,232,"TUR","Turkey",12,"Balikesir",148,"Merkez","","Balikesir Merkezi
 Merkez","District","District"
35909,232,"TUR","Turkey",12,"Balikesir",149,"Sindirgi","","","District","District"
35910,232,"TUR","Turkey",12,"Balikesir",150,"Savastepe","","","District","District"
35911,232,"TUR","Turkey",12,"Balikesir",151,"Susurluk","","","District","District"
35912,232,"TUR","Turkey",13,"Bartin",152,"Amasra","","","District","District"
35913,232,"TUR","Turkey",13,"Bartin",153,"Kurucasile","","","District","District"
35914,232,"TUR","Turkey",13,"Bartin",154,"Merkez","","Bartin","District","District"
35915,232,"TUR","Turkey",13,"Bartin",155,"Ulus","","","District","District"
35916,232,"TUR","Turkey",14,"Batman",156,"Besiri","","","District","District"
35917,232,"TUR","Turkey",14,"Batman",157,"Gercüs","","","District","District"
35918,232,"TUR","Turkey",14,"Batman",158,"Hasankeyf","","","District","District"
35919,232,"TUR","Turkey",14,"Batman",159,"Kozluk","","","District","District"
35920,232,"TUR","Turkey",14,"Batman",160,"Merkez","","Batman","District","District"
35921,232,"TUR","Turkey",14,"Batman",161,"Sason","","","District","District"
35922,232,"TUR","Turkey",15,"Bayburt",162,"Aydintepe","","","District","District"
35923,232,"TUR","Turkey",15,"Bayburt",163,"Demirözü","","","District","District"
35924,232,"TUR","Turkey",15,"Bayburt",164,"Merkez","","Bayburt","District","District"
35925,232,"TUR","Turkey",16,"Bilecik",165,"Inhisar","","","District","District"
35926,232,"TUR","Turkey",16,"Bilecik",166,"Bozüyük","","","District","District"
35927,232,"TUR","Turkey",16,"Bilecik",167,"Gölpazari","","","District","District"
35928,232,"TUR","Turkey",16,"Bilecik",168,"Merkez","","Bilecik","District","District"
35929,232,"TUR","Turkey",16,"Bilecik",169,"Osmaneli","","","District","District"
35930,232,"TUR","Turkey",16,"Bilecik",170,"Pazaryeri","","","District","District"
35931,232,"TUR","Turkey",16,"Bilecik",171,"Sögüt","","","District","District"
35932,232,"TUR","Turkey",16,"Bilecik",172,"Yenipazar","","","District","District"
35933,232,"TUR","Turkey",17,"Bingöl",173,"Adakli","","","District","District"
35934,232,"TUR","Turkey",17,"Bingöl",174,"Genç","","","District","District"
35935,232,"TUR","Turkey",17,"Bingöl",175,"Karliova","","","District","District"
35936,232,"TUR","Turkey",17,"Bingöl",176,"Kigi","","","District","District"
35937,232,"TUR","Turkey",17,"Bingöl",177,"Merkez","","Bingöl","District","District"
35938,232,"TUR","Turkey",17,"Bingöl",178,"Solhan","","","District","District"
35939,232,"TUR","Turkey",17,"Bingöl",179,"Yayladere","","","District","District"
35940,232,"TUR","Turkey",17,"Bingöl",180,"Yedisu","","","District","District"
35941,232,"TUR","Turkey",18,"Bitlis",181,"Adilcevaz","","","District","District"
35942,232,"TUR","Turkey",18,"Bitlis",182,"Ahlat","","","District","District"
35943,232,"TUR","Turkey",18,"Bitlis",183,"Güroymak","","","District","District"
35944,232,"TUR","Turkey",18,"Bitlis",184,"Hizan
","","","District","District"
35945,232,"TUR","Turkey",18,"Bitlis",185,"Merkez","","Bitlis Merkezi","District","District"
35946,232,"TUR","Turkey",18,"Bitlis",186,"Mutki","","","District","District"
35947,232,"TUR","Turkey",18,"Bitlis",187,"Tatvan","","","District","District"
35948,232,"TUR","Turkey",19,"Bolu",188,"Dörtdivan","","","District","District"
35949,232,"TUR","Turkey",19,"Bolu",189,"Gerede","","","District","District"
35950,232,"TUR","Turkey",19,"Bolu",190,"Göynük","","","District","District"
35951,232,"TUR","Turkey",19,"Bolu",191,"Kibriscik","","","District","District"
35952,232,"TUR","Turkey",19,"Bolu",192,"Mengen","","","District","District"
35953,232,"TUR","Turkey",19,"Bolu",193,"Merkez","","Bolu","District","District"
35954,232,"TUR","Turkey",19,"Bolu",194,"Mudurnu","","","District","District"
35955,232,"TUR","Turkey",19,"Bolu",195,"Seben","","","District","District"
35956,232,"TUR","Turkey",19,"Bolu",196,"Yeniçaga","","","District","District"
35957,232,"TUR","Turkey",20,"Burdur",197,"Aglasun","","","District","District"
35958,232,"TUR","Turkey",20,"Burdur",198,"Altinyayla","","","District","District"
35959,232,"TUR","Turkey",20,"Burdur",199,"Bucak","","","District","District"
35960,232,"TUR","Turkey",20,"Burdur",200,"Çavdir","","","District","District"
35961,232,"TUR","Turkey",20,"Burdur",201,"Çeltikçi","","","District","District"
35962,232,"TUR","Turkey",20,"Burdur",202,"Gölhisar","","","District","District"
35963,232,"TUR","Turkey",20,"Burdur",203,"Karamanli","","","District","District"
35964,232,"TUR","Turkey",20,"Burdur",204,"Kemer","","","District","District"
35965,232,"TUR","Turkey",20,"Burdur",205,"Merkez","","Burdur","District","District"
35966,232,"TUR","Turkey",20,"Burdur",206,"Tefenni","","","District","District"
35967,232,"TUR","Turkey",20,"Burdur",207,"Yesilova","","","District","District"
35968,232,"TUR","Turkey",21,"Bursa",208,"Inegöl","","","District","District"
35969,232,"TUR","Turkey",21,"Bursa",209,"Iznik","","","District","District"
35970,232,"TUR","Turkey",21,"Bursa",210,"Büyükorhan","","","District","District"
35971,232,"TUR","Turkey",21,"Bursa",211,"Gemlik","","","District","District"
35972,232,"TUR","Turkey",21,"Bursa",212,"Gürsu","","","District","District"
35973,232,"TUR","Turkey",21,"Bursa",213,"Harmancik","","","District","District"
35974,232,"TUR","Turkey",21,"Bursa",214,"Karacabey","","","District","District"
35975,232,"TUR","Turkey",21,"Bursa",215,"Keles","","","District","District"
35976,232,"TUR","Turkey",21,"Bursa",216,"Kestel","","","District","District"
35977,232,"TUR","Turkey",21,"Bursa",217,"Mudanya","","","District","District"
35978,232,"TUR","Turkey",21,"Bursa",218,"Mustafa Kemalpasa","","","District","District"
35979,232,"TUR","Turkey",21,"Bursa",219,"Nilüfer","","","District","District"
35980,232,"TUR","Turkey",21,"Bursa",220,"Orhaneli","","","District","District"
35981,232,"TUR","Turkey",21,"Bursa",221,"Orhangazi","","","District","District"
35982,232,"TUR","Turkey",21,"Bursa",222,"Osmangazi","","","District","District"
35983,232,"TUR","Turkey",21,"Bursa",223,"Yildirim","","","District","District"
35984,232,"TUR","Turkey",21,"Bursa",224,"Yenisehir","","","District","District"
35985,232,"TUR","Turkey",22,"Çanakkale",225,"Ayvacik","","","District","District"
35986,232,"TUR","Turkey",22,"Çanakkale",226,"Bayramiç","","","District","District"
35987,232,"TUR","Turkey",22,"Çanakkale",227,"Biga","","","District","District"
35988,232,"TUR","Turkey",22,"Çanakkale",228,"Bozcaada","","","District","District"
35989,232,"TUR","Turkey",22,"Çanakkale",229,"Çan","","","District","District"
35990,232,"TUR","Turkey",22,"Çanakkale",230,"Eceabat","","","District","District"
35991,232,"TUR","Turkey",22,"Çanakkale",231,"Ezine","","","District","District"
35992,232,"TUR","Turkey",22,"Çanakkale",232,"Gelibolu","","","District","District"
35993,232,"TUR","Turkey",22,"Çanakkale",233,"Gökçeada","","","District","District"
35994,232,"TUR","Turkey",22,"Çanakkale",234,"Lapseki","","","District","District"
35995,232,"TUR","Turkey",22,"Çanakkale",235,"Merkez","","Çanakkale","District","District"
35996,232,"TUR","Turkey",22,"Çanakkale",236,"Yenice","","","District","District"
35997,232,"TUR","Turkey",23,"Çankiri",237,"Sabanözü","","","District","District"
35998,232,"TUR","Turkey",23,"Çankiri",238,"Atkaracalar","","","District","District"
35999,232,"TUR","Turkey",23,"Çankiri",239,"Bayramören","","","District","District"
36000,232,"TUR","Turkey",23,"Çankiri",240,"Çerkes","","","District","District"
36001,232,"TUR","Turkey",23,"Çankiri",241,"Eldivan","","","District","District"
36002,232,"TUR","Turkey",23,"Çankiri",242,"Ilgaz","","","District","District"
36003,232,"TUR","Turkey",23,"Çankiri",243,"Kizilirmak","","","District","District"
36004,232,"TUR","Turkey",23,"Çankiri",244,"Korgun","","","District","District"
36005,232,"TUR","Turkey",23,"Çankiri",245,"Kursunlu","","","District","District"
36006,232,"TUR","Turkey",23,"Çankiri",246,"Merkez","","Çankiri","District","District"
36007,232,"TUR","Turkey",23,"Çankiri",247,"Orta","","","District","District"
36008,232,"TUR","Turkey",23,"Çankiri",248,"Yaprakli","","","District","District"
36009,232,"TUR","Turkey",24,"Çorum",249,"Iskilip","","","District","District"
36010,232,"TUR","Turkey",24,"Çorum",250,"Alaca","","","District","District"
36011,232,"TUR","Turkey",24,"Çorum",251,"Bayat","","","District","District"
36012,232,"TUR","Turkey",24,"Çorum",252,"Bogazkale","","","District","District"
36013,232,"TUR","Turkey",24,"Çorum",253,"Dodurga","","","District","District"
36014,232,"TUR","Turkey",24,"Çorum",254,"Kargi","","","District","District"
36015,232,"TUR","Turkey",24,"Çorum",255,"Laçin","","","District","District"
36016,232,"TUR","Turkey",24,"Çorum",256,"Mecitözü","","","District","District"
36017,232,"TUR","Turkey",24,"Çorum",257,"Merkez","","Çorum","District","District"
36018,232,"TUR","Turkey",24,"Çorum",258,"Oguzlar","","","District","District"
36019,232,"TUR","Turkey",24,"Çorum",259,"Ortaköy","","","District","District"
36020,232,"TUR","Turkey",24,"Çorum",260,"Osmancik","","","District","District"
36021,232,"TUR","Turkey",24,"Çorum",261,"Sungurlu","","","District","District"
36022,232,"TUR","Turkey",24,"Çorum",262,"Ugurludag","","","District","District"
36023,232,"TUR","Turkey",25,"Denizli",263,"Acipayam","","","District","District"
36024,232,"TUR","Turkey",25,"Denizli",264,"Akköy","","","District","District"
36025,232,"TUR","Turkey",25,"Denizli",265,"Babadag","","","District","District"
36026,232,"TUR","Turkey",25,"Denizli",266,"Baklan","","","District","District"
36027,232,"TUR","Turkey",25,"Denizli",267,"Bekilli","","","District","District"
36028,232,"TUR","Turkey",25,"Denizli",268,"Beyagaç","","","District","District"
36029,232,"TUR","Turkey",25,"Denizli",269,"Bozkurt","","","District","District"
36030,232,"TUR","Turkey",25,"Denizli",270,"Buldan","","","District","District"
36031,232,"TUR","Turkey",25,"Denizli",271,"Çal","","","District","District"
36032,232,"TUR","Turkey",25,"Denizli",272,"Çameli","","","District","District"
36033,232,"TUR","Turkey",25,"Denizli",273,"Çardak","","","District","District"
36034,232,"TUR","Turkey",25,"Denizli",274,"Çivril","","","District","District"
36035,232,"TUR","Turkey",25,"Denizli",275,"Güney","","","District","District"
36036,232,"TUR","Turkey",25,"Denizli",276,"Honaz","","","District","District"
36037,232,"TUR","Turkey",25,"Denizli",277,"Kale","","","District","District"
36038,232,"TUR","Turkey",25,"Denizli",278,"Merkez","","Denizli Merkez","District","District"
36039,232,"TUR","Turkey",25,"Denizli",279,"Sarayköy","","","District","District"
36040,232,"TUR","Turkey",25,"Denizli",280,"Serinhisar","","","District","District"
36041,232,"TUR","Turkey",25,"Denizli",281,"Tavas
","","","District","District"
36042,232,"TUR","Turkey",26,"Diyarbakir",282,"Bismil","","","District","District"
36043,232,"TUR","Turkey",26,"Diyarbakir",283,"Çinar","","","District","District"
36044,232,"TUR","Turkey",26,"Diyarbakir",284,"Çermik","","","District","District"
36045,232,"TUR","Turkey",26,"Diyarbakir",285,"Çüngüs","","","District","District"
36046,232,"TUR","Turkey",26,"Diyarbakir",286,"Dicle","","","District","District"
36047,232,"TUR","Turkey",26,"Diyarbakir",287,"Egil","","","District","District"
36048,232,"TUR","Turkey",26,"Diyarbakir",288,"Ergani","","","District","District"
36049,232,"TUR","Turkey",26,"Diyarbakir",289,"Hani","","","District","District"
36050,232,"TUR","Turkey",26,"Diyarbakir",290,"Hazro","","","District","District"
36051,232,"TUR","Turkey",26,"Diyarbakir",291,"Kocaköy","","","District","District"
36052,232,"TUR","Turkey",26,"Diyarbakir",292,"Kulp","","","District","District"
36053,232,"TUR","Turkey",26,"Diyarbakir",293,"Lice","","","District","District"
36054,232,"TUR","Turkey",26,"Diyarbakir",294,"Merkez","","Diyarbakir Merkezi
","District","District"
36055,232,"TUR","Turkey",26,"Diyarbakir",295,"Silvan","","","District","District"
36056,232,"TUR","Turkey",27,"Düzce",296,"Akçakoca","","","District","District"
36057,232,"TUR","Turkey",27,"Düzce",297,"Çilimli","","","District","District"
36058,232,"TUR","Turkey",27,"Düzce",298,"Cumayeri","","","District","District"
36059,232,"TUR","Turkey",27,"Düzce",299,"Gölyaka","","","District","District"
36060,232,"TUR","Turkey",27,"Düzce",300,"Gümüsova","","","District","District"
36061,232,"TUR","Turkey",27,"Düzce",301,"Kaynasli","","","District","District"
36062,232,"TUR","Turkey",27,"Düzce",302,"Merkez","","Düzce","District","District"
36063,232,"TUR","Turkey",27,"Düzce",303,"Yigilca","","","District","District"
36064,232,"TUR","Turkey",28,"Edirne",304,"Ipsala","","","District","District"
36065,232,"TUR","Turkey",28,"Edirne",305,"Enez","","","District","District"
36066,232,"TUR","Turkey",28,"Edirne",306,"Havsa","","","District","District"
36067,232,"TUR","Turkey",28,"Edirne",307,"Kesan","","","District","District"
36068,232,"TUR","Turkey",28,"Edirne",308,"Lalapasa","","","District","District"
36069,232,"TUR","Turkey",28,"Edirne",309,"Meriç","","","District","District"
36070,232,"TUR","Turkey",28,"Edirne",310,"Merkez","","Edirne","District","District"
36071,232,"TUR","Turkey",28,"Edirne",311,"Süleoglu","","","District","District"
36072,232,"TUR","Turkey",28,"Edirne",312,"Uzunköprü","","","District","District"
36073,232,"TUR","Turkey",29,"Elazig",313,"Agin","","","District","District"
36074,232,"TUR","Turkey",29,"Elazig",314,"Alacakaya","","","District","District"
36075,232,"TUR","Turkey",29,"Elazig",315,"Aricak","","","District","District"
36076,232,"TUR","Turkey",29,"Elazig",316,"Baskil","","","District","District"
36077,232,"TUR","Turkey",29,"Elazig",317,"Karakoçan","","","District","District"
36078,232,"TUR","Turkey",29,"Elazig",318,"Keban","","","District","District"
36079,232,"TUR","Turkey",29,"Elazig",319,"Kovancilar","","","District","District"
36080,232,"TUR","Turkey",29,"Elazig",320,"Maden","","","District","District"
36081,232,"TUR","Turkey",29,"Elazig",321,"Merkez","","Elazig","District","District"
36082,232,"TUR","Turkey",29,"Elazig",322,"Palu","","","District","District"
36083,232,"TUR","Turkey",29,"Elazig",323,"Sivrice","","","District","District"
36084,232,"TUR","Turkey",30,"Erzincan",324,"Iliç","","","District","District"
36085,232,"TUR","Turkey",30,"Erzincan",325,"Çayirli","","","District","District"
36086,232,"TUR","Turkey",30,"Erzincan",326,"Kemah","","","District","District"
36087,232,"TUR","Turkey",30,"Erzincan",327,"Kemaliye","","","District","District"
36088,232,"TUR","Turkey",30,"Erzincan",328,"Merkez","","Erzincan","District","District"
36089,232,"TUR","Turkey",30,"Erzincan",329,"Otlukbeli","","","District","District"
36090,232,"TUR","Turkey",30,"Erzincan",330,"Refahiye","","","District","District"
36091,232,"TUR","Turkey",30,"Erzincan",331,"Tercan","","","District","District"
36092,232,"TUR","Turkey",30,"Erzincan",332,"Üzümlü","","","District","District"
36093,232,"TUR","Turkey",31,"Erzurum",333,"Senkaya","","","District","District"
36094,232,"TUR","Turkey",31,"Erzurum",334,"Ispir
","","","District","District"
36095,232,"TUR","Turkey",31,"Erzurum",335,"Askale","","","District","District"
36096,232,"TUR","Turkey",31,"Erzurum",336,"Çat","","","District","District"
36097,232,"TUR","Turkey",31,"Erzurum",337,"Hinis","","","District","District"
36098,232,"TUR","Turkey",31,"Erzurum",338,"Horasan","","","District","District"
36099,232,"TUR","Turkey",31,"Erzurum",339,"Ilica","","","District","District"
36100,232,"TUR","Turkey",31,"Erzurum",340,"Karaçoban","","","District","District"
36101,232,"TUR","Turkey",31,"Erzurum",341,"Karayazi","","","District","District"
36102,232,"TUR","Turkey",31,"Erzurum",342,"Köprüköy","","","District","District"
36103,232,"TUR","Turkey",31,"Erzurum",343,"Merkez","","Erzurum Merkez","District","District"
36104,232,"TUR","Turkey",31,"Erzurum",344,"Narman","","","District","District"
36105,232,"TUR","Turkey",31,"Erzurum",345,"Oltu","","","District","District"
36106,232,"TUR","Turkey",31,"Erzurum",346,"Olur","","","District","District"
36107,232,"TUR","Turkey",31,"Erzurum",347,"Pasinler","","","District","District"
36108,232,"TUR","Turkey",31,"Erzurum",348,"Pazaryolu","","","District","District"
36109,232,"TUR","Turkey",31,"Erzurum",349,"Tekman","","","District","District"
36110,232,"TUR","Turkey",31,"Erzurum",350,"Tortum","","","District","District"
36111,232,"TUR","Turkey",31,"Erzurum",351,"Uzundere","","","District","District"
36112,232,"TUR","Turkey",32,"Eskisehir",352,"Inönü","","","District","District"
36113,232,"TUR","Turkey",32,"Eskisehir",353,"Alpu","","","District","District"
36114,232,"TUR","Turkey",32,"Eskisehir",354,"Beylikova","","","District","District"
36115,232,"TUR","Turkey",32,"Eskisehir",355,"Çifteler","","","District","District"
36116,232,"TUR","Turkey",32,"Eskisehir",356,"Günyüzü","","","District","District"
36117,232,"TUR","Turkey",32,"Eskisehir",357,"Han","","","District","District"
36118,232,"TUR","Turkey",32,"Eskisehir",358,"Mahmudiye","","","District","District"
36119,232,"TUR","Turkey",32,"Eskisehir",359,"Merkez","","Eskisehir Merkez
 Merkez","District","District"
36120,232,"TUR","Turkey",32,"Eskisehir",360,"Mihaliçcik","","","District","District"
36121,232,"TUR","Turkey",32,"Eskisehir",361,"Mihalgazi","","","District","District"
36122,232,"TUR","Turkey",32,"Eskisehir",362,"Saricakaya","","","District","District"
36123,232,"TUR","Turkey",32,"Eskisehir",363,"Seyitgazi","","","District","District"
36124,232,"TUR","Turkey",32,"Eskisehir",364,"Sivrihisar","","","District","District"
36125,232,"TUR","Turkey",33,"Gaziantep",365,"Sahinbey","","","District","District"
36126,232,"TUR","Turkey",33,"Gaziantep",366,"Sehitkamil","","","District","District"
36127,232,"TUR","Turkey",33,"Gaziantep",367,"Islahiye","","","District","District"
36128,232,"TUR","Turkey",33,"Gaziantep",368,"Araban","","","District","District"
36129,232,"TUR","Turkey",33,"Gaziantep",369,"Karkamis","","","District","District"
36130,232,"TUR","Turkey",33,"Gaziantep",370,"Nizip","","","District","District"
36131,232,"TUR","Turkey",33,"Gaziantep",371,"Nurdagi","","","District","District"
36132,232,"TUR","Turkey",33,"Gaziantep",372,"Oguzeli
","","","District","District"
36133,232,"TUR","Turkey",33,"Gaziantep",373,"Yavuzeli","","","District","District"
36134,232,"TUR","Turkey",34,"Giresun",374,"Sultan Karahisar","","","District","District"
36135,232,"TUR","Turkey",34,"Giresun",375,"Alucra","","","District","District"
36136,232,"TUR","Turkey",34,"Giresun",376,"Bulancak","","","District","District"
36137,232,"TUR","Turkey",34,"Giresun",377,"Çamoluk","","","District","District"
36138,232,"TUR","Turkey",34,"Giresun",378,"Çanakçi","","","District","District"
36139,232,"TUR","Turkey",34,"Giresun",379,"Dereli","","","District","District"
36140,232,"TUR","Turkey",34,"Giresun",380,"Dogankent","","","District","District"
36141,232,"TUR","Turkey",34,"Giresun",381,"Espiye","","","District","District"
36142,232,"TUR","Turkey",34,"Giresun",382,"Eynesil","","","District","District"
36143,232,"TUR","Turkey",34,"Giresun",383,"Görele","","","District","District"
36144,232,"TUR","Turkey",34,"Giresun",384,"Güce","","","District","District"
36145,232,"TUR","Turkey",34,"Giresun",385,"Kesap","","","District","District"
36146,232,"TUR","Turkey",34,"Giresun",386,"Merkez","","Giresun","District","District"
36147,232,"TUR","Turkey",34,"Giresun",387,"Piraziz","","","District","District"
36148,232,"TUR","Turkey",34,"Giresun",388,"Tirebolu","","","District","District"
36149,232,"TUR","Turkey",34,"Giresun",389,"Yaglidere","","","District","District"
36150,232,"TUR","Turkey",35,"Gümüshane",390,"Siran","","","District","District"
36151,232,"TUR","Turkey",35,"Gümüshane",391,"Kelkit","","","District","District"
36152,232,"TUR","Turkey",35,"Gümüshane",392,"Köse","","","District","District"
36153,232,"TUR","Turkey",35,"Gümüshane",393,"Kürtün
","","","District","District"
36154,232,"TUR","Turkey",35,"Gümüshane",394,"Merkez","","Gümüshane","District","District"
36155,232,"TUR","Turkey",39,"Isparta",422,"Keçiborlu","","","District","District"
36156,232,"TUR","Turkey",39,"Isparta",423,"Merkez","","Isparta","District","District"
36157,232,"TUR","Turkey",39,"Isparta",424,"Senirkent","","","District","District"
36158,232,"TUR","Turkey",39,"Isparta",425,"Sütçüler","","","District","District"
36159,232,"TUR","Turkey",39,"Isparta",426,"Uluborlu","","","District","District"
36160,232,"TUR","Turkey",39,"Isparta",427,"Yalvaç","","","District","District"
36161,232,"TUR","Turkey",39,"Isparta",428,"Yenisarbademli","","","District","District"
36162,232,"TUR","Turkey",40,"Istanbul",429,"Sisli","","","District","District"
36163,232,"TUR","Turkey",40,"Istanbul",430,"Sile","","","District","District"
36164,232,"TUR","Turkey",40,"Istanbul",431,"Adalar","","","District","District"
36165,232,"TUR","Turkey",40,"Istanbul",432,"Arnavutkoy","","","District","District"
36166,232,"TUR","Turkey",40,"Istanbul",433,"Atasehir","","","District","District"
36167,232,"TUR","Turkey",40,"Istanbul",434,"Avcilar","","","District","District"
36168,232,"TUR","Turkey",40,"Istanbul",435,"Bagcilar","","","District","District"
36169,232,"TUR","Turkey",40,"Istanbul",436,"Bahçelievler","","","District","District"
36170,232,"TUR","Turkey",40,"Istanbul",437,"Bakirköy","","","District","District"
36171,232,"TUR","Turkey",40,"Istanbul",438,"Basaksehir","","","District","District"
36172,232,"TUR","Turkey",40,"Istanbul",439,"Bayrampasa","","","District","District"
36173,232,"TUR","Turkey",40,"Istanbul",440,"Besiktas","","","District","District"
36174,232,"TUR","Turkey",40,"Istanbul",441,"Beykoz","","","District","District"
36175,232,"TUR","Turkey",40,"Istanbul",442,"Beylikduzu","","","District","District"
36176,232,"TUR","Turkey",40,"Istanbul",443,"Beyoglu","","","District","District"
36177,232,"TUR","Turkey",40,"Istanbul",444,"Büyükçekmece","","","District","District"
36178,232,"TUR","Turkey",40,"Istanbul",445,"Çatalca","","","District","District"
36179,232,"TUR","Turkey",40,"Istanbul",446,"Çekmekoy","","","District","District"
36180,232,"TUR","Turkey",40,"Istanbul",447,"Esenler","","","District","District"
36181,232,"TUR","Turkey",40,"Istanbul",448,"Esenyurt","","","District","District"
36182,232,"TUR","Turkey",40,"Istanbul",449,"Eyüp","","","District","District"
36183,232,"TUR","Turkey",40,"Istanbul",450,"Fatih","","","District","District"
36184,232,"TUR","Turkey",40,"Istanbul",451,"Gaziosmanpasa","","","District","District"
36185,232,"TUR","Turkey",40,"Istanbul",452,"Güngören","","","District","District"
36186,232,"TUR","Turkey",40,"Istanbul",453,"Kagithane","","","District","District"
36187,232,"TUR","Turkey",40,"Istanbul",454,"Kadiköy","","","District","District"
36188,232,"TUR","Turkey",40,"Istanbul",455,"Kartal","","","District","District"
36189,232,"TUR","Turkey",40,"Istanbul",456,"Küçükçekmece","","","District","District"
36190,232,"TUR","Turkey",40,"Istanbul",457,"Maltepe","","","District","District"
36191,232,"TUR","Turkey",40,"Istanbul",458,"Pendik","","","District","District"
36192,232,"TUR","Turkey",40,"Istanbul",459,"Sancaktepe","","","District","District"
36193,232,"TUR","Turkey",40,"Istanbul",460,"Sariyer","","","District","District"
36194,232,"TUR","Turkey",40,"Istanbul",461,"Sultanbeyli","","","District","District"
36195,232,"TUR","Turkey",40,"Istanbul",462,"Sultangazi","","","District","District"
36196,232,"TUR","Turkey",40,"Istanbul",463,"Tuzla","","","District","District"
36197,232,"TUR","Turkey",40,"Istanbul",464,"Ümraniye","","","District","District"
36198,232,"TUR","Turkey",40,"Istanbul",465,"Üsküdar","","","District","District"
36199,232,"TUR","Turkey",40,"Istanbul",466,"Zeytinburnu","","","District","District"
36200,232,"TUR","Turkey",41,"Izmir",467,"Aliaga","","","District","District"
36201,232,"TUR","Turkey",41,"Izmir",468,"Balçova","","","District","District"
36202,232,"TUR","Turkey",41,"Izmir",469,"Bayindir","","","District","District"
36203,232,"TUR","Turkey",41,"Izmir",470,"Bergama","","","District","District"
36204,232,"TUR","Turkey",41,"Izmir",471,"Beydag","","","District","District"
36205,232,"TUR","Turkey",41,"Izmir",472,"Bornova
","","","District","District"
36206,232,"TUR","Turkey",41,"Izmir",473,"Buca","","","District","District"
36207,232,"TUR","Turkey",41,"Izmir",474,"Çesme","","","District","District"
36208,232,"TUR","Turkey",41,"Izmir",475,"Çigli
","","","District","District"
36209,232,"TUR","Turkey",41,"Izmir",476,"Dikili","","","District","District"
36210,232,"TUR","Turkey",41,"Izmir",477,"Foça","","","District","District"
36211,232,"TUR","Turkey",41,"Izmir",478,"Gaziemir","","","District","District"
36212,232,"TUR","Turkey",41,"Izmir",479,"Güzelbahçe","","","District","District"
36213,232,"TUR","Turkey",41,"Izmir",480,"Kinik","","","District","District"
36214,232,"TUR","Turkey",41,"Izmir",481,"Karsiyaka","","","District","District"
36215,232,"TUR","Turkey",41,"Izmir",482,"Karaburun","","","District","District"
36216,232,"TUR","Turkey",41,"Izmir",483,"Kemalpasa","","","District","District"
36217,232,"TUR","Turkey",41,"Izmir",484,"Kiraz","","","District","District"
36218,232,"TUR","Turkey",41,"Izmir",485,"Konak","","","District","District"
36219,232,"TUR","Turkey",41,"Izmir",486,"Menderes","","","District","District"
36220,232,"TUR","Turkey",41,"Izmir",487,"Menemen","","","District","District"
36221,232,"TUR","Turkey",41,"Izmir",488,"Narlidere","","","District","District"
36222,232,"TUR","Turkey",41,"Izmir",489,"Ödemis","","","District","District"
36223,232,"TUR","Turkey",41,"Izmir",490,"Seferihisar","","","District","District"
36224,232,"TUR","Turkey",41,"Izmir",491,"Selçuk","","","District","District"
36225,232,"TUR","Turkey",41,"Izmir",492,"Tire","","","District","District"
36226,232,"TUR","Turkey",41,"Izmir",493,"Torbali","","","District","District"
36227,232,"TUR","Turkey",41,"Izmir",494,"Urla","","","District","District"
36228,232,"TUR","Turkey",42,"K. Maras",495,"Afsin","","","District","District"
36229,232,"TUR","Turkey",42,"K. Maras",496,"Andirin","","","District","District"
36230,232,"TUR","Turkey",42,"K. Maras",497,"Çaglayancerit","","","District","District"
36231,232,"TUR","Turkey",42,"K. Maras",498,"Ekinözü","","","District","District"
36232,232,"TUR","Turkey",42,"K. Maras",499,"Elbistan","","","District","District"
36233,232,"TUR","Turkey",42,"K. Maras",500,"Göksun","","","District","District"
36234,232,"TUR","Turkey",42,"K. Maras",501,"Merkez","","Karamanmaras Merkezi","District","District"
36235,232,"TUR","Turkey",42,"K. Maras",502,"Nurhak","","","District","District"
36236,232,"TUR","Turkey",42,"K. Maras",503,"Pazarcik","","","District","District"
36237,232,"TUR","Turkey",42,"K. Maras",504,"Türkoglu","","","District","District"
36238,232,"TUR","Turkey",43,"Karabük",505,"Eflani","","","District","District"
36239,232,"TUR","Turkey",43,"Karabük",506,"Eskipazar","","","District","District"
36240,232,"TUR","Turkey",43,"Karabük",507,"Merkez","","Karabük","District","District"
36241,232,"TUR","Turkey",43,"Karabük",508,"Ovacik","","","District","District"
36242,232,"TUR","Turkey",43,"Karabük",509,"Safranbolu","","","District","District"
36243,232,"TUR","Turkey",43,"Karabük",510,"Yenice","","","District","District"
36244,232,"TUR","Turkey",44,"Karaman",511,"Ayranci","","","District","District"
36245,232,"TUR","Turkey",44,"Karaman",512,"Basyayla","","","District","District"
36246,232,"TUR","Turkey",44,"Karaman",513,"Ermenek","","","District","District"
36247,232,"TUR","Turkey",44,"Karaman",514,"Kazimkarabekir","","","District","District"
36248,232,"TUR","Turkey",44,"Karaman",515,"Merkez","","Karaman","District","District"
36249,232,"TUR","Turkey",44,"Karaman",516,"Sariveliler","","","District","District"
36250,232,"TUR","Turkey",45,"Kars",517,"Akyaka","","","District","District"
36251,232,"TUR","Turkey",45,"Kars",518,"Arpaçay","","","District","District"
36252,232,"TUR","Turkey",45,"Kars",519,"Digor","","","District","District"
36253,232,"TUR","Turkey",45,"Kars",520,"Kagizman","","","District","District"
36254,232,"TUR","Turkey",45,"Kars",521,"Merkez","","Kars","District","District"
36255,232,"TUR","Turkey",45,"Kars",522,"Sarikamis","","","District","District"
36256,232,"TUR","Turkey",45,"Kars",523,"Selim","","","District","District"
36257,232,"TUR","Turkey",45,"Kars",524,"Susuz","","","District","District"
36258,232,"TUR","Turkey",46,"Kastamonu",525,"Senpazar","","","District","District"
36259,232,"TUR","Turkey",46,"Kastamonu",526,"Ihsangazi","","","District","District"
36260,232,"TUR","Turkey",46,"Kastamonu",527,"Inebolu","","","District","District"
36261,232,"TUR","Turkey",46,"Kastamonu",528,"Agli","","","District","District"
36262,232,"TUR","Turkey",46,"Kastamonu",529,"Abana","","","District","District"
36263,232,"TUR","Turkey",46,"Kastamonu",530,"Araç","","","District","District"
36264,232,"TUR","Turkey",46,"Kastamonu",531,"Azdavay","","","District","District"
36265,232,"TUR","Turkey",46,"Kastamonu",532,"Bozkurt","","","District","District"
36266,232,"TUR","Turkey",46,"Kastamonu",533,"Çatalzeytin","","","District","District"
36267,232,"TUR","Turkey",46,"Kastamonu",534,"Cide","","","District","District"
36268,232,"TUR","Turkey",46,"Kastamonu",535,"Daday","","","District","District"
36269,232,"TUR","Turkey",46,"Kastamonu",536,"Devrekani","","","District","District"
36270,232,"TUR","Turkey",46,"Kastamonu",537,"Doganyurt","","","District","District"
36271,232,"TUR","Turkey",46,"Kastamonu",538,"Hanönü","","","District","District"
36272,232,"TUR","Turkey",46,"Kastamonu",539,"Küre","","","District","District"
36273,232,"TUR","Turkey",46,"Kastamonu",540,"Merkez","","Kastamonu","District","District"
36274,232,"TUR","Turkey",46,"Kastamonu",541,"Pinarbasi","","","District","District"
36275,232,"TUR","Turkey",46,"Kastamonu",542,"Seydiler","","","District","District"
36276,232,"TUR","Turkey",46,"Kastamonu",543,"Tasköprü","","","District","District"
36277,232,"TUR","Turkey",46,"Kastamonu",544,"Tosya","","","District","District"
36278,232,"TUR","Turkey",47,"Kayseri",545,"Incesu","","","District","District"
36279,232,"TUR","Turkey",47,"Kayseri",546,"Akkisla","","","District","District"
36280,232,"TUR","Turkey",47,"Kayseri",547,"Bünyan","","","District","District"
36281,232,"TUR","Turkey",47,"Kayseri",548,"Develi","","","District","District"
36282,232,"TUR","Turkey",47,"Kayseri",549,"Felahiye","","","District","District"
36283,232,"TUR","Turkey",47,"Kayseri",550,"Hacilar","","","District","District"
36284,232,"TUR","Turkey",47,"Kayseri",551,"Kocasinan","","","District","District"
36285,232,"TUR","Turkey",47,"Kayseri",552,"Melikgazi","","","District","District"
36286,232,"TUR","Turkey",47,"Kayseri",553,"Özvatan","","","District","District"
36287,232,"TUR","Turkey",47,"Kayseri",554,"Pinarbasi
","","","District","District"
36288,232,"TUR","Turkey",47,"Kayseri",555,"Sarioglan","","","District","District"
36289,232,"TUR","Turkey",47,"Kayseri",556,"Sariz","","","District","District"
36290,232,"TUR","Turkey",47,"Kayseri",557,"Talas","","","District","District"
36291,232,"TUR","Turkey",47,"Kayseri",558,"Tomarza","","","District","District"
36292,232,"TUR","Turkey",47,"Kayseri",559,"Yahyali","","","District","District"
36293,232,"TUR","Turkey",47,"Kayseri",560,"Yesilhisar","","","District","District"
36294,232,"TUR","Turkey",48,"Kilis",561,"Elbeyli","","","District","District"
36295,232,"TUR","Turkey",48,"Kilis",562,"Merkez","","Kilis","District","District"
36296,232,"TUR","Turkey",48,"Kilis",563,"Musabeyli","","","District","District"
36297,232,"TUR","Turkey",48,"Kilis",564,"Polateli","","","District","District"
36298,232,"TUR","Turkey",49,"Kinkkale",565,"Bahsili","","","District","District"
36299,232,"TUR","Turkey",49,"Kinkkale",566,"Baliseyh","","","District","District"
36300,232,"TUR","Turkey",49,"Kinkkale",567,"Çelebi","","","District","District"
36301,232,"TUR","Turkey",49,"Kinkkale",568,"Delice","","","District","District"
36302,232,"TUR","Turkey",49,"Kinkkale",569,"Karakeçili","","","District","District"
36303,232,"TUR","Turkey",49,"Kinkkale",570,"Keskin","","","District","District"
36304,232,"TUR","Turkey",49,"Kinkkale",571,"Merkez
","","Kirikkale","District","District"
36305,232,"TUR","Turkey",49,"Kinkkale",572,"Sulakyurt","","","District","District"
36306,232,"TUR","Turkey",49,"Kinkkale",573,"Yahsihan","","","District","District"
36307,232,"TUR","Turkey",50,"Kirklareli",574,"Babaeski","","","District","District"
36308,232,"TUR","Turkey",50,"Kirklareli",575,"Demirköy","","","District","District"
36309,232,"TUR","Turkey",50,"Kirklareli",576,"Kofçaz","","","District","District"
36310,232,"TUR","Turkey",50,"Kirklareli",577,"Lüleburgaz","","","District","District"
36311,232,"TUR","Turkey",50,"Kirklareli",578,"Merkez","","Kirklareli","District","District"
36312,232,"TUR","Turkey",50,"Kirklareli",579,"Pinarhisar","","","District","District"
36313,232,"TUR","Turkey",50,"Kirklareli",580,"Pehlivanköy","","","District","District"
36314,232,"TUR","Turkey",50,"Kirklareli",581,"Vize","","","District","District"
36315,232,"TUR","Turkey",51,"Kirsehir",582,"Akçakent","","","District","District"
36316,232,"TUR","Turkey",51,"Kirsehir",583,"Akpinar","","","District","District"
36317,232,"TUR","Turkey",51,"Kirsehir",584,"Boztepe","","","District","District"
36318,232,"TUR","Turkey",51,"Kirsehir",585,"Çiçekdagi","","","District","District"
36319,232,"TUR","Turkey",51,"Kirsehir",586,"Kaman","","","District","District"
36320,232,"TUR","Turkey",51,"Kirsehir",587,"Merkez","","Kirsehir","District","District"
36321,232,"TUR","Turkey",51,"Kirsehir",588,"Mucur","","","District","District"
36322,232,"TUR","Turkey",52,"Kocaeli",589,"Derince","","
","District","District"
36323,232,"TUR","Turkey",52,"Kocaeli",590,"Gebze","","","District","District"
36324,232,"TUR","Turkey",52,"Kocaeli",591,"Gölcük","","","District","District"
36325,232,"TUR","Turkey",52,"Kocaeli",592,"Kandira","","","District","District"
36326,232,"TUR","Turkey",52,"Kocaeli",593,"Karamürsel","","","District","District"
36327,232,"TUR","Turkey",52,"Kocaeli",594,"Körfez","","","District","District"
36328,232,"TUR","Turkey",52,"Kocaeli",595,"Merkez","","Kocaeli Merkezi
","District","District"
36329,232,"TUR","Turkey",53,"Konya",596,"Ahirli","","","District","District"
36330,232,"TUR","Turkey",53,"Konya",597,"Aksehir","","","District","District"
36331,232,"TUR","Turkey",53,"Konya",598,"Akören","","","District","District"
36332,232,"TUR","Turkey",53,"Konya",599,"Altinekin","","","District","District"
36333,232,"TUR","Turkey",53,"Konya",600,"Beysehir","","","District","District"
36334,232,"TUR","Turkey",53,"Konya",601,"Bozkir","","","District","District"
36335,232,"TUR","Turkey",53,"Konya",602,"Çeltik","","","District","District"
36336,232,"TUR","Turkey",53,"Konya",603,"Cihanbeyli","","","District","District"
36337,232,"TUR","Turkey",53,"Konya",604,"Çumra","","","District","District"
36338,232,"TUR","Turkey",53,"Konya",605,"Derbent","","","District","District"
36339,232,"TUR","Turkey",53,"Konya",606,"Derebucak","","","District","District"
36340,232,"TUR","Turkey",53,"Konya",607,"Doganhisar","","","District","District"
36341,232,"TUR","Turkey",53,"Konya",608,"Emirgazi","","","District","District"
36342,232,"TUR","Turkey",53,"Konya",609,"Eregli","","","District","District"
36343,232,"TUR","Turkey",53,"Konya",610,"Güneysinir","","","District","District"
36344,232,"TUR","Turkey",53,"Konya",611,"Hadim","","","District","District"
36345,232,"TUR","Turkey",53,"Konya",612,"Halkapinar","","","District","District"
36346,232,"TUR","Turkey",53,"Konya",613,"Hüyük","","","District","District"
36347,232,"TUR","Turkey",53,"Konya",614,"Ilgin","","","District","District"
36348,232,"TUR","Turkey",53,"Konya",615,"Kadinhani","","","District","District"
36349,232,"TUR","Turkey",53,"Konya",616,"Karapinar","","","District","District"
36350,232,"TUR","Turkey",53,"Konya",617,"Karatay","","","District","District"
36351,232,"TUR","Turkey",53,"Konya",618,"Kulu","","","District","District"
36352,232,"TUR","Turkey",53,"Konya",619,"Meram","","","District","District"
36353,232,"TUR","Turkey",53,"Konya",620,"Sarayönü","","","District","District"
36354,232,"TUR","Turkey",53,"Konya",621,"Selçuklu","","","District","District"
36355,232,"TUR","Turkey",53,"Konya",622,"Seydisehir","","","District","District"
36356,232,"TUR","Turkey",53,"Konya",623,"Taskent","","","District","District"
36357,232,"TUR","Turkey",53,"Konya",624,"Tuzlukçu","","","District","District"
36358,232,"TUR","Turkey",53,"Konya",625,"Yalihüyük","","","District","District"
36359,232,"TUR","Turkey",53,"Konya",626,"Yunak","","","District","District"
36360,232,"TUR","Turkey",54,"Kütahya",627,"Saphane","","","District","District"
36361,232,"TUR","Turkey",54,"Kütahya",628,"Altintas","","","District","District"
36362,232,"TUR","Turkey",54,"Kütahya",629,"Aslanapa","","","District","District"
36363,232,"TUR","Turkey",54,"Kütahya",630,"Çavdarhisar","","","District","District"
36364,232,"TUR","Turkey",54,"Kütahya",631,"Domaniç","","","District","District"
36365,232,"TUR","Turkey",54,"Kütahya",632,"Dumlupinar","","","District","District"
36366,232,"TUR","Turkey",54,"Kütahya",633,"Emet","","","District","District"
36367,232,"TUR","Turkey",54,"Kütahya",634,"Gediz","","","District","District"
36368,232,"TUR","Turkey",54,"Kütahya",635,"Hisarcik","","","District","District"
36369,232,"TUR","Turkey",54,"Kütahya",636,"Merkez","","Kütahya","District","District"
36370,232,"TUR","Turkey",54,"Kütahya",637,"Pazarlar","","","District","District"
36371,232,"TUR","Turkey",54,"Kütahya",638,"Simav","","","District","District"
36372,232,"TUR","Turkey",54,"Kütahya",639,"Tavsanli","","","District","District"
36373,232,"TUR","Turkey",55,"Malatya",640,"Akçadag","","","District","District"
36374,232,"TUR","Turkey",55,"Malatya",641,"Arapkir","","","District","District"
36375,232,"TUR","Turkey",55,"Malatya",642,"Arguvan
","","","District","District"
36376,232,"TUR","Turkey",55,"Malatya",643,"Battalgazi","","","District","District"
36377,232,"TUR","Turkey",55,"Malatya",644,"Darende","","","District","District"
36378,232,"TUR","Turkey",55,"Malatya",645,"Dogansehir","","","District","District"
36379,232,"TUR","Turkey",55,"Malatya",646,"Doganyol","","","District","District"
36380,232,"TUR","Turkey",55,"Malatya",647,"Hekimhan","","","District","District"
36381,232,"TUR","Turkey",55,"Malatya",648,"Kale","","","District","District"
36382,232,"TUR","Turkey",55,"Malatya",649,"Kuluncak","","","District","District"
36383,232,"TUR","Turkey",55,"Malatya",650,"Merkez","","Malatya Merkezi","District","District"
36384,232,"TUR","Turkey",55,"Malatya",651,"Pötürge","","","District","District"
36385,232,"TUR","Turkey",55,"Malatya",652,"Yazihan","","","District","District"
36386,232,"TUR","Turkey",55,"Malatya",653,"Yesilyurt","","","District","District"
36387,232,"TUR","Turkey",56,"Manisa",654,"Ahmetli","","","District","District"
36388,232,"TUR","Turkey",56,"Manisa",655,"Akhisar","","","District","District"
36389,232,"TUR","Turkey",56,"Manisa",656,"Alasehir","","","District","District"
36390,232,"TUR","Turkey",56,"Manisa",657,"Demirci","","","District","District"
36391,232,"TUR","Turkey",56,"Manisa",658,"Gölmarmara","","","District","District"
36392,232,"TUR","Turkey",56,"Manisa",659,"Gördes","","","District","District"
36393,232,"TUR","Turkey",56,"Manisa",660,"Kirkagaç","","","District","District"
36394,232,"TUR","Turkey",56,"Manisa",661,"Köprübasi","","","District","District"
36395,232,"TUR","Turkey",56,"Manisa",662,"Kula","","","District","District"
36396,232,"TUR","Turkey",56,"Manisa",663,"Merkez","","Manisa Merkezi
 Merkezi","District","District"
36397,232,"TUR","Turkey",56,"Manisa",664,"Salihli","","","District","District"
36398,232,"TUR","Turkey",56,"Manisa",665,"Sarigöl","","","District","District"
36399,232,"TUR","Turkey",56,"Manisa",666,"Saruhanli","","","District","District"
36400,232,"TUR","Turkey",56,"Manisa",667,"Selendi","","","District","District"
36401,232,"TUR","Turkey",56,"Manisa",668,"Soma","","","District","District"
36402,232,"TUR","Turkey",56,"Manisa",669,"Turgutlu","","","District","District"
36403,232,"TUR","Turkey",57,"Mardin",670,"Dargeçit","","","District","District"
36404,232,"TUR","Turkey",57,"Mardin",671,"Derik","","","District","District"
36405,232,"TUR","Turkey",57,"Mardin",672,"Kiziltepe","","","District","District"
36406,232,"TUR","Turkey",57,"Mardin",673,"Mazidagi","","","District","District"
36407,232,"TUR","Turkey",57,"Mardin",674,"Merkez
","","Mardin Merkez","District","District"
36408,232,"TUR","Turkey",57,"Mardin",675,"Midyat","","","District","District"
36409,232,"TUR","Turkey",57,"Mardin",676,"Nusaybin","","","District","District"
36410,232,"TUR","Turkey",57,"Mardin",677,"Ömerli","","","District","District"
36411,232,"TUR","Turkey",57,"Mardin",678,"Savur","","","District","District"
36412,232,"TUR","Turkey",57,"Mardin",679,"Yesilli","","","District","District"
36413,232,"TUR","Turkey",58,"Mersin",680,"Anamur","","","District","District"
36414,232,"TUR","Turkey",58,"Mersin",681,"Aydincik","","","District","District"
36415,232,"TUR","Turkey",58,"Mersin",682,"Bozyazi","","","District","District"
36416,232,"TUR","Turkey",58,"Mersin",683,"Çamliyayla","","","District","District"
36417,232,"TUR","Turkey",58,"Mersin",684,"Erdemli","","","District","District"
36418,232,"TUR","Turkey",58,"Mersin",685,"Gülnar","","","District","District"
36419,232,"TUR","Turkey",58,"Mersin",686,"Merkez","","Mersin Merkezi","District","District"
36420,232,"TUR","Turkey",58,"Mersin",687,"Mut","","","District","District"
36421,232,"TUR","Turkey",58,"Mersin",688,"Silifke","","","District","District"
36422,232,"TUR","Turkey",58,"Mersin",689,"Tarsus","","","District","District"
36423,232,"TUR","Turkey",59,"Mugla",690,"Bodrum","","","District","District"
36424,232,"TUR","Turkey",59,"Mugla",691,"Dalaman","","","District","District"
36425,232,"TUR","Turkey",59,"Mugla",692,"Datça","","","District","District"
36426,232,"TUR","Turkey",59,"Mugla",693,"Fethiye","","","District","District"
36427,232,"TUR","Turkey",59,"Mugla",694,"Kavaklidere","","","District","District"
36428,232,"TUR","Turkey",59,"Mugla",695,"Köycegiz","","","District","District"
36429,232,"TUR","Turkey",59,"Mugla",696,"Marmaris","","","District","District"
36430,232,"TUR","Turkey",59,"Mugla",697,"Merkez","","Mugla Merkezi","District","District"
36431,232,"TUR","Turkey",59,"Mugla",698,"Milas","","","District","District"
36432,232,"TUR","Turkey",59,"Mugla",699,"Ortaca","","","District","District"
36433,232,"TUR","Turkey",59,"Mugla",700,"Ula","","","District","District"
36434,232,"TUR","Turkey",59,"Mugla",701,"Yatagan","","","District","District"
36435,232,"TUR","Turkey",60,"Mus",702,"Bulanik","","","District","District"
36436,232,"TUR","Turkey",60,"Mus",703,"Hasköy","","","District","District"
36437,232,"TUR","Turkey",60,"Mus",704,"Korkut","","","District","District"
36438,232,"TUR","Turkey",60,"Mus",705,"Malazgirt","","","District","District"
36439,232,"TUR","Turkey",60,"Mus",706,"Merkez","","Mus","District","District"
36440,232,"TUR","Turkey",60,"Mus",707,"Varto","","","District","District"
36441,232,"TUR","Turkey",61,"Nevsehir",708,"Acigöl","","","District","District"
36442,232,"TUR","Turkey",61,"Nevsehir",709,"Avanos
","","","District","District"
36443,232,"TUR","Turkey",61,"Nevsehir",710,"Derinkuyu","","","District","District"
36444,232,"TUR","Turkey",61,"Nevsehir",711,"Gülsehir","","","District","District"
36445,232,"TUR","Turkey",61,"Nevsehir",712,"Hacibektas","","","District","District"
36446,232,"TUR","Turkey",61,"Nevsehir",713,"Kozakli","","","District","District"
36447,232,"TUR","Turkey",61,"Nevsehir",714,"Merkez","","Nevsehir","District","District"
36448,232,"TUR","Turkey",61,"Nevsehir",715,"Ürgüp","","","District","District"
36449,232,"TUR","Turkey",62,"Nigde",716,"Altunhisar","","","District","District"
36450,232,"TUR","Turkey",62,"Nigde",717,"Bor","","","District","District"
36451,232,"TUR","Turkey",62,"Nigde",718,"Çamardi","","","District","District"
36452,232,"TUR","Turkey",62,"Nigde",719,"Çiftlik","","","District","District"
36453,232,"TUR","Turkey",62,"Nigde",720,"Merkez","","Nigde","District","District"
36454,232,"TUR","Turkey",62,"Nigde",721,"Ulukisla","","","District","District"
36455,232,"TUR","Turkey",63,"Ordu",722,"Ikizce","","","District","District"
36456,232,"TUR","Turkey",63,"Ordu",723,"Akkus","","","District","District"
36457,232,"TUR","Turkey",63,"Ordu",724,"Aybasti","","","District","District"
36458,232,"TUR","Turkey",63,"Ordu",725,"Çamas","","","District","District"
36459,232,"TUR","Turkey",63,"Ordu",726,"Çaybasi","","","District","District"
36460,232,"TUR","Turkey",63,"Ordu",727,"Fatsa","","","District","District"
36461,232,"TUR","Turkey",63,"Ordu",728,"Gölköy","","","District","District"
36462,232,"TUR","Turkey",63,"Ordu",729,"Gülyali","","","District","District"
36463,232,"TUR","Turkey",63,"Ordu",730,"Gürgentepe","","","District","District"
36464,232,"TUR","Turkey",63,"Ordu",731,"Kabadüz","","","District","District"
36465,232,"TUR","Turkey",63,"Ordu",732,"Kabatas","","","District","District"
36466,232,"TUR","Turkey",63,"Ordu",733,"Korgan","","","District","District"
36467,232,"TUR","Turkey",63,"Ordu",734,"Kumru","","","District","District"
36468,232,"TUR","Turkey",63,"Ordu",735,"Merkez","","Odu Merkez","District","District"
36469,232,"TUR","Turkey",63,"Ordu",736,"Mesudiye","","","District","District"
36470,232,"TUR","Turkey",63,"Ordu",737,"Persembe","","","District","District"
36471,232,"TUR","Turkey",63,"Ordu",738,"Ulubey","","","District","District"
36472,232,"TUR","Turkey",63,"Ordu",739,"Ünye","","","District","District"
36473,232,"TUR","Turkey",64,"Osmaniye",740,"Bahçe","","","District","District"
36474,232,"TUR","Turkey",64,"Osmaniye",741,"Düziçi","","","District","District"
36475,232,"TUR","Turkey",64,"Osmaniye",742,"Hasanbeyli","","","District","District"
36476,232,"TUR","Turkey",64,"Osmaniye",743,"Kadirli
","","","District","District"
36477,232,"TUR","Turkey",64,"Osmaniye",744,"Merkez","","Osmaniye","District","District"
36478,232,"TUR","Turkey",64,"Osmaniye",745,"Sumbas","","","District","District"
36479,232,"TUR","Turkey",64,"Osmaniye",746,"Toprakkale","","","District","District"
36480,232,"TUR","Turkey",65,"Rize",747,"Ikizdere","","","District","District"
36481,232,"TUR","Turkey",65,"Rize",748,"Iyidere","","","District","District"
36482,232,"TUR","Turkey",65,"Rize",749,"Ardesen","","","District","District"
36483,232,"TUR","Turkey",65,"Rize",750,"Çamlihemsin","","","District","District"
36484,232,"TUR","Turkey",65,"Rize",751,"Çayeli","","","District","District"
36485,232,"TUR","Turkey",65,"Rize",752,"Derepazari","","","District","District"
36486,232,"TUR","Turkey",65,"Rize",753,"Findikli","","","District","District"
36487,232,"TUR","Turkey",65,"Rize",754,"Güneysu","","","District","District"
36488,232,"TUR","Turkey",65,"Rize",755,"Hemsin","","","District","District"
36489,232,"TUR","Turkey",65,"Rize",756,"Kalkandere","","","District","District"
36490,232,"TUR","Turkey",65,"Rize",757,"Merkez","","Rize","District","District"
36491,232,"TUR","Turkey",65,"Rize",758,"Pazar","","","District","District"
36492,232,"TUR","Turkey",66,"Sakarya",759,"Akyazi","","","District","District"
36493,232,"TUR","Turkey",66,"Sakarya",760,"Ferizli","","","District","District"
36494,232,"TUR","Turkey",66,"Sakarya",761,"Geyve","","","District","District"
36495,232,"TUR","Turkey",66,"Sakarya",762,"Hendek","","","District","District"
36496,232,"TUR","Turkey",66,"Sakarya",763,"Karapürçek","","","District","District"
36497,232,"TUR","Turkey",66,"Sakarya",764,"Karasu","","","District","District"
36498,232,"TUR","Turkey",66,"Sakarya",765,"Kaynarca","","","District","District"
36499,232,"TUR","Turkey",66,"Sakarya",766,"Kocaali","","","District","District"
36500,232,"TUR","Turkey",66,"Sakarya",767,"Merkez","","Sakarya Merkezi","District","District"
36501,232,"TUR","Turkey",66,"Sakarya",768,"Pamukova","","","District","District"
36502,232,"TUR","Turkey",66,"Sakarya",769,"Sapanca","","","District","District"
36503,232,"TUR","Turkey",66,"Sakarya",770,"Sögütlü","","","District","District"
36504,232,"TUR","Turkey",66,"Sakarya",771,"Tarakli","","","District","District"
36505,232,"TUR","Turkey",67,"Samsun",772,"Alaçam","","","District","District"
36506,232,"TUR","Turkey",67,"Samsun",773,"Asarcik","","","District","District"
36507,232,"TUR","Turkey",67,"Samsun",774,"Ayvacik","","","District","District"
36508,232,"TUR","Turkey",67,"Samsun",775,"Bafra","","","District","District"
36509,232,"TUR","Turkey",67,"Samsun",776,"Çarsamba","","","District","District"
36510,232,"TUR","Turkey",67,"Samsun",777,"Havza","","","District","District"
36511,232,"TUR","Turkey",67,"Samsun",778,"Kavak","","","District","District"
36512,232,"TUR","Turkey",67,"Samsun",779,"Ladik","","","District","District"
36513,232,"TUR","Turkey",67,"Samsun",780,"Merkez","","Samsun Merkezi
 Merkezi
","District","District"
36514,232,"TUR","Turkey",67,"Samsun",781,"Ondokuz Mayis","","","District","District"
36515,232,"TUR","Turkey",67,"Samsun",782,"Salipazari","","","District","District"
36516,232,"TUR","Turkey",67,"Samsun",783,"Tekkeköy","","","District","District"
36517,232,"TUR","Turkey",67,"Samsun",784,"Terme","","","District","District"
36518,232,"TUR","Turkey",67,"Samsun",785,"Vezirköprü
","","","District","District"
36519,232,"TUR","Turkey",67,"Samsun",786,"Yakakent","","","District","District"
36520,232,"TUR","Turkey",68,"Sanliurfa",787,"Akçakale
","","","District","District"
36521,232,"TUR","Turkey",68,"Sanliurfa",788,"Birecik","","","District","District"
36522,232,"TUR","Turkey",68,"Sanliurfa",789,"Bozova","","","District","District"
36523,232,"TUR","Turkey",68,"Sanliurfa",790,"Ceylanpinar","","","District","District"
36524,232,"TUR","Turkey",68,"Sanliurfa",791,"Halfeti","","","District","District"
36525,232,"TUR","Turkey",68,"Sanliurfa",792,"Harran","","","District","District"
36526,232,"TUR","Turkey",68,"Sanliurfa",793,"Hilvan","","","District","District"
36527,232,"TUR","Turkey",68,"Sanliurfa",794,"Merkez","","Sanhufra Merkezi","District","District"
36528,232,"TUR","Turkey",68,"Sanliurfa",795,"Siverek","","","District","District"
36529,232,"TUR","Turkey",68,"Sanliurfa",796,"Suruç","","","District","District"
36530,232,"TUR","Turkey",68,"Sanliurfa",797,"Viransehir","","","District","District"
36531,232,"TUR","Turkey",69,"Siirt",798,"Sirvan","","","District","District"
36532,232,"TUR","Turkey",69,"Siirt",799,"Aydinlar","","","District","District"
36533,232,"TUR","Turkey",69,"Siirt",800,"Baykan","","","District","District"
36534,232,"TUR","Turkey",69,"Siirt",801,"Eruh","","","District","District"
36535,232,"TUR","Turkey",69,"Siirt",802,"Kurtalan","","","District","District"
36536,232,"TUR","Turkey",69,"Siirt",803,"Merkez","","Siirt","District","District"
36537,232,"TUR","Turkey",69,"Siirt",804,"Pervari","","","District","District"
36538,232,"TUR","Turkey",70,"Sinop",805,"Ayancik","","","District","District"
36539,232,"TUR","Turkey",70,"Sinop",806,"Boyabat","","","District","District"
36540,232,"TUR","Turkey",70,"Sinop",807,"Dikmen","","","District","District"
36541,232,"TUR","Turkey",70,"Sinop",808,"Duragan","","","District","District"
36542,232,"TUR","Turkey",70,"Sinop",809,"Erfelek","","","District","District"
36543,232,"TUR","Turkey",70,"Sinop",810,"Gerze","","","District","District"
36544,232,"TUR","Turkey",70,"Sinop",811,"Merkez","","Sinop","District","District"
36545,232,"TUR","Turkey",70,"Sinop",812,"Saraydüzü","","","District","District"
36546,232,"TUR","Turkey",70,"Sinop",813,"Türkeli","","","District","District"
36547,232,"TUR","Turkey",71,"Sirnak",814,"Idil","","","District","District"
36548,232,"TUR","Turkey",71,"Sirnak",815,"Beytüssebap","","","District","District"
36549,232,"TUR","Turkey",71,"Sirnak",816,"Cizre","","","District","District"
36550,232,"TUR","Turkey",71,"Sirnak",817,"Güçlükonak","","","District","District"
36551,232,"TUR","Turkey",71,"Sirnak",818,"Merkez","","Sirnak","District","District"
36552,232,"TUR","Turkey",71,"Sirnak",819,"Silopi
","","","District","District"
36553,232,"TUR","Turkey",71,"Sirnak",820,"Uludere","","","District","District"
36554,232,"TUR","Turkey",72,"Sivas",821,"Sarkisla","","","District","District"
36555,232,"TUR","Turkey",72,"Sivas",822,"Imranli","","","District","District"
36556,232,"TUR","Turkey",72,"Sivas",823,"Akincilar","","","District","District"
36557,232,"TUR","Turkey",72,"Sivas",824,"Altinyayla","","","District","District"
36558,232,"TUR","Turkey",72,"Sivas",825,"Divrigi","","","District","District"
36559,232,"TUR","Turkey",72,"Sivas",826,"Dogansar
","","","District","District"
36560,232,"TUR","Turkey",72,"Sivas",827,"Gemerek","","","District","District"
36561,232,"TUR","Turkey",72,"Sivas",828,"Gölova","","","District","District"
36562,232,"TUR","Turkey",72,"Sivas",829,"Gürün","","","District","District"
36563,232,"TUR","Turkey",72,"Sivas",830,"Hafik","","","District","District"
36564,232,"TUR","Turkey",72,"Sivas",831,"Kangal","","","District","District"
36565,232,"TUR","Turkey",72,"Sivas",832,"Koyulhisar","","","District","District"
36566,232,"TUR","Turkey",72,"Sivas",833,"Merkez","","Sivas Merkezi","District","District"
36567,232,"TUR","Turkey",72,"Sivas",834,"Susehri","","","District","District"
36568,232,"TUR","Turkey",72,"Sivas",835,"Ulas","","","District","District"
36569,232,"TUR","Turkey",72,"Sivas",836,"Yildizeli","","","District","District"
36570,232,"TUR","Turkey",72,"Sivas",837,"Zara","","","District","District"
36571,232,"TUR","Turkey",73,"Tekirdag",838,"Sarköy","","","District","District"
36572,232,"TUR","Turkey",73,"Tekirdag",839,"Çerkezköy","","","District","District"
36573,232,"TUR","Turkey",73,"Tekirdag",840,"Çorlu","","","District","District"
36574,232,"TUR","Turkey",73,"Tekirdag",841,"Hayrabolu","","","District","District"
36575,232,"TUR","Turkey",73,"Tekirdag",842,"Malkara","","","District","District"
36576,232,"TUR","Turkey",73,"Tekirdag",843,"Marmaraereglisi","","","District","District"
36577,232,"TUR","Turkey",73,"Tekirdag",844,"Merkez","","Tekirdag Merkezi","District","District"
36578,232,"TUR","Turkey",73,"Tekirdag",845,"Muratli","","","District","District"
36579,232,"TUR","Turkey",73,"Tekirdag",846,"Saray","","","District","District"
36580,232,"TUR","Turkey",74,"Tokat",847,"Almus","","","District","District"
36581,232,"TUR","Turkey",74,"Tokat",848,"Artova","","","District","District"
36582,232,"TUR","Turkey",74,"Tokat",849,"Basçiftlik","","","District","District"
36583,232,"TUR","Turkey",74,"Tokat",850,"Erbaa","","","District","District"
36584,232,"TUR","Turkey",74,"Tokat",851,"Merkez
","","Tokat","District","District"
36585,232,"TUR","Turkey",74,"Tokat",852,"Niksar","","","District","District"
36586,232,"TUR","Turkey",74,"Tokat",853,"Pazar","","","District","District"
36587,232,"TUR","Turkey",74,"Tokat",854,"Resadiye","","","District","District"
36588,232,"TUR","Turkey",74,"Tokat",855,"Sulusaray","","","District","District"
36589,232,"TUR","Turkey",74,"Tokat",856,"Turhal
","","","District","District"
36590,232,"TUR","Turkey",74,"Tokat",857,"Yesilyurt","","","District","District"
36591,232,"TUR","Turkey",74,"Tokat",858,"Zile","","","District","District"
36592,232,"TUR","Turkey",75,"Trabzon",859,"Salpazari","","","District","District"
36593,232,"TUR","Turkey",75,"Trabzon",860,"Akçaabat","","","District","District"
36594,232,"TUR","Turkey",75,"Trabzon",861,"Arakli","","","District","District"
36595,232,"TUR","Turkey",75,"Trabzon",862,"Arsin","","","District","District"
36596,232,"TUR","Turkey",75,"Trabzon",863,"Besikdüzü","","","District","District"
36597,232,"TUR","Turkey",75,"Trabzon",864,"Çarsibasi","","","District","District"
36598,232,"TUR","Turkey",75,"Trabzon",865,"Çaykara","","","District","District"
36599,232,"TUR","Turkey",75,"Trabzon",866,"Dernekpazari","","","District","District"
36600,232,"TUR","Turkey",75,"Trabzon",867,"Düzköy","","","District","District"
36601,232,"TUR","Turkey",75,"Trabzon",868,"Hayrat","","","District","District"
36602,232,"TUR","Turkey",75,"Trabzon",869,"Köprübasi","","","District","District"
36603,232,"TUR","Turkey",75,"Trabzon",870,"Maçka","","","District","District"
36604,232,"TUR","Turkey",75,"Trabzon",871,"Merkez","","Trabzon Merkez","District","District"
36605,232,"TUR","Turkey",75,"Trabzon",872,"Of","","","District","District"
36606,232,"TUR","Turkey",75,"Trabzon",873,"Sürmene","","","District","District"
36607,232,"TUR","Turkey",75,"Trabzon",874,"Tonya","","","District","District"
36608,232,"TUR","Turkey",75,"Trabzon",875,"Vakfikebir","","","District","District"
36609,232,"TUR","Turkey",75,"Trabzon",876,"Yomra","","","District","District"
36610,232,"TUR","Turkey",76,"Tunceli",877,"Çemisgezek","","","District","District"
36611,232,"TUR","Turkey",76,"Tunceli",878,"Hozat
","","","District","District"
36612,232,"TUR","Turkey",76,"Tunceli",879,"Mazgirt","","","District","District"
36613,232,"TUR","Turkey",76,"Tunceli",880,"Merkez","","Tunceli","District","District"
36614,232,"TUR","Turkey",76,"Tunceli",881,"Nazimiye","","","District","District"
36615,232,"TUR","Turkey",76,"Tunceli",882,"Ovacik","","","District","District"
36616,232,"TUR","Turkey",76,"Tunceli",883,"Pertek","","","District","District"
36617,232,"TUR","Turkey",76,"Tunceli",884,"Pülümür","","","District","District"
36618,232,"TUR","Turkey",77,"Usak",885,"Banaz","","","District","District"
36619,232,"TUR","Turkey",77,"Usak",886,"Esme","","","District","District"
36620,232,"TUR","Turkey",77,"Usak",887,"Karahalli","","","District","District"
36621,232,"TUR","Turkey",77,"Usak",888,"Merkez","","Usak
","District","District"
36622,232,"TUR","Turkey",77,"Usak",889,"Sivasli","","","District","District"
36623,232,"TUR","Turkey",77,"Usak",890,"Ulubey","","","District","District"
36624,232,"TUR","Turkey",78,"Van",891,"Baskale","","","District","District"
36625,232,"TUR","Turkey",78,"Van",892,"Bahçesaray","","","District","District"
36626,232,"TUR","Turkey",78,"Van",893,"Çaldiran","","","District","District"
36627,232,"TUR","Turkey",78,"Van",894,"Çatak","","","District","District"
36628,232,"TUR","Turkey",78,"Van",895,"Edremit","","","District","District"
36629,232,"TUR","Turkey",78,"Van",896,"Ercis","","","District","District"
36630,232,"TUR","Turkey",78,"Van",897,"Gevas","","","District","District"
36631,232,"TUR","Turkey",78,"Van",898,"Gürpinar","","","District","District"
36632,232,"TUR","Turkey",78,"Van",899,"Merkez","","Van Merkez
","District","District"
36633,232,"TUR","Turkey",78,"Van",900,"Muradiye","","","District","District"
36634,232,"TUR","Turkey",78,"Van",901,"Özalp","","","District","District"
36635,232,"TUR","Turkey",78,"Van",902,"Saray","","","District","District"
36636,232,"TUR","Turkey",79,"Yalova",903,"Altinova","","","District","District"
36637,232,"TUR","Turkey",79,"Yalova",904,"Armutlu","","","District","District"
36638,232,"TUR","Turkey",79,"Yalova",905,"Çinarcik","","","District","District"
36639,232,"TUR","Turkey",79,"Yalova",906,"Çiftlikköy","","","District","District"
36640,232,"TUR","Turkey",79,"Yalova",907,"Merkez","","Yalova","District","District"
36641,232,"TUR","Turkey",79,"Yalova",908,"Termal","","","District","District"
36642,232,"TUR","Turkey",80,"Yozgat",909,"Sefaatli","","","District","District"
36643,232,"TUR","Turkey",80,"Yozgat",910,"Akdagmadeni","","","District","District"
36644,232,"TUR","Turkey",80,"Yozgat",911,"Aydincik","","","District","District"
36645,232,"TUR","Turkey",80,"Yozgat",912,"Bogazliyan","","","District","District"
36646,232,"TUR","Turkey",80,"Yozgat",913,"Çandir","","","District","District"
36647,232,"TUR","Turkey",80,"Yozgat",914,"Çayiralan","","","District","District"
36648,232,"TUR","Turkey",80,"Yozgat",915,"Çekerek","","","District","District"
36649,232,"TUR","Turkey",80,"Yozgat",916,"Kadisehri","","","District","District"
36650,232,"TUR","Turkey",80,"Yozgat",917,"Merkez","","Yozgat","District","District"
36651,232,"TUR","Turkey",80,"Yozgat",918,"Sarikaya","","","District","District"
36652,232,"TUR","Turkey",80,"Yozgat",919,"Saraykent","","","District","District"
36653,232,"TUR","Turkey",80,"Yozgat",920,"Sorgun","","","District","District"
36654,232,"TUR","Turkey",80,"Yozgat",921,"Yenifakili","","","District","District"
36655,232,"TUR","Turkey",80,"Yozgat",922,"Yerköy","","","District","District"
36656,232,"TUR","Turkey",81,"Zinguldak",923,"Alapli","","","District","District"
36657,232,"TUR","Turkey",81,"Zinguldak",924,"Çaycuma","","","District","District"
36658,232,"TUR","Turkey",81,"Zinguldak",925,"Devrek","","","District","District"
36659,232,"TUR","Turkey",81,"Zinguldak",926,"Eregli","","","District","District"
36660,232,"TUR","Turkey",81,"Zinguldak",927,"Gökçebey","","","District","District"
36661,232,"TUR","Turkey",81,"Zinguldak",928,"Merkez","","Zonguldak","District","District"
