"PID","ID_0","ISO","NAME_0","ID_1","NAME_1","NL_NAME_1","VARNAME_1","TYPE_1","ENGTYPE_1"
376,26,"BTN","Bhutan",1,"Bumthang","","","Dzongkhag","District"
377,26,"BTN","Bhutan",2,"Chhukha","","Chukha","Dzongkhag","District"
378,26,"BTN","Bhutan",3,"Chirang","","Tsirang","Dzongkhag","District"
379,26,"BTN","Bhutan",4,"Daga","","Dagana|Tagana","Dzongkhag","District"
380,26,"BTN","Bhutan",5,"Gasa","","","Dzongkhag","District"
381,26,"BTN","Bhutan",6,"Geylegphug","","Gaylegphug|Sarbhang|Gelephu|Sarpang","Dzongkhag","District"
382,26,"BTN","Bhutan",7,"Ha","","Haa","Dzongkhag","District"
383,26,"BTN","Bhutan",8,"Lhuntshi","","Lhuentse|Lhuntsi","Dzongkhag","District"
384,26,"BTN","Bhutan",9,"Mongar","","Monggar|Mongor","Dzongkhag","District"
385,26,"BTN","Bhutan",10,"Paro","","Rinpung","Dzongkhag","District"
386,26,"BTN","Bhutan",11,"Pemagatsel","","Pema Gatshel|Pemagatshel","Dzongkhag","District"
387,26,"BTN","Bhutan",12,"Punakha","","Punaka","Dzongkhag","District"
388,26,"BTN","Bhutan",13,"Samchi","","Samtse","Dzongkhag","District"
389,26,"BTN","Bhutan",14,"Samdrup Jongkhar","","Samdrup|Samdrup Jongkha","Dzongkhag","District"
390,26,"BTN","Bhutan",15,"Shemgang","","Zhemgang","Dzongkhag","District"
391,26,"BTN","Bhutan",16,"Tashi Yangtse","","Trashi Yangtse|Trashiyangtsi","Dzongkhag","District"
392,26,"BTN","Bhutan",17,"Tashigang","","Trashigang","Dzongkhag","District"
393,26,"BTN","Bhutan",18,"Thimphu","","Tashi Chho Dzong|Thimbu","Dzongkhag","District"
394,26,"BTN","Bhutan",19,"Tongsa","","Trongsa","Dzongkhag","District"
395,26,"BTN","Bhutan",20,"Wangdi Phodrang","","Wangdiphodrang|Andguphodang|Wangdue|Wangdue Phodrang|Wangdupotrang|Wangü-Phodrang","Dzongkhag","District"
