"PID","ID_0","ISO","NAME_0","ID_1","NAME_1","ID_2","NAME_2","NL_NAME_2","VARNAME_2","TYPE_2","ENGTYPE_2"
1573,26,"BTN","Bhutan",3,"Chirang",19,"Gairigaun","","","Unknown","Unknown"
1574,26,"BTN","Bhutan",3,"Chirang",20,"Goseling","","","Unknown","Unknown"
1575,26,"BTN","Bhutan",3,"Chirang",21,"Kikhorthang","","","Unknown","Unknown"
1576,26,"BTN","Bhutan",3,"Chirang",22,"Lamedrangra","","","Unknown","Unknown"
1577,26,"BTN","Bhutan",3,"Chirang",23,"Patale","","","Unknown","Unknown"
1578,26,"BTN","Bhutan",3,"Chirang",24,"Phuentenchhu","","","Unknown","Unknown"
1579,26,"BTN","Bhutan",3,"Chirang",25,"Semjong","","","Unknown","Unknown"
1580,26,"BTN","Bhutan",3,"Chirang",26,"Tshokhana","","","Unknown","Unknown"
1581,26,"BTN","Bhutan",3,"Chirang",27,"Tsirangdrangra","","","Unknown","Unknown"
1582,26,"BTN","Bhutan",4,"Daga",28,"Aemeri","","","Unknown","Unknown"
1583,26,"BTN","Bhutan",4,"Daga",29,"Dorona","","","Unknown","Unknown"
1584,26,"BTN","Bhutan",4,"Daga",30,"Drukgyegang","","","Unknown","Unknown"
1585,26,"BTN","Bhutan",4,"Daga",31,"Gozhing","","","Unknown","Unknown"
1586,26,"BTN","Bhutan",4,"Daga",32,"Kalidzingkha","","","Unknown","Unknown"
1587,26,"BTN","Bhutan",4,"Daga",33,"Khiphisa","","","Unknown","Unknown"
1588,26,"BTN","Bhutan",4,"Daga",34,"Lajab","","","Unknown","Unknown"
1589,26,"BTN","Bhutan",4,"Daga",35,"Suentale","","","Unknown","Unknown"
1590,26,"BTN","Bhutan",4,"Daga",36,"Trashidhing","","","Unknown","Unknown"
1591,26,"BTN","Bhutan",4,"Daga",37,"Tsangkha","","","Unknown","Unknown"
1592,26,"BTN","Bhutan",4,"Daga",38,"Tseza","","","Unknown","Unknown"
1593,26,"BTN","Bhutan",5,"Gasa",39,"Goenkhame","","","Unknown","Unknown"
1594,26,"BTN","Bhutan",5,"Gasa",40,"Goenkhatoe","","","Unknown","Unknown"
1595,26,"BTN","Bhutan",5,"Gasa",41,"Laya","","","Unknown","Unknown"
1596,26,"BTN","Bhutan",5,"Gasa",42,"Lungnanang","","","Unknown","Unknown"
1597,26,"BTN","Bhutan",6,"Geylegphug",43,"Bhur","","","Unknown","Unknown"
1598,26,"BTN","Bhutan",6,"Geylegphug",44,"Danabhari","","","Unknown","Unknown"
1599,26,"BTN","Bhutan",6,"Geylegphug",45,"Deorali","","","Unknown","Unknown"
4329,26,"BTN","Bhutan",1,"Bumthang",1,"Aura","","","Unknown","Unknown"
4330,26,"BTN","Bhutan",1,"Bumthang",2,"Chhoekhor","","","Unknown","Unknown"
4331,26,"BTN","Bhutan",1,"Bumthang",3,"Chhume","","","Unknown","Unknown"
4332,26,"BTN","Bhutan",1,"Bumthang",4,"Tang","","","Unknown","Unknown"
4333,26,"BTN","Bhutan",2,"Chhukha",5,"Bhalujora","","","Unknown","Unknown"
4334,26,"BTN","Bhutan",2,"Chhukha",6,"Bjachho","","","Unknown","Unknown"
4335,26,"BTN","Bhutan",2,"Chhukha",7,"Bongo","","","Unknown","Unknown"
4336,26,"BTN","Bhutan",2,"Chhukha",8,"Chabchha","","","Unknown","Unknown"
4337,26,"BTN","Bhutan",2,"Chhukha",9,"Dala","","","Unknown","Unknown"
4338,26,"BTN","Bhutan",2,"Chhukha",10,"Dungna","","","Unknown","Unknown"
4339,26,"BTN","Bhutan",2,"Chhukha",11,"Gele","","","Unknown","Unknown"
4340,26,"BTN","Bhutan",2,"Chhukha",12,"Getanang","","","Unknown","Unknown"
4341,26,"BTN","Bhutan",2,"Chhukha",13,"Logchina","","","Unknown","Unknown"
4342,26,"BTN","Bhutan",2,"Chhukha",14,"Metap","","","Unknown","Unknown"
4343,26,"BTN","Bhutan",2,"Chhukha",15,"Phuentsholing","","","Unknown","Unknown"
4344,26,"BTN","Bhutan",3,"Chirang",16,"Beteni","","","Unknown","Unknown"
4345,26,"BTN","Bhutan",3,"Chirang",17,"Chanautre","","","Unknown","Unknown"
4346,26,"BTN","Bhutan",3,"Chirang",18,"Dungle gang","","","Unknown","Unknown"
4347,26,"BTN","Bhutan",6,"Geylegphug",46,"Dobhan","","","Unknown","Unknown"
4348,26,"BTN","Bhutan",6,"Geylegphug",47,"Gelephu","","","Unknown","Unknown"
4349,26,"BTN","Bhutan",6,"Geylegphug",48,"Hile","","","Unknown","Unknown"
4350,26,"BTN","Bhutan",6,"Geylegphug",49,"Kalikhola","","","Unknown","Unknown"
4351,26,"BTN","Bhutan",6,"Geylegphug",50,"Lalai","","","Unknown","Unknown"
4352,26,"BTN","Bhutan",6,"Geylegphug",51,"Leopani","","","Unknown","Unknown"
4353,26,"BTN","Bhutan",6,"Geylegphug",52,"Nichula","","","Unknown","Unknown"
4354,26,"BTN","Bhutan",6,"Geylegphug",53,"Sarpangtrar","","","Unknown","Unknown"
4355,26,"BTN","Bhutan",6,"Geylegphug",54,"Senge","","","Unknown","Unknown"
4356,26,"BTN","Bhutan",6,"Geylegphug",55,"Serzhong","","","Unknown","Unknown"
4357,26,"BTN","Bhutan",6,"Geylegphug",56,"Surey","","","Unknown","Unknown"
4358,26,"BTN","Bhutan",6,"Geylegphug",57,"Taklai","","","Unknown","Unknown"
4359,26,"BTN","Bhutan",7,"Ha",58,"Bji","","","Unknown","Unknown"
4360,26,"BTN","Bhutan",7,"Ha",59,"Katsho","","","Unknown","Unknown"
4361,26,"BTN","Bhutan",7,"Ha",60,"Sama","","","Unknown","Unknown"
4362,26,"BTN","Bhutan",7,"Ha",61,"Sangbe","","","Unknown","Unknown"
4363,26,"BTN","Bhutan",7,"Ha",62,"Uesu","","","Unknown","Unknown"
4364,26,"BTN","Bhutan",8,"Lhuntshi",63,"Gangzur","","","Unknown","Unknown"
4365,26,"BTN","Bhutan",8,"Lhuntshi",64,"Jare","","","Unknown","Unknown"
4366,26,"BTN","Bhutan",8,"Lhuntshi",65,"Khoma","","","Unknown","Unknown"
4367,26,"BTN","Bhutan",8,"Lhuntshi",66,"Kurtoe","","","Unknown","Unknown"
4368,26,"BTN","Bhutan",8,"Lhuntshi",67,"Menbi","","","Unknown","Unknown"
4369,26,"BTN","Bhutan",8,"Lhuntshi",68,"Metsho","","","Unknown","Unknown"
4370,26,"BTN","Bhutan",8,"Lhuntshi",69,"Minje","","","Unknown","Unknown"
4371,26,"BTN","Bhutan",8,"Lhuntshi",70,"Tsenkhar","","","Unknown","Unknown"
4372,26,"BTN","Bhutan",9,"Mongar",71,"Chali","","","Unknown","Unknown"
4373,26,"BTN","Bhutan",9,"Mongar",72,"Chaskhar","","","Unknown","Unknown"
4374,26,"BTN","Bhutan",9,"Mongar",73,"Drametse","","","Unknown","Unknown"
4375,26,"BTN","Bhutan",9,"Mongar",74,"DrametseTshowo","","","Unknown","Unknown"
4376,26,"BTN","Bhutan",9,"Mongar",75,"Drepong","","","Unknown","Unknown"
4377,26,"BTN","Bhutan",9,"Mongar",76,"Gongdue","","","Unknown","Unknown"
4378,26,"BTN","Bhutan",9,"Mongar",77,"Jurmi","","","Unknown","Unknown"
4379,26,"BTN","Bhutan",9,"Mongar",78,"Kengkhar","","","Unknown","Unknown"
4380,26,"BTN","Bhutan",9,"Mongar",79,"Mongar","","","Unknown","Unknown"
4381,26,"BTN","Bhutan",9,"Mongar",80,"Ngatshang","","","Unknown","Unknown"
4382,26,"BTN","Bhutan",9,"Mongar",81,"Saleng","","","Unknown","Unknown"
4383,26,"BTN","Bhutan",9,"Mongar",82,"Sherimuhung","","","Unknown","Unknown"
4384,26,"BTN","Bhutan",9,"Mongar",83,"Silambi","","","Unknown","Unknown"
4385,26,"BTN","Bhutan",9,"Mongar",84,"Thangrong","","","Unknown","Unknown"
4386,26,"BTN","Bhutan",9,"Mongar",85,"Tsamang","","","Unknown","Unknown"
4387,26,"BTN","Bhutan",9,"Mongar",86,"Tshakaling","","","Unknown","Unknown"
4388,26,"BTN","Bhutan",10,"Paro",87,"Doeteng","","","Unknown","Unknown"
4389,26,"BTN","Bhutan",10,"Paro",88,"Doga","","","Unknown","Unknown"
4390,26,"BTN","Bhutan",10,"Paro",89,"Dopshari","","","Unknown","Unknown"
4391,26,"BTN","Bhutan",10,"Paro",90,"Hungre","","","Unknown","Unknown"
4392,26,"BTN","Bhutan",10,"Paro",91,"Lamgong","","","Unknown","Unknown"
4393,26,"BTN","Bhutan",10,"Paro",92,"Lungnyi","","","Unknown","Unknown"
4394,26,"BTN","Bhutan",10,"Paro",93,"Naja","","","Unknown","Unknown"
4395,26,"BTN","Bhutan",10,"Paro",94,"Shapa","","","Unknown","Unknown"
4396,26,"BTN","Bhutan",10,"Paro",95,"Tsento","","","Unknown","Unknown"
4397,26,"BTN","Bhutan",10,"Paro",96,"Wangchang","","","Unknown","Unknown"
4398,26,"BTN","Bhutan",11,"Pemagatsel",97,"Chimung","","","Unknown","Unknown"
4399,26,"BTN","Bhutan",11,"Pemagatsel",98,"Chongshing","","","Unknown","Unknown"
4400,26,"BTN","Bhutan",11,"Pemagatsel",99,"Dungme","","","Unknown","Unknown"
4401,26,"BTN","Bhutan",11,"Pemagatsel",100,"Khar","","","Unknown","Unknown"
4402,26,"BTN","Bhutan",11,"Pemagatsel",101,"Shumar","","","Unknown","Unknown"
4403,26,"BTN","Bhutan",11,"Pemagatsel",102,"Yurung","","","Unknown","Unknown"
4404,26,"BTN","Bhutan",11,"Pemagatsel",103,"Zobel","","","Unknown","Unknown"
4405,26,"BTN","Bhutan",12,"Punakha",104,"Chhubu","","","Unknown","Unknown"
4406,26,"BTN","Bhutan",12,"Punakha",105,"Dzomma","","","Unknown","Unknown"
4407,26,"BTN","Bhutan",12,"Punakha",106,"Goenshari","","","Unknown","Unknown"
4408,26,"BTN","Bhutan",12,"Punakha",107,"Guma","","","Unknown","Unknown"
4409,26,"BTN","Bhutan",12,"Punakha",108,"Kabjisa","","","Unknown","Unknown"
4410,26,"BTN","Bhutan",12,"Punakha",109,"Lingmukha","","","Unknown","Unknown"
4411,26,"BTN","Bhutan",12,"Punakha",110,"Shenganang","","","Unknown","Unknown"
4412,26,"BTN","Bhutan",12,"Punakha",111,"Talo","","","Unknown","Unknown"
4413,26,"BTN","Bhutan",12,"Punakha",112,"Toewang","","","Unknown","Unknown"
4414,26,"BTN","Bhutan",13,"Samchi",113,"Bangra","","","Unknown","Unknown"
4415,26,"BTN","Bhutan",13,"Samchi",114,"Biru","","","Unknown","Unknown"
4416,26,"BTN","Bhutan",13,"Samchi",115,"Charghare","","","Unknown","Unknown"
4417,26,"BTN","Bhutan",13,"Samchi",116,"Chengmari","","","Unknown","Unknown"
4418,26,"BTN","Bhutan",13,"Samchi",117,"Denchhukha","","","Unknown","Unknown"
4419,26,"BTN","Bhutan",13,"Samchi",118,"Dorokha","","","Unknown","Unknown"
4420,26,"BTN","Bhutan",13,"Samchi",119,"Dumtoe","","","Unknown","Unknown"
4421,26,"BTN","Bhutan",13,"Samchi",120,"Gumaune","","","Unknown","Unknown"
4422,26,"BTN","Bhutan",13,"Samchi",121,"Lahireni","","","Unknown","Unknown"
4423,26,"BTN","Bhutan",13,"Samchi",122,"Mayona","","","Unknown","Unknown"
4424,26,"BTN","Bhutan",13,"Samchi",123,"Nainetal","","","Unknown","Unknown"
4425,26,"BTN","Bhutan",13,"Samchi",124,"Pagli","","","Unknown","Unknown"
4426,26,"BTN","Bhutan",13,"Samchi",125,"Samtse","","","Unknown","Unknown"
4427,26,"BTN","Bhutan",13,"Samchi",126,"Sibsu","","","Unknown","Unknown"
4428,26,"BTN","Bhutan",13,"Samchi",127,"Tadhing","","","Unknown","Unknown"
4429,26,"BTN","Bhutan",13,"Samchi",128,"Tendruk","","","Unknown","Unknown"
4430,26,"BTN","Bhutan",14,"Samdrup Jongkhar",129,"Bakuli","","","Unknown","Unknown"
4431,26,"BTN","Bhutan",14,"Samdrup Jongkhar",130,"Dalim","","","Unknown","Unknown"
4432,26,"BTN","Bhutan",14,"Samdrup Jongkhar",131,"Dechhenling","","","Unknown","Unknown"
4433,26,"BTN","Bhutan",14,"Samdrup Jongkhar",132,"Gomdar","","","Unknown","Unknown"
4434,26,"BTN","Bhutan",14,"Samdrup Jongkhar",133,"Hastina pur","","","Unknown","Unknown"
4435,26,"BTN","Bhutan",14,"Samdrup Jongkhar",134,"Martshala","","","Unknown","Unknown"
4436,26,"BTN","Bhutan",14,"Samdrup Jongkhar",135,"Norbugang","","","Unknown","Unknown"
4437,26,"BTN","Bhutan",14,"Samdrup Jongkhar",136,"Orong","","","Unknown","Unknown"
4438,26,"BTN","Bhutan",14,"Samdrup Jongkhar",137,"Samrang","","","Unknown","Unknown"
4439,26,"BTN","Bhutan",14,"Samdrup Jongkhar",138,"Serthig","","","Unknown","Unknown"
4440,26,"BTN","Bhutan",14,"Samdrup Jongkhar",139,"Shingkharlauri","","","Unknown","Unknown"
4441,26,"BTN","Bhutan",15,"Shemgang",140,"Bardo","","","Unknown","Unknown"
4442,26,"BTN","Bhutan",15,"Shemgang",141,"Bjoka","","","Unknown","Unknown"
4443,26,"BTN","Bhutan",15,"Shemgang",142,"Goshing","","","Unknown","Unknown"
4444,26,"BTN","Bhutan",15,"Shemgang",143,"Nangkor","","","Unknown","Unknown"
4445,26,"BTN","Bhutan",15,"Shemgang",144,"Ngangla","","","Unknown","Unknown"
4446,26,"BTN","Bhutan",15,"Shemgang",145,"Phangkhar","","","Unknown","Unknown"
4447,26,"BTN","Bhutan",15,"Shemgang",146,"Shingkhar","","","Unknown","Unknown"
4448,26,"BTN","Bhutan",15,"Shemgang",147,"Trong","","","Unknown","Unknown"
4449,26,"BTN","Bhutan",16,"Tashi Yangtse",148,"Bumdeling","","","Unknown","Unknown"
4450,26,"BTN","Bhutan",16,"Tashi Yangtse",149,"Jamkhar","","","Unknown","Unknown"
4451,26,"BTN","Bhutan",16,"Tashi Yangtse",150,"Khamdang","","","Unknown","Unknown"
4452,26,"BTN","Bhutan",16,"Tashi Yangtse",151,"Ramjar","","","Unknown","Unknown"
4453,26,"BTN","Bhutan",16,"Tashi Yangtse",152,"Toetsho","","","Unknown","Unknown"
4454,26,"BTN","Bhutan",16,"Tashi Yangtse",153,"Tongmijangsa","","","Unknown","Unknown"
4455,26,"BTN","Bhutan",16,"Tashi Yangtse",154,"Yalang","","","Unknown","Unknown"
4456,26,"BTN","Bhutan",16,"Tashi Yangtse",155,"Yangtse","","","Unknown","Unknown"
4457,26,"BTN","Bhutan",17,"Tashigang",156,"Audzorong","","","Unknown","Unknown"
4458,26,"BTN","Bhutan",17,"Tashigang",157,"Bartsham","","","Unknown","Unknown"
4459,26,"BTN","Bhutan",17,"Tashigang",158,"Bidung","","","Unknown","Unknown"
4460,26,"BTN","Bhutan",17,"Tashigang",159,"Kanglung","","","Unknown","Unknown"
4461,26,"BTN","Bhutan",17,"Tashigang",160,"Kangpara","","","Unknown","Unknown"
4462,26,"BTN","Bhutan",17,"Tashigang",161,"Khaling","","","Unknown","Unknown"
4463,26,"BTN","Bhutan",17,"Tashigang",162,"Lumang","","","Unknown","Unknown"
4464,26,"BTN","Bhutan",17,"Tashigang",163,"Merak","","","Unknown","Unknown"
4465,26,"BTN","Bhutan",17,"Tashigang",164,"Nanong","","","Unknown","Unknown"
4466,26,"BTN","Bhutan",17,"Tashigang",165,"Phongme","","","Unknown","Unknown"
4467,26,"BTN","Bhutan",17,"Tashigang",166,"Radi","","","Unknown","Unknown"
4468,26,"BTN","Bhutan",17,"Tashigang",167,"Sakteng","","","Unknown","Unknown"
4469,26,"BTN","Bhutan",17,"Tashigang",168,"Samkhar","","","Unknown","Unknown"
4470,26,"BTN","Bhutan",17,"Tashigang",169,"Shongphu","","","Unknown","Unknown"
4471,26,"BTN","Bhutan",17,"Tashigang",170,"Thrimshing","","","Unknown","Unknown"
4472,26,"BTN","Bhutan",17,"Tashigang",171,"Yangnyer","","","Unknown","Unknown"
4473,26,"BTN","Bhutan",18,"Thimphu",172,"Bapisa","","","Unknown","Unknown"
4474,26,"BTN","Bhutan",18,"Thimphu",173,"Chang","","","Unknown","Unknown"
4475,26,"BTN","Bhutan",18,"Thimphu",174,"Dagala","","","Unknown","Unknown"
4476,26,"BTN","Bhutan",18,"Thimphu",175,"Genye","","","Unknown","Unknown"
4477,26,"BTN","Bhutan",18,"Thimphu",176,"Kawang","","","Unknown","Unknown"
4478,26,"BTN","Bhutan",18,"Thimphu",177,"Lingzhi","","","Unknown","Unknown"
4479,26,"BTN","Bhutan",18,"Thimphu",178,"Mewang","","","Unknown","Unknown"
4480,26,"BTN","Bhutan",18,"Thimphu",179,"Naro","","","Unknown","Unknown"
4481,26,"BTN","Bhutan",18,"Thimphu",180,"Soe","","","Unknown","Unknown"
4482,26,"BTN","Bhutan",18,"Thimphu",181,"Toepaisa","","","Unknown","Unknown"
4483,26,"BTN","Bhutan",19,"Tongsa",182,"Bjakteng","","","Unknown","Unknown"
4484,26,"BTN","Bhutan",19,"Tongsa",183,"Korphu","","","Unknown","Unknown"
4485,26,"BTN","Bhutan",19,"Tongsa",184,"Langthi","","","Unknown","Unknown"
4486,26,"BTN","Bhutan",19,"Tongsa",185,"Nubi","","","Unknown","Unknown"
4487,26,"BTN","Bhutan",19,"Tongsa",186,"Tangsibji","","","Unknown","Unknown"
4488,26,"BTN","Bhutan",20,"Wangdi Phodrang",187,"Athang","","","Unknown","Unknown"
4489,26,"BTN","Bhutan",20,"Wangdi Phodrang",188,"Bjena","","","Unknown","Unknown"
4490,26,"BTN","Bhutan",20,"Wangdi Phodrang",189,"Daga","","","Unknown","Unknown"
4491,26,"BTN","Bhutan",20,"Wangdi Phodrang",190,"Dangchhu","","","Unknown","Unknown"
4492,26,"BTN","Bhutan",20,"Wangdi Phodrang",191,"Gangte","","","Unknown","Unknown"
4493,26,"BTN","Bhutan",20,"Wangdi Phodrang",192,"Gase Tsho Aom","","","Unknown","Unknown"
4494,26,"BTN","Bhutan",20,"Wangdi Phodrang",193,"Gase Tshogom","","","Unknown","Unknown"
4495,26,"BTN","Bhutan",20,"Wangdi Phodrang",194,"Kazhi","","","Unknown","Unknown"
4496,26,"BTN","Bhutan",20,"Wangdi Phodrang",195,"Nahi","","","Unknown","Unknown"
4497,26,"BTN","Bhutan",20,"Wangdi Phodrang",196,"Nyisho","","","Unknown","Unknown"
4498,26,"BTN","Bhutan",20,"Wangdi Phodrang",197,"Phang Yue","","","Unknown","Unknown"
4499,26,"BTN","Bhutan",20,"Wangdi Phodrang",198,"Phobji","","","Unknown","Unknown"
4500,26,"BTN","Bhutan",20,"Wangdi Phodrang",199,"Ruepaisa","","","Unknown","Unknown"
4501,26,"BTN","Bhutan",20,"Wangdi Phodrang",200,"Sephu","","","Unknown","Unknown"
4502,26,"BTN","Bhutan",20,"Wangdi Phodrang",201,"Thedtsho","","","Unknown","Unknown"
